image_id,group_id,y,model,seed,fold,probability_yes
4f32eb2f6b3971b9fb5e331b16ebeba8aeca02becbe749e9b95936fe340dbc92,4f32eb2f6b3971b9fb5e331b16ebeba8aeca02becbe749e9b95936fe340dbc92,0,full,42,0,0.29073802
11fcbc10ab7e3890752d6a32b8de515b57952b63cccbf6ada00c3ae2da823e58,11fcbc10ab7e3890752d6a32b8de515b57952b63cccbf6ada00c3ae2da823e58,0,full,42,0,0.42630127
69cde100d8dad52331dbbda9ca626fc949c9eef87ca4ebf9382b1b9789ac277e,69cde100d8dad52331dbbda9ca626fc949c9eef87ca4ebf9382b1b9789ac277e,0,full,42,0,0.6915719
2e2dad5d3461106137a6841bba1f19176be2ab0e51a7b673e8a68bd2d9f698e4,2e2dad5d3461106137a6841bba1f19176be2ab0e51a7b673e8a68bd2d9f698e4,0,full,42,0,0.3080355
451abc50aa05888273efbe1c2559bb9d2d200fb87912af9d8635fe993b87d58e,451abc50aa05888273efbe1c2559bb9d2d200fb87912af9d8635fe993b87d58e,0,full,42,0,0.45139426
b2745f58e72fd5e4069aa2595a8ac8571833d2159b4e0266881e9768a16affce,b2745f58e72fd5e4069aa2595a8ac8571833d2159b4e0266881e9768a16affce,0,full,42,0,0.5799905
314303a089cd03a3d3bebf93f68982465fc8a3fb2a866737d64d8f374ee90a3f,314303a089cd03a3d3bebf93f68982465fc8a3fb2a866737d64d8f374ee90a3f,0,full,42,0,0.36738893
422860947a7370673e9f10d40c9b27be86a1afd1bbf8382eafc38af114139d64,422860947a7370673e9f10d40c9b27be86a1afd1bbf8382eafc38af114139d64,0,full,42,0,0.5172125
6d4e0c545f93c3ab169b47a935b7f21690246488827c8cdb3c023e97bd52333b,6d4e0c545f93c3ab169b47a935b7f21690246488827c8cdb3c023e97bd52333b,0,full,42,0,0.3656128
3a31dc475b21cd0f059f05699ddad612215751f0755ee0317c78677a6f658542,2e2dad5d3461106137a6841bba1f19176be2ab0e51a7b673e8a68bd2d9f698e4,0,full,42,0,0.29930842
a939efe53e12508636806a0548de0774a363805f3c1c1cf6f57182fb15f6213d,a939efe53e12508636806a0548de0774a363805f3c1c1cf6f57182fb15f6213d,0,full,42,0,0.34120455
8c27b2140d87c2f4ca36dc1d15f414c3851f55819fddcea3b7882df3151ac5a6,8c27b2140d87c2f4ca36dc1d15f414c3851f55819fddcea3b7882df3151ac5a6,0,full,42,0,0.2705406
55391a8799e783597b1bd4c53b3b72c6ad20f1ef5fb2634151f26d218bdc1dab,55391a8799e783597b1bd4c53b3b72c6ad20f1ef5fb2634151f26d218bdc1dab,0,full,42,0,0.59978145
9ca4ac0807a3bbd0826a06396a8c0ecbfa9bbb6489ff43bed97a42284eb4478c,6849ea8acf8659b60e837c2d45f4431f833dbf95efa93a350942018e926c3133,0,full,42,0,0.40881595
6849ea8acf8659b60e837c2d45f4431f833dbf95efa93a350942018e926c3133,6849ea8acf8659b60e837c2d45f4431f833dbf95efa93a350942018e926c3133,0,full,42,0,0.40516648
9125bf84b896351de12f641319c42697532aa1a486a398d6e9401acab313dd11,9125bf84b896351de12f641319c42697532aa1a486a398d6e9401acab313dd11,0,full,42,0,0.32106864
d5cbbe1256c58cf25d79245cce21faee2e7e67d9c063c3cda3003e748d058873,d5cbbe1256c58cf25d79245cce21faee2e7e67d9c063c3cda3003e748d058873,0,full,42,0,0.7117169
c8e9a8b3f39810f2735091058c0e39a02ca5370c60e86b71770288c7185b3fbc,c8e9a8b3f39810f2735091058c0e39a02ca5370c60e86b71770288c7185b3fbc,0,full,42,0,0.38109893
8c3352a9324857878735861a8276959d46f0c050e75eee8db1e0da7e383ca9a6,8c3352a9324857878735861a8276959d46f0c050e75eee8db1e0da7e383ca9a6,0,full,42,0,0.563115
9fdd39966afd42eb860930159d7ccdc00e55ed54540478ff367f07f9f6eedbc4,9fdd39966afd42eb860930159d7ccdc00e55ed54540478ff367f07f9f6eedbc4,0,full,42,0,0.46008354
c538789cd768bbf8bdafd3a4a130e463f0884af9e619531d829e4187d30b08b2,c538789cd768bbf8bdafd3a4a130e463f0884af9e619531d829e4187d30b08b2,0,full,42,0,0.3917354
cdb365489d1dbf33a11d323602812a70572e4096b4e4ab466558b6f2828b2f05,11fcbc10ab7e3890752d6a32b8de515b57952b63cccbf6ada00c3ae2da823e58,0,full,42,0,0.4211166
8ae4ddcf7ac3dcf56f0398a821dfaabe2667af908eb3b5522759b707cf3bbecd,4f32eb2f6b3971b9fb5e331b16ebeba8aeca02becbe749e9b95936fe340dbc92,0,full,42,0,0.28617176
d2c5fa3041f75490b0e39bc99aa8a0dcae1ad09935b20758fe4d73ae9e58581f,d2c5fa3041f75490b0e39bc99aa8a0dcae1ad09935b20758fe4d73ae9e58581f,0,full,42,0,0.31889373
174f6b1339f3388fd728daf11bfb700a914610a67bc43498ebd6e30ba4066671,174f6b1339f3388fd728daf11bfb700a914610a67bc43498ebd6e30ba4066671,1,full,42,0,0.74998313
e65196e57bfd4c7219cf47b8ad7d499c70a0d8e86ea443944e6faa6447e74e75,e65196e57bfd4c7219cf47b8ad7d499c70a0d8e86ea443944e6faa6447e74e75,1,full,42,0,0.70638704
ebf52743e53a6c0f3d9648a0eaa600ee8b1afb0c758dfa83a49b45ad8852933d,ebf52743e53a6c0f3d9648a0eaa600ee8b1afb0c758dfa83a49b45ad8852933d,1,full,42,0,0.8734431
948659a58aa090fea9f4e54c0c7d13cc5a3e10afb8de705c2e3b9699a6e7d98e,948659a58aa090fea9f4e54c0c7d13cc5a3e10afb8de705c2e3b9699a6e7d98e,1,full,42,0,0.5011066
a5e234d76031e70468a449f62a7b79b1a736d1c987ebe8c17ffa0c1c1d61983f,a5e234d76031e70468a449f62a7b79b1a736d1c987ebe8c17ffa0c1c1d61983f,1,full,42,0,0.8002842
35a85607e878f71298a48027dd27c67c1dc264b6d02f6396bb73601a2e60fa93,35a85607e878f71298a48027dd27c67c1dc264b6d02f6396bb73601a2e60fa93,1,full,42,0,0.75559485
1e2adee64d6c09c9ed31a05ad463ad803ca8e4b5163f7764753595f0d15241cd,1e2adee64d6c09c9ed31a05ad463ad803ca8e4b5163f7764753595f0d15241cd,1,full,42,0,0.8248554
4c4af743766a62e14e2ae1574ee830f224e8414d4ab32780ed3c944b3dc0539c,4c4af743766a62e14e2ae1574ee830f224e8414d4ab32780ed3c944b3dc0539c,1,full,42,0,0.5288048
cc2def01cb2188f2259d52542f05b9d6c76fc11db28268ba2c61ca2fd4f46854,cc2def01cb2188f2259d52542f05b9d6c76fc11db28268ba2c61ca2fd4f46854,1,full,42,0,0.7200844
66c14a914a8d149d4c415d36fcb7607883eadf549c938a8f5a3647b10c66c81c,66c14a914a8d149d4c415d36fcb7607883eadf549c938a8f5a3647b10c66c81c,1,full,42,0,0.8423039
e053ec244029604025f96ede330578d3dd50e9641e4ef8364e61b5f9cbde33f4,e053ec244029604025f96ede330578d3dd50e9641e4ef8364e61b5f9cbde33f4,1,full,42,0,0.39589652
ba7c85d72891460c0c32f51ed8d504725d9dda15e3113101de475e6c66e53758,ba7c85d72891460c0c32f51ed8d504725d9dda15e3113101de475e6c66e53758,1,full,42,0,0.6124759
0a75a892bc44b017df86771ab2715c5bdd8bb08b1aa019061f6690d8cd1b9861,0a75a892bc44b017df86771ab2715c5bdd8bb08b1aa019061f6690d8cd1b9861,1,full,42,0,0.9067004
c6af3a9d8e4547cb522bd945a82a7cfebf121b93fe7f50299dec705348fe36c3,c6af3a9d8e4547cb522bd945a82a7cfebf121b93fe7f50299dec705348fe36c3,1,full,42,0,0.76040673
7c2aa4a53c65298f5547d4782c6cb9664113aa34ef5141a7028d18270cf092ee,7c2aa4a53c65298f5547d4782c6cb9664113aa34ef5141a7028d18270cf092ee,1,full,42,0,0.28770703
fa5259c7cdf1f53bccde7f6d6d68b3b3dc711df9d6ff00ca583ea1607179d3d7,fa5259c7cdf1f53bccde7f6d6d68b3b3dc711df9d6ff00ca583ea1607179d3d7,1,full,42,0,0.7494751
5e7eca14b014e04c8fbeb72cb2b5662f79b07e0ea57ce3f1c33d8efa1b5c937f,5e7eca14b014e04c8fbeb72cb2b5662f79b07e0ea57ce3f1c33d8efa1b5c937f,1,full,42,0,0.65446514
72191fa7f5b2152dac4de294b17bb39aa06f68db47db9663438d1bfd4bf8c91c,72191fa7f5b2152dac4de294b17bb39aa06f68db47db9663438d1bfd4bf8c91c,1,full,42,0,0.6343253
21ae5635ab2eeb4023aefda84a22d6f1e81aeaf32fcf51cb5285a65156b1c4aa,21ae5635ab2eeb4023aefda84a22d6f1e81aeaf32fcf51cb5285a65156b1c4aa,1,full,42,0,0.9127796
9abf4ad7a7aa95cfbcc7e45b99700eef849af5219dd4c189da1538f068582913,9abf4ad7a7aa95cfbcc7e45b99700eef849af5219dd4c189da1538f068582913,1,full,42,0,0.86985224
83aa22fb808a463ea27c21ac8706381c25c3aba0c7b79fdc3569fdad0abe4a26,83aa22fb808a463ea27c21ac8706381c25c3aba0c7b79fdc3569fdad0abe4a26,1,full,42,0,0.64563775
4f32eb2f6b3971b9fb5e331b16ebeba8aeca02becbe749e9b95936fe340dbc92,4f32eb2f6b3971b9fb5e331b16ebeba8aeca02becbe749e9b95936fe340dbc92,0,no_attention,42,0,0.00944247
11fcbc10ab7e3890752d6a32b8de515b57952b63cccbf6ada00c3ae2da823e58,11fcbc10ab7e3890752d6a32b8de515b57952b63cccbf6ada00c3ae2da823e58,0,no_attention,42,0,0.13091816
69cde100d8dad52331dbbda9ca626fc949c9eef87ca4ebf9382b1b9789ac277e,69cde100d8dad52331dbbda9ca626fc949c9eef87ca4ebf9382b1b9789ac277e,0,no_attention,42,0,0.8987821
2e2dad5d3461106137a6841bba1f19176be2ab0e51a7b673e8a68bd2d9f698e4,2e2dad5d3461106137a6841bba1f19176be2ab0e51a7b673e8a68bd2d9f698e4,0,no_attention,42,0,0.07281456
451abc50aa05888273efbe1c2559bb9d2d200fb87912af9d8635fe993b87d58e,451abc50aa05888273efbe1c2559bb9d2d200fb87912af9d8635fe993b87d58e,0,no_attention,42,0,0.63243276
b2745f58e72fd5e4069aa2595a8ac8571833d2159b4e0266881e9768a16affce,b2745f58e72fd5e4069aa2595a8ac8571833d2159b4e0266881e9768a16affce,0,no_attention,42,0,0.3924786
314303a089cd03a3d3bebf93f68982465fc8a3fb2a866737d64d8f374ee90a3f,314303a089cd03a3d3bebf93f68982465fc8a3fb2a866737d64d8f374ee90a3f,0,no_attention,42,0,0.12290834
422860947a7370673e9f10d40c9b27be86a1afd1bbf8382eafc38af114139d64,422860947a7370673e9f10d40c9b27be86a1afd1bbf8382eafc38af114139d64,0,no_attention,42,0,0.67018753
6d4e0c545f93c3ab169b47a935b7f21690246488827c8cdb3c023e97bd52333b,6d4e0c545f93c3ab169b47a935b7f21690246488827c8cdb3c023e97bd52333b,0,no_attention,42,0,0.047970276
3a31dc475b21cd0f059f05699ddad612215751f0755ee0317c78677a6f658542,2e2dad5d3461106137a6841bba1f19176be2ab0e51a7b673e8a68bd2d9f698e4,0,no_attention,42,0,0.07051908
a939efe53e12508636806a0548de0774a363805f3c1c1cf6f57182fb15f6213d,a939efe53e12508636806a0548de0774a363805f3c1c1cf6f57182fb15f6213d,0,no_attention,42,0,0.03919061
8c27b2140d87c2f4ca36dc1d15f414c3851f55819fddcea3b7882df3151ac5a6,8c27b2140d87c2f4ca36dc1d15f414c3851f55819fddcea3b7882df3151ac5a6,0,no_attention,42,0,0.035206616
55391a8799e783597b1bd4c53b3b72c6ad20f1ef5fb2634151f26d218bdc1dab,55391a8799e783597b1bd4c53b3b72c6ad20f1ef5fb2634151f26d218bdc1dab,0,no_attention,42,0,0.39156026
9ca4ac0807a3bbd0826a06396a8c0ecbfa9bbb6489ff43bed97a42284eb4478c,6849ea8acf8659b60e837c2d45f4431f833dbf95efa93a350942018e926c3133,0,no_attention,42,0,0.4884665
6849ea8acf8659b60e837c2d45f4431f833dbf95efa93a350942018e926c3133,6849ea8acf8659b60e837c2d45f4431f833dbf95efa93a350942018e926c3133,0,no_attention,42,0,0.47611445
9125bf84b896351de12f641319c42697532aa1a486a398d6e9401acab313dd11,9125bf84b896351de12f641319c42697532aa1a486a398d6e9401acab313dd11,0,no_attention,42,0,0.17812619
d5cbbe1256c58cf25d79245cce21faee2e7e67d9c063c3cda3003e748d058873,d5cbbe1256c58cf25d79245cce21faee2e7e67d9c063c3cda3003e748d058873,0,no_attention,42,0,0.830809
c8e9a8b3f39810f2735091058c0e39a02ca5370c60e86b71770288c7185b3fbc,c8e9a8b3f39810f2735091058c0e39a02ca5370c60e86b71770288c7185b3fbc,0,no_attention,42,0,0.09158062
8c3352a9324857878735861a8276959d46f0c050e75eee8db1e0da7e383ca9a6,8c3352a9324857878735861a8276959d46f0c050e75eee8db1e0da7e383ca9a6,0,no_attention,42,0,0.12441
9fdd39966afd42eb860930159d7ccdc00e55ed54540478ff367f07f9f6eedbc4,9fdd39966afd42eb860930159d7ccdc00e55ed54540478ff367f07f9f6eedbc4,0,no_attention,42,0,0.076571554
c538789cd768bbf8bdafd3a4a130e463f0884af9e619531d829e4187d30b08b2,c538789cd768bbf8bdafd3a4a130e463f0884af9e619531d829e4187d30b08b2,0,no_attention,42,0,0.07694346
cdb365489d1dbf33a11d323602812a70572e4096b4e4ab466558b6f2828b2f05,11fcbc10ab7e3890752d6a32b8de515b57952b63cccbf6ada00c3ae2da823e58,0,no_attention,42,0,0.11850962
8ae4ddcf7ac3dcf56f0398a821dfaabe2667af908eb3b5522759b707cf3bbecd,4f32eb2f6b3971b9fb5e331b16ebeba8aeca02becbe749e9b95936fe340dbc92,0,no_attention,42,0,0.008268531
d2c5fa3041f75490b0e39bc99aa8a0dcae1ad09935b20758fe4d73ae9e58581f,d2c5fa3041f75490b0e39bc99aa8a0dcae1ad09935b20758fe4d73ae9e58581f,0,no_attention,42,0,0.0259324
174f6b1339f3388fd728daf11bfb700a914610a67bc43498ebd6e30ba4066671,174f6b1339f3388fd728daf11bfb700a914610a67bc43498ebd6e30ba4066671,1,no_attention,42,0,0.9617595
e65196e57bfd4c7219cf47b8ad7d499c70a0d8e86ea443944e6faa6447e74e75,e65196e57bfd4c7219cf47b8ad7d499c70a0d8e86ea443944e6faa6447e74e75,1,no_attention,42,0,0.9615616
ebf52743e53a6c0f3d9648a0eaa600ee8b1afb0c758dfa83a49b45ad8852933d,ebf52743e53a6c0f3d9648a0eaa600ee8b1afb0c758dfa83a49b45ad8852933d,1,no_attention,42,0,0.9521192
948659a58aa090fea9f4e54c0c7d13cc5a3e10afb8de705c2e3b9699a6e7d98e,948659a58aa090fea9f4e54c0c7d13cc5a3e10afb8de705c2e3b9699a6e7d98e,1,no_attention,42,0,0.2043183
a5e234d76031e70468a449f62a7b79b1a736d1c987ebe8c17ffa0c1c1d61983f,a5e234d76031e70468a449f62a7b79b1a736d1c987ebe8c17ffa0c1c1d61983f,1,no_attention,42,0,0.89581656
35a85607e878f71298a48027dd27c67c1dc264b6d02f6396bb73601a2e60fa93,35a85607e878f71298a48027dd27c67c1dc264b6d02f6396bb73601a2e60fa93,1,no_attention,42,0,0.9479768
1e2adee64d6c09c9ed31a05ad463ad803ca8e4b5163f7764753595f0d15241cd,1e2adee64d6c09c9ed31a05ad463ad803ca8e4b5163f7764753595f0d15241cd,1,no_attention,42,0,0.88805836
4c4af743766a62e14e2ae1574ee830f224e8414d4ab32780ed3c944b3dc0539c,4c4af743766a62e14e2ae1574ee830f224e8414d4ab32780ed3c944b3dc0539c,1,no_attention,42,0,0.63760865
cc2def01cb2188f2259d52542f05b9d6c76fc11db28268ba2c61ca2fd4f46854,cc2def01cb2188f2259d52542f05b9d6c76fc11db28268ba2c61ca2fd4f46854,1,no_attention,42,0,0.91519505
66c14a914a8d149d4c415d36fcb7607883eadf549c938a8f5a3647b10c66c81c,66c14a914a8d149d4c415d36fcb7607883eadf549c938a8f5a3647b10c66c81c,1,no_attention,42,0,0.9650481
e053ec244029604025f96ede330578d3dd50e9641e4ef8364e61b5f9cbde33f4,e053ec244029604025f96ede330578d3dd50e9641e4ef8364e61b5f9cbde33f4,1,no_attention,42,0,0.05631941
ba7c85d72891460c0c32f51ed8d504725d9dda15e3113101de475e6c66e53758,ba7c85d72891460c0c32f51ed8d504725d9dda15e3113101de475e6c66e53758,1,no_attention,42,0,0.90540594
0a75a892bc44b017df86771ab2715c5bdd8bb08b1aa019061f6690d8cd1b9861,0a75a892bc44b017df86771ab2715c5bdd8bb08b1aa019061f6690d8cd1b9861,1,no_attention,42,0,0.9726001
c6af3a9d8e4547cb522bd945a82a7cfebf121b93fe7f50299dec705348fe36c3,c6af3a9d8e4547cb522bd945a82a7cfebf121b93fe7f50299dec705348fe36c3,1,no_attention,42,0,0.9722678
7c2aa4a53c65298f5547d4782c6cb9664113aa34ef5141a7028d18270cf092ee,7c2aa4a53c65298f5547d4782c6cb9664113aa34ef5141a7028d18270cf092ee,1,no_attention,42,0,0.06872682
fa5259c7cdf1f53bccde7f6d6d68b3b3dc711df9d6ff00ca583ea1607179d3d7,fa5259c7cdf1f53bccde7f6d6d68b3b3dc711df9d6ff00ca583ea1607179d3d7,1,no_attention,42,0,0.8950556
5e7eca14b014e04c8fbeb72cb2b5662f79b07e0ea57ce3f1c33d8efa1b5c937f,5e7eca14b014e04c8fbeb72cb2b5662f79b07e0ea57ce3f1c33d8efa1b5c937f,1,no_attention,42,0,0.8873799
72191fa7f5b2152dac4de294b17bb39aa06f68db47db9663438d1bfd4bf8c91c,72191fa7f5b2152dac4de294b17bb39aa06f68db47db9663438d1bfd4bf8c91c,1,no_attention,42,0,0.9390065
21ae5635ab2eeb4023aefda84a22d6f1e81aeaf32fcf51cb5285a65156b1c4aa,21ae5635ab2eeb4023aefda84a22d6f1e81aeaf32fcf51cb5285a65156b1c4aa,1,no_attention,42,0,0.96351165
9abf4ad7a7aa95cfbcc7e45b99700eef849af5219dd4c189da1538f068582913,9abf4ad7a7aa95cfbcc7e45b99700eef849af5219dd4c189da1538f068582913,1,no_attention,42,0,0.9218385
83aa22fb808a463ea27c21ac8706381c25c3aba0c7b79fdc3569fdad0abe4a26,83aa22fb808a463ea27c21ac8706381c25c3aba0c7b79fdc3569fdad0abe4a26,1,no_attention,42,0,0.85874987
4f32eb2f6b3971b9fb5e331b16ebeba8aeca02becbe749e9b95936fe340dbc92,4f32eb2f6b3971b9fb5e331b16ebeba8aeca02becbe749e9b95936fe340dbc92,0,no_multiscale,42,0,0.0017183594
11fcbc10ab7e3890752d6a32b8de515b57952b63cccbf6ada00c3ae2da823e58,11fcbc10ab7e3890752d6a32b8de515b57952b63cccbf6ada00c3ae2da823e58,0,no_multiscale,42,0,0.0027888108
69cde100d8dad52331dbbda9ca626fc949c9eef87ca4ebf9382b1b9789ac277e,69cde100d8dad52331dbbda9ca626fc949c9eef87ca4ebf9382b1b9789ac277e,0,no_multiscale,42,0,0.05679229
2e2dad5d3461106137a6841bba1f19176be2ab0e51a7b673e8a68bd2d9f698e4,2e2dad5d3461106137a6841bba1f19176be2ab0e51a7b673e8a68bd2d9f698e4,0,no_multiscale,42,0,0.009750881
451abc50aa05888273efbe1c2559bb9d2d200fb87912af9d8635fe993b87d58e,451abc50aa05888273efbe1c2559bb9d2d200fb87912af9d8635fe993b87d58e,0,no_multiscale,42,0,0.8412965
b2745f58e72fd5e4069aa2595a8ac8571833d2159b4e0266881e9768a16affce,b2745f58e72fd5e4069aa2595a8ac8571833d2159b4e0266881e9768a16affce,0,no_multiscale,42,0,0.009081994
314303a089cd03a3d3bebf93f68982465fc8a3fb2a866737d64d8f374ee90a3f,314303a089cd03a3d3bebf93f68982465fc8a3fb2a866737d64d8f374ee90a3f,0,no_multiscale,42,0,0.30057785
422860947a7370673e9f10d40c9b27be86a1afd1bbf8382eafc38af114139d64,422860947a7370673e9f10d40c9b27be86a1afd1bbf8382eafc38af114139d64,0,no_multiscale,42,0,0.14265752
6d4e0c545f93c3ab169b47a935b7f21690246488827c8cdb3c023e97bd52333b,6d4e0c545f93c3ab169b47a935b7f21690246488827c8cdb3c023e97bd52333b,0,no_multiscale,42,0,0.0042092674
3a31dc475b21cd0f059f05699ddad612215751f0755ee0317c78677a6f658542,2e2dad5d3461106137a6841bba1f19176be2ab0e51a7b673e8a68bd2d9f698e4,0,no_multiscale,42,0,0.008763582
a939efe53e12508636806a0548de0774a363805f3c1c1cf6f57182fb15f6213d,a939efe53e12508636806a0548de0774a363805f3c1c1cf6f57182fb15f6213d,0,no_multiscale,42,0,0.0051216683
8c27b2140d87c2f4ca36dc1d15f414c3851f55819fddcea3b7882df3151ac5a6,8c27b2140d87c2f4ca36dc1d15f414c3851f55819fddcea3b7882df3151ac5a6,0,no_multiscale,42,0,0.0028452587
55391a8799e783597b1bd4c53b3b72c6ad20f1ef5fb2634151f26d218bdc1dab,55391a8799e783597b1bd4c53b3b72c6ad20f1ef5fb2634151f26d218bdc1dab,0,no_multiscale,42,0,0.7458883
9ca4ac0807a3bbd0826a06396a8c0ecbfa9bbb6489ff43bed97a42284eb4478c,6849ea8acf8659b60e837c2d45f4431f833dbf95efa93a350942018e926c3133,0,no_multiscale,42,0,0.1121848
6849ea8acf8659b60e837c2d45f4431f833dbf95efa93a350942018e926c3133,6849ea8acf8659b60e837c2d45f4431f833dbf95efa93a350942018e926c3133,0,no_multiscale,42,0,0.10099656
9125bf84b896351de12f641319c42697532aa1a486a398d6e9401acab313dd11,9125bf84b896351de12f641319c42697532aa1a486a398d6e9401acab313dd11,0,no_multiscale,42,0,0.022525743
d5cbbe1256c58cf25d79245cce21faee2e7e67d9c063c3cda3003e748d058873,d5cbbe1256c58cf25d79245cce21faee2e7e67d9c063c3cda3003e748d058873,0,no_multiscale,42,0,0.9445714
c8e9a8b3f39810f2735091058c0e39a02ca5370c60e86b71770288c7185b3fbc,c8e9a8b3f39810f2735091058c0e39a02ca5370c60e86b71770288c7185b3fbc,0,no_multiscale,42,0,0.11528975
8c3352a9324857878735861a8276959d46f0c050e75eee8db1e0da7e383ca9a6,8c3352a9324857878735861a8276959d46f0c050e75eee8db1e0da7e383ca9a6,0,no_multiscale,42,0,0.0038814293
9fdd39966afd42eb860930159d7ccdc00e55ed54540478ff367f07f9f6eedbc4,9fdd39966afd42eb860930159d7ccdc00e55ed54540478ff367f07f9f6eedbc4,0,no_multiscale,42,0,0.0114896875
c538789cd768bbf8bdafd3a4a130e463f0884af9e619531d829e4187d30b08b2,c538789cd768bbf8bdafd3a4a130e463f0884af9e619531d829e4187d30b08b2,0,no_multiscale,42,0,0.043962132
cdb365489d1dbf33a11d323602812a70572e4096b4e4ab466558b6f2828b2f05,11fcbc10ab7e3890752d6a32b8de515b57952b63cccbf6ada00c3ae2da823e58,0,no_multiscale,42,0,0.0027068842
8ae4ddcf7ac3dcf56f0398a821dfaabe2667af908eb3b5522759b707cf3bbecd,4f32eb2f6b3971b9fb5e331b16ebeba8aeca02becbe749e9b95936fe340dbc92,0,no_multiscale,42,0,0.0015693362
d2c5fa3041f75490b0e39bc99aa8a0dcae1ad09935b20758fe4d73ae9e58581f,d2c5fa3041f75490b0e39bc99aa8a0dcae1ad09935b20758fe4d73ae9e58581f,0,no_multiscale,42,0,0.0011530168
174f6b1339f3388fd728daf11bfb700a914610a67bc43498ebd6e30ba4066671,174f6b1339f3388fd728daf11bfb700a914610a67bc43498ebd6e30ba4066671,1,no_multiscale,42,0,0.96926224
e65196e57bfd4c7219cf47b8ad7d499c70a0d8e86ea443944e6faa6447e74e75,e65196e57bfd4c7219cf47b8ad7d499c70a0d8e86ea443944e6faa6447e74e75,1,no_multiscale,42,0,0.044166394
ebf52743e53a6c0f3d9648a0eaa600ee8b1afb0c758dfa83a49b45ad8852933d,ebf52743e53a6c0f3d9648a0eaa600ee8b1afb0c758dfa83a49b45ad8852933d,1,no_multiscale,42,0,0.9185374
948659a58aa090fea9f4e54c0c7d13cc5a3e10afb8de705c2e3b9699a6e7d98e,948659a58aa090fea9f4e54c0c7d13cc5a3e10afb8de705c2e3b9699a6e7d98e,1,no_multiscale,42,0,0.75513935
a5e234d76031e70468a449f62a7b79b1a736d1c987ebe8c17ffa0c1c1d61983f,a5e234d76031e70468a449f62a7b79b1a736d1c987ebe8c17ffa0c1c1d61983f,1,no_multiscale,42,0,0.9542549
35a85607e878f71298a48027dd27c67c1dc264b6d02f6396bb73601a2e60fa93,35a85607e878f71298a48027dd27c67c1dc264b6d02f6396bb73601a2e60fa93,1,no_multiscale,42,0,0.98728323
1e2adee64d6c09c9ed31a05ad463ad803ca8e4b5163f7764753595f0d15241cd,1e2adee64d6c09c9ed31a05ad463ad803ca8e4b5163f7764753595f0d15241cd,1,no_multiscale,42,0,0.90587604
4c4af743766a62e14e2ae1574ee830f224e8414d4ab32780ed3c944b3dc0539c,4c4af743766a62e14e2ae1574ee830f224e8414d4ab32780ed3c944b3dc0539c,1,no_multiscale,42,0,0.023812294
cc2def01cb2188f2259d52542f05b9d6c76fc11db28268ba2c61ca2fd4f46854,cc2def01cb2188f2259d52542f05b9d6c76fc11db28268ba2c61ca2fd4f46854,1,no_multiscale,42,0,0.9469849
66c14a914a8d149d4c415d36fcb7607883eadf549c938a8f5a3647b10c66c81c,66c14a914a8d149d4c415d36fcb7607883eadf549c938a8f5a3647b10c66c81c,1,no_multiscale,42,0,0.98233515
e053ec244029604025f96ede330578d3dd50e9641e4ef8364e61b5f9cbde33f4,e053ec244029604025f96ede330578d3dd50e9641e4ef8364e61b5f9cbde33f4,1,no_multiscale,42,0,0.0987856
ba7c85d72891460c0c32f51ed8d504725d9dda15e3113101de475e6c66e53758,ba7c85d72891460c0c32f51ed8d504725d9dda15e3113101de475e6c66e53758,1,no_multiscale,42,0,0.9482159
0a75a892bc44b017df86771ab2715c5bdd8bb08b1aa019061f6690d8cd1b9861,0a75a892bc44b017df86771ab2715c5bdd8bb08b1aa019061f6690d8cd1b9861,1,no_multiscale,42,0,0.9835713
c6af3a9d8e4547cb522bd945a82a7cfebf121b93fe7f50299dec705348fe36c3,c6af3a9d8e4547cb522bd945a82a7cfebf121b93fe7f50299dec705348fe36c3,1,no_multiscale,42,0,0.9633284
7c2aa4a53c65298f5547d4782c6cb9664113aa34ef5141a7028d18270cf092ee,7c2aa4a53c65298f5547d4782c6cb9664113aa34ef5141a7028d18270cf092ee,1,no_multiscale,42,0,0.006855257
fa5259c7cdf1f53bccde7f6d6d68b3b3dc711df9d6ff00ca583ea1607179d3d7,fa5259c7cdf1f53bccde7f6d6d68b3b3dc711df9d6ff00ca583ea1607179d3d7,1,no_multiscale,42,0,0.9363834
5e7eca14b014e04c8fbeb72cb2b5662f79b07e0ea57ce3f1c33d8efa1b5c937f,5e7eca14b014e04c8fbeb72cb2b5662f79b07e0ea57ce3f1c33d8efa1b5c937f,1,no_multiscale,42,0,0.9595628
72191fa7f5b2152dac4de294b17bb39aa06f68db47db9663438d1bfd4bf8c91c,72191fa7f5b2152dac4de294b17bb39aa06f68db47db9663438d1bfd4bf8c91c,1,no_multiscale,42,0,0.9430409
21ae5635ab2eeb4023aefda84a22d6f1e81aeaf32fcf51cb5285a65156b1c4aa,21ae5635ab2eeb4023aefda84a22d6f1e81aeaf32fcf51cb5285a65156b1c4aa,1,no_multiscale,42,0,0.97998786
9abf4ad7a7aa95cfbcc7e45b99700eef849af5219dd4c189da1538f068582913,9abf4ad7a7aa95cfbcc7e45b99700eef849af5219dd4c189da1538f068582913,1,no_multiscale,42,0,0.98647577
83aa22fb808a463ea27c21ac8706381c25c3aba0c7b79fdc3569fdad0abe4a26,83aa22fb808a463ea27c21ac8706381c25c3aba0c7b79fdc3569fdad0abe4a26,1,no_multiscale,42,0,0.97281027
4f32eb2f6b3971b9fb5e331b16ebeba8aeca02becbe749e9b95936fe340dbc92,4f32eb2f6b3971b9fb5e331b16ebeba8aeca02becbe749e9b95936fe340dbc92,0,no_attention_no_multiscale,42,0,0.0019425063
11fcbc10ab7e3890752d6a32b8de515b57952b63cccbf6ada00c3ae2da823e58,11fcbc10ab7e3890752d6a32b8de515b57952b63cccbf6ada00c3ae2da823e58,0,no_attention_no_multiscale,42,0,0.15597893
69cde100d8dad52331dbbda9ca626fc949c9eef87ca4ebf9382b1b9789ac277e,69cde100d8dad52331dbbda9ca626fc949c9eef87ca4ebf9382b1b9789ac277e,0,no_attention_no_multiscale,42,0,0.8046583
2e2dad5d3461106137a6841bba1f19176be2ab0e51a7b673e8a68bd2d9f698e4,2e2dad5d3461106137a6841bba1f19176be2ab0e51a7b673e8a68bd2d9f698e4,0,no_attention_no_multiscale,42,0,0.014193099
451abc50aa05888273efbe1c2559bb9d2d200fb87912af9d8635fe993b87d58e,451abc50aa05888273efbe1c2559bb9d2d200fb87912af9d8635fe993b87d58e,0,no_attention_no_multiscale,42,0,0.8803842
b2745f58e72fd5e4069aa2595a8ac8571833d2159b4e0266881e9768a16affce,b2745f58e72fd5e4069aa2595a8ac8571833d2159b4e0266881e9768a16affce,0,no_attention_no_multiscale,42,0,0.110796295
314303a089cd03a3d3bebf93f68982465fc8a3fb2a866737d64d8f374ee90a3f,314303a089cd03a3d3bebf93f68982465fc8a3fb2a866737d64d8f374ee90a3f,0,no_attention_no_multiscale,42,0,0.43226266
422860947a7370673e9f10d40c9b27be86a1afd1bbf8382eafc38af114139d64,422860947a7370673e9f10d40c9b27be86a1afd1bbf8382eafc38af114139d64,0,no_attention_no_multiscale,42,0,0.74715835
6d4e0c545f93c3ab169b47a935b7f21690246488827c8cdb3c023e97bd52333b,6d4e0c545f93c3ab169b47a935b7f21690246488827c8cdb3c023e97bd52333b,0,no_attention_no_multiscale,42,0,0.02371272
3a31dc475b21cd0f059f05699ddad612215751f0755ee0317c78677a6f658542,2e2dad5d3461106137a6841bba1f19176be2ab0e51a7b673e8a68bd2d9f698e4,0,no_attention_no_multiscale,42,0,0.012791761
a939efe53e12508636806a0548de0774a363805f3c1c1cf6f57182fb15f6213d,a939efe53e12508636806a0548de0774a363805f3c1c1cf6f57182fb15f6213d,0,no_attention_no_multiscale,42,0,0.03517717
8c27b2140d87c2f4ca36dc1d15f414c3851f55819fddcea3b7882df3151ac5a6,8c27b2140d87c2f4ca36dc1d15f414c3851f55819fddcea3b7882df3151ac5a6,0,no_attention_no_multiscale,42,0,0.011976238
55391a8799e783597b1bd4c53b3b72c6ad20f1ef5fb2634151f26d218bdc1dab,55391a8799e783597b1bd4c53b3b72c6ad20f1ef5fb2634151f26d218bdc1dab,0,no_attention_no_multiscale,42,0,0.22409225
9ca4ac0807a3bbd0826a06396a8c0ecbfa9bbb6489ff43bed97a42284eb4478c,6849ea8acf8659b60e837c2d45f4431f833dbf95efa93a350942018e926c3133,0,no_attention_no_multiscale,42,0,0.71547896
6849ea8acf8659b60e837c2d45f4431f833dbf95efa93a350942018e926c3133,6849ea8acf8659b60e837c2d45f4431f833dbf95efa93a350942018e926c3133,0,no_attention_no_multiscale,42,0,0.700715
9125bf84b896351de12f641319c42697532aa1a486a398d6e9401acab313dd11,9125bf84b896351de12f641319c42697532aa1a486a398d6e9401acab313dd11,0,no_attention_no_multiscale,42,0,0.16831663
d5cbbe1256c58cf25d79245cce21faee2e7e67d9c063c3cda3003e748d058873,d5cbbe1256c58cf25d79245cce21faee2e7e67d9c063c3cda3003e748d058873,0,no_attention_no_multiscale,42,0,0.9509397
c8e9a8b3f39810f2735091058c0e39a02ca5370c60e86b71770288c7185b3fbc,c8e9a8b3f39810f2735091058c0e39a02ca5370c60e86b71770288c7185b3fbc,0,no_attention_no_multiscale,42,0,0.13506217
8c3352a9324857878735861a8276959d46f0c050e75eee8db1e0da7e383ca9a6,8c3352a9324857878735861a8276959d46f0c050e75eee8db1e0da7e383ca9a6,0,no_attention_no_multiscale,42,0,0.058158908
9fdd39966afd42eb860930159d7ccdc00e55ed54540478ff367f07f9f6eedbc4,9fdd39966afd42eb860930159d7ccdc00e55ed54540478ff367f07f9f6eedbc4,0,no_attention_no_multiscale,42,0,0.07602312
c538789cd768bbf8bdafd3a4a130e463f0884af9e619531d829e4187d30b08b2,c538789cd768bbf8bdafd3a4a130e463f0884af9e619531d829e4187d30b08b2,0,no_attention_no_multiscale,42,0,0.021550708
cdb365489d1dbf33a11d323602812a70572e4096b4e4ab466558b6f2828b2f05,11fcbc10ab7e3890752d6a32b8de515b57952b63cccbf6ada00c3ae2da823e58,0,no_attention_no_multiscale,42,0,0.14089492
8ae4ddcf7ac3dcf56f0398a821dfaabe2667af908eb3b5522759b707cf3bbecd,4f32eb2f6b3971b9fb5e331b16ebeba8aeca02becbe749e9b95936fe340dbc92,0,no_attention_no_multiscale,42,0,0.0015777625
d2c5fa3041f75490b0e39bc99aa8a0dcae1ad09935b20758fe4d73ae9e58581f,d2c5fa3041f75490b0e39bc99aa8a0dcae1ad09935b20758fe4d73ae9e58581f,0,no_attention_no_multiscale,42,0,0.0018967728
174f6b1339f3388fd728daf11bfb700a914610a67bc43498ebd6e30ba4066671,174f6b1339f3388fd728daf11bfb700a914610a67bc43498ebd6e30ba4066671,1,no_attention_no_multiscale,42,0,0.9900238
e65196e57bfd4c7219cf47b8ad7d499c70a0d8e86ea443944e6faa6447e74e75,e65196e57bfd4c7219cf47b8ad7d499c70a0d8e86ea443944e6faa6447e74e75,1,no_attention_no_multiscale,42,0,0.9696069
ebf52743e53a6c0f3d9648a0eaa600ee8b1afb0c758dfa83a49b45ad8852933d,ebf52743e53a6c0f3d9648a0eaa600ee8b1afb0c758dfa83a49b45ad8852933d,1,no_attention_no_multiscale,42,0,0.91638225
948659a58aa090fea9f4e54c0c7d13cc5a3e10afb8de705c2e3b9699a6e7d98e,948659a58aa090fea9f4e54c0c7d13cc5a3e10afb8de705c2e3b9699a6e7d98e,1,no_attention_no_multiscale,42,0,0.1057213
a5e234d76031e70468a449f62a7b79b1a736d1c987ebe8c17ffa0c1c1d61983f,a5e234d76031e70468a449f62a7b79b1a736d1c987ebe8c17ffa0c1c1d61983f,1,no_attention_no_multiscale,42,0,0.92990273
35a85607e878f71298a48027dd27c67c1dc264b6d02f6396bb73601a2e60fa93,35a85607e878f71298a48027dd27c67c1dc264b6d02f6396bb73601a2e60fa93,1,no_attention_no_multiscale,42,0,0.97376513
1e2adee64d6c09c9ed31a05ad463ad803ca8e4b5163f7764753595f0d15241cd,1e2adee64d6c09c9ed31a05ad463ad803ca8e4b5163f7764753595f0d15241cd,1,no_attention_no_multiscale,42,0,0.87788665
4c4af743766a62e14e2ae1574ee830f224e8414d4ab32780ed3c944b3dc0539c,4c4af743766a62e14e2ae1574ee830f224e8414d4ab32780ed3c944b3dc0539c,1,no_attention_no_multiscale,42,0,0.44699737
cc2def01cb2188f2259d52542f05b9d6c76fc11db28268ba2c61ca2fd4f46854,cc2def01cb2188f2259d52542f05b9d6c76fc11db28268ba2c61ca2fd4f46854,1,no_attention_no_multiscale,42,0,0.82168543
66c14a914a8d149d4c415d36fcb7607883eadf549c938a8f5a3647b10c66c81c,66c14a914a8d149d4c415d36fcb7607883eadf549c938a8f5a3647b10c66c81c,1,no_attention_no_multiscale,42,0,0.9878099
e053ec244029604025f96ede330578d3dd50e9641e4ef8364e61b5f9cbde33f4,e053ec244029604025f96ede330578d3dd50e9641e4ef8364e61b5f9cbde33f4,1,no_attention_no_multiscale,42,0,0.016175006
ba7c85d72891460c0c32f51ed8d504725d9dda15e3113101de475e6c66e53758,ba7c85d72891460c0c32f51ed8d504725d9dda15e3113101de475e6c66e53758,1,no_attention_no_multiscale,42,0,0.9148007
0a75a892bc44b017df86771ab2715c5bdd8bb08b1aa019061f6690d8cd1b9861,0a75a892bc44b017df86771ab2715c5bdd8bb08b1aa019061f6690d8cd1b9861,1,no_attention_no_multiscale,42,0,0.97818464
c6af3a9d8e4547cb522bd945a82a7cfebf121b93fe7f50299dec705348fe36c3,c6af3a9d8e4547cb522bd945a82a7cfebf121b93fe7f50299dec705348fe36c3,1,no_attention_no_multiscale,42,0,0.9874435
7c2aa4a53c65298f5547d4782c6cb9664113aa34ef5141a7028d18270cf092ee,7c2aa4a53c65298f5547d4782c6cb9664113aa34ef5141a7028d18270cf092ee,1,no_attention_no_multiscale,42,0,0.09273427
fa5259c7cdf1f53bccde7f6d6d68b3b3dc711df9d6ff00ca583ea1607179d3d7,fa5259c7cdf1f53bccde7f6d6d68b3b3dc711df9d6ff00ca583ea1607179d3d7,1,no_attention_no_multiscale,42,0,0.9655447
5e7eca14b014e04c8fbeb72cb2b5662f79b07e0ea57ce3f1c33d8efa1b5c937f,5e7eca14b014e04c8fbeb72cb2b5662f79b07e0ea57ce3f1c33d8efa1b5c937f,1,no_attention_no_multiscale,42,0,0.97163004
72191fa7f5b2152dac4de294b17bb39aa06f68db47db9663438d1bfd4bf8c91c,72191fa7f5b2152dac4de294b17bb39aa06f68db47db9663438d1bfd4bf8c91c,1,no_attention_no_multiscale,42,0,0.9811488
21ae5635ab2eeb4023aefda84a22d6f1e81aeaf32fcf51cb5285a65156b1c4aa,21ae5635ab2eeb4023aefda84a22d6f1e81aeaf32fcf51cb5285a65156b1c4aa,1,no_attention_no_multiscale,42,0,0.9798282
9abf4ad7a7aa95cfbcc7e45b99700eef849af5219dd4c189da1538f068582913,9abf4ad7a7aa95cfbcc7e45b99700eef849af5219dd4c189da1538f068582913,1,no_attention_no_multiscale,42,0,0.96445715
83aa22fb808a463ea27c21ac8706381c25c3aba0c7b79fdc3569fdad0abe4a26,83aa22fb808a463ea27c21ac8706381c25c3aba0c7b79fdc3569fdad0abe4a26,1,no_attention_no_multiscale,42,0,0.87778294
4f32eb2f6b3971b9fb5e331b16ebeba8aeca02becbe749e9b95936fe340dbc92,4f32eb2f6b3971b9fb5e331b16ebeba8aeca02becbe749e9b95936fe340dbc92,0,no_augmentation,42,0,0.011683762
11fcbc10ab7e3890752d6a32b8de515b57952b63cccbf6ada00c3ae2da823e58,11fcbc10ab7e3890752d6a32b8de515b57952b63cccbf6ada00c3ae2da823e58,0,no_augmentation,42,0,0.038148653
69cde100d8dad52331dbbda9ca626fc949c9eef87ca4ebf9382b1b9789ac277e,69cde100d8dad52331dbbda9ca626fc949c9eef87ca4ebf9382b1b9789ac277e,0,no_augmentation,42,0,0.91688657
2e2dad5d3461106137a6841bba1f19176be2ab0e51a7b673e8a68bd2d9f698e4,2e2dad5d3461106137a6841bba1f19176be2ab0e51a7b673e8a68bd2d9f698e4,0,no_augmentation,42,0,0.77262247
451abc50aa05888273efbe1c2559bb9d2d200fb87912af9d8635fe993b87d58e,451abc50aa05888273efbe1c2559bb9d2d200fb87912af9d8635fe993b87d58e,0,no_augmentation,42,0,0.8902862
b2745f58e72fd5e4069aa2595a8ac8571833d2159b4e0266881e9768a16affce,b2745f58e72fd5e4069aa2595a8ac8571833d2159b4e0266881e9768a16affce,0,no_augmentation,42,0,0.38322294
314303a089cd03a3d3bebf93f68982465fc8a3fb2a866737d64d8f374ee90a3f,314303a089cd03a3d3bebf93f68982465fc8a3fb2a866737d64d8f374ee90a3f,0,no_augmentation,42,0,0.90439403
422860947a7370673e9f10d40c9b27be86a1afd1bbf8382eafc38af114139d64,422860947a7370673e9f10d40c9b27be86a1afd1bbf8382eafc38af114139d64,0,no_augmentation,42,0,0.88014036
6d4e0c545f93c3ab169b47a935b7f21690246488827c8cdb3c023e97bd52333b,6d4e0c545f93c3ab169b47a935b7f21690246488827c8cdb3c023e97bd52333b,0,no_augmentation,42,0,0.5872477
3a31dc475b21cd0f059f05699ddad612215751f0755ee0317c78677a6f658542,2e2dad5d3461106137a6841bba1f19176be2ab0e51a7b673e8a68bd2d9f698e4,0,no_augmentation,42,0,0.6607565
a939efe53e12508636806a0548de0774a363805f3c1c1cf6f57182fb15f6213d,a939efe53e12508636806a0548de0774a363805f3c1c1cf6f57182fb15f6213d,0,no_augmentation,42,0,0.64880043
8c27b2140d87c2f4ca36dc1d15f414c3851f55819fddcea3b7882df3151ac5a6,8c27b2140d87c2f4ca36dc1d15f414c3851f55819fddcea3b7882df3151ac5a6,0,no_augmentation,42,0,0.13768478
55391a8799e783597b1bd4c53b3b72c6ad20f1ef5fb2634151f26d218bdc1dab,55391a8799e783597b1bd4c53b3b72c6ad20f1ef5fb2634151f26d218bdc1dab,0,no_augmentation,42,0,0.8605563
9ca4ac0807a3bbd0826a06396a8c0ecbfa9bbb6489ff43bed97a42284eb4478c,6849ea8acf8659b60e837c2d45f4431f833dbf95efa93a350942018e926c3133,0,no_augmentation,42,0,0.77108127
6849ea8acf8659b60e837c2d45f4431f833dbf95efa93a350942018e926c3133,6849ea8acf8659b60e837c2d45f4431f833dbf95efa93a350942018e926c3133,0,no_augmentation,42,0,0.7604159
9125bf84b896351de12f641319c42697532aa1a486a398d6e9401acab313dd11,9125bf84b896351de12f641319c42697532aa1a486a398d6e9401acab313dd11,0,no_augmentation,42,0,0.84661394
d5cbbe1256c58cf25d79245cce21faee2e7e67d9c063c3cda3003e748d058873,d5cbbe1256c58cf25d79245cce21faee2e7e67d9c063c3cda3003e748d058873,0,no_augmentation,42,0,0.893951
c8e9a8b3f39810f2735091058c0e39a02ca5370c60e86b71770288c7185b3fbc,c8e9a8b3f39810f2735091058c0e39a02ca5370c60e86b71770288c7185b3fbc,0,no_augmentation,42,0,0.79589325
8c3352a9324857878735861a8276959d46f0c050e75eee8db1e0da7e383ca9a6,8c3352a9324857878735861a8276959d46f0c050e75eee8db1e0da7e383ca9a6,0,no_augmentation,42,0,0.14965978
9fdd39966afd42eb860930159d7ccdc00e55ed54540478ff367f07f9f6eedbc4,9fdd39966afd42eb860930159d7ccdc00e55ed54540478ff367f07f9f6eedbc4,0,no_augmentation,42,0,0.051976115
c538789cd768bbf8bdafd3a4a130e463f0884af9e619531d829e4187d30b08b2,c538789cd768bbf8bdafd3a4a130e463f0884af9e619531d829e4187d30b08b2,0,no_augmentation,42,0,0.22895166
cdb365489d1dbf33a11d323602812a70572e4096b4e4ab466558b6f2828b2f05,11fcbc10ab7e3890752d6a32b8de515b57952b63cccbf6ada00c3ae2da823e58,0,no_augmentation,42,0,0.0371594
8ae4ddcf7ac3dcf56f0398a821dfaabe2667af908eb3b5522759b707cf3bbecd,4f32eb2f6b3971b9fb5e331b16ebeba8aeca02becbe749e9b95936fe340dbc92,0,no_augmentation,42,0,0.009804205
d2c5fa3041f75490b0e39bc99aa8a0dcae1ad09935b20758fe4d73ae9e58581f,d2c5fa3041f75490b0e39bc99aa8a0dcae1ad09935b20758fe4d73ae9e58581f,0,no_augmentation,42,0,0.031168856
174f6b1339f3388fd728daf11bfb700a914610a67bc43498ebd6e30ba4066671,174f6b1339f3388fd728daf11bfb700a914610a67bc43498ebd6e30ba4066671,1,no_augmentation,42,0,0.9585861
e65196e57bfd4c7219cf47b8ad7d499c70a0d8e86ea443944e6faa6447e74e75,e65196e57bfd4c7219cf47b8ad7d499c70a0d8e86ea443944e6faa6447e74e75,1,no_augmentation,42,0,0.9413665
ebf52743e53a6c0f3d9648a0eaa600ee8b1afb0c758dfa83a49b45ad8852933d,ebf52743e53a6c0f3d9648a0eaa600ee8b1afb0c758dfa83a49b45ad8852933d,1,no_augmentation,42,0,0.9452594
948659a58aa090fea9f4e54c0c7d13cc5a3e10afb8de705c2e3b9699a6e7d98e,948659a58aa090fea9f4e54c0c7d13cc5a3e10afb8de705c2e3b9699a6e7d98e,1,no_augmentation,42,0,0.8419029
a5e234d76031e70468a449f62a7b79b1a736d1c987ebe8c17ffa0c1c1d61983f,a5e234d76031e70468a449f62a7b79b1a736d1c987ebe8c17ffa0c1c1d61983f,1,no_augmentation,42,0,0.95222014
35a85607e878f71298a48027dd27c67c1dc264b6d02f6396bb73601a2e60fa93,35a85607e878f71298a48027dd27c67c1dc264b6d02f6396bb73601a2e60fa93,1,no_augmentation,42,0,0.948546
1e2adee64d6c09c9ed31a05ad463ad803ca8e4b5163f7764753595f0d15241cd,1e2adee64d6c09c9ed31a05ad463ad803ca8e4b5163f7764753595f0d15241cd,1,no_augmentation,42,0,0.96024597
4c4af743766a62e14e2ae1574ee830f224e8414d4ab32780ed3c944b3dc0539c,4c4af743766a62e14e2ae1574ee830f224e8414d4ab32780ed3c944b3dc0539c,1,no_augmentation,42,0,0.031020561
cc2def01cb2188f2259d52542f05b9d6c76fc11db28268ba2c61ca2fd4f46854,cc2def01cb2188f2259d52542f05b9d6c76fc11db28268ba2c61ca2fd4f46854,1,no_augmentation,42,0,0.90837234
66c14a914a8d149d4c415d36fcb7607883eadf549c938a8f5a3647b10c66c81c,66c14a914a8d149d4c415d36fcb7607883eadf549c938a8f5a3647b10c66c81c,1,no_augmentation,42,0,0.960825
e053ec244029604025f96ede330578d3dd50e9641e4ef8364e61b5f9cbde33f4,e053ec244029604025f96ede330578d3dd50e9641e4ef8364e61b5f9cbde33f4,1,no_augmentation,42,0,0.034141947
ba7c85d72891460c0c32f51ed8d504725d9dda15e3113101de475e6c66e53758,ba7c85d72891460c0c32f51ed8d504725d9dda15e3113101de475e6c66e53758,1,no_augmentation,42,0,0.9288657
0a75a892bc44b017df86771ab2715c5bdd8bb08b1aa019061f6690d8cd1b9861,0a75a892bc44b017df86771ab2715c5bdd8bb08b1aa019061f6690d8cd1b9861,1,no_augmentation,42,0,0.9626964
c6af3a9d8e4547cb522bd945a82a7cfebf121b93fe7f50299dec705348fe36c3,c6af3a9d8e4547cb522bd945a82a7cfebf121b93fe7f50299dec705348fe36c3,1,no_augmentation,42,0,0.94960463
7c2aa4a53c65298f5547d4782c6cb9664113aa34ef5141a7028d18270cf092ee,7c2aa4a53c65298f5547d4782c6cb9664113aa34ef5141a7028d18270cf092ee,1,no_augmentation,42,0,0.028788412
fa5259c7cdf1f53bccde7f6d6d68b3b3dc711df9d6ff00ca583ea1607179d3d7,fa5259c7cdf1f53bccde7f6d6d68b3b3dc711df9d6ff00ca583ea1607179d3d7,1,no_augmentation,42,0,0.95370877
5e7eca14b014e04c8fbeb72cb2b5662f79b07e0ea57ce3f1c33d8efa1b5c937f,5e7eca14b014e04c8fbeb72cb2b5662f79b07e0ea57ce3f1c33d8efa1b5c937f,1,no_augmentation,42,0,0.9128978
72191fa7f5b2152dac4de294b17bb39aa06f68db47db9663438d1bfd4bf8c91c,72191fa7f5b2152dac4de294b17bb39aa06f68db47db9663438d1bfd4bf8c91c,1,no_augmentation,42,0,0.9506039
21ae5635ab2eeb4023aefda84a22d6f1e81aeaf32fcf51cb5285a65156b1c4aa,21ae5635ab2eeb4023aefda84a22d6f1e81aeaf32fcf51cb5285a65156b1c4aa,1,no_augmentation,42,0,0.920059
9abf4ad7a7aa95cfbcc7e45b99700eef849af5219dd4c189da1538f068582913,9abf4ad7a7aa95cfbcc7e45b99700eef849af5219dd4c189da1538f068582913,1,no_augmentation,42,0,0.9590292
83aa22fb808a463ea27c21ac8706381c25c3aba0c7b79fdc3569fdad0abe4a26,83aa22fb808a463ea27c21ac8706381c25c3aba0c7b79fdc3569fdad0abe4a26,1,no_augmentation,42,0,0.9500413
4f32eb2f6b3971b9fb5e331b16ebeba8aeca02becbe749e9b95936fe340dbc92,4f32eb2f6b3971b9fb5e331b16ebeba8aeca02becbe749e9b95936fe340dbc92,0,plain_cnn,42,0,0.012011527
11fcbc10ab7e3890752d6a32b8de515b57952b63cccbf6ada00c3ae2da823e58,11fcbc10ab7e3890752d6a32b8de515b57952b63cccbf6ada00c3ae2da823e58,0,plain_cnn,42,0,0.010678343
69cde100d8dad52331dbbda9ca626fc949c9eef87ca4ebf9382b1b9789ac277e,69cde100d8dad52331dbbda9ca626fc949c9eef87ca4ebf9382b1b9789ac277e,0,plain_cnn,42,0,0.032733005
2e2dad5d3461106137a6841bba1f19176be2ab0e51a7b673e8a68bd2d9f698e4,2e2dad5d3461106137a6841bba1f19176be2ab0e51a7b673e8a68bd2d9f698e4,0,plain_cnn,42,0,0.072732516
451abc50aa05888273efbe1c2559bb9d2d200fb87912af9d8635fe993b87d58e,451abc50aa05888273efbe1c2559bb9d2d200fb87912af9d8635fe993b87d58e,0,plain_cnn,42,0,0.026262185
b2745f58e72fd5e4069aa2595a8ac8571833d2159b4e0266881e9768a16affce,b2745f58e72fd5e4069aa2595a8ac8571833d2159b4e0266881e9768a16affce,0,plain_cnn,42,0,0.16033259
314303a089cd03a3d3bebf93f68982465fc8a3fb2a866737d64d8f374ee90a3f,314303a089cd03a3d3bebf93f68982465fc8a3fb2a866737d64d8f374ee90a3f,0,plain_cnn,42,0,0.027952475
422860947a7370673e9f10d40c9b27be86a1afd1bbf8382eafc38af114139d64,422860947a7370673e9f10d40c9b27be86a1afd1bbf8382eafc38af114139d64,0,plain_cnn,42,0,0.05180315
6d4e0c545f93c3ab169b47a935b7f21690246488827c8cdb3c023e97bd52333b,6d4e0c545f93c3ab169b47a935b7f21690246488827c8cdb3c023e97bd52333b,0,plain_cnn,42,0,0.27117467
3a31dc475b21cd0f059f05699ddad612215751f0755ee0317c78677a6f658542,2e2dad5d3461106137a6841bba1f19176be2ab0e51a7b673e8a68bd2d9f698e4,0,plain_cnn,42,0,0.072645
a939efe53e12508636806a0548de0774a363805f3c1c1cf6f57182fb15f6213d,a939efe53e12508636806a0548de0774a363805f3c1c1cf6f57182fb15f6213d,0,plain_cnn,42,0,0.029502282
8c27b2140d87c2f4ca36dc1d15f414c3851f55819fddcea3b7882df3151ac5a6,8c27b2140d87c2f4ca36dc1d15f414c3851f55819fddcea3b7882df3151ac5a6,0,plain_cnn,42,0,0.05094633
55391a8799e783597b1bd4c53b3b72c6ad20f1ef5fb2634151f26d218bdc1dab,55391a8799e783597b1bd4c53b3b72c6ad20f1ef5fb2634151f26d218bdc1dab,0,plain_cnn,42,0,0.2140176
9ca4ac0807a3bbd0826a06396a8c0ecbfa9bbb6489ff43bed97a42284eb4478c,6849ea8acf8659b60e837c2d45f4431f833dbf95efa93a350942018e926c3133,0,plain_cnn,42,0,0.08605865
6849ea8acf8659b60e837c2d45f4431f833dbf95efa93a350942018e926c3133,6849ea8acf8659b60e837c2d45f4431f833dbf95efa93a350942018e926c3133,0,plain_cnn,42,0,0.08243093
9125bf84b896351de12f641319c42697532aa1a486a398d6e9401acab313dd11,9125bf84b896351de12f641319c42697532aa1a486a398d6e9401acab313dd11,0,plain_cnn,42,0,0.019680498
d5cbbe1256c58cf25d79245cce21faee2e7e67d9c063c3cda3003e748d058873,d5cbbe1256c58cf25d79245cce21faee2e7e67d9c063c3cda3003e748d058873,0,plain_cnn,42,0,0.49804372
c8e9a8b3f39810f2735091058c0e39a02ca5370c60e86b71770288c7185b3fbc,c8e9a8b3f39810f2735091058c0e39a02ca5370c60e86b71770288c7185b3fbc,0,plain_cnn,42,0,0.13290738
8c3352a9324857878735861a8276959d46f0c050e75eee8db1e0da7e383ca9a6,8c3352a9324857878735861a8276959d46f0c050e75eee8db1e0da7e383ca9a6,0,plain_cnn,42,0,0.6077032
9fdd39966afd42eb860930159d7ccdc00e55ed54540478ff367f07f9f6eedbc4,9fdd39966afd42eb860930159d7ccdc00e55ed54540478ff367f07f9f6eedbc4,0,plain_cnn,42,0,0.06731137
c538789cd768bbf8bdafd3a4a130e463f0884af9e619531d829e4187d30b08b2,c538789cd768bbf8bdafd3a4a130e463f0884af9e619531d829e4187d30b08b2,0,plain_cnn,42,0,0.2969927
cdb365489d1dbf33a11d323602812a70572e4096b4e4ab466558b6f2828b2f05,11fcbc10ab7e3890752d6a32b8de515b57952b63cccbf6ada00c3ae2da823e58,0,plain_cnn,42,0,0.0105987275
8ae4ddcf7ac3dcf56f0398a821dfaabe2667af908eb3b5522759b707cf3bbecd,4f32eb2f6b3971b9fb5e331b16ebeba8aeca02becbe749e9b95936fe340dbc92,0,plain_cnn,42,0,0.012998643
d2c5fa3041f75490b0e39bc99aa8a0dcae1ad09935b20758fe4d73ae9e58581f,d2c5fa3041f75490b0e39bc99aa8a0dcae1ad09935b20758fe4d73ae9e58581f,0,plain_cnn,42,0,0.031812944
174f6b1339f3388fd728daf11bfb700a914610a67bc43498ebd6e30ba4066671,174f6b1339f3388fd728daf11bfb700a914610a67bc43498ebd6e30ba4066671,1,plain_cnn,42,0,0.47900754
e65196e57bfd4c7219cf47b8ad7d499c70a0d8e86ea443944e6faa6447e74e75,e65196e57bfd4c7219cf47b8ad7d499c70a0d8e86ea443944e6faa6447e74e75,1,plain_cnn,42,0,0.6251373
ebf52743e53a6c0f3d9648a0eaa600ee8b1afb0c758dfa83a49b45ad8852933d,ebf52743e53a6c0f3d9648a0eaa600ee8b1afb0c758dfa83a49b45ad8852933d,1,plain_cnn,42,0,0.8434153
948659a58aa090fea9f4e54c0c7d13cc5a3e10afb8de705c2e3b9699a6e7d98e,948659a58aa090fea9f4e54c0c7d13cc5a3e10afb8de705c2e3b9699a6e7d98e,1,plain_cnn,42,0,0.018763427
a5e234d76031e70468a449f62a7b79b1a736d1c987ebe8c17ffa0c1c1d61983f,a5e234d76031e70468a449f62a7b79b1a736d1c987ebe8c17ffa0c1c1d61983f,1,plain_cnn,42,0,0.8219039
35a85607e878f71298a48027dd27c67c1dc264b6d02f6396bb73601a2e60fa93,35a85607e878f71298a48027dd27c67c1dc264b6d02f6396bb73601a2e60fa93,1,plain_cnn,42,0,0.73061234
1e2adee64d6c09c9ed31a05ad463ad803ca8e4b5163f7764753595f0d15241cd,1e2adee64d6c09c9ed31a05ad463ad803ca8e4b5163f7764753595f0d15241cd,1,plain_cnn,42,0,0.8192332
4c4af743766a62e14e2ae1574ee830f224e8414d4ab32780ed3c944b3dc0539c,4c4af743766a62e14e2ae1574ee830f224e8414d4ab32780ed3c944b3dc0539c,1,plain_cnn,42,0,0.25871146
cc2def01cb2188f2259d52542f05b9d6c76fc11db28268ba2c61ca2fd4f46854,cc2def01cb2188f2259d52542f05b9d6c76fc11db28268ba2c61ca2fd4f46854,1,plain_cnn,42,0,0.7284723
66c14a914a8d149d4c415d36fcb7607883eadf549c938a8f5a3647b10c66c81c,66c14a914a8d149d4c415d36fcb7607883eadf549c938a8f5a3647b10c66c81c,1,plain_cnn,42,0,0.8381295
e053ec244029604025f96ede330578d3dd50e9641e4ef8364e61b5f9cbde33f4,e053ec244029604025f96ede330578d3dd50e9641e4ef8364e61b5f9cbde33f4,1,plain_cnn,42,0,0.13062353
ba7c85d72891460c0c32f51ed8d504725d9dda15e3113101de475e6c66e53758,ba7c85d72891460c0c32f51ed8d504725d9dda15e3113101de475e6c66e53758,1,plain_cnn,42,0,0.08010615
0a75a892bc44b017df86771ab2715c5bdd8bb08b1aa019061f6690d8cd1b9861,0a75a892bc44b017df86771ab2715c5bdd8bb08b1aa019061f6690d8cd1b9861,1,plain_cnn,42,0,0.76265466
c6af3a9d8e4547cb522bd945a82a7cfebf121b93fe7f50299dec705348fe36c3,c6af3a9d8e4547cb522bd945a82a7cfebf121b93fe7f50299dec705348fe36c3,1,plain_cnn,42,0,0.3127267
7c2aa4a53c65298f5547d4782c6cb9664113aa34ef5141a7028d18270cf092ee,7c2aa4a53c65298f5547d4782c6cb9664113aa34ef5141a7028d18270cf092ee,1,plain_cnn,42,0,0.023552522
fa5259c7cdf1f53bccde7f6d6d68b3b3dc711df9d6ff00ca583ea1607179d3d7,fa5259c7cdf1f53bccde7f6d6d68b3b3dc711df9d6ff00ca583ea1607179d3d7,1,plain_cnn,42,0,0.45200458
5e7eca14b014e04c8fbeb72cb2b5662f79b07e0ea57ce3f1c33d8efa1b5c937f,5e7eca14b014e04c8fbeb72cb2b5662f79b07e0ea57ce3f1c33d8efa1b5c937f,1,plain_cnn,42,0,0.25488988
72191fa7f5b2152dac4de294b17bb39aa06f68db47db9663438d1bfd4bf8c91c,72191fa7f5b2152dac4de294b17bb39aa06f68db47db9663438d1bfd4bf8c91c,1,plain_cnn,42,0,0.12485713
21ae5635ab2eeb4023aefda84a22d6f1e81aeaf32fcf51cb5285a65156b1c4aa,21ae5635ab2eeb4023aefda84a22d6f1e81aeaf32fcf51cb5285a65156b1c4aa,1,plain_cnn,42,0,0.8445747
9abf4ad7a7aa95cfbcc7e45b99700eef849af5219dd4c189da1538f068582913,9abf4ad7a7aa95cfbcc7e45b99700eef849af5219dd4c189da1538f068582913,1,plain_cnn,42,0,0.34107235
83aa22fb808a463ea27c21ac8706381c25c3aba0c7b79fdc3569fdad0abe4a26,83aa22fb808a463ea27c21ac8706381c25c3aba0c7b79fdc3569fdad0abe4a26,1,plain_cnn,42,0,0.53987294
4f32eb2f6b3971b9fb5e331b16ebeba8aeca02becbe749e9b95936fe340dbc92,4f32eb2f6b3971b9fb5e331b16ebeba8aeca02becbe749e9b95936fe340dbc92,0,narrow_resnet_gn,42,0,0.0053894655
11fcbc10ab7e3890752d6a32b8de515b57952b63cccbf6ada00c3ae2da823e58,11fcbc10ab7e3890752d6a32b8de515b57952b63cccbf6ada00c3ae2da823e58,0,narrow_resnet_gn,42,0,0.0728605
69cde100d8dad52331dbbda9ca626fc949c9eef87ca4ebf9382b1b9789ac277e,69cde100d8dad52331dbbda9ca626fc949c9eef87ca4ebf9382b1b9789ac277e,0,narrow_resnet_gn,42,0,0.4830229
2e2dad5d3461106137a6841bba1f19176be2ab0e51a7b673e8a68bd2d9f698e4,2e2dad5d3461106137a6841bba1f19176be2ab0e51a7b673e8a68bd2d9f698e4,0,narrow_resnet_gn,42,0,0.10566182
451abc50aa05888273efbe1c2559bb9d2d200fb87912af9d8635fe993b87d58e,451abc50aa05888273efbe1c2559bb9d2d200fb87912af9d8635fe993b87d58e,0,narrow_resnet_gn,42,0,0.84421074
b2745f58e72fd5e4069aa2595a8ac8571833d2159b4e0266881e9768a16affce,b2745f58e72fd5e4069aa2595a8ac8571833d2159b4e0266881e9768a16affce,0,narrow_resnet_gn,42,0,0.17285049
314303a089cd03a3d3bebf93f68982465fc8a3fb2a866737d64d8f374ee90a3f,314303a089cd03a3d3bebf93f68982465fc8a3fb2a866737d64d8f374ee90a3f,0,narrow_resnet_gn,42,0,0.04466636
422860947a7370673e9f10d40c9b27be86a1afd1bbf8382eafc38af114139d64,422860947a7370673e9f10d40c9b27be86a1afd1bbf8382eafc38af114139d64,0,narrow_resnet_gn,42,0,0.14822663
6d4e0c545f93c3ab169b47a935b7f21690246488827c8cdb3c023e97bd52333b,6d4e0c545f93c3ab169b47a935b7f21690246488827c8cdb3c023e97bd52333b,0,narrow_resnet_gn,42,0,0.75822014
3a31dc475b21cd0f059f05699ddad612215751f0755ee0317c78677a6f658542,2e2dad5d3461106137a6841bba1f19176be2ab0e51a7b673e8a68bd2d9f698e4,0,narrow_resnet_gn,42,0,0.067338966
a939efe53e12508636806a0548de0774a363805f3c1c1cf6f57182fb15f6213d,a939efe53e12508636806a0548de0774a363805f3c1c1cf6f57182fb15f6213d,0,narrow_resnet_gn,42,0,0.036608383
8c27b2140d87c2f4ca36dc1d15f414c3851f55819fddcea3b7882df3151ac5a6,8c27b2140d87c2f4ca36dc1d15f414c3851f55819fddcea3b7882df3151ac5a6,0,narrow_resnet_gn,42,0,0.011272773
55391a8799e783597b1bd4c53b3b72c6ad20f1ef5fb2634151f26d218bdc1dab,55391a8799e783597b1bd4c53b3b72c6ad20f1ef5fb2634151f26d218bdc1dab,0,narrow_resnet_gn,42,0,0.4293203
9ca4ac0807a3bbd0826a06396a8c0ecbfa9bbb6489ff43bed97a42284eb4478c,6849ea8acf8659b60e837c2d45f4431f833dbf95efa93a350942018e926c3133,0,narrow_resnet_gn,42,0,0.10927365
6849ea8acf8659b60e837c2d45f4431f833dbf95efa93a350942018e926c3133,6849ea8acf8659b60e837c2d45f4431f833dbf95efa93a350942018e926c3133,0,narrow_resnet_gn,42,0,0.09275209
9125bf84b896351de12f641319c42697532aa1a486a398d6e9401acab313dd11,9125bf84b896351de12f641319c42697532aa1a486a398d6e9401acab313dd11,0,narrow_resnet_gn,42,0,0.047985476
d5cbbe1256c58cf25d79245cce21faee2e7e67d9c063c3cda3003e748d058873,d5cbbe1256c58cf25d79245cce21faee2e7e67d9c063c3cda3003e748d058873,0,narrow_resnet_gn,42,0,0.8417361
c8e9a8b3f39810f2735091058c0e39a02ca5370c60e86b71770288c7185b3fbc,c8e9a8b3f39810f2735091058c0e39a02ca5370c60e86b71770288c7185b3fbc,0,narrow_resnet_gn,42,0,0.40398127
8c3352a9324857878735861a8276959d46f0c050e75eee8db1e0da7e383ca9a6,8c3352a9324857878735861a8276959d46f0c050e75eee8db1e0da7e383ca9a6,0,narrow_resnet_gn,42,0,0.00049243576
9fdd39966afd42eb860930159d7ccdc00e55ed54540478ff367f07f9f6eedbc4,9fdd39966afd42eb860930159d7ccdc00e55ed54540478ff367f07f9f6eedbc4,0,narrow_resnet_gn,42,0,0.021777026
c538789cd768bbf8bdafd3a4a130e463f0884af9e619531d829e4187d30b08b2,c538789cd768bbf8bdafd3a4a130e463f0884af9e619531d829e4187d30b08b2,0,narrow_resnet_gn,42,0,0.031441443
cdb365489d1dbf33a11d323602812a70572e4096b4e4ab466558b6f2828b2f05,11fcbc10ab7e3890752d6a32b8de515b57952b63cccbf6ada00c3ae2da823e58,0,narrow_resnet_gn,42,0,0.07469685
8ae4ddcf7ac3dcf56f0398a821dfaabe2667af908eb3b5522759b707cf3bbecd,4f32eb2f6b3971b9fb5e331b16ebeba8aeca02becbe749e9b95936fe340dbc92,0,narrow_resnet_gn,42,0,0.0056692306
d2c5fa3041f75490b0e39bc99aa8a0dcae1ad09935b20758fe4d73ae9e58581f,d2c5fa3041f75490b0e39bc99aa8a0dcae1ad09935b20758fe4d73ae9e58581f,0,narrow_resnet_gn,42,0,0.004074605
174f6b1339f3388fd728daf11bfb700a914610a67bc43498ebd6e30ba4066671,174f6b1339f3388fd728daf11bfb700a914610a67bc43498ebd6e30ba4066671,1,narrow_resnet_gn,42,0,0.9620506
e65196e57bfd4c7219cf47b8ad7d499c70a0d8e86ea443944e6faa6447e74e75,e65196e57bfd4c7219cf47b8ad7d499c70a0d8e86ea443944e6faa6447e74e75,1,narrow_resnet_gn,42,0,0.963986
ebf52743e53a6c0f3d9648a0eaa600ee8b1afb0c758dfa83a49b45ad8852933d,ebf52743e53a6c0f3d9648a0eaa600ee8b1afb0c758dfa83a49b45ad8852933d,1,narrow_resnet_gn,42,0,0.45017818
948659a58aa090fea9f4e54c0c7d13cc5a3e10afb8de705c2e3b9699a6e7d98e,948659a58aa090fea9f4e54c0c7d13cc5a3e10afb8de705c2e3b9699a6e7d98e,1,narrow_resnet_gn,42,0,0.005909371
a5e234d76031e70468a449f62a7b79b1a736d1c987ebe8c17ffa0c1c1d61983f,a5e234d76031e70468a449f62a7b79b1a736d1c987ebe8c17ffa0c1c1d61983f,1,narrow_resnet_gn,42,0,0.9356456
35a85607e878f71298a48027dd27c67c1dc264b6d02f6396bb73601a2e60fa93,35a85607e878f71298a48027dd27c67c1dc264b6d02f6396bb73601a2e60fa93,1,narrow_resnet_gn,42,0,0.9500122
1e2adee64d6c09c9ed31a05ad463ad803ca8e4b5163f7764753595f0d15241cd,1e2adee64d6c09c9ed31a05ad463ad803ca8e4b5163f7764753595f0d15241cd,1,narrow_resnet_gn,42,0,0.8701425
4c4af743766a62e14e2ae1574ee830f224e8414d4ab32780ed3c944b3dc0539c,4c4af743766a62e14e2ae1574ee830f224e8414d4ab32780ed3c944b3dc0539c,1,narrow_resnet_gn,42,0,0.9551711
cc2def01cb2188f2259d52542f05b9d6c76fc11db28268ba2c61ca2fd4f46854,cc2def01cb2188f2259d52542f05b9d6c76fc11db28268ba2c61ca2fd4f46854,1,narrow_resnet_gn,42,0,0.250629
66c14a914a8d149d4c415d36fcb7607883eadf549c938a8f5a3647b10c66c81c,66c14a914a8d149d4c415d36fcb7607883eadf549c938a8f5a3647b10c66c81c,1,narrow_resnet_gn,42,0,0.9446003
e053ec244029604025f96ede330578d3dd50e9641e4ef8364e61b5f9cbde33f4,e053ec244029604025f96ede330578d3dd50e9641e4ef8364e61b5f9cbde33f4,1,narrow_resnet_gn,42,0,0.002631912
ba7c85d72891460c0c32f51ed8d504725d9dda15e3113101de475e6c66e53758,ba7c85d72891460c0c32f51ed8d504725d9dda15e3113101de475e6c66e53758,1,narrow_resnet_gn,42,0,0.97390693
0a75a892bc44b017df86771ab2715c5bdd8bb08b1aa019061f6690d8cd1b9861,0a75a892bc44b017df86771ab2715c5bdd8bb08b1aa019061f6690d8cd1b9861,1,narrow_resnet_gn,42,0,0.7502818
c6af3a9d8e4547cb522bd945a82a7cfebf121b93fe7f50299dec705348fe36c3,c6af3a9d8e4547cb522bd945a82a7cfebf121b93fe7f50299dec705348fe36c3,1,narrow_resnet_gn,42,0,0.96799225
7c2aa4a53c65298f5547d4782c6cb9664113aa34ef5141a7028d18270cf092ee,7c2aa4a53c65298f5547d4782c6cb9664113aa34ef5141a7028d18270cf092ee,1,narrow_resnet_gn,42,0,0.36470985
fa5259c7cdf1f53bccde7f6d6d68b3b3dc711df9d6ff00ca583ea1607179d3d7,fa5259c7cdf1f53bccde7f6d6d68b3b3dc711df9d6ff00ca583ea1607179d3d7,1,narrow_resnet_gn,42,0,0.9619093
5e7eca14b014e04c8fbeb72cb2b5662f79b07e0ea57ce3f1c33d8efa1b5c937f,5e7eca14b014e04c8fbeb72cb2b5662f79b07e0ea57ce3f1c33d8efa1b5c937f,1,narrow_resnet_gn,42,0,0.9520438
72191fa7f5b2152dac4de294b17bb39aa06f68db47db9663438d1bfd4bf8c91c,72191fa7f5b2152dac4de294b17bb39aa06f68db47db9663438d1bfd4bf8c91c,1,narrow_resnet_gn,42,0,0.97481495
21ae5635ab2eeb4023aefda84a22d6f1e81aeaf32fcf51cb5285a65156b1c4aa,21ae5635ab2eeb4023aefda84a22d6f1e81aeaf32fcf51cb5285a65156b1c4aa,1,narrow_resnet_gn,42,0,0.91199416
9abf4ad7a7aa95cfbcc7e45b99700eef849af5219dd4c189da1538f068582913,9abf4ad7a7aa95cfbcc7e45b99700eef849af5219dd4c189da1538f068582913,1,narrow_resnet_gn,42,0,0.71972334
83aa22fb808a463ea27c21ac8706381c25c3aba0c7b79fdc3569fdad0abe4a26,83aa22fb808a463ea27c21ac8706381c25c3aba0c7b79fdc3569fdad0abe4a26,1,narrow_resnet_gn,42,0,0.9582837
431754be1638a610ffe6109396a1be83fe84be89b319a9468c7702b7ac1cc451,431754be1638a610ffe6109396a1be83fe84be89b319a9468c7702b7ac1cc451,0,full,42,1,0.9790892
61883bfab06bd929d96b99d4cd26106c446d2e909ced077d4420d887aabc3aef,61883bfab06bd929d96b99d4cd26106c446d2e909ced077d4420d887aabc3aef,0,full,42,1,0.03786521
912f80d8f29184808e113f3e9770527dbaf7b490b4f4f27c69b015d174cb381a,912f80d8f29184808e113f3e9770527dbaf7b490b4f4f27c69b015d174cb381a,0,full,42,1,0.53151375
971af0cc2d7eb4517c91e7ea90797e8ef92a6a3095581b4a235ef89a45ad9aa4,971af0cc2d7eb4517c91e7ea90797e8ef92a6a3095581b4a235ef89a45ad9aa4,0,full,42,1,0.012480041
a991b7a12ed71214ee0120e45a25dc86e2af553186f857b5e72ad67280d8a67e,a991b7a12ed71214ee0120e45a25dc86e2af553186f857b5e72ad67280d8a67e,0,full,42,1,0.78661406
0198278fba06be5fee3f79b739acc5269c3f1bd2c4ca7c999af3ec7845b1db18,0198278fba06be5fee3f79b739acc5269c3f1bd2c4ca7c999af3ec7845b1db18,0,full,42,1,0.09563826
bdf2d8df20ce58b5dea1b6ce1ff839246c08bafd79dfd004f771582588818afc,0198278fba06be5fee3f79b739acc5269c3f1bd2c4ca7c999af3ec7845b1db18,0,full,42,1,0.10085734
68919dfe7ceaa406c0bfc2169b9c4dde4bbdc16924bac60dff531798a2e5b80c,68919dfe7ceaa406c0bfc2169b9c4dde4bbdc16924bac60dff531798a2e5b80c,0,full,42,1,0.31904
6bad7d1585147284f24fc35d752cd3f50dce273de2c4693881704b962524f627,6bad7d1585147284f24fc35d752cd3f50dce273de2c4693881704b962524f627,0,full,42,1,0.0049523995
84496f2b562de7b5ffab87ee4e24c778c46e69df2c6a934aa6b4af6eed65575e,0198278fba06be5fee3f79b739acc5269c3f1bd2c4ca7c999af3ec7845b1db18,0,full,42,1,0.10371179
79bff1fc200032db892a2bd9343a55322495903f39d07ab4d25df451ec37703e,79bff1fc200032db892a2bd9343a55322495903f39d07ab4d25df451ec37703e,0,full,42,1,0.14784898
fe2f2e15fbef31937a7350eda86d06b7efe35058104c8f17688f0506f83bb4ca,fe2f2e15fbef31937a7350eda86d06b7efe35058104c8f17688f0506f83bb4ca,0,full,42,1,0.020576011
7dc5473174aec3ca64789d8d27423520862e2e51a761cb1afd593b6971209437,03d5e5c31d9cb551d8e72ad20ee33ef851d7dc57431e19739286f84f8ee5aae7,0,full,42,1,0.014867817
3652939af3cbf768ff328bff19516311327782dd22d50300000e22ae6165926a,3652939af3cbf768ff328bff19516311327782dd22d50300000e22ae6165926a,0,full,42,1,0.40399212
03d5e5c31d9cb551d8e72ad20ee33ef851d7dc57431e19739286f84f8ee5aae7,03d5e5c31d9cb551d8e72ad20ee33ef851d7dc57431e19739286f84f8ee5aae7,0,full,42,1,0.031142678
dcc6ad68dcf64338d943273c43b66e9dc03f5aac2a7d5dd1e2dc57ab0cabf219,dcc6ad68dcf64338d943273c43b66e9dc03f5aac2a7d5dd1e2dc57ab0cabf219,1,full,42,1,0.63077474
6d968dde7850cb6817e1e97667e3b30d17deb0084fdb32fa466b3d30ab5b169a,6d968dde7850cb6817e1e97667e3b30d17deb0084fdb32fa466b3d30ab5b169a,1,full,42,1,0.38716388
324e1fd6887615bbf9df92946ff501fe5261ec0aa18bc0d1d7fbefeb3a4c2de0,324e1fd6887615bbf9df92946ff501fe5261ec0aa18bc0d1d7fbefeb3a4c2de0,1,full,42,1,0.9701063
02d44c020cf4c1cd89ed4d99993d51a579549e2766ae4492c5d714bfd34f1038,02d44c020cf4c1cd89ed4d99993d51a579549e2766ae4492c5d714bfd34f1038,1,full,42,1,0.8894059
2e4022fe7fc53cf77d62062f18e14f5ec77c5547aeefa8b7a119c531a7b7881f,2e4022fe7fc53cf77d62062f18e14f5ec77c5547aeefa8b7a119c531a7b7881f,1,full,42,1,0.9888214
d8ca4bf52dd8bfd65a1c7c7287a0dd292bbe91ed0ccef71d5b327b80e4802939,d8ca4bf52dd8bfd65a1c7c7287a0dd292bbe91ed0ccef71d5b327b80e4802939,1,full,42,1,0.9297158
148fc8d2e5f5425e1305b90f17abeecc0be0f939c72a38bdedc2239b5dd74575,148fc8d2e5f5425e1305b90f17abeecc0be0f939c72a38bdedc2239b5dd74575,1,full,42,1,0.1940498
85219c6f49438e2d908c77982d59a335d805971a4410f96bf793efa844b2a340,85219c6f49438e2d908c77982d59a335d805971a4410f96bf793efa844b2a340,1,full,42,1,0.9857956
beb26a21459fe7faa6b3ead6bffab7048069b39d9c8f44fcdd371f6a8fc7cc8c,beb26a21459fe7faa6b3ead6bffab7048069b39d9c8f44fcdd371f6a8fc7cc8c,1,full,42,1,0.90279573
e4b5fb431fa83fe3325066eb759c81db20f475ced435bd84861ea127e8c70826,a556fb53ec82b61ce9b867242f0089c12a4e826a461322e87afe93c5a536b93e,1,full,42,1,0.9848386
9ced31742602b954a0f27c4af431f52b61b194b39f32ab94d3442ac50cffcada,9ced31742602b954a0f27c4af431f52b61b194b39f32ab94d3442ac50cffcada,1,full,42,1,0.98266345
959996f9fe085b2b9492407c9c980e67949d6604f8916380d498a29ce777c481,959996f9fe085b2b9492407c9c980e67949d6604f8916380d498a29ce777c481,1,full,42,1,0.98476046
4f79af97ec4fbfc7351cf3701e43ab63ff4dfe692acf75c53a5ead6c689e3148,4f79af97ec4fbfc7351cf3701e43ab63ff4dfe692acf75c53a5ead6c689e3148,1,full,42,1,0.9784756
1a60d983296b4d7d88bdf016ec3acdf6928f4db711a3ea5526b312c1dddbc2ba,1a60d983296b4d7d88bdf016ec3acdf6928f4db711a3ea5526b312c1dddbc2ba,1,full,42,1,0.9676216
cb8f53c3357a4a0e42872730b58542f2383e40fde7aecef167621531ce6734c2,cb8f53c3357a4a0e42872730b58542f2383e40fde7aecef167621531ce6734c2,1,full,42,1,0.7848759
47f67e38e8ed23e7e9aa76825d01d8736c7ef0739f02f22f8a63fab50996a2b7,47f67e38e8ed23e7e9aa76825d01d8736c7ef0739f02f22f8a63fab50996a2b7,1,full,42,1,0.806956
6b41ec7a12d3954aab0892e618d76036efb4a9977a9a0a639d39aac312bd1e66,6b41ec7a12d3954aab0892e618d76036efb4a9977a9a0a639d39aac312bd1e66,1,full,42,1,0.9925054
5627ef7310a2d5775b2633f1fbf4eaa77ed8bc83a83e663fed0e7810f833b7e9,5627ef7310a2d5775b2633f1fbf4eaa77ed8bc83a83e663fed0e7810f833b7e9,1,full,42,1,0.5402944
e43b07477fc18ff7c82de9ad21f3ac0197faf33625ed1259e39e98652f1f6d3c,1eade1774cc1953e749e172027e573e028bab9a2a2ab71c687c9d75d60b72312,1,full,42,1,0.8425054
4d8dbdef0dbc0e730a06c85a85e95e1fddb41fd583e3b6419745374b200e7406,4d8dbdef0dbc0e730a06c85a85e95e1fddb41fd583e3b6419745374b200e7406,1,full,42,1,0.9908861
c6038b3142be4c883f7aee8c7b99566d35b57612dc1fe9c7e7e20295a90c1c04,c6038b3142be4c883f7aee8c7b99566d35b57612dc1fe9c7e7e20295a90c1c04,1,full,42,1,0.98073536
0d0bde27497b77e34d1be0d7f48501d37676e4645879150da9926071fbf8d195,0d0bde27497b77e34d1be0d7f48501d37676e4645879150da9926071fbf8d195,1,full,42,1,0.9866195
ef4f79a4f41ee093e86efc8363be6a29f59de2e9eed4eb05a58b0727bb94f55a,ef4f79a4f41ee093e86efc8363be6a29f59de2e9eed4eb05a58b0727bb94f55a,1,full,42,1,0.50529647
e68aa817460ae3a1d648bf9d62d1725f616de5f901238fc2ae7e685b5bbe6a36,e68aa817460ae3a1d648bf9d62d1725f616de5f901238fc2ae7e685b5bbe6a36,1,full,42,1,0.20075577
c69d93e782d3db7bb23a8b8bee55c7f96129f0123ea9b0848c4470be404bc933,c69d93e782d3db7bb23a8b8bee55c7f96129f0123ea9b0848c4470be404bc933,1,full,42,1,0.82163113
dcd0739408b5a9221b27f36b6167c546a23ec289c6efde3f211915a16099a189,735cbef9552a14d7b4a3f84398a094d8eef2c0c9101b3f51c2f077b896ad4856,1,full,42,1,0.7315599
05394b1956b374ffad3400486aa171fd7261b32d705ee855a81907d6a623c6f5,05394b1956b374ffad3400486aa171fd7261b32d705ee855a81907d6a623c6f5,1,full,42,1,0.5321317
735cbef9552a14d7b4a3f84398a094d8eef2c0c9101b3f51c2f077b896ad4856,735cbef9552a14d7b4a3f84398a094d8eef2c0c9101b3f51c2f077b896ad4856,1,full,42,1,0.45720422
b9e261090ae1fa4c62061db4f5b31bde6197d95d693a43cff7492ce90be584d8,b9e261090ae1fa4c62061db4f5b31bde6197d95d693a43cff7492ce90be584d8,1,full,42,1,0.9184138
1eade1774cc1953e749e172027e573e028bab9a2a2ab71c687c9d75d60b72312,1eade1774cc1953e749e172027e573e028bab9a2a2ab71c687c9d75d60b72312,1,full,42,1,0.8431899
670808c5e5ca6952dec91dafc3dfdb9c9851e9e07feb3bcf7b0d5698900736f0,670808c5e5ca6952dec91dafc3dfdb9c9851e9e07feb3bcf7b0d5698900736f0,1,full,42,1,0.99352044
22a67d35823acd63be6dca107cbdb4bb73ebb4cc230e0f5c19d7fc1d6f761879,22a67d35823acd63be6dca107cbdb4bb73ebb4cc230e0f5c19d7fc1d6f761879,1,full,42,1,0.101308
a556fb53ec82b61ce9b867242f0089c12a4e826a461322e87afe93c5a536b93e,a556fb53ec82b61ce9b867242f0089c12a4e826a461322e87afe93c5a536b93e,1,full,42,1,0.98494315
8d9ab3324ee861c253f8572fb3ced7e7b84feb21a633895def7e850ae74ff349,8d9ab3324ee861c253f8572fb3ced7e7b84feb21a633895def7e850ae74ff349,1,full,42,1,0.9841965
431754be1638a610ffe6109396a1be83fe84be89b319a9468c7702b7ac1cc451,431754be1638a610ffe6109396a1be83fe84be89b319a9468c7702b7ac1cc451,0,no_attention,42,1,0.9744442
61883bfab06bd929d96b99d4cd26106c446d2e909ced077d4420d887aabc3aef,61883bfab06bd929d96b99d4cd26106c446d2e909ced077d4420d887aabc3aef,0,no_attention,42,1,0.027714917
912f80d8f29184808e113f3e9770527dbaf7b490b4f4f27c69b015d174cb381a,912f80d8f29184808e113f3e9770527dbaf7b490b4f4f27c69b015d174cb381a,0,no_attention,42,1,0.32075787
971af0cc2d7eb4517c91e7ea90797e8ef92a6a3095581b4a235ef89a45ad9aa4,971af0cc2d7eb4517c91e7ea90797e8ef92a6a3095581b4a235ef89a45ad9aa4,0,no_attention,42,1,0.006983935
a991b7a12ed71214ee0120e45a25dc86e2af553186f857b5e72ad67280d8a67e,a991b7a12ed71214ee0120e45a25dc86e2af553186f857b5e72ad67280d8a67e,0,no_attention,42,1,0.8044582
0198278fba06be5fee3f79b739acc5269c3f1bd2c4ca7c999af3ec7845b1db18,0198278fba06be5fee3f79b739acc5269c3f1bd2c4ca7c999af3ec7845b1db18,0,no_attention,42,1,0.034571078
bdf2d8df20ce58b5dea1b6ce1ff839246c08bafd79dfd004f771582588818afc,0198278fba06be5fee3f79b739acc5269c3f1bd2c4ca7c999af3ec7845b1db18,0,no_attention,42,1,0.037121564
68919dfe7ceaa406c0bfc2169b9c4dde4bbdc16924bac60dff531798a2e5b80c,68919dfe7ceaa406c0bfc2169b9c4dde4bbdc16924bac60dff531798a2e5b80c,0,no_attention,42,1,0.8785361
6bad7d1585147284f24fc35d752cd3f50dce273de2c4693881704b962524f627,6bad7d1585147284f24fc35d752cd3f50dce273de2c4693881704b962524f627,0,no_attention,42,1,0.017818553
84496f2b562de7b5ffab87ee4e24c778c46e69df2c6a934aa6b4af6eed65575e,0198278fba06be5fee3f79b739acc5269c3f1bd2c4ca7c999af3ec7845b1db18,0,no_attention,42,1,0.050986473
79bff1fc200032db892a2bd9343a55322495903f39d07ab4d25df451ec37703e,79bff1fc200032db892a2bd9343a55322495903f39d07ab4d25df451ec37703e,0,no_attention,42,1,0.03433341
fe2f2e15fbef31937a7350eda86d06b7efe35058104c8f17688f0506f83bb4ca,fe2f2e15fbef31937a7350eda86d06b7efe35058104c8f17688f0506f83bb4ca,0,no_attention,42,1,0.06266265
7dc5473174aec3ca64789d8d27423520862e2e51a761cb1afd593b6971209437,03d5e5c31d9cb551d8e72ad20ee33ef851d7dc57431e19739286f84f8ee5aae7,0,no_attention,42,1,0.20407918
3652939af3cbf768ff328bff19516311327782dd22d50300000e22ae6165926a,3652939af3cbf768ff328bff19516311327782dd22d50300000e22ae6165926a,0,no_attention,42,1,0.80987996
03d5e5c31d9cb551d8e72ad20ee33ef851d7dc57431e19739286f84f8ee5aae7,03d5e5c31d9cb551d8e72ad20ee33ef851d7dc57431e19739286f84f8ee5aae7,0,no_attention,42,1,0.42721248
dcc6ad68dcf64338d943273c43b66e9dc03f5aac2a7d5dd1e2dc57ab0cabf219,dcc6ad68dcf64338d943273c43b66e9dc03f5aac2a7d5dd1e2dc57ab0cabf219,1,no_attention,42,1,0.9100525
6d968dde7850cb6817e1e97667e3b30d17deb0084fdb32fa466b3d30ab5b169a,6d968dde7850cb6817e1e97667e3b30d17deb0084fdb32fa466b3d30ab5b169a,1,no_attention,42,1,0.5576912
324e1fd6887615bbf9df92946ff501fe5261ec0aa18bc0d1d7fbefeb3a4c2de0,324e1fd6887615bbf9df92946ff501fe5261ec0aa18bc0d1d7fbefeb3a4c2de0,1,no_attention,42,1,0.933355
02d44c020cf4c1cd89ed4d99993d51a579549e2766ae4492c5d714bfd34f1038,02d44c020cf4c1cd89ed4d99993d51a579549e2766ae4492c5d714bfd34f1038,1,no_attention,42,1,0.22368418
2e4022fe7fc53cf77d62062f18e14f5ec77c5547aeefa8b7a119c531a7b7881f,2e4022fe7fc53cf77d62062f18e14f5ec77c5547aeefa8b7a119c531a7b7881f,1,no_attention,42,1,0.985405
d8ca4bf52dd8bfd65a1c7c7287a0dd292bbe91ed0ccef71d5b327b80e4802939,d8ca4bf52dd8bfd65a1c7c7287a0dd292bbe91ed0ccef71d5b327b80e4802939,1,no_attention,42,1,0.8552612
148fc8d2e5f5425e1305b90f17abeecc0be0f939c72a38bdedc2239b5dd74575,148fc8d2e5f5425e1305b90f17abeecc0be0f939c72a38bdedc2239b5dd74575,1,no_attention,42,1,0.15569837
85219c6f49438e2d908c77982d59a335d805971a4410f96bf793efa844b2a340,85219c6f49438e2d908c77982d59a335d805971a4410f96bf793efa844b2a340,1,no_attention,42,1,0.9463422
beb26a21459fe7faa6b3ead6bffab7048069b39d9c8f44fcdd371f6a8fc7cc8c,beb26a21459fe7faa6b3ead6bffab7048069b39d9c8f44fcdd371f6a8fc7cc8c,1,no_attention,42,1,0.3046398
e4b5fb431fa83fe3325066eb759c81db20f475ced435bd84861ea127e8c70826,a556fb53ec82b61ce9b867242f0089c12a4e826a461322e87afe93c5a536b93e,1,no_attention,42,1,0.9843946
9ced31742602b954a0f27c4af431f52b61b194b39f32ab94d3442ac50cffcada,9ced31742602b954a0f27c4af431f52b61b194b39f32ab94d3442ac50cffcada,1,no_attention,42,1,0.968238
959996f9fe085b2b9492407c9c980e67949d6604f8916380d498a29ce777c481,959996f9fe085b2b9492407c9c980e67949d6604f8916380d498a29ce777c481,1,no_attention,42,1,0.9720839
4f79af97ec4fbfc7351cf3701e43ab63ff4dfe692acf75c53a5ead6c689e3148,4f79af97ec4fbfc7351cf3701e43ab63ff4dfe692acf75c53a5ead6c689e3148,1,no_attention,42,1,0.7764317
1a60d983296b4d7d88bdf016ec3acdf6928f4db711a3ea5526b312c1dddbc2ba,1a60d983296b4d7d88bdf016ec3acdf6928f4db711a3ea5526b312c1dddbc2ba,1,no_attention,42,1,0.8329606
cb8f53c3357a4a0e42872730b58542f2383e40fde7aecef167621531ce6734c2,cb8f53c3357a4a0e42872730b58542f2383e40fde7aecef167621531ce6734c2,1,no_attention,42,1,0.42514947
47f67e38e8ed23e7e9aa76825d01d8736c7ef0739f02f22f8a63fab50996a2b7,47f67e38e8ed23e7e9aa76825d01d8736c7ef0739f02f22f8a63fab50996a2b7,1,no_attention,42,1,0.14185788
6b41ec7a12d3954aab0892e618d76036efb4a9977a9a0a639d39aac312bd1e66,6b41ec7a12d3954aab0892e618d76036efb4a9977a9a0a639d39aac312bd1e66,1,no_attention,42,1,0.9866658
5627ef7310a2d5775b2633f1fbf4eaa77ed8bc83a83e663fed0e7810f833b7e9,5627ef7310a2d5775b2633f1fbf4eaa77ed8bc83a83e663fed0e7810f833b7e9,1,no_attention,42,1,0.7981842
e43b07477fc18ff7c82de9ad21f3ac0197faf33625ed1259e39e98652f1f6d3c,1eade1774cc1953e749e172027e573e028bab9a2a2ab71c687c9d75d60b72312,1,no_attention,42,1,0.30964282
4d8dbdef0dbc0e730a06c85a85e95e1fddb41fd583e3b6419745374b200e7406,4d8dbdef0dbc0e730a06c85a85e95e1fddb41fd583e3b6419745374b200e7406,1,no_attention,42,1,0.99353576
c6038b3142be4c883f7aee8c7b99566d35b57612dc1fe9c7e7e20295a90c1c04,c6038b3142be4c883f7aee8c7b99566d35b57612dc1fe9c7e7e20295a90c1c04,1,no_attention,42,1,0.96276236
0d0bde27497b77e34d1be0d7f48501d37676e4645879150da9926071fbf8d195,0d0bde27497b77e34d1be0d7f48501d37676e4645879150da9926071fbf8d195,1,no_attention,42,1,0.97136104
ef4f79a4f41ee093e86efc8363be6a29f59de2e9eed4eb05a58b0727bb94f55a,ef4f79a4f41ee093e86efc8363be6a29f59de2e9eed4eb05a58b0727bb94f55a,1,no_attention,42,1,0.21333219
e68aa817460ae3a1d648bf9d62d1725f616de5f901238fc2ae7e685b5bbe6a36,e68aa817460ae3a1d648bf9d62d1725f616de5f901238fc2ae7e685b5bbe6a36,1,no_attention,42,1,0.40586594
c69d93e782d3db7bb23a8b8bee55c7f96129f0123ea9b0848c4470be404bc933,c69d93e782d3db7bb23a8b8bee55c7f96129f0123ea9b0848c4470be404bc933,1,no_attention,42,1,0.3181223
dcd0739408b5a9221b27f36b6167c546a23ec289c6efde3f211915a16099a189,735cbef9552a14d7b4a3f84398a094d8eef2c0c9101b3f51c2f077b896ad4856,1,no_attention,42,1,0.28123146
05394b1956b374ffad3400486aa171fd7261b32d705ee855a81907d6a623c6f5,05394b1956b374ffad3400486aa171fd7261b32d705ee855a81907d6a623c6f5,1,no_attention,42,1,0.02729593
735cbef9552a14d7b4a3f84398a094d8eef2c0c9101b3f51c2f077b896ad4856,735cbef9552a14d7b4a3f84398a094d8eef2c0c9101b3f51c2f077b896ad4856,1,no_attention,42,1,0.26095715
b9e261090ae1fa4c62061db4f5b31bde6197d95d693a43cff7492ce90be584d8,b9e261090ae1fa4c62061db4f5b31bde6197d95d693a43cff7492ce90be584d8,1,no_attention,42,1,0.95130527
1eade1774cc1953e749e172027e573e028bab9a2a2ab71c687c9d75d60b72312,1eade1774cc1953e749e172027e573e028bab9a2a2ab71c687c9d75d60b72312,1,no_attention,42,1,0.30808797
670808c5e5ca6952dec91dafc3dfdb9c9851e9e07feb3bcf7b0d5698900736f0,670808c5e5ca6952dec91dafc3dfdb9c9851e9e07feb3bcf7b0d5698900736f0,1,no_attention,42,1,0.99139714
22a67d35823acd63be6dca107cbdb4bb73ebb4cc230e0f5c19d7fc1d6f761879,22a67d35823acd63be6dca107cbdb4bb73ebb4cc230e0f5c19d7fc1d6f761879,1,no_attention,42,1,0.39997518
a556fb53ec82b61ce9b867242f0089c12a4e826a461322e87afe93c5a536b93e,a556fb53ec82b61ce9b867242f0089c12a4e826a461322e87afe93c5a536b93e,1,no_attention,42,1,0.9844125
8d9ab3324ee861c253f8572fb3ced7e7b84feb21a633895def7e850ae74ff349,8d9ab3324ee861c253f8572fb3ced7e7b84feb21a633895def7e850ae74ff349,1,no_attention,42,1,0.9884509
431754be1638a610ffe6109396a1be83fe84be89b319a9468c7702b7ac1cc451,431754be1638a610ffe6109396a1be83fe84be89b319a9468c7702b7ac1cc451,0,no_multiscale,42,1,0.9249585
61883bfab06bd929d96b99d4cd26106c446d2e909ced077d4420d887aabc3aef,61883bfab06bd929d96b99d4cd26106c446d2e909ced077d4420d887aabc3aef,0,no_multiscale,42,1,0.034641523
912f80d8f29184808e113f3e9770527dbaf7b490b4f4f27c69b015d174cb381a,912f80d8f29184808e113f3e9770527dbaf7b490b4f4f27c69b015d174cb381a,0,no_multiscale,42,1,0.20256858
971af0cc2d7eb4517c91e7ea90797e8ef92a6a3095581b4a235ef89a45ad9aa4,971af0cc2d7eb4517c91e7ea90797e8ef92a6a3095581b4a235ef89a45ad9aa4,0,no_multiscale,42,1,0.0070164115
a991b7a12ed71214ee0120e45a25dc86e2af553186f857b5e72ad67280d8a67e,a991b7a12ed71214ee0120e45a25dc86e2af553186f857b5e72ad67280d8a67e,0,no_multiscale,42,1,0.8242563
0198278fba06be5fee3f79b739acc5269c3f1bd2c4ca7c999af3ec7845b1db18,0198278fba06be5fee3f79b739acc5269c3f1bd2c4ca7c999af3ec7845b1db18,0,no_multiscale,42,1,0.017857216
bdf2d8df20ce58b5dea1b6ce1ff839246c08bafd79dfd004f771582588818afc,0198278fba06be5fee3f79b739acc5269c3f1bd2c4ca7c999af3ec7845b1db18,0,no_multiscale,42,1,0.016203443
68919dfe7ceaa406c0bfc2169b9c4dde4bbdc16924bac60dff531798a2e5b80c,68919dfe7ceaa406c0bfc2169b9c4dde4bbdc16924bac60dff531798a2e5b80c,0,no_multiscale,42,1,0.014993353
6bad7d1585147284f24fc35d752cd3f50dce273de2c4693881704b962524f627,6bad7d1585147284f24fc35d752cd3f50dce273de2c4693881704b962524f627,0,no_multiscale,42,1,0.0035898038
84496f2b562de7b5ffab87ee4e24c778c46e69df2c6a934aa6b4af6eed65575e,0198278fba06be5fee3f79b739acc5269c3f1bd2c4ca7c999af3ec7845b1db18,0,no_multiscale,42,1,0.025108406
79bff1fc200032db892a2bd9343a55322495903f39d07ab4d25df451ec37703e,79bff1fc200032db892a2bd9343a55322495903f39d07ab4d25df451ec37703e,0,no_multiscale,42,1,0.11903101
fe2f2e15fbef31937a7350eda86d06b7efe35058104c8f17688f0506f83bb4ca,fe2f2e15fbef31937a7350eda86d06b7efe35058104c8f17688f0506f83bb4ca,0,no_multiscale,42,1,0.01682191
7dc5473174aec3ca64789d8d27423520862e2e51a761cb1afd593b6971209437,03d5e5c31d9cb551d8e72ad20ee33ef851d7dc57431e19739286f84f8ee5aae7,0,no_multiscale,42,1,0.006514476
3652939af3cbf768ff328bff19516311327782dd22d50300000e22ae6165926a,3652939af3cbf768ff328bff19516311327782dd22d50300000e22ae6165926a,0,no_multiscale,42,1,0.90258366
03d5e5c31d9cb551d8e72ad20ee33ef851d7dc57431e19739286f84f8ee5aae7,03d5e5c31d9cb551d8e72ad20ee33ef851d7dc57431e19739286f84f8ee5aae7,0,no_multiscale,42,1,0.007718928
dcc6ad68dcf64338d943273c43b66e9dc03f5aac2a7d5dd1e2dc57ab0cabf219,dcc6ad68dcf64338d943273c43b66e9dc03f5aac2a7d5dd1e2dc57ab0cabf219,1,no_multiscale,42,1,0.7724412
6d968dde7850cb6817e1e97667e3b30d17deb0084fdb32fa466b3d30ab5b169a,6d968dde7850cb6817e1e97667e3b30d17deb0084fdb32fa466b3d30ab5b169a,1,no_multiscale,42,1,0.076039195
324e1fd6887615bbf9df92946ff501fe5261ec0aa18bc0d1d7fbefeb3a4c2de0,324e1fd6887615bbf9df92946ff501fe5261ec0aa18bc0d1d7fbefeb3a4c2de0,1,no_multiscale,42,1,0.77591044
02d44c020cf4c1cd89ed4d99993d51a579549e2766ae4492c5d714bfd34f1038,02d44c020cf4c1cd89ed4d99993d51a579549e2766ae4492c5d714bfd34f1038,1,no_multiscale,42,1,0.36043823
2e4022fe7fc53cf77d62062f18e14f5ec77c5547aeefa8b7a119c531a7b7881f,2e4022fe7fc53cf77d62062f18e14f5ec77c5547aeefa8b7a119c531a7b7881f,1,no_multiscale,42,1,0.98134965
d8ca4bf52dd8bfd65a1c7c7287a0dd292bbe91ed0ccef71d5b327b80e4802939,d8ca4bf52dd8bfd65a1c7c7287a0dd292bbe91ed0ccef71d5b327b80e4802939,1,no_multiscale,42,1,0.5712907
148fc8d2e5f5425e1305b90f17abeecc0be0f939c72a38bdedc2239b5dd74575,148fc8d2e5f5425e1305b90f17abeecc0be0f939c72a38bdedc2239b5dd74575,1,no_multiscale,42,1,0.07790494
85219c6f49438e2d908c77982d59a335d805971a4410f96bf793efa844b2a340,85219c6f49438e2d908c77982d59a335d805971a4410f96bf793efa844b2a340,1,no_multiscale,42,1,0.9864563
beb26a21459fe7faa6b3ead6bffab7048069b39d9c8f44fcdd371f6a8fc7cc8c,beb26a21459fe7faa6b3ead6bffab7048069b39d9c8f44fcdd371f6a8fc7cc8c,1,no_multiscale,42,1,0.013017298
e4b5fb431fa83fe3325066eb759c81db20f475ced435bd84861ea127e8c70826,a556fb53ec82b61ce9b867242f0089c12a4e826a461322e87afe93c5a536b93e,1,no_multiscale,42,1,0.98779976
9ced31742602b954a0f27c4af431f52b61b194b39f32ab94d3442ac50cffcada,9ced31742602b954a0f27c4af431f52b61b194b39f32ab94d3442ac50cffcada,1,no_multiscale,42,1,0.9764683
959996f9fe085b2b9492407c9c980e67949d6604f8916380d498a29ce777c481,959996f9fe085b2b9492407c9c980e67949d6604f8916380d498a29ce777c481,1,no_multiscale,42,1,0.9008386
4f79af97ec4fbfc7351cf3701e43ab63ff4dfe692acf75c53a5ead6c689e3148,4f79af97ec4fbfc7351cf3701e43ab63ff4dfe692acf75c53a5ead6c689e3148,1,no_multiscale,42,1,0.9558372
1a60d983296b4d7d88bdf016ec3acdf6928f4db711a3ea5526b312c1dddbc2ba,1a60d983296b4d7d88bdf016ec3acdf6928f4db711a3ea5526b312c1dddbc2ba,1,no_multiscale,42,1,0.8436898
cb8f53c3357a4a0e42872730b58542f2383e40fde7aecef167621531ce6734c2,cb8f53c3357a4a0e42872730b58542f2383e40fde7aecef167621531ce6734c2,1,no_multiscale,42,1,0.034015812
47f67e38e8ed23e7e9aa76825d01d8736c7ef0739f02f22f8a63fab50996a2b7,47f67e38e8ed23e7e9aa76825d01d8736c7ef0739f02f22f8a63fab50996a2b7,1,no_multiscale,42,1,0.02361071
6b41ec7a12d3954aab0892e618d76036efb4a9977a9a0a639d39aac312bd1e66,6b41ec7a12d3954aab0892e618d76036efb4a9977a9a0a639d39aac312bd1e66,1,no_multiscale,42,1,0.95633376
5627ef7310a2d5775b2633f1fbf4eaa77ed8bc83a83e663fed0e7810f833b7e9,5627ef7310a2d5775b2633f1fbf4eaa77ed8bc83a83e663fed0e7810f833b7e9,1,no_multiscale,42,1,0.41537037
e43b07477fc18ff7c82de9ad21f3ac0197faf33625ed1259e39e98652f1f6d3c,1eade1774cc1953e749e172027e573e028bab9a2a2ab71c687c9d75d60b72312,1,no_multiscale,42,1,0.77643627
4d8dbdef0dbc0e730a06c85a85e95e1fddb41fd583e3b6419745374b200e7406,4d8dbdef0dbc0e730a06c85a85e95e1fddb41fd583e3b6419745374b200e7406,1,no_multiscale,42,1,0.981077
c6038b3142be4c883f7aee8c7b99566d35b57612dc1fe9c7e7e20295a90c1c04,c6038b3142be4c883f7aee8c7b99566d35b57612dc1fe9c7e7e20295a90c1c04,1,no_multiscale,42,1,0.9358882
0d0bde27497b77e34d1be0d7f48501d37676e4645879150da9926071fbf8d195,0d0bde27497b77e34d1be0d7f48501d37676e4645879150da9926071fbf8d195,1,no_multiscale,42,1,0.9768049
ef4f79a4f41ee093e86efc8363be6a29f59de2e9eed4eb05a58b0727bb94f55a,ef4f79a4f41ee093e86efc8363be6a29f59de2e9eed4eb05a58b0727bb94f55a,1,no_multiscale,42,1,0.80714405
e68aa817460ae3a1d648bf9d62d1725f616de5f901238fc2ae7e685b5bbe6a36,e68aa817460ae3a1d648bf9d62d1725f616de5f901238fc2ae7e685b5bbe6a36,1,no_multiscale,42,1,0.33652586
c69d93e782d3db7bb23a8b8bee55c7f96129f0123ea9b0848c4470be404bc933,c69d93e782d3db7bb23a8b8bee55c7f96129f0123ea9b0848c4470be404bc933,1,no_multiscale,42,1,0.107325226
dcd0739408b5a9221b27f36b6167c546a23ec289c6efde3f211915a16099a189,735cbef9552a14d7b4a3f84398a094d8eef2c0c9101b3f51c2f077b896ad4856,1,no_multiscale,42,1,0.82836515
05394b1956b374ffad3400486aa171fd7261b32d705ee855a81907d6a623c6f5,05394b1956b374ffad3400486aa171fd7261b32d705ee855a81907d6a623c6f5,1,no_multiscale,42,1,0.006023336
735cbef9552a14d7b4a3f84398a094d8eef2c0c9101b3f51c2f077b896ad4856,735cbef9552a14d7b4a3f84398a094d8eef2c0c9101b3f51c2f077b896ad4856,1,no_multiscale,42,1,0.6528441
b9e261090ae1fa4c62061db4f5b31bde6197d95d693a43cff7492ce90be584d8,b9e261090ae1fa4c62061db4f5b31bde6197d95d693a43cff7492ce90be584d8,1,no_multiscale,42,1,0.8145701
1eade1774cc1953e749e172027e573e028bab9a2a2ab71c687c9d75d60b72312,1eade1774cc1953e749e172027e573e028bab9a2a2ab71c687c9d75d60b72312,1,no_multiscale,42,1,0.77763677
670808c5e5ca6952dec91dafc3dfdb9c9851e9e07feb3bcf7b0d5698900736f0,670808c5e5ca6952dec91dafc3dfdb9c9851e9e07feb3bcf7b0d5698900736f0,1,no_multiscale,42,1,0.9563061
22a67d35823acd63be6dca107cbdb4bb73ebb4cc230e0f5c19d7fc1d6f761879,22a67d35823acd63be6dca107cbdb4bb73ebb4cc230e0f5c19d7fc1d6f761879,1,no_multiscale,42,1,0.09174061
a556fb53ec82b61ce9b867242f0089c12a4e826a461322e87afe93c5a536b93e,a556fb53ec82b61ce9b867242f0089c12a4e826a461322e87afe93c5a536b93e,1,no_multiscale,42,1,0.9877061
8d9ab3324ee861c253f8572fb3ced7e7b84feb21a633895def7e850ae74ff349,8d9ab3324ee861c253f8572fb3ced7e7b84feb21a633895def7e850ae74ff349,1,no_multiscale,42,1,0.98686695
431754be1638a610ffe6109396a1be83fe84be89b319a9468c7702b7ac1cc451,431754be1638a610ffe6109396a1be83fe84be89b319a9468c7702b7ac1cc451,0,no_attention_no_multiscale,42,1,0.95833224
61883bfab06bd929d96b99d4cd26106c446d2e909ced077d4420d887aabc3aef,61883bfab06bd929d96b99d4cd26106c446d2e909ced077d4420d887aabc3aef,0,no_attention_no_multiscale,42,1,0.3105353
912f80d8f29184808e113f3e9770527dbaf7b490b4f4f27c69b015d174cb381a,912f80d8f29184808e113f3e9770527dbaf7b490b4f4f27c69b015d174cb381a,0,no_attention_no_multiscale,42,1,0.8145103
971af0cc2d7eb4517c91e7ea90797e8ef92a6a3095581b4a235ef89a45ad9aa4,971af0cc2d7eb4517c91e7ea90797e8ef92a6a3095581b4a235ef89a45ad9aa4,0,no_attention_no_multiscale,42,1,0.03326198
a991b7a12ed71214ee0120e45a25dc86e2af553186f857b5e72ad67280d8a67e,a991b7a12ed71214ee0120e45a25dc86e2af553186f857b5e72ad67280d8a67e,0,no_attention_no_multiscale,42,1,0.87102675
0198278fba06be5fee3f79b739acc5269c3f1bd2c4ca7c999af3ec7845b1db18,0198278fba06be5fee3f79b739acc5269c3f1bd2c4ca7c999af3ec7845b1db18,0,no_attention_no_multiscale,42,1,0.05168072
bdf2d8df20ce58b5dea1b6ce1ff839246c08bafd79dfd004f771582588818afc,0198278fba06be5fee3f79b739acc5269c3f1bd2c4ca7c999af3ec7845b1db18,0,no_attention_no_multiscale,42,1,0.044351224
68919dfe7ceaa406c0bfc2169b9c4dde4bbdc16924bac60dff531798a2e5b80c,68919dfe7ceaa406c0bfc2169b9c4dde4bbdc16924bac60dff531798a2e5b80c,0,no_attention_no_multiscale,42,1,0.27517432
6bad7d1585147284f24fc35d752cd3f50dce273de2c4693881704b962524f627,6bad7d1585147284f24fc35d752cd3f50dce273de2c4693881704b962524f627,0,no_attention_no_multiscale,42,1,0.07896201
84496f2b562de7b5ffab87ee4e24c778c46e69df2c6a934aa6b4af6eed65575e,0198278fba06be5fee3f79b739acc5269c3f1bd2c4ca7c999af3ec7845b1db18,0,no_attention_no_multiscale,42,1,0.062007535
79bff1fc200032db892a2bd9343a55322495903f39d07ab4d25df451ec37703e,79bff1fc200032db892a2bd9343a55322495903f39d07ab4d25df451ec37703e,0,no_attention_no_multiscale,42,1,0.07845594
fe2f2e15fbef31937a7350eda86d06b7efe35058104c8f17688f0506f83bb4ca,fe2f2e15fbef31937a7350eda86d06b7efe35058104c8f17688f0506f83bb4ca,0,no_attention_no_multiscale,42,1,0.20763667
7dc5473174aec3ca64789d8d27423520862e2e51a761cb1afd593b6971209437,03d5e5c31d9cb551d8e72ad20ee33ef851d7dc57431e19739286f84f8ee5aae7,0,no_attention_no_multiscale,42,1,0.07930421
3652939af3cbf768ff328bff19516311327782dd22d50300000e22ae6165926a,3652939af3cbf768ff328bff19516311327782dd22d50300000e22ae6165926a,0,no_attention_no_multiscale,42,1,0.71007276
03d5e5c31d9cb551d8e72ad20ee33ef851d7dc57431e19739286f84f8ee5aae7,03d5e5c31d9cb551d8e72ad20ee33ef851d7dc57431e19739286f84f8ee5aae7,0,no_attention_no_multiscale,42,1,0.09418646
dcc6ad68dcf64338d943273c43b66e9dc03f5aac2a7d5dd1e2dc57ab0cabf219,dcc6ad68dcf64338d943273c43b66e9dc03f5aac2a7d5dd1e2dc57ab0cabf219,1,no_attention_no_multiscale,42,1,0.94045264
6d968dde7850cb6817e1e97667e3b30d17deb0084fdb32fa466b3d30ab5b169a,6d968dde7850cb6817e1e97667e3b30d17deb0084fdb32fa466b3d30ab5b169a,1,no_attention_no_multiscale,42,1,0.63928837
324e1fd6887615bbf9df92946ff501fe5261ec0aa18bc0d1d7fbefeb3a4c2de0,324e1fd6887615bbf9df92946ff501fe5261ec0aa18bc0d1d7fbefeb3a4c2de0,1,no_attention_no_multiscale,42,1,0.8198825
02d44c020cf4c1cd89ed4d99993d51a579549e2766ae4492c5d714bfd34f1038,02d44c020cf4c1cd89ed4d99993d51a579549e2766ae4492c5d714bfd34f1038,1,no_attention_no_multiscale,42,1,0.42349383
2e4022fe7fc53cf77d62062f18e14f5ec77c5547aeefa8b7a119c531a7b7881f,2e4022fe7fc53cf77d62062f18e14f5ec77c5547aeefa8b7a119c531a7b7881f,1,no_attention_no_multiscale,42,1,0.9657409
d8ca4bf52dd8bfd65a1c7c7287a0dd292bbe91ed0ccef71d5b327b80e4802939,d8ca4bf52dd8bfd65a1c7c7287a0dd292bbe91ed0ccef71d5b327b80e4802939,1,no_attention_no_multiscale,42,1,0.9110121
148fc8d2e5f5425e1305b90f17abeecc0be0f939c72a38bdedc2239b5dd74575,148fc8d2e5f5425e1305b90f17abeecc0be0f939c72a38bdedc2239b5dd74575,1,no_attention_no_multiscale,42,1,0.15462422
85219c6f49438e2d908c77982d59a335d805971a4410f96bf793efa844b2a340,85219c6f49438e2d908c77982d59a335d805971a4410f96bf793efa844b2a340,1,no_attention_no_multiscale,42,1,0.9430625
beb26a21459fe7faa6b3ead6bffab7048069b39d9c8f44fcdd371f6a8fc7cc8c,beb26a21459fe7faa6b3ead6bffab7048069b39d9c8f44fcdd371f6a8fc7cc8c,1,no_attention_no_multiscale,42,1,0.19295473
e4b5fb431fa83fe3325066eb759c81db20f475ced435bd84861ea127e8c70826,a556fb53ec82b61ce9b867242f0089c12a4e826a461322e87afe93c5a536b93e,1,no_attention_no_multiscale,42,1,0.8973598
9ced31742602b954a0f27c4af431f52b61b194b39f32ab94d3442ac50cffcada,9ced31742602b954a0f27c4af431f52b61b194b39f32ab94d3442ac50cffcada,1,no_attention_no_multiscale,42,1,0.78169847
959996f9fe085b2b9492407c9c980e67949d6604f8916380d498a29ce777c481,959996f9fe085b2b9492407c9c980e67949d6604f8916380d498a29ce777c481,1,no_attention_no_multiscale,42,1,0.9423758
4f79af97ec4fbfc7351cf3701e43ab63ff4dfe692acf75c53a5ead6c689e3148,4f79af97ec4fbfc7351cf3701e43ab63ff4dfe692acf75c53a5ead6c689e3148,1,no_attention_no_multiscale,42,1,0.94524586
1a60d983296b4d7d88bdf016ec3acdf6928f4db711a3ea5526b312c1dddbc2ba,1a60d983296b4d7d88bdf016ec3acdf6928f4db711a3ea5526b312c1dddbc2ba,1,no_attention_no_multiscale,42,1,0.5333824
cb8f53c3357a4a0e42872730b58542f2383e40fde7aecef167621531ce6734c2,cb8f53c3357a4a0e42872730b58542f2383e40fde7aecef167621531ce6734c2,1,no_attention_no_multiscale,42,1,0.3455551
47f67e38e8ed23e7e9aa76825d01d8736c7ef0739f02f22f8a63fab50996a2b7,47f67e38e8ed23e7e9aa76825d01d8736c7ef0739f02f22f8a63fab50996a2b7,1,no_attention_no_multiscale,42,1,0.23201811
6b41ec7a12d3954aab0892e618d76036efb4a9977a9a0a639d39aac312bd1e66,6b41ec7a12d3954aab0892e618d76036efb4a9977a9a0a639d39aac312bd1e66,1,no_attention_no_multiscale,42,1,0.98097503
5627ef7310a2d5775b2633f1fbf4eaa77ed8bc83a83e663fed0e7810f833b7e9,5627ef7310a2d5775b2633f1fbf4eaa77ed8bc83a83e663fed0e7810f833b7e9,1,no_attention_no_multiscale,42,1,0.82731575
e43b07477fc18ff7c82de9ad21f3ac0197faf33625ed1259e39e98652f1f6d3c,1eade1774cc1953e749e172027e573e028bab9a2a2ab71c687c9d75d60b72312,1,no_attention_no_multiscale,42,1,0.36983702
4d8dbdef0dbc0e730a06c85a85e95e1fddb41fd583e3b6419745374b200e7406,4d8dbdef0dbc0e730a06c85a85e95e1fddb41fd583e3b6419745374b200e7406,1,no_attention_no_multiscale,42,1,0.9725815
c6038b3142be4c883f7aee8c7b99566d35b57612dc1fe9c7e7e20295a90c1c04,c6038b3142be4c883f7aee8c7b99566d35b57612dc1fe9c7e7e20295a90c1c04,1,no_attention_no_multiscale,42,1,0.8729712
0d0bde27497b77e34d1be0d7f48501d37676e4645879150da9926071fbf8d195,0d0bde27497b77e34d1be0d7f48501d37676e4645879150da9926071fbf8d195,1,no_attention_no_multiscale,42,1,0.976324
ef4f79a4f41ee093e86efc8363be6a29f59de2e9eed4eb05a58b0727bb94f55a,ef4f79a4f41ee093e86efc8363be6a29f59de2e9eed4eb05a58b0727bb94f55a,1,no_attention_no_multiscale,42,1,0.46086618
e68aa817460ae3a1d648bf9d62d1725f616de5f901238fc2ae7e685b5bbe6a36,e68aa817460ae3a1d648bf9d62d1725f616de5f901238fc2ae7e685b5bbe6a36,1,no_attention_no_multiscale,42,1,0.77737284
c69d93e782d3db7bb23a8b8bee55c7f96129f0123ea9b0848c4470be404bc933,c69d93e782d3db7bb23a8b8bee55c7f96129f0123ea9b0848c4470be404bc933,1,no_attention_no_multiscale,42,1,0.82766026
dcd0739408b5a9221b27f36b6167c546a23ec289c6efde3f211915a16099a189,735cbef9552a14d7b4a3f84398a094d8eef2c0c9101b3f51c2f077b896ad4856,1,no_attention_no_multiscale,42,1,0.36692804
05394b1956b374ffad3400486aa171fd7261b32d705ee855a81907d6a623c6f5,05394b1956b374ffad3400486aa171fd7261b32d705ee855a81907d6a623c6f5,1,no_attention_no_multiscale,42,1,0.15222287
735cbef9552a14d7b4a3f84398a094d8eef2c0c9101b3f51c2f077b896ad4856,735cbef9552a14d7b4a3f84398a094d8eef2c0c9101b3f51c2f077b896ad4856,1,no_attention_no_multiscale,42,1,0.34694594
b9e261090ae1fa4c62061db4f5b31bde6197d95d693a43cff7492ce90be584d8,b9e261090ae1fa4c62061db4f5b31bde6197d95d693a43cff7492ce90be584d8,1,no_attention_no_multiscale,42,1,0.8311734
1eade1774cc1953e749e172027e573e028bab9a2a2ab71c687c9d75d60b72312,1eade1774cc1953e749e172027e573e028bab9a2a2ab71c687c9d75d60b72312,1,no_attention_no_multiscale,42,1,0.36909825
670808c5e5ca6952dec91dafc3dfdb9c9851e9e07feb3bcf7b0d5698900736f0,670808c5e5ca6952dec91dafc3dfdb9c9851e9e07feb3bcf7b0d5698900736f0,1,no_attention_no_multiscale,42,1,0.97925913
22a67d35823acd63be6dca107cbdb4bb73ebb4cc230e0f5c19d7fc1d6f761879,22a67d35823acd63be6dca107cbdb4bb73ebb4cc230e0f5c19d7fc1d6f761879,1,no_attention_no_multiscale,42,1,0.15623562
a556fb53ec82b61ce9b867242f0089c12a4e826a461322e87afe93c5a536b93e,a556fb53ec82b61ce9b867242f0089c12a4e826a461322e87afe93c5a536b93e,1,no_attention_no_multiscale,42,1,0.89786124
8d9ab3324ee861c253f8572fb3ced7e7b84feb21a633895def7e850ae74ff349,8d9ab3324ee861c253f8572fb3ced7e7b84feb21a633895def7e850ae74ff349,1,no_attention_no_multiscale,42,1,0.9623387
431754be1638a610ffe6109396a1be83fe84be89b319a9468c7702b7ac1cc451,431754be1638a610ffe6109396a1be83fe84be89b319a9468c7702b7ac1cc451,0,no_augmentation,42,1,0.8645593
61883bfab06bd929d96b99d4cd26106c446d2e909ced077d4420d887aabc3aef,61883bfab06bd929d96b99d4cd26106c446d2e909ced077d4420d887aabc3aef,0,no_augmentation,42,1,0.26518446
912f80d8f29184808e113f3e9770527dbaf7b490b4f4f27c69b015d174cb381a,912f80d8f29184808e113f3e9770527dbaf7b490b4f4f27c69b015d174cb381a,0,no_augmentation,42,1,0.9313317
971af0cc2d7eb4517c91e7ea90797e8ef92a6a3095581b4a235ef89a45ad9aa4,971af0cc2d7eb4517c91e7ea90797e8ef92a6a3095581b4a235ef89a45ad9aa4,0,no_augmentation,42,1,0.08614203
a991b7a12ed71214ee0120e45a25dc86e2af553186f857b5e72ad67280d8a67e,a991b7a12ed71214ee0120e45a25dc86e2af553186f857b5e72ad67280d8a67e,0,no_augmentation,42,1,0.8248663
0198278fba06be5fee3f79b739acc5269c3f1bd2c4ca7c999af3ec7845b1db18,0198278fba06be5fee3f79b739acc5269c3f1bd2c4ca7c999af3ec7845b1db18,0,no_augmentation,42,1,0.21449433
bdf2d8df20ce58b5dea1b6ce1ff839246c08bafd79dfd004f771582588818afc,0198278fba06be5fee3f79b739acc5269c3f1bd2c4ca7c999af3ec7845b1db18,0,no_augmentation,42,1,0.18356864
68919dfe7ceaa406c0bfc2169b9c4dde4bbdc16924bac60dff531798a2e5b80c,68919dfe7ceaa406c0bfc2169b9c4dde4bbdc16924bac60dff531798a2e5b80c,0,no_augmentation,42,1,0.5997641
6bad7d1585147284f24fc35d752cd3f50dce273de2c4693881704b962524f627,6bad7d1585147284f24fc35d752cd3f50dce273de2c4693881704b962524f627,0,no_augmentation,42,1,0.07048607
84496f2b562de7b5ffab87ee4e24c778c46e69df2c6a934aa6b4af6eed65575e,0198278fba06be5fee3f79b739acc5269c3f1bd2c4ca7c999af3ec7845b1db18,0,no_augmentation,42,1,0.19632547
79bff1fc200032db892a2bd9343a55322495903f39d07ab4d25df451ec37703e,79bff1fc200032db892a2bd9343a55322495903f39d07ab4d25df451ec37703e,0,no_augmentation,42,1,0.14554998
fe2f2e15fbef31937a7350eda86d06b7efe35058104c8f17688f0506f83bb4ca,fe2f2e15fbef31937a7350eda86d06b7efe35058104c8f17688f0506f83bb4ca,0,no_augmentation,42,1,0.12753156
7dc5473174aec3ca64789d8d27423520862e2e51a761cb1afd593b6971209437,03d5e5c31d9cb551d8e72ad20ee33ef851d7dc57431e19739286f84f8ee5aae7,0,no_augmentation,42,1,0.086168095
3652939af3cbf768ff328bff19516311327782dd22d50300000e22ae6165926a,3652939af3cbf768ff328bff19516311327782dd22d50300000e22ae6165926a,0,no_augmentation,42,1,0.70933133
03d5e5c31d9cb551d8e72ad20ee33ef851d7dc57431e19739286f84f8ee5aae7,03d5e5c31d9cb551d8e72ad20ee33ef851d7dc57431e19739286f84f8ee5aae7,0,no_augmentation,42,1,0.089100644
dcc6ad68dcf64338d943273c43b66e9dc03f5aac2a7d5dd1e2dc57ab0cabf219,dcc6ad68dcf64338d943273c43b66e9dc03f5aac2a7d5dd1e2dc57ab0cabf219,1,no_augmentation,42,1,0.93129706
6d968dde7850cb6817e1e97667e3b30d17deb0084fdb32fa466b3d30ab5b169a,6d968dde7850cb6817e1e97667e3b30d17deb0084fdb32fa466b3d30ab5b169a,1,no_augmentation,42,1,0.26583582
324e1fd6887615bbf9df92946ff501fe5261ec0aa18bc0d1d7fbefeb3a4c2de0,324e1fd6887615bbf9df92946ff501fe5261ec0aa18bc0d1d7fbefeb3a4c2de0,1,no_augmentation,42,1,0.4916205
02d44c020cf4c1cd89ed4d99993d51a579549e2766ae4492c5d714bfd34f1038,02d44c020cf4c1cd89ed4d99993d51a579549e2766ae4492c5d714bfd34f1038,1,no_augmentation,42,1,0.4378822
2e4022fe7fc53cf77d62062f18e14f5ec77c5547aeefa8b7a119c531a7b7881f,2e4022fe7fc53cf77d62062f18e14f5ec77c5547aeefa8b7a119c531a7b7881f,1,no_augmentation,42,1,0.92144614
d8ca4bf52dd8bfd65a1c7c7287a0dd292bbe91ed0ccef71d5b327b80e4802939,d8ca4bf52dd8bfd65a1c7c7287a0dd292bbe91ed0ccef71d5b327b80e4802939,1,no_augmentation,42,1,0.85926974
148fc8d2e5f5425e1305b90f17abeecc0be0f939c72a38bdedc2239b5dd74575,148fc8d2e5f5425e1305b90f17abeecc0be0f939c72a38bdedc2239b5dd74575,1,no_augmentation,42,1,0.15779248
85219c6f49438e2d908c77982d59a335d805971a4410f96bf793efa844b2a340,85219c6f49438e2d908c77982d59a335d805971a4410f96bf793efa844b2a340,1,no_augmentation,42,1,0.7690969
beb26a21459fe7faa6b3ead6bffab7048069b39d9c8f44fcdd371f6a8fc7cc8c,beb26a21459fe7faa6b3ead6bffab7048069b39d9c8f44fcdd371f6a8fc7cc8c,1,no_augmentation,42,1,0.15449704
e4b5fb431fa83fe3325066eb759c81db20f475ced435bd84861ea127e8c70826,a556fb53ec82b61ce9b867242f0089c12a4e826a461322e87afe93c5a536b93e,1,no_augmentation,42,1,0.9016652
9ced31742602b954a0f27c4af431f52b61b194b39f32ab94d3442ac50cffcada,9ced31742602b954a0f27c4af431f52b61b194b39f32ab94d3442ac50cffcada,1,no_augmentation,42,1,0.81864214
959996f9fe085b2b9492407c9c980e67949d6604f8916380d498a29ce777c481,959996f9fe085b2b9492407c9c980e67949d6604f8916380d498a29ce777c481,1,no_augmentation,42,1,0.90296876
4f79af97ec4fbfc7351cf3701e43ab63ff4dfe692acf75c53a5ead6c689e3148,4f79af97ec4fbfc7351cf3701e43ab63ff4dfe692acf75c53a5ead6c689e3148,1,no_augmentation,42,1,0.71448946
1a60d983296b4d7d88bdf016ec3acdf6928f4db711a3ea5526b312c1dddbc2ba,1a60d983296b4d7d88bdf016ec3acdf6928f4db711a3ea5526b312c1dddbc2ba,1,no_augmentation,42,1,0.5210303
cb8f53c3357a4a0e42872730b58542f2383e40fde7aecef167621531ce6734c2,cb8f53c3357a4a0e42872730b58542f2383e40fde7aecef167621531ce6734c2,1,no_augmentation,42,1,0.33654696
47f67e38e8ed23e7e9aa76825d01d8736c7ef0739f02f22f8a63fab50996a2b7,47f67e38e8ed23e7e9aa76825d01d8736c7ef0739f02f22f8a63fab50996a2b7,1,no_augmentation,42,1,0.17211732
6b41ec7a12d3954aab0892e618d76036efb4a9977a9a0a639d39aac312bd1e66,6b41ec7a12d3954aab0892e618d76036efb4a9977a9a0a639d39aac312bd1e66,1,no_augmentation,42,1,0.87762266
5627ef7310a2d5775b2633f1fbf4eaa77ed8bc83a83e663fed0e7810f833b7e9,5627ef7310a2d5775b2633f1fbf4eaa77ed8bc83a83e663fed0e7810f833b7e9,1,no_augmentation,42,1,0.31988135
e43b07477fc18ff7c82de9ad21f3ac0197faf33625ed1259e39e98652f1f6d3c,1eade1774cc1953e749e172027e573e028bab9a2a2ab71c687c9d75d60b72312,1,no_augmentation,42,1,0.5348311
4d8dbdef0dbc0e730a06c85a85e95e1fddb41fd583e3b6419745374b200e7406,4d8dbdef0dbc0e730a06c85a85e95e1fddb41fd583e3b6419745374b200e7406,1,no_augmentation,42,1,0.8008054
c6038b3142be4c883f7aee8c7b99566d35b57612dc1fe9c7e7e20295a90c1c04,c6038b3142be4c883f7aee8c7b99566d35b57612dc1fe9c7e7e20295a90c1c04,1,no_augmentation,42,1,0.49281862
0d0bde27497b77e34d1be0d7f48501d37676e4645879150da9926071fbf8d195,0d0bde27497b77e34d1be0d7f48501d37676e4645879150da9926071fbf8d195,1,no_augmentation,42,1,0.96979046
ef4f79a4f41ee093e86efc8363be6a29f59de2e9eed4eb05a58b0727bb94f55a,ef4f79a4f41ee093e86efc8363be6a29f59de2e9eed4eb05a58b0727bb94f55a,1,no_augmentation,42,1,0.741372
e68aa817460ae3a1d648bf9d62d1725f616de5f901238fc2ae7e685b5bbe6a36,e68aa817460ae3a1d648bf9d62d1725f616de5f901238fc2ae7e685b5bbe6a36,1,no_augmentation,42,1,0.9232708
c69d93e782d3db7bb23a8b8bee55c7f96129f0123ea9b0848c4470be404bc933,c69d93e782d3db7bb23a8b8bee55c7f96129f0123ea9b0848c4470be404bc933,1,no_augmentation,42,1,0.74248487
dcd0739408b5a9221b27f36b6167c546a23ec289c6efde3f211915a16099a189,735cbef9552a14d7b4a3f84398a094d8eef2c0c9101b3f51c2f077b896ad4856,1,no_augmentation,42,1,0.31595865
05394b1956b374ffad3400486aa171fd7261b32d705ee855a81907d6a623c6f5,05394b1956b374ffad3400486aa171fd7261b32d705ee855a81907d6a623c6f5,1,no_augmentation,42,1,0.11747788
735cbef9552a14d7b4a3f84398a094d8eef2c0c9101b3f51c2f077b896ad4856,735cbef9552a14d7b4a3f84398a094d8eef2c0c9101b3f51c2f077b896ad4856,1,no_augmentation,42,1,0.2127135
b9e261090ae1fa4c62061db4f5b31bde6197d95d693a43cff7492ce90be584d8,b9e261090ae1fa4c62061db4f5b31bde6197d95d693a43cff7492ce90be584d8,1,no_augmentation,42,1,0.8557182
1eade1774cc1953e749e172027e573e028bab9a2a2ab71c687c9d75d60b72312,1eade1774cc1953e749e172027e573e028bab9a2a2ab71c687c9d75d60b72312,1,no_augmentation,42,1,0.53399134
670808c5e5ca6952dec91dafc3dfdb9c9851e9e07feb3bcf7b0d5698900736f0,670808c5e5ca6952dec91dafc3dfdb9c9851e9e07feb3bcf7b0d5698900736f0,1,no_augmentation,42,1,0.89509803
22a67d35823acd63be6dca107cbdb4bb73ebb4cc230e0f5c19d7fc1d6f761879,22a67d35823acd63be6dca107cbdb4bb73ebb4cc230e0f5c19d7fc1d6f761879,1,no_augmentation,42,1,0.08074442
a556fb53ec82b61ce9b867242f0089c12a4e826a461322e87afe93c5a536b93e,a556fb53ec82b61ce9b867242f0089c12a4e826a461322e87afe93c5a536b93e,1,no_augmentation,42,1,0.9003963
8d9ab3324ee861c253f8572fb3ced7e7b84feb21a633895def7e850ae74ff349,8d9ab3324ee861c253f8572fb3ced7e7b84feb21a633895def7e850ae74ff349,1,no_augmentation,42,1,0.91666335
431754be1638a610ffe6109396a1be83fe84be89b319a9468c7702b7ac1cc451,431754be1638a610ffe6109396a1be83fe84be89b319a9468c7702b7ac1cc451,0,plain_cnn,42,1,0.9504392
61883bfab06bd929d96b99d4cd26106c446d2e909ced077d4420d887aabc3aef,61883bfab06bd929d96b99d4cd26106c446d2e909ced077d4420d887aabc3aef,0,plain_cnn,42,1,0.38955742
912f80d8f29184808e113f3e9770527dbaf7b490b4f4f27c69b015d174cb381a,912f80d8f29184808e113f3e9770527dbaf7b490b4f4f27c69b015d174cb381a,0,plain_cnn,42,1,0.70862573
971af0cc2d7eb4517c91e7ea90797e8ef92a6a3095581b4a235ef89a45ad9aa4,971af0cc2d7eb4517c91e7ea90797e8ef92a6a3095581b4a235ef89a45ad9aa4,0,plain_cnn,42,1,0.0598625
a991b7a12ed71214ee0120e45a25dc86e2af553186f857b5e72ad67280d8a67e,a991b7a12ed71214ee0120e45a25dc86e2af553186f857b5e72ad67280d8a67e,0,plain_cnn,42,1,0.69707227
0198278fba06be5fee3f79b739acc5269c3f1bd2c4ca7c999af3ec7845b1db18,0198278fba06be5fee3f79b739acc5269c3f1bd2c4ca7c999af3ec7845b1db18,0,plain_cnn,42,1,0.25017148
bdf2d8df20ce58b5dea1b6ce1ff839246c08bafd79dfd004f771582588818afc,0198278fba06be5fee3f79b739acc5269c3f1bd2c4ca7c999af3ec7845b1db18,0,plain_cnn,42,1,0.22262543
68919dfe7ceaa406c0bfc2169b9c4dde4bbdc16924bac60dff531798a2e5b80c,68919dfe7ceaa406c0bfc2169b9c4dde4bbdc16924bac60dff531798a2e5b80c,0,plain_cnn,42,1,0.75513
6bad7d1585147284f24fc35d752cd3f50dce273de2c4693881704b962524f627,6bad7d1585147284f24fc35d752cd3f50dce273de2c4693881704b962524f627,0,plain_cnn,42,1,0.20174444
84496f2b562de7b5ffab87ee4e24c778c46e69df2c6a934aa6b4af6eed65575e,0198278fba06be5fee3f79b739acc5269c3f1bd2c4ca7c999af3ec7845b1db18,0,plain_cnn,42,1,0.34942493
79bff1fc200032db892a2bd9343a55322495903f39d07ab4d25df451ec37703e,79bff1fc200032db892a2bd9343a55322495903f39d07ab4d25df451ec37703e,0,plain_cnn,42,1,0.04286917
fe2f2e15fbef31937a7350eda86d06b7efe35058104c8f17688f0506f83bb4ca,fe2f2e15fbef31937a7350eda86d06b7efe35058104c8f17688f0506f83bb4ca,0,plain_cnn,42,1,0.057041746
7dc5473174aec3ca64789d8d27423520862e2e51a761cb1afd593b6971209437,03d5e5c31d9cb551d8e72ad20ee33ef851d7dc57431e19739286f84f8ee5aae7,0,plain_cnn,42,1,0.0790335
3652939af3cbf768ff328bff19516311327782dd22d50300000e22ae6165926a,3652939af3cbf768ff328bff19516311327782dd22d50300000e22ae6165926a,0,plain_cnn,42,1,0.5289675
03d5e5c31d9cb551d8e72ad20ee33ef851d7dc57431e19739286f84f8ee5aae7,03d5e5c31d9cb551d8e72ad20ee33ef851d7dc57431e19739286f84f8ee5aae7,0,plain_cnn,42,1,0.09453579
dcc6ad68dcf64338d943273c43b66e9dc03f5aac2a7d5dd1e2dc57ab0cabf219,dcc6ad68dcf64338d943273c43b66e9dc03f5aac2a7d5dd1e2dc57ab0cabf219,1,plain_cnn,42,1,0.9015158
6d968dde7850cb6817e1e97667e3b30d17deb0084fdb32fa466b3d30ab5b169a,6d968dde7850cb6817e1e97667e3b30d17deb0084fdb32fa466b3d30ab5b169a,1,plain_cnn,42,1,0.8206382
324e1fd6887615bbf9df92946ff501fe5261ec0aa18bc0d1d7fbefeb3a4c2de0,324e1fd6887615bbf9df92946ff501fe5261ec0aa18bc0d1d7fbefeb3a4c2de0,1,plain_cnn,42,1,0.72465
02d44c020cf4c1cd89ed4d99993d51a579549e2766ae4492c5d714bfd34f1038,02d44c020cf4c1cd89ed4d99993d51a579549e2766ae4492c5d714bfd34f1038,1,plain_cnn,42,1,0.7409837
2e4022fe7fc53cf77d62062f18e14f5ec77c5547aeefa8b7a119c531a7b7881f,2e4022fe7fc53cf77d62062f18e14f5ec77c5547aeefa8b7a119c531a7b7881f,1,plain_cnn,42,1,0.91318166
d8ca4bf52dd8bfd65a1c7c7287a0dd292bbe91ed0ccef71d5b327b80e4802939,d8ca4bf52dd8bfd65a1c7c7287a0dd292bbe91ed0ccef71d5b327b80e4802939,1,plain_cnn,42,1,0.8943526
148fc8d2e5f5425e1305b90f17abeecc0be0f939c72a38bdedc2239b5dd74575,148fc8d2e5f5425e1305b90f17abeecc0be0f939c72a38bdedc2239b5dd74575,1,plain_cnn,42,1,0.2223222
85219c6f49438e2d908c77982d59a335d805971a4410f96bf793efa844b2a340,85219c6f49438e2d908c77982d59a335d805971a4410f96bf793efa844b2a340,1,plain_cnn,42,1,0.91071445
beb26a21459fe7faa6b3ead6bffab7048069b39d9c8f44fcdd371f6a8fc7cc8c,beb26a21459fe7faa6b3ead6bffab7048069b39d9c8f44fcdd371f6a8fc7cc8c,1,plain_cnn,42,1,0.28076527
e4b5fb431fa83fe3325066eb759c81db20f475ced435bd84861ea127e8c70826,a556fb53ec82b61ce9b867242f0089c12a4e826a461322e87afe93c5a536b93e,1,plain_cnn,42,1,0.90706
9ced31742602b954a0f27c4af431f52b61b194b39f32ab94d3442ac50cffcada,9ced31742602b954a0f27c4af431f52b61b194b39f32ab94d3442ac50cffcada,1,plain_cnn,42,1,0.8873047
959996f9fe085b2b9492407c9c980e67949d6604f8916380d498a29ce777c481,959996f9fe085b2b9492407c9c980e67949d6604f8916380d498a29ce777c481,1,plain_cnn,42,1,0.8225406
4f79af97ec4fbfc7351cf3701e43ab63ff4dfe692acf75c53a5ead6c689e3148,4f79af97ec4fbfc7351cf3701e43ab63ff4dfe692acf75c53a5ead6c689e3148,1,plain_cnn,42,1,0.909927
1a60d983296b4d7d88bdf016ec3acdf6928f4db711a3ea5526b312c1dddbc2ba,1a60d983296b4d7d88bdf016ec3acdf6928f4db711a3ea5526b312c1dddbc2ba,1,plain_cnn,42,1,0.8374631
cb8f53c3357a4a0e42872730b58542f2383e40fde7aecef167621531ce6734c2,cb8f53c3357a4a0e42872730b58542f2383e40fde7aecef167621531ce6734c2,1,plain_cnn,42,1,0.3748053
47f67e38e8ed23e7e9aa76825d01d8736c7ef0739f02f22f8a63fab50996a2b7,47f67e38e8ed23e7e9aa76825d01d8736c7ef0739f02f22f8a63fab50996a2b7,1,plain_cnn,42,1,0.3416494
6b41ec7a12d3954aab0892e618d76036efb4a9977a9a0a639d39aac312bd1e66,6b41ec7a12d3954aab0892e618d76036efb4a9977a9a0a639d39aac312bd1e66,1,plain_cnn,42,1,0.8786087
5627ef7310a2d5775b2633f1fbf4eaa77ed8bc83a83e663fed0e7810f833b7e9,5627ef7310a2d5775b2633f1fbf4eaa77ed8bc83a83e663fed0e7810f833b7e9,1,plain_cnn,42,1,0.87586415
e43b07477fc18ff7c82de9ad21f3ac0197faf33625ed1259e39e98652f1f6d3c,1eade1774cc1953e749e172027e573e028bab9a2a2ab71c687c9d75d60b72312,1,plain_cnn,42,1,0.42709833
4d8dbdef0dbc0e730a06c85a85e95e1fddb41fd583e3b6419745374b200e7406,4d8dbdef0dbc0e730a06c85a85e95e1fddb41fd583e3b6419745374b200e7406,1,plain_cnn,42,1,0.9551571
c6038b3142be4c883f7aee8c7b99566d35b57612dc1fe9c7e7e20295a90c1c04,c6038b3142be4c883f7aee8c7b99566d35b57612dc1fe9c7e7e20295a90c1c04,1,plain_cnn,42,1,0.79118085
0d0bde27497b77e34d1be0d7f48501d37676e4645879150da9926071fbf8d195,0d0bde27497b77e34d1be0d7f48501d37676e4645879150da9926071fbf8d195,1,plain_cnn,42,1,0.9019411
ef4f79a4f41ee093e86efc8363be6a29f59de2e9eed4eb05a58b0727bb94f55a,ef4f79a4f41ee093e86efc8363be6a29f59de2e9eed4eb05a58b0727bb94f55a,1,plain_cnn,42,1,0.43571487
e68aa817460ae3a1d648bf9d62d1725f616de5f901238fc2ae7e685b5bbe6a36,e68aa817460ae3a1d648bf9d62d1725f616de5f901238fc2ae7e685b5bbe6a36,1,plain_cnn,42,1,0.86114466
c69d93e782d3db7bb23a8b8bee55c7f96129f0123ea9b0848c4470be404bc933,c69d93e782d3db7bb23a8b8bee55c7f96129f0123ea9b0848c4470be404bc933,1,plain_cnn,42,1,0.73764074
dcd0739408b5a9221b27f36b6167c546a23ec289c6efde3f211915a16099a189,735cbef9552a14d7b4a3f84398a094d8eef2c0c9101b3f51c2f077b896ad4856,1,plain_cnn,42,1,0.7176366
05394b1956b374ffad3400486aa171fd7261b32d705ee855a81907d6a623c6f5,05394b1956b374ffad3400486aa171fd7261b32d705ee855a81907d6a623c6f5,1,plain_cnn,42,1,0.099764876
735cbef9552a14d7b4a3f84398a094d8eef2c0c9101b3f51c2f077b896ad4856,735cbef9552a14d7b4a3f84398a094d8eef2c0c9101b3f51c2f077b896ad4856,1,plain_cnn,42,1,0.72267103
b9e261090ae1fa4c62061db4f5b31bde6197d95d693a43cff7492ce90be584d8,b9e261090ae1fa4c62061db4f5b31bde6197d95d693a43cff7492ce90be584d8,1,plain_cnn,42,1,0.83456296
1eade1774cc1953e749e172027e573e028bab9a2a2ab71c687c9d75d60b72312,1eade1774cc1953e749e172027e573e028bab9a2a2ab71c687c9d75d60b72312,1,plain_cnn,42,1,0.426621
670808c5e5ca6952dec91dafc3dfdb9c9851e9e07feb3bcf7b0d5698900736f0,670808c5e5ca6952dec91dafc3dfdb9c9851e9e07feb3bcf7b0d5698900736f0,1,plain_cnn,42,1,0.9518775
22a67d35823acd63be6dca107cbdb4bb73ebb4cc230e0f5c19d7fc1d6f761879,22a67d35823acd63be6dca107cbdb4bb73ebb4cc230e0f5c19d7fc1d6f761879,1,plain_cnn,42,1,0.34435028
a556fb53ec82b61ce9b867242f0089c12a4e826a461322e87afe93c5a536b93e,a556fb53ec82b61ce9b867242f0089c12a4e826a461322e87afe93c5a536b93e,1,plain_cnn,42,1,0.90892285
8d9ab3324ee861c253f8572fb3ced7e7b84feb21a633895def7e850ae74ff349,8d9ab3324ee861c253f8572fb3ced7e7b84feb21a633895def7e850ae74ff349,1,plain_cnn,42,1,0.91401094
431754be1638a610ffe6109396a1be83fe84be89b319a9468c7702b7ac1cc451,431754be1638a610ffe6109396a1be83fe84be89b319a9468c7702b7ac1cc451,0,narrow_resnet_gn,42,1,0.857557
61883bfab06bd929d96b99d4cd26106c446d2e909ced077d4420d887aabc3aef,61883bfab06bd929d96b99d4cd26106c446d2e909ced077d4420d887aabc3aef,0,narrow_resnet_gn,42,1,0.0724488
912f80d8f29184808e113f3e9770527dbaf7b490b4f4f27c69b015d174cb381a,912f80d8f29184808e113f3e9770527dbaf7b490b4f4f27c69b015d174cb381a,0,narrow_resnet_gn,42,1,0.371409
971af0cc2d7eb4517c91e7ea90797e8ef92a6a3095581b4a235ef89a45ad9aa4,971af0cc2d7eb4517c91e7ea90797e8ef92a6a3095581b4a235ef89a45ad9aa4,0,narrow_resnet_gn,42,1,0.003576295
a991b7a12ed71214ee0120e45a25dc86e2af553186f857b5e72ad67280d8a67e,a991b7a12ed71214ee0120e45a25dc86e2af553186f857b5e72ad67280d8a67e,0,narrow_resnet_gn,42,1,0.31393534
0198278fba06be5fee3f79b739acc5269c3f1bd2c4ca7c999af3ec7845b1db18,0198278fba06be5fee3f79b739acc5269c3f1bd2c4ca7c999af3ec7845b1db18,0,narrow_resnet_gn,42,1,0.003730035
bdf2d8df20ce58b5dea1b6ce1ff839246c08bafd79dfd004f771582588818afc,0198278fba06be5fee3f79b739acc5269c3f1bd2c4ca7c999af3ec7845b1db18,0,narrow_resnet_gn,42,1,0.0031374518
68919dfe7ceaa406c0bfc2169b9c4dde4bbdc16924bac60dff531798a2e5b80c,68919dfe7ceaa406c0bfc2169b9c4dde4bbdc16924bac60dff531798a2e5b80c,0,narrow_resnet_gn,42,1,0.6138134
6bad7d1585147284f24fc35d752cd3f50dce273de2c4693881704b962524f627,6bad7d1585147284f24fc35d752cd3f50dce273de2c4693881704b962524f627,0,narrow_resnet_gn,42,1,0.013380904
84496f2b562de7b5ffab87ee4e24c778c46e69df2c6a934aa6b4af6eed65575e,0198278fba06be5fee3f79b739acc5269c3f1bd2c4ca7c999af3ec7845b1db18,0,narrow_resnet_gn,42,1,0.0033965528
79bff1fc200032db892a2bd9343a55322495903f39d07ab4d25df451ec37703e,79bff1fc200032db892a2bd9343a55322495903f39d07ab4d25df451ec37703e,0,narrow_resnet_gn,42,1,0.0031469634
fe2f2e15fbef31937a7350eda86d06b7efe35058104c8f17688f0506f83bb4ca,fe2f2e15fbef31937a7350eda86d06b7efe35058104c8f17688f0506f83bb4ca,0,narrow_resnet_gn,42,1,0.25134557
7dc5473174aec3ca64789d8d27423520862e2e51a761cb1afd593b6971209437,03d5e5c31d9cb551d8e72ad20ee33ef851d7dc57431e19739286f84f8ee5aae7,0,narrow_resnet_gn,42,1,0.022922402
3652939af3cbf768ff328bff19516311327782dd22d50300000e22ae6165926a,3652939af3cbf768ff328bff19516311327782dd22d50300000e22ae6165926a,0,narrow_resnet_gn,42,1,0.8436392
03d5e5c31d9cb551d8e72ad20ee33ef851d7dc57431e19739286f84f8ee5aae7,03d5e5c31d9cb551d8e72ad20ee33ef851d7dc57431e19739286f84f8ee5aae7,0,narrow_resnet_gn,42,1,0.028824484
dcc6ad68dcf64338d943273c43b66e9dc03f5aac2a7d5dd1e2dc57ab0cabf219,dcc6ad68dcf64338d943273c43b66e9dc03f5aac2a7d5dd1e2dc57ab0cabf219,1,narrow_resnet_gn,42,1,0.8188458
6d968dde7850cb6817e1e97667e3b30d17deb0084fdb32fa466b3d30ab5b169a,6d968dde7850cb6817e1e97667e3b30d17deb0084fdb32fa466b3d30ab5b169a,1,narrow_resnet_gn,42,1,0.89179146
324e1fd6887615bbf9df92946ff501fe5261ec0aa18bc0d1d7fbefeb3a4c2de0,324e1fd6887615bbf9df92946ff501fe5261ec0aa18bc0d1d7fbefeb3a4c2de0,1,narrow_resnet_gn,42,1,0.8274044
02d44c020cf4c1cd89ed4d99993d51a579549e2766ae4492c5d714bfd34f1038,02d44c020cf4c1cd89ed4d99993d51a579549e2766ae4492c5d714bfd34f1038,1,narrow_resnet_gn,42,1,0.43091974
2e4022fe7fc53cf77d62062f18e14f5ec77c5547aeefa8b7a119c531a7b7881f,2e4022fe7fc53cf77d62062f18e14f5ec77c5547aeefa8b7a119c531a7b7881f,1,narrow_resnet_gn,42,1,0.9755019
d8ca4bf52dd8bfd65a1c7c7287a0dd292bbe91ed0ccef71d5b327b80e4802939,d8ca4bf52dd8bfd65a1c7c7287a0dd292bbe91ed0ccef71d5b327b80e4802939,1,narrow_resnet_gn,42,1,0.090749905
148fc8d2e5f5425e1305b90f17abeecc0be0f939c72a38bdedc2239b5dd74575,148fc8d2e5f5425e1305b90f17abeecc0be0f939c72a38bdedc2239b5dd74575,1,narrow_resnet_gn,42,1,0.65215904
85219c6f49438e2d908c77982d59a335d805971a4410f96bf793efa844b2a340,85219c6f49438e2d908c77982d59a335d805971a4410f96bf793efa844b2a340,1,narrow_resnet_gn,42,1,0.6381235
beb26a21459fe7faa6b3ead6bffab7048069b39d9c8f44fcdd371f6a8fc7cc8c,beb26a21459fe7faa6b3ead6bffab7048069b39d9c8f44fcdd371f6a8fc7cc8c,1,narrow_resnet_gn,42,1,0.9163411
e4b5fb431fa83fe3325066eb759c81db20f475ced435bd84861ea127e8c70826,a556fb53ec82b61ce9b867242f0089c12a4e826a461322e87afe93c5a536b93e,1,narrow_resnet_gn,42,1,0.88965607
9ced31742602b954a0f27c4af431f52b61b194b39f32ab94d3442ac50cffcada,9ced31742602b954a0f27c4af431f52b61b194b39f32ab94d3442ac50cffcada,1,narrow_resnet_gn,42,1,0.9215572
959996f9fe085b2b9492407c9c980e67949d6604f8916380d498a29ce777c481,959996f9fe085b2b9492407c9c980e67949d6604f8916380d498a29ce777c481,1,narrow_resnet_gn,42,1,0.7274994
4f79af97ec4fbfc7351cf3701e43ab63ff4dfe692acf75c53a5ead6c689e3148,4f79af97ec4fbfc7351cf3701e43ab63ff4dfe692acf75c53a5ead6c689e3148,1,narrow_resnet_gn,42,1,0.80621094
1a60d983296b4d7d88bdf016ec3acdf6928f4db711a3ea5526b312c1dddbc2ba,1a60d983296b4d7d88bdf016ec3acdf6928f4db711a3ea5526b312c1dddbc2ba,1,narrow_resnet_gn,42,1,0.6978561
cb8f53c3357a4a0e42872730b58542f2383e40fde7aecef167621531ce6734c2,cb8f53c3357a4a0e42872730b58542f2383e40fde7aecef167621531ce6734c2,1,narrow_resnet_gn,42,1,0.090050764
47f67e38e8ed23e7e9aa76825d01d8736c7ef0739f02f22f8a63fab50996a2b7,47f67e38e8ed23e7e9aa76825d01d8736c7ef0739f02f22f8a63fab50996a2b7,1,narrow_resnet_gn,42,1,0.04965255
6b41ec7a12d3954aab0892e618d76036efb4a9977a9a0a639d39aac312bd1e66,6b41ec7a12d3954aab0892e618d76036efb4a9977a9a0a639d39aac312bd1e66,1,narrow_resnet_gn,42,1,0.92795527
5627ef7310a2d5775b2633f1fbf4eaa77ed8bc83a83e663fed0e7810f833b7e9,5627ef7310a2d5775b2633f1fbf4eaa77ed8bc83a83e663fed0e7810f833b7e9,1,narrow_resnet_gn,42,1,0.4361878
e43b07477fc18ff7c82de9ad21f3ac0197faf33625ed1259e39e98652f1f6d3c,1eade1774cc1953e749e172027e573e028bab9a2a2ab71c687c9d75d60b72312,1,narrow_resnet_gn,42,1,0.17017114
4d8dbdef0dbc0e730a06c85a85e95e1fddb41fd583e3b6419745374b200e7406,4d8dbdef0dbc0e730a06c85a85e95e1fddb41fd583e3b6419745374b200e7406,1,narrow_resnet_gn,42,1,0.97245544
c6038b3142be4c883f7aee8c7b99566d35b57612dc1fe9c7e7e20295a90c1c04,c6038b3142be4c883f7aee8c7b99566d35b57612dc1fe9c7e7e20295a90c1c04,1,narrow_resnet_gn,42,1,0.9179498
0d0bde27497b77e34d1be0d7f48501d37676e4645879150da9926071fbf8d195,0d0bde27497b77e34d1be0d7f48501d37676e4645879150da9926071fbf8d195,1,narrow_resnet_gn,42,1,0.96876454
ef4f79a4f41ee093e86efc8363be6a29f59de2e9eed4eb05a58b0727bb94f55a,ef4f79a4f41ee093e86efc8363be6a29f59de2e9eed4eb05a58b0727bb94f55a,1,narrow_resnet_gn,42,1,0.047592368
e68aa817460ae3a1d648bf9d62d1725f616de5f901238fc2ae7e685b5bbe6a36,e68aa817460ae3a1d648bf9d62d1725f616de5f901238fc2ae7e685b5bbe6a36,1,narrow_resnet_gn,42,1,0.70675725
c69d93e782d3db7bb23a8b8bee55c7f96129f0123ea9b0848c4470be404bc933,c69d93e782d3db7bb23a8b8bee55c7f96129f0123ea9b0848c4470be404bc933,1,narrow_resnet_gn,42,1,0.8614102
dcd0739408b5a9221b27f36b6167c546a23ec289c6efde3f211915a16099a189,735cbef9552a14d7b4a3f84398a094d8eef2c0c9101b3f51c2f077b896ad4856,1,narrow_resnet_gn,42,1,0.055269096
05394b1956b374ffad3400486aa171fd7261b32d705ee855a81907d6a623c6f5,05394b1956b374ffad3400486aa171fd7261b32d705ee855a81907d6a623c6f5,1,narrow_resnet_gn,42,1,0.02478635
735cbef9552a14d7b4a3f84398a094d8eef2c0c9101b3f51c2f077b896ad4856,735cbef9552a14d7b4a3f84398a094d8eef2c0c9101b3f51c2f077b896ad4856,1,narrow_resnet_gn,42,1,0.03848327
b9e261090ae1fa4c62061db4f5b31bde6197d95d693a43cff7492ce90be584d8,b9e261090ae1fa4c62061db4f5b31bde6197d95d693a43cff7492ce90be584d8,1,narrow_resnet_gn,42,1,0.94737077
1eade1774cc1953e749e172027e573e028bab9a2a2ab71c687c9d75d60b72312,1eade1774cc1953e749e172027e573e028bab9a2a2ab71c687c9d75d60b72312,1,narrow_resnet_gn,42,1,0.16865537
670808c5e5ca6952dec91dafc3dfdb9c9851e9e07feb3bcf7b0d5698900736f0,670808c5e5ca6952dec91dafc3dfdb9c9851e9e07feb3bcf7b0d5698900736f0,1,narrow_resnet_gn,42,1,0.93539935
22a67d35823acd63be6dca107cbdb4bb73ebb4cc230e0f5c19d7fc1d6f761879,22a67d35823acd63be6dca107cbdb4bb73ebb4cc230e0f5c19d7fc1d6f761879,1,narrow_resnet_gn,42,1,0.023879744
a556fb53ec82b61ce9b867242f0089c12a4e826a461322e87afe93c5a536b93e,a556fb53ec82b61ce9b867242f0089c12a4e826a461322e87afe93c5a536b93e,1,narrow_resnet_gn,42,1,0.8928306
8d9ab3324ee861c253f8572fb3ced7e7b84feb21a633895def7e850ae74ff349,8d9ab3324ee861c253f8572fb3ced7e7b84feb21a633895def7e850ae74ff349,1,narrow_resnet_gn,42,1,0.95072967
ca42889078e14150119059a5534dd2f3dc957ba0b6233732dab0613222c48b01,ca42889078e14150119059a5534dd2f3dc957ba0b6233732dab0613222c48b01,0,full,42,2,0.08213864
4da5f26b15d55f6827b7ad2ae5e93bc89be1ce8765d1b22bef6de53f356bd801,4da5f26b15d55f6827b7ad2ae5e93bc89be1ce8765d1b22bef6de53f356bd801,0,full,42,2,0.5332708
cef45ce59931075ef0d142d02078a7d3fba00c990fd4cf0f33ca9dc99be2362e,cef45ce59931075ef0d142d02078a7d3fba00c990fd4cf0f33ca9dc99be2362e,0,full,42,2,0.566411
a01e590d6ec79f518194accaab1cb2a65bcda7fd021499547ee06b2b6a85b684,a01e590d6ec79f518194accaab1cb2a65bcda7fd021499547ee06b2b6a85b684,0,full,42,2,0.11133379
9220ddf9fcbdfe50047a49eb5b1a305f4b8be1fd34bebff120ed4f22fabb20b7,9220ddf9fcbdfe50047a49eb5b1a305f4b8be1fd34bebff120ed4f22fabb20b7,0,full,42,2,0.17049798
1eb7cf5942ecb82b5ff0b4f2d8120376e85d5638ca2d3669a7fd6395c1fe2555,1eb7cf5942ecb82b5ff0b4f2d8120376e85d5638ca2d3669a7fd6395c1fe2555,0,full,42,2,0.13314956
f66535630af6cfdeb2272dbb4547c6e058e4b59ae445ebe1535c82e19687253c,f66535630af6cfdeb2272dbb4547c6e058e4b59ae445ebe1535c82e19687253c,0,full,42,2,0.7559287
ada848fe55c3b27559012775de676961b40d7a32368c9c8a5919e5d6e385a557,ada848fe55c3b27559012775de676961b40d7a32368c9c8a5919e5d6e385a557,0,full,42,2,0.651704
a698668dc2c44bfbf5aaa6b1cf009d43cba82471119a2624f573d6a2a0ae394a,a698668dc2c44bfbf5aaa6b1cf009d43cba82471119a2624f573d6a2a0ae394a,0,full,42,2,0.775102
504cf37dce31c02e1c6b1e99733a67d3f08d3c9483d98f79165d2cee46add347,504cf37dce31c02e1c6b1e99733a67d3f08d3c9483d98f79165d2cee46add347,0,full,42,2,0.17308661
1902269e7e57107f2635fce6eb02fb789968bc5c23093a302b4b7ad9db218eb4,1902269e7e57107f2635fce6eb02fb789968bc5c23093a302b4b7ad9db218eb4,0,full,42,2,0.08038016
c56cfebd3456ee28a9a5ab7136fff442f274e436ec1fc606c81e3d1fefaea24e,1902269e7e57107f2635fce6eb02fb789968bc5c23093a302b4b7ad9db218eb4,0,full,42,2,0.075537935
23ebabab03840d54e05602665447bd00f9e794ee4a5b913f3f0422e702927258,23ebabab03840d54e05602665447bd00f9e794ee4a5b913f3f0422e702927258,0,full,42,2,0.29308152
6457a0d2fb6d07c823c7897683790dadcd05fe0f3d6b5794eaec0db3614d25fa,6457a0d2fb6d07c823c7897683790dadcd05fe0f3d6b5794eaec0db3614d25fa,1,full,42,2,0.63184106
14bf5c21f2e2bd3d8df1cd9392c49d770ff1b9de30702ea7ae7aa51095989b2b,14bf5c21f2e2bd3d8df1cd9392c49d770ff1b9de30702ea7ae7aa51095989b2b,1,full,42,2,0.827989
5a9dbf470b9fee34a2f5eaa783b6e548ace139ae5202b6c900100a5e049baba1,5a9dbf470b9fee34a2f5eaa783b6e548ace139ae5202b6c900100a5e049baba1,1,full,42,2,0.86202884
b2947db09a9f0865c5bba5132065f048a9c10bcff08788387e778aa8d869cba6,b2947db09a9f0865c5bba5132065f048a9c10bcff08788387e778aa8d869cba6,1,full,42,2,0.88978386
672fe2915aed29f9bab68d43b1e27356953639bb442aec4aa5abf3c61dd3ada2,672fe2915aed29f9bab68d43b1e27356953639bb442aec4aa5abf3c61dd3ada2,1,full,42,2,0.84270287
8e8573f713142daa6f4405298dcea24cab9de55ec3b55f843fed097498c8268e,8e8573f713142daa6f4405298dcea24cab9de55ec3b55f843fed097498c8268e,1,full,42,2,0.8012991
6e1ac6b240112e9e349b67bfeb2bba25e352480890399149effcde0d3f6b8f5f,6e1ac6b240112e9e349b67bfeb2bba25e352480890399149effcde0d3f6b8f5f,1,full,42,2,0.81232774
6c71c752f33946a433918eaf8039299a42b2039a5a095c0e388f56e9766ac020,6c71c752f33946a433918eaf8039299a42b2039a5a095c0e388f56e9766ac020,1,full,42,2,0.87587136
bee7fbae3117d9c6ec199febf2621f2d3e0de2906814a8374dc6f45d0bdccde5,bee7fbae3117d9c6ec199febf2621f2d3e0de2906814a8374dc6f45d0bdccde5,1,full,42,2,0.77347714
d654ecae46e168daedc31ec1248a263131bfce6758d1622f0ab6f39e2a22def3,292e7ecd789514df747778a15feeb10229484e54145cdf53d4171ac7095767ed,1,full,42,2,0.42275944
c4c16cf7f307a18cbe12ac00017cd52b033018e22ca43c563efd8b38ebd6dfb6,c4c16cf7f307a18cbe12ac00017cd52b033018e22ca43c563efd8b38ebd6dfb6,1,full,42,2,0.64011586
b3746a8061ca6e8a9419d1e04a5e966bb01d15138d57b73c8695a823ca51540d,b3746a8061ca6e8a9419d1e04a5e966bb01d15138d57b73c8695a823ca51540d,1,full,42,2,0.50992453
9ee48c5828a8709f5ef88d68b1ebb72d39b89abdb49488d63a45eede5fbb7b04,9ee48c5828a8709f5ef88d68b1ebb72d39b89abdb49488d63a45eede5fbb7b04,1,full,42,2,0.6573462
855d979d8c612624fc2b4f9c12f4c72916c11f1ec2c01978ae958b147375038d,855d979d8c612624fc2b4f9c12f4c72916c11f1ec2c01978ae958b147375038d,1,full,42,2,0.25222462
b5652c67f6bda3449f096aefdb53a17151b4534699691a442597498151362ad4,03f0c02287ea5e6c362d4f0faf92bd5051adf16aad4e8d652255b311c0dfae80,1,full,42,2,0.7358472
74b93408ff406b590048dede0d5accd77ab671e9e5f2b589ed6c85335f0018b3,74b93408ff406b590048dede0d5accd77ab671e9e5f2b589ed6c85335f0018b3,1,full,42,2,0.50351745
107e840154e2bb1240e59ef9babc768dd600251ff4904f40304920972ff5b706,107e840154e2bb1240e59ef9babc768dd600251ff4904f40304920972ff5b706,1,full,42,2,0.8265945
74773d0c8f97c8872d42e776ebfd53b29635c3b80b6f888a440aab2c81fd46fe,74773d0c8f97c8872d42e776ebfd53b29635c3b80b6f888a440aab2c81fd46fe,1,full,42,2,0.53070575
7e9ebe5e3006d2fbe31f191b04bc1b099ceb8d289e7a45f10077df19187a9021,7e9ebe5e3006d2fbe31f191b04bc1b099ceb8d289e7a45f10077df19187a9021,1,full,42,2,0.59941435
37620b4b8c65c53aef47fa09e10df9ce20dcc41ebded86ec8c2e37b0a99946e4,37620b4b8c65c53aef47fa09e10df9ce20dcc41ebded86ec8c2e37b0a99946e4,1,full,42,2,0.8748363
69539671b91647ea6da6be1be361bc4b6872f34f9bbd3c85f1cfa5443a838320,69539671b91647ea6da6be1be361bc4b6872f34f9bbd3c85f1cfa5443a838320,1,full,42,2,0.91256446
ea7dc5bb1a8bbefda642a5a5ad32d5c79f6decb6f8d7a0441f0b3912d8df65d7,ea7dc5bb1a8bbefda642a5a5ad32d5c79f6decb6f8d7a0441f0b3912d8df65d7,1,full,42,2,0.895931
47edec7cf5074482816e0f126933dd75201afaceea91269766fd19a0e1dcbd23,47edec7cf5074482816e0f126933dd75201afaceea91269766fd19a0e1dcbd23,1,full,42,2,0.7390332
11e4f6ea90b720a70880fa29a68ec3eca0117758aa0d89ffa458f85687126645,11e4f6ea90b720a70880fa29a68ec3eca0117758aa0d89ffa458f85687126645,1,full,42,2,0.6269104
d200999060e799c7e792ab9864725f8f8c38182762b83bc27ae3e2d38e187d01,d200999060e799c7e792ab9864725f8f8c38182762b83bc27ae3e2d38e187d01,1,full,42,2,0.8635834
446d46ed863618f0ff04e8b2adb4f8af368a4501e14c1d265c3fe9262a73c49b,446d46ed863618f0ff04e8b2adb4f8af368a4501e14c1d265c3fe9262a73c49b,1,full,42,2,0.85494035
df65f1557e36230e790ffed732de9d1aa1263928c76b3d78cc69c1c0d53ad725,d200999060e799c7e792ab9864725f8f8c38182762b83bc27ae3e2d38e187d01,1,full,42,2,0.8642203
292e7ecd789514df747778a15feeb10229484e54145cdf53d4171ac7095767ed,292e7ecd789514df747778a15feeb10229484e54145cdf53d4171ac7095767ed,1,full,42,2,0.42769468
911c540a63b210ba72bd602a75c8196358e58f58a205d736184a7535abf18d9b,911c540a63b210ba72bd602a75c8196358e58f58a205d736184a7535abf18d9b,1,full,42,2,0.8694517
03f0c02287ea5e6c362d4f0faf92bd5051adf16aad4e8d652255b311c0dfae80,03f0c02287ea5e6c362d4f0faf92bd5051adf16aad4e8d652255b311c0dfae80,1,full,42,2,0.73446256
e17aa7fb2d8bf251e8fb3a885d2865ae2c62a4314f5b33c760fff27c800fc47b,e17aa7fb2d8bf251e8fb3a885d2865ae2c62a4314f5b33c760fff27c800fc47b,1,full,42,2,0.7958308
2f2c1f55950d6e6debb2792a17caeffa3647a9fd22078ce4c87040deebe06dde,2f2c1f55950d6e6debb2792a17caeffa3647a9fd22078ce4c87040deebe06dde,1,full,42,2,0.68505305
ca42889078e14150119059a5534dd2f3dc957ba0b6233732dab0613222c48b01,ca42889078e14150119059a5534dd2f3dc957ba0b6233732dab0613222c48b01,0,no_attention,42,2,0.01969712
4da5f26b15d55f6827b7ad2ae5e93bc89be1ce8765d1b22bef6de53f356bd801,4da5f26b15d55f6827b7ad2ae5e93bc89be1ce8765d1b22bef6de53f356bd801,0,no_attention,42,2,0.036646094
cef45ce59931075ef0d142d02078a7d3fba00c990fd4cf0f33ca9dc99be2362e,cef45ce59931075ef0d142d02078a7d3fba00c990fd4cf0f33ca9dc99be2362e,0,no_attention,42,2,0.7581322
a01e590d6ec79f518194accaab1cb2a65bcda7fd021499547ee06b2b6a85b684,a01e590d6ec79f518194accaab1cb2a65bcda7fd021499547ee06b2b6a85b684,0,no_attention,42,2,0.02658624
9220ddf9fcbdfe50047a49eb5b1a305f4b8be1fd34bebff120ed4f22fabb20b7,9220ddf9fcbdfe50047a49eb5b1a305f4b8be1fd34bebff120ed4f22fabb20b7,0,no_attention,42,2,0.032378424
1eb7cf5942ecb82b5ff0b4f2d8120376e85d5638ca2d3669a7fd6395c1fe2555,1eb7cf5942ecb82b5ff0b4f2d8120376e85d5638ca2d3669a7fd6395c1fe2555,0,no_attention,42,2,0.034776554
f66535630af6cfdeb2272dbb4547c6e058e4b59ae445ebe1535c82e19687253c,f66535630af6cfdeb2272dbb4547c6e058e4b59ae445ebe1535c82e19687253c,0,no_attention,42,2,0.8756292
ada848fe55c3b27559012775de676961b40d7a32368c9c8a5919e5d6e385a557,ada848fe55c3b27559012775de676961b40d7a32368c9c8a5919e5d6e385a557,0,no_attention,42,2,0.6317903
a698668dc2c44bfbf5aaa6b1cf009d43cba82471119a2624f573d6a2a0ae394a,a698668dc2c44bfbf5aaa6b1cf009d43cba82471119a2624f573d6a2a0ae394a,0,no_attention,42,2,0.55436105
504cf37dce31c02e1c6b1e99733a67d3f08d3c9483d98f79165d2cee46add347,504cf37dce31c02e1c6b1e99733a67d3f08d3c9483d98f79165d2cee46add347,0,no_attention,42,2,0.016505992
1902269e7e57107f2635fce6eb02fb789968bc5c23093a302b4b7ad9db218eb4,1902269e7e57107f2635fce6eb02fb789968bc5c23093a302b4b7ad9db218eb4,0,no_attention,42,2,0.0050940057
c56cfebd3456ee28a9a5ab7136fff442f274e436ec1fc606c81e3d1fefaea24e,1902269e7e57107f2635fce6eb02fb789968bc5c23093a302b4b7ad9db218eb4,0,no_attention,42,2,0.005391564
23ebabab03840d54e05602665447bd00f9e794ee4a5b913f3f0422e702927258,23ebabab03840d54e05602665447bd00f9e794ee4a5b913f3f0422e702927258,0,no_attention,42,2,0.08490305
6457a0d2fb6d07c823c7897683790dadcd05fe0f3d6b5794eaec0db3614d25fa,6457a0d2fb6d07c823c7897683790dadcd05fe0f3d6b5794eaec0db3614d25fa,1,no_attention,42,2,0.3484576
14bf5c21f2e2bd3d8df1cd9392c49d770ff1b9de30702ea7ae7aa51095989b2b,14bf5c21f2e2bd3d8df1cd9392c49d770ff1b9de30702ea7ae7aa51095989b2b,1,no_attention,42,2,0.7724076
5a9dbf470b9fee34a2f5eaa783b6e548ace139ae5202b6c900100a5e049baba1,5a9dbf470b9fee34a2f5eaa783b6e548ace139ae5202b6c900100a5e049baba1,1,no_attention,42,2,0.91654277
b2947db09a9f0865c5bba5132065f048a9c10bcff08788387e778aa8d869cba6,b2947db09a9f0865c5bba5132065f048a9c10bcff08788387e778aa8d869cba6,1,no_attention,42,2,0.93263406
672fe2915aed29f9bab68d43b1e27356953639bb442aec4aa5abf3c61dd3ada2,672fe2915aed29f9bab68d43b1e27356953639bb442aec4aa5abf3c61dd3ada2,1,no_attention,42,2,0.9451438
8e8573f713142daa6f4405298dcea24cab9de55ec3b55f843fed097498c8268e,8e8573f713142daa6f4405298dcea24cab9de55ec3b55f843fed097498c8268e,1,no_attention,42,2,0.936653
6e1ac6b240112e9e349b67bfeb2bba25e352480890399149effcde0d3f6b8f5f,6e1ac6b240112e9e349b67bfeb2bba25e352480890399149effcde0d3f6b8f5f,1,no_attention,42,2,0.8767677
6c71c752f33946a433918eaf8039299a42b2039a5a095c0e388f56e9766ac020,6c71c752f33946a433918eaf8039299a42b2039a5a095c0e388f56e9766ac020,1,no_attention,42,2,0.93813145
bee7fbae3117d9c6ec199febf2621f2d3e0de2906814a8374dc6f45d0bdccde5,bee7fbae3117d9c6ec199febf2621f2d3e0de2906814a8374dc6f45d0bdccde5,1,no_attention,42,2,0.94638693
d654ecae46e168daedc31ec1248a263131bfce6758d1622f0ab6f39e2a22def3,292e7ecd789514df747778a15feeb10229484e54145cdf53d4171ac7095767ed,1,no_attention,42,2,0.5664252
c4c16cf7f307a18cbe12ac00017cd52b033018e22ca43c563efd8b38ebd6dfb6,c4c16cf7f307a18cbe12ac00017cd52b033018e22ca43c563efd8b38ebd6dfb6,1,no_attention,42,2,0.7794777
b3746a8061ca6e8a9419d1e04a5e966bb01d15138d57b73c8695a823ca51540d,b3746a8061ca6e8a9419d1e04a5e966bb01d15138d57b73c8695a823ca51540d,1,no_attention,42,2,0.11326897
9ee48c5828a8709f5ef88d68b1ebb72d39b89abdb49488d63a45eede5fbb7b04,9ee48c5828a8709f5ef88d68b1ebb72d39b89abdb49488d63a45eede5fbb7b04,1,no_attention,42,2,0.8343944
855d979d8c612624fc2b4f9c12f4c72916c11f1ec2c01978ae958b147375038d,855d979d8c612624fc2b4f9c12f4c72916c11f1ec2c01978ae958b147375038d,1,no_attention,42,2,0.46773353
b5652c67f6bda3449f096aefdb53a17151b4534699691a442597498151362ad4,03f0c02287ea5e6c362d4f0faf92bd5051adf16aad4e8d652255b311c0dfae80,1,no_attention,42,2,0.77923346
74b93408ff406b590048dede0d5accd77ab671e9e5f2b589ed6c85335f0018b3,74b93408ff406b590048dede0d5accd77ab671e9e5f2b589ed6c85335f0018b3,1,no_attention,42,2,0.5080731
107e840154e2bb1240e59ef9babc768dd600251ff4904f40304920972ff5b706,107e840154e2bb1240e59ef9babc768dd600251ff4904f40304920972ff5b706,1,no_attention,42,2,0.94926924
74773d0c8f97c8872d42e776ebfd53b29635c3b80b6f888a440aab2c81fd46fe,74773d0c8f97c8872d42e776ebfd53b29635c3b80b6f888a440aab2c81fd46fe,1,no_attention,42,2,0.8093683
7e9ebe5e3006d2fbe31f191b04bc1b099ceb8d289e7a45f10077df19187a9021,7e9ebe5e3006d2fbe31f191b04bc1b099ceb8d289e7a45f10077df19187a9021,1,no_attention,42,2,0.9017634
37620b4b8c65c53aef47fa09e10df9ce20dcc41ebded86ec8c2e37b0a99946e4,37620b4b8c65c53aef47fa09e10df9ce20dcc41ebded86ec8c2e37b0a99946e4,1,no_attention,42,2,0.9556578
69539671b91647ea6da6be1be361bc4b6872f34f9bbd3c85f1cfa5443a838320,69539671b91647ea6da6be1be361bc4b6872f34f9bbd3c85f1cfa5443a838320,1,no_attention,42,2,0.91311526
ea7dc5bb1a8bbefda642a5a5ad32d5c79f6decb6f8d7a0441f0b3912d8df65d7,ea7dc5bb1a8bbefda642a5a5ad32d5c79f6decb6f8d7a0441f0b3912d8df65d7,1,no_attention,42,2,0.97346073
47edec7cf5074482816e0f126933dd75201afaceea91269766fd19a0e1dcbd23,47edec7cf5074482816e0f126933dd75201afaceea91269766fd19a0e1dcbd23,1,no_attention,42,2,0.87416774
11e4f6ea90b720a70880fa29a68ec3eca0117758aa0d89ffa458f85687126645,11e4f6ea90b720a70880fa29a68ec3eca0117758aa0d89ffa458f85687126645,1,no_attention,42,2,0.7621332
d200999060e799c7e792ab9864725f8f8c38182762b83bc27ae3e2d38e187d01,d200999060e799c7e792ab9864725f8f8c38182762b83bc27ae3e2d38e187d01,1,no_attention,42,2,0.90414727
446d46ed863618f0ff04e8b2adb4f8af368a4501e14c1d265c3fe9262a73c49b,446d46ed863618f0ff04e8b2adb4f8af368a4501e14c1d265c3fe9262a73c49b,1,no_attention,42,2,0.74365044
df65f1557e36230e790ffed732de9d1aa1263928c76b3d78cc69c1c0d53ad725,d200999060e799c7e792ab9864725f8f8c38182762b83bc27ae3e2d38e187d01,1,no_attention,42,2,0.9046955
292e7ecd789514df747778a15feeb10229484e54145cdf53d4171ac7095767ed,292e7ecd789514df747778a15feeb10229484e54145cdf53d4171ac7095767ed,1,no_attention,42,2,0.57794356
911c540a63b210ba72bd602a75c8196358e58f58a205d736184a7535abf18d9b,911c540a63b210ba72bd602a75c8196358e58f58a205d736184a7535abf18d9b,1,no_attention,42,2,0.95850897
03f0c02287ea5e6c362d4f0faf92bd5051adf16aad4e8d652255b311c0dfae80,03f0c02287ea5e6c362d4f0faf92bd5051adf16aad4e8d652255b311c0dfae80,1,no_attention,42,2,0.7768869
e17aa7fb2d8bf251e8fb3a885d2865ae2c62a4314f5b33c760fff27c800fc47b,e17aa7fb2d8bf251e8fb3a885d2865ae2c62a4314f5b33c760fff27c800fc47b,1,no_attention,42,2,0.91676915
2f2c1f55950d6e6debb2792a17caeffa3647a9fd22078ce4c87040deebe06dde,2f2c1f55950d6e6debb2792a17caeffa3647a9fd22078ce4c87040deebe06dde,1,no_attention,42,2,0.63362294
ca42889078e14150119059a5534dd2f3dc957ba0b6233732dab0613222c48b01,ca42889078e14150119059a5534dd2f3dc957ba0b6233732dab0613222c48b01,0,no_multiscale,42,2,0.09517147
4da5f26b15d55f6827b7ad2ae5e93bc89be1ce8765d1b22bef6de53f356bd801,4da5f26b15d55f6827b7ad2ae5e93bc89be1ce8765d1b22bef6de53f356bd801,0,no_multiscale,42,2,0.34674492
cef45ce59931075ef0d142d02078a7d3fba00c990fd4cf0f33ca9dc99be2362e,cef45ce59931075ef0d142d02078a7d3fba00c990fd4cf0f33ca9dc99be2362e,0,no_multiscale,42,2,0.5814894
a01e590d6ec79f518194accaab1cb2a65bcda7fd021499547ee06b2b6a85b684,a01e590d6ec79f518194accaab1cb2a65bcda7fd021499547ee06b2b6a85b684,0,no_multiscale,42,2,0.09709182
9220ddf9fcbdfe50047a49eb5b1a305f4b8be1fd34bebff120ed4f22fabb20b7,9220ddf9fcbdfe50047a49eb5b1a305f4b8be1fd34bebff120ed4f22fabb20b7,0,no_multiscale,42,2,0.22022985
1eb7cf5942ecb82b5ff0b4f2d8120376e85d5638ca2d3669a7fd6395c1fe2555,1eb7cf5942ecb82b5ff0b4f2d8120376e85d5638ca2d3669a7fd6395c1fe2555,0,no_multiscale,42,2,0.19479068
f66535630af6cfdeb2272dbb4547c6e058e4b59ae445ebe1535c82e19687253c,f66535630af6cfdeb2272dbb4547c6e058e4b59ae445ebe1535c82e19687253c,0,no_multiscale,42,2,0.55336636
ada848fe55c3b27559012775de676961b40d7a32368c9c8a5919e5d6e385a557,ada848fe55c3b27559012775de676961b40d7a32368c9c8a5919e5d6e385a557,0,no_multiscale,42,2,0.62784445
a698668dc2c44bfbf5aaa6b1cf009d43cba82471119a2624f573d6a2a0ae394a,a698668dc2c44bfbf5aaa6b1cf009d43cba82471119a2624f573d6a2a0ae394a,0,no_multiscale,42,2,0.8099048
504cf37dce31c02e1c6b1e99733a67d3f08d3c9483d98f79165d2cee46add347,504cf37dce31c02e1c6b1e99733a67d3f08d3c9483d98f79165d2cee46add347,0,no_multiscale,42,2,0.21157183
1902269e7e57107f2635fce6eb02fb789968bc5c23093a302b4b7ad9db218eb4,1902269e7e57107f2635fce6eb02fb789968bc5c23093a302b4b7ad9db218eb4,0,no_multiscale,42,2,0.07871143
c56cfebd3456ee28a9a5ab7136fff442f274e436ec1fc606c81e3d1fefaea24e,1902269e7e57107f2635fce6eb02fb789968bc5c23093a302b4b7ad9db218eb4,0,no_multiscale,42,2,0.07540681
23ebabab03840d54e05602665447bd00f9e794ee4a5b913f3f0422e702927258,23ebabab03840d54e05602665447bd00f9e794ee4a5b913f3f0422e702927258,0,no_multiscale,42,2,0.20331146
6457a0d2fb6d07c823c7897683790dadcd05fe0f3d6b5794eaec0db3614d25fa,6457a0d2fb6d07c823c7897683790dadcd05fe0f3d6b5794eaec0db3614d25fa,1,no_multiscale,42,2,0.4519819
14bf5c21f2e2bd3d8df1cd9392c49d770ff1b9de30702ea7ae7aa51095989b2b,14bf5c21f2e2bd3d8df1cd9392c49d770ff1b9de30702ea7ae7aa51095989b2b,1,no_multiscale,42,2,0.84674406
5a9dbf470b9fee34a2f5eaa783b6e548ace139ae5202b6c900100a5e049baba1,5a9dbf470b9fee34a2f5eaa783b6e548ace139ae5202b6c900100a5e049baba1,1,no_multiscale,42,2,0.8063359
b2947db09a9f0865c5bba5132065f048a9c10bcff08788387e778aa8d869cba6,b2947db09a9f0865c5bba5132065f048a9c10bcff08788387e778aa8d869cba6,1,no_multiscale,42,2,0.8714863
672fe2915aed29f9bab68d43b1e27356953639bb442aec4aa5abf3c61dd3ada2,672fe2915aed29f9bab68d43b1e27356953639bb442aec4aa5abf3c61dd3ada2,1,no_multiscale,42,2,0.8664992
8e8573f713142daa6f4405298dcea24cab9de55ec3b55f843fed097498c8268e,8e8573f713142daa6f4405298dcea24cab9de55ec3b55f843fed097498c8268e,1,no_multiscale,42,2,0.8060124
6e1ac6b240112e9e349b67bfeb2bba25e352480890399149effcde0d3f6b8f5f,6e1ac6b240112e9e349b67bfeb2bba25e352480890399149effcde0d3f6b8f5f,1,no_multiscale,42,2,0.77982503
6c71c752f33946a433918eaf8039299a42b2039a5a095c0e388f56e9766ac020,6c71c752f33946a433918eaf8039299a42b2039a5a095c0e388f56e9766ac020,1,no_multiscale,42,2,0.8285572
bee7fbae3117d9c6ec199febf2621f2d3e0de2906814a8374dc6f45d0bdccde5,bee7fbae3117d9c6ec199febf2621f2d3e0de2906814a8374dc6f45d0bdccde5,1,no_multiscale,42,2,0.697506
d654ecae46e168daedc31ec1248a263131bfce6758d1622f0ab6f39e2a22def3,292e7ecd789514df747778a15feeb10229484e54145cdf53d4171ac7095767ed,1,no_multiscale,42,2,0.3210803
c4c16cf7f307a18cbe12ac00017cd52b033018e22ca43c563efd8b38ebd6dfb6,c4c16cf7f307a18cbe12ac00017cd52b033018e22ca43c563efd8b38ebd6dfb6,1,no_multiscale,42,2,0.45573607
b3746a8061ca6e8a9419d1e04a5e966bb01d15138d57b73c8695a823ca51540d,b3746a8061ca6e8a9419d1e04a5e966bb01d15138d57b73c8695a823ca51540d,1,no_multiscale,42,2,0.36576793
9ee48c5828a8709f5ef88d68b1ebb72d39b89abdb49488d63a45eede5fbb7b04,9ee48c5828a8709f5ef88d68b1ebb72d39b89abdb49488d63a45eede5fbb7b04,1,no_multiscale,42,2,0.5556076
855d979d8c612624fc2b4f9c12f4c72916c11f1ec2c01978ae958b147375038d,855d979d8c612624fc2b4f9c12f4c72916c11f1ec2c01978ae958b147375038d,1,no_multiscale,42,2,0.28818387
b5652c67f6bda3449f096aefdb53a17151b4534699691a442597498151362ad4,03f0c02287ea5e6c362d4f0faf92bd5051adf16aad4e8d652255b311c0dfae80,1,no_multiscale,42,2,0.65141517
74b93408ff406b590048dede0d5accd77ab671e9e5f2b589ed6c85335f0018b3,74b93408ff406b590048dede0d5accd77ab671e9e5f2b589ed6c85335f0018b3,1,no_multiscale,42,2,0.49392402
107e840154e2bb1240e59ef9babc768dd600251ff4904f40304920972ff5b706,107e840154e2bb1240e59ef9babc768dd600251ff4904f40304920972ff5b706,1,no_multiscale,42,2,0.8153002
74773d0c8f97c8872d42e776ebfd53b29635c3b80b6f888a440aab2c81fd46fe,74773d0c8f97c8872d42e776ebfd53b29635c3b80b6f888a440aab2c81fd46fe,1,no_multiscale,42,2,0.38021383
7e9ebe5e3006d2fbe31f191b04bc1b099ceb8d289e7a45f10077df19187a9021,7e9ebe5e3006d2fbe31f191b04bc1b099ceb8d289e7a45f10077df19187a9021,1,no_multiscale,42,2,0.45944393
37620b4b8c65c53aef47fa09e10df9ce20dcc41ebded86ec8c2e37b0a99946e4,37620b4b8c65c53aef47fa09e10df9ce20dcc41ebded86ec8c2e37b0a99946e4,1,no_multiscale,42,2,0.8377862
69539671b91647ea6da6be1be361bc4b6872f34f9bbd3c85f1cfa5443a838320,69539671b91647ea6da6be1be361bc4b6872f34f9bbd3c85f1cfa5443a838320,1,no_multiscale,42,2,0.8894514
ea7dc5bb1a8bbefda642a5a5ad32d5c79f6decb6f8d7a0441f0b3912d8df65d7,ea7dc5bb1a8bbefda642a5a5ad32d5c79f6decb6f8d7a0441f0b3912d8df65d7,1,no_multiscale,42,2,0.86424524
47edec7cf5074482816e0f126933dd75201afaceea91269766fd19a0e1dcbd23,47edec7cf5074482816e0f126933dd75201afaceea91269766fd19a0e1dcbd23,1,no_multiscale,42,2,0.7372794
11e4f6ea90b720a70880fa29a68ec3eca0117758aa0d89ffa458f85687126645,11e4f6ea90b720a70880fa29a68ec3eca0117758aa0d89ffa458f85687126645,1,no_multiscale,42,2,0.59747815
d200999060e799c7e792ab9864725f8f8c38182762b83bc27ae3e2d38e187d01,d200999060e799c7e792ab9864725f8f8c38182762b83bc27ae3e2d38e187d01,1,no_multiscale,42,2,0.7639783
446d46ed863618f0ff04e8b2adb4f8af368a4501e14c1d265c3fe9262a73c49b,446d46ed863618f0ff04e8b2adb4f8af368a4501e14c1d265c3fe9262a73c49b,1,no_multiscale,42,2,0.7393647
df65f1557e36230e790ffed732de9d1aa1263928c76b3d78cc69c1c0d53ad725,d200999060e799c7e792ab9864725f8f8c38182762b83bc27ae3e2d38e187d01,1,no_multiscale,42,2,0.7623106
292e7ecd789514df747778a15feeb10229484e54145cdf53d4171ac7095767ed,292e7ecd789514df747778a15feeb10229484e54145cdf53d4171ac7095767ed,1,no_multiscale,42,2,0.35339537
911c540a63b210ba72bd602a75c8196358e58f58a205d736184a7535abf18d9b,911c540a63b210ba72bd602a75c8196358e58f58a205d736184a7535abf18d9b,1,no_multiscale,42,2,0.8551725
03f0c02287ea5e6c362d4f0faf92bd5051adf16aad4e8d652255b311c0dfae80,03f0c02287ea5e6c362d4f0faf92bd5051adf16aad4e8d652255b311c0dfae80,1,no_multiscale,42,2,0.6458992
e17aa7fb2d8bf251e8fb3a885d2865ae2c62a4314f5b33c760fff27c800fc47b,e17aa7fb2d8bf251e8fb3a885d2865ae2c62a4314f5b33c760fff27c800fc47b,1,no_multiscale,42,2,0.79954773
2f2c1f55950d6e6debb2792a17caeffa3647a9fd22078ce4c87040deebe06dde,2f2c1f55950d6e6debb2792a17caeffa3647a9fd22078ce4c87040deebe06dde,1,no_multiscale,42,2,0.61088264
ca42889078e14150119059a5534dd2f3dc957ba0b6233732dab0613222c48b01,ca42889078e14150119059a5534dd2f3dc957ba0b6233732dab0613222c48b01,0,no_attention_no_multiscale,42,2,0.19443268
4da5f26b15d55f6827b7ad2ae5e93bc89be1ce8765d1b22bef6de53f356bd801,4da5f26b15d55f6827b7ad2ae5e93bc89be1ce8765d1b22bef6de53f356bd801,0,no_attention_no_multiscale,42,2,0.25162894
cef45ce59931075ef0d142d02078a7d3fba00c990fd4cf0f33ca9dc99be2362e,cef45ce59931075ef0d142d02078a7d3fba00c990fd4cf0f33ca9dc99be2362e,0,no_attention_no_multiscale,42,2,0.47801095
a01e590d6ec79f518194accaab1cb2a65bcda7fd021499547ee06b2b6a85b684,a01e590d6ec79f518194accaab1cb2a65bcda7fd021499547ee06b2b6a85b684,0,no_attention_no_multiscale,42,2,0.19711705
9220ddf9fcbdfe50047a49eb5b1a305f4b8be1fd34bebff120ed4f22fabb20b7,9220ddf9fcbdfe50047a49eb5b1a305f4b8be1fd34bebff120ed4f22fabb20b7,0,no_attention_no_multiscale,42,2,0.1629639
1eb7cf5942ecb82b5ff0b4f2d8120376e85d5638ca2d3669a7fd6395c1fe2555,1eb7cf5942ecb82b5ff0b4f2d8120376e85d5638ca2d3669a7fd6395c1fe2555,0,no_attention_no_multiscale,42,2,0.092190534
f66535630af6cfdeb2272dbb4547c6e058e4b59ae445ebe1535c82e19687253c,f66535630af6cfdeb2272dbb4547c6e058e4b59ae445ebe1535c82e19687253c,0,no_attention_no_multiscale,42,2,0.63810277
ada848fe55c3b27559012775de676961b40d7a32368c9c8a5919e5d6e385a557,ada848fe55c3b27559012775de676961b40d7a32368c9c8a5919e5d6e385a557,0,no_attention_no_multiscale,42,2,0.53770787
a698668dc2c44bfbf5aaa6b1cf009d43cba82471119a2624f573d6a2a0ae394a,a698668dc2c44bfbf5aaa6b1cf009d43cba82471119a2624f573d6a2a0ae394a,0,no_attention_no_multiscale,42,2,0.57385063
504cf37dce31c02e1c6b1e99733a67d3f08d3c9483d98f79165d2cee46add347,504cf37dce31c02e1c6b1e99733a67d3f08d3c9483d98f79165d2cee46add347,0,no_attention_no_multiscale,42,2,0.1021708
1902269e7e57107f2635fce6eb02fb789968bc5c23093a302b4b7ad9db218eb4,1902269e7e57107f2635fce6eb02fb789968bc5c23093a302b4b7ad9db218eb4,0,no_attention_no_multiscale,42,2,0.0992771
c56cfebd3456ee28a9a5ab7136fff442f274e436ec1fc606c81e3d1fefaea24e,1902269e7e57107f2635fce6eb02fb789968bc5c23093a302b4b7ad9db218eb4,0,no_attention_no_multiscale,42,2,0.10142405
23ebabab03840d54e05602665447bd00f9e794ee4a5b913f3f0422e702927258,23ebabab03840d54e05602665447bd00f9e794ee4a5b913f3f0422e702927258,0,no_attention_no_multiscale,42,2,0.28173563
6457a0d2fb6d07c823c7897683790dadcd05fe0f3d6b5794eaec0db3614d25fa,6457a0d2fb6d07c823c7897683790dadcd05fe0f3d6b5794eaec0db3614d25fa,1,no_attention_no_multiscale,42,2,0.32292855
14bf5c21f2e2bd3d8df1cd9392c49d770ff1b9de30702ea7ae7aa51095989b2b,14bf5c21f2e2bd3d8df1cd9392c49d770ff1b9de30702ea7ae7aa51095989b2b,1,no_attention_no_multiscale,42,2,0.64390767
5a9dbf470b9fee34a2f5eaa783b6e548ace139ae5202b6c900100a5e049baba1,5a9dbf470b9fee34a2f5eaa783b6e548ace139ae5202b6c900100a5e049baba1,1,no_attention_no_multiscale,42,2,0.7413535
b2947db09a9f0865c5bba5132065f048a9c10bcff08788387e778aa8d869cba6,b2947db09a9f0865c5bba5132065f048a9c10bcff08788387e778aa8d869cba6,1,no_attention_no_multiscale,42,2,0.7969965
672fe2915aed29f9bab68d43b1e27356953639bb442aec4aa5abf3c61dd3ada2,672fe2915aed29f9bab68d43b1e27356953639bb442aec4aa5abf3c61dd3ada2,1,no_attention_no_multiscale,42,2,0.8457613
8e8573f713142daa6f4405298dcea24cab9de55ec3b55f843fed097498c8268e,8e8573f713142daa6f4405298dcea24cab9de55ec3b55f843fed097498c8268e,1,no_attention_no_multiscale,42,2,0.73405766
6e1ac6b240112e9e349b67bfeb2bba25e352480890399149effcde0d3f6b8f5f,6e1ac6b240112e9e349b67bfeb2bba25e352480890399149effcde0d3f6b8f5f,1,no_attention_no_multiscale,42,2,0.7603756
6c71c752f33946a433918eaf8039299a42b2039a5a095c0e388f56e9766ac020,6c71c752f33946a433918eaf8039299a42b2039a5a095c0e388f56e9766ac020,1,no_attention_no_multiscale,42,2,0.7452865
bee7fbae3117d9c6ec199febf2621f2d3e0de2906814a8374dc6f45d0bdccde5,bee7fbae3117d9c6ec199febf2621f2d3e0de2906814a8374dc6f45d0bdccde5,1,no_attention_no_multiscale,42,2,0.79465497
d654ecae46e168daedc31ec1248a263131bfce6758d1622f0ab6f39e2a22def3,292e7ecd789514df747778a15feeb10229484e54145cdf53d4171ac7095767ed,1,no_attention_no_multiscale,42,2,0.32764718
c4c16cf7f307a18cbe12ac00017cd52b033018e22ca43c563efd8b38ebd6dfb6,c4c16cf7f307a18cbe12ac00017cd52b033018e22ca43c563efd8b38ebd6dfb6,1,no_attention_no_multiscale,42,2,0.6828316
b3746a8061ca6e8a9419d1e04a5e966bb01d15138d57b73c8695a823ca51540d,b3746a8061ca6e8a9419d1e04a5e966bb01d15138d57b73c8695a823ca51540d,1,no_attention_no_multiscale,42,2,0.43298656
9ee48c5828a8709f5ef88d68b1ebb72d39b89abdb49488d63a45eede5fbb7b04,9ee48c5828a8709f5ef88d68b1ebb72d39b89abdb49488d63a45eede5fbb7b04,1,no_attention_no_multiscale,42,2,0.723743
855d979d8c612624fc2b4f9c12f4c72916c11f1ec2c01978ae958b147375038d,855d979d8c612624fc2b4f9c12f4c72916c11f1ec2c01978ae958b147375038d,1,no_attention_no_multiscale,42,2,0.24475518
b5652c67f6bda3449f096aefdb53a17151b4534699691a442597498151362ad4,03f0c02287ea5e6c362d4f0faf92bd5051adf16aad4e8d652255b311c0dfae80,1,no_attention_no_multiscale,42,2,0.49901846
74b93408ff406b590048dede0d5accd77ab671e9e5f2b589ed6c85335f0018b3,74b93408ff406b590048dede0d5accd77ab671e9e5f2b589ed6c85335f0018b3,1,no_attention_no_multiscale,42,2,0.36906075
107e840154e2bb1240e59ef9babc768dd600251ff4904f40304920972ff5b706,107e840154e2bb1240e59ef9babc768dd600251ff4904f40304920972ff5b706,1,no_attention_no_multiscale,42,2,0.66478145
74773d0c8f97c8872d42e776ebfd53b29635c3b80b6f888a440aab2c81fd46fe,74773d0c8f97c8872d42e776ebfd53b29635c3b80b6f888a440aab2c81fd46fe,1,no_attention_no_multiscale,42,2,0.6301899
7e9ebe5e3006d2fbe31f191b04bc1b099ceb8d289e7a45f10077df19187a9021,7e9ebe5e3006d2fbe31f191b04bc1b099ceb8d289e7a45f10077df19187a9021,1,no_attention_no_multiscale,42,2,0.506757
37620b4b8c65c53aef47fa09e10df9ce20dcc41ebded86ec8c2e37b0a99946e4,37620b4b8c65c53aef47fa09e10df9ce20dcc41ebded86ec8c2e37b0a99946e4,1,no_attention_no_multiscale,42,2,0.76968044
69539671b91647ea6da6be1be361bc4b6872f34f9bbd3c85f1cfa5443a838320,69539671b91647ea6da6be1be361bc4b6872f34f9bbd3c85f1cfa5443a838320,1,no_attention_no_multiscale,42,2,0.78874904
ea7dc5bb1a8bbefda642a5a5ad32d5c79f6decb6f8d7a0441f0b3912d8df65d7,ea7dc5bb1a8bbefda642a5a5ad32d5c79f6decb6f8d7a0441f0b3912d8df65d7,1,no_attention_no_multiscale,42,2,0.8482177
47edec7cf5074482816e0f126933dd75201afaceea91269766fd19a0e1dcbd23,47edec7cf5074482816e0f126933dd75201afaceea91269766fd19a0e1dcbd23,1,no_attention_no_multiscale,42,2,0.738586
11e4f6ea90b720a70880fa29a68ec3eca0117758aa0d89ffa458f85687126645,11e4f6ea90b720a70880fa29a68ec3eca0117758aa0d89ffa458f85687126645,1,no_attention_no_multiscale,42,2,0.499154
d200999060e799c7e792ab9864725f8f8c38182762b83bc27ae3e2d38e187d01,d200999060e799c7e792ab9864725f8f8c38182762b83bc27ae3e2d38e187d01,1,no_attention_no_multiscale,42,2,0.77728796
446d46ed863618f0ff04e8b2adb4f8af368a4501e14c1d265c3fe9262a73c49b,446d46ed863618f0ff04e8b2adb4f8af368a4501e14c1d265c3fe9262a73c49b,1,no_attention_no_multiscale,42,2,0.4989362
df65f1557e36230e790ffed732de9d1aa1263928c76b3d78cc69c1c0d53ad725,d200999060e799c7e792ab9864725f8f8c38182762b83bc27ae3e2d38e187d01,1,no_attention_no_multiscale,42,2,0.7773693
292e7ecd789514df747778a15feeb10229484e54145cdf53d4171ac7095767ed,292e7ecd789514df747778a15feeb10229484e54145cdf53d4171ac7095767ed,1,no_attention_no_multiscale,42,2,0.33051196
911c540a63b210ba72bd602a75c8196358e58f58a205d736184a7535abf18d9b,911c540a63b210ba72bd602a75c8196358e58f58a205d736184a7535abf18d9b,1,no_attention_no_multiscale,42,2,0.7795294
03f0c02287ea5e6c362d4f0faf92bd5051adf16aad4e8d652255b311c0dfae80,03f0c02287ea5e6c362d4f0faf92bd5051adf16aad4e8d652255b311c0dfae80,1,no_attention_no_multiscale,42,2,0.4978943
e17aa7fb2d8bf251e8fb3a885d2865ae2c62a4314f5b33c760fff27c800fc47b,e17aa7fb2d8bf251e8fb3a885d2865ae2c62a4314f5b33c760fff27c800fc47b,1,no_attention_no_multiscale,42,2,0.755517
2f2c1f55950d6e6debb2792a17caeffa3647a9fd22078ce4c87040deebe06dde,2f2c1f55950d6e6debb2792a17caeffa3647a9fd22078ce4c87040deebe06dde,1,no_attention_no_multiscale,42,2,0.5988822
ca42889078e14150119059a5534dd2f3dc957ba0b6233732dab0613222c48b01,ca42889078e14150119059a5534dd2f3dc957ba0b6233732dab0613222c48b01,0,no_augmentation,42,2,0.111333616
4da5f26b15d55f6827b7ad2ae5e93bc89be1ce8765d1b22bef6de53f356bd801,4da5f26b15d55f6827b7ad2ae5e93bc89be1ce8765d1b22bef6de53f356bd801,0,no_augmentation,42,2,0.44082555
cef45ce59931075ef0d142d02078a7d3fba00c990fd4cf0f33ca9dc99be2362e,cef45ce59931075ef0d142d02078a7d3fba00c990fd4cf0f33ca9dc99be2362e,0,no_augmentation,42,2,0.4995179
a01e590d6ec79f518194accaab1cb2a65bcda7fd021499547ee06b2b6a85b684,a01e590d6ec79f518194accaab1cb2a65bcda7fd021499547ee06b2b6a85b684,0,no_augmentation,42,2,0.15518637
9220ddf9fcbdfe50047a49eb5b1a305f4b8be1fd34bebff120ed4f22fabb20b7,9220ddf9fcbdfe50047a49eb5b1a305f4b8be1fd34bebff120ed4f22fabb20b7,0,no_augmentation,42,2,0.17007077
1eb7cf5942ecb82b5ff0b4f2d8120376e85d5638ca2d3669a7fd6395c1fe2555,1eb7cf5942ecb82b5ff0b4f2d8120376e85d5638ca2d3669a7fd6395c1fe2555,0,no_augmentation,42,2,0.15472133
f66535630af6cfdeb2272dbb4547c6e058e4b59ae445ebe1535c82e19687253c,f66535630af6cfdeb2272dbb4547c6e058e4b59ae445ebe1535c82e19687253c,0,no_augmentation,42,2,0.548822
ada848fe55c3b27559012775de676961b40d7a32368c9c8a5919e5d6e385a557,ada848fe55c3b27559012775de676961b40d7a32368c9c8a5919e5d6e385a557,0,no_augmentation,42,2,0.5917075
a698668dc2c44bfbf5aaa6b1cf009d43cba82471119a2624f573d6a2a0ae394a,a698668dc2c44bfbf5aaa6b1cf009d43cba82471119a2624f573d6a2a0ae394a,0,no_augmentation,42,2,0.6295852
504cf37dce31c02e1c6b1e99733a67d3f08d3c9483d98f79165d2cee46add347,504cf37dce31c02e1c6b1e99733a67d3f08d3c9483d98f79165d2cee46add347,0,no_augmentation,42,2,0.30012026
1902269e7e57107f2635fce6eb02fb789968bc5c23093a302b4b7ad9db218eb4,1902269e7e57107f2635fce6eb02fb789968bc5c23093a302b4b7ad9db218eb4,0,no_augmentation,42,2,0.24296112
c56cfebd3456ee28a9a5ab7136fff442f274e436ec1fc606c81e3d1fefaea24e,1902269e7e57107f2635fce6eb02fb789968bc5c23093a302b4b7ad9db218eb4,0,no_augmentation,42,2,0.23312114
23ebabab03840d54e05602665447bd00f9e794ee4a5b913f3f0422e702927258,23ebabab03840d54e05602665447bd00f9e794ee4a5b913f3f0422e702927258,0,no_augmentation,42,2,0.37848622
6457a0d2fb6d07c823c7897683790dadcd05fe0f3d6b5794eaec0db3614d25fa,6457a0d2fb6d07c823c7897683790dadcd05fe0f3d6b5794eaec0db3614d25fa,1,no_augmentation,42,2,0.5884457
14bf5c21f2e2bd3d8df1cd9392c49d770ff1b9de30702ea7ae7aa51095989b2b,14bf5c21f2e2bd3d8df1cd9392c49d770ff1b9de30702ea7ae7aa51095989b2b,1,no_augmentation,42,2,0.71965486
5a9dbf470b9fee34a2f5eaa783b6e548ace139ae5202b6c900100a5e049baba1,5a9dbf470b9fee34a2f5eaa783b6e548ace139ae5202b6c900100a5e049baba1,1,no_augmentation,42,2,0.7251964
b2947db09a9f0865c5bba5132065f048a9c10bcff08788387e778aa8d869cba6,b2947db09a9f0865c5bba5132065f048a9c10bcff08788387e778aa8d869cba6,1,no_augmentation,42,2,0.74986356
672fe2915aed29f9bab68d43b1e27356953639bb442aec4aa5abf3c61dd3ada2,672fe2915aed29f9bab68d43b1e27356953639bb442aec4aa5abf3c61dd3ada2,1,no_augmentation,42,2,0.6450004
8e8573f713142daa6f4405298dcea24cab9de55ec3b55f843fed097498c8268e,8e8573f713142daa6f4405298dcea24cab9de55ec3b55f843fed097498c8268e,1,no_augmentation,42,2,0.71993566
6e1ac6b240112e9e349b67bfeb2bba25e352480890399149effcde0d3f6b8f5f,6e1ac6b240112e9e349b67bfeb2bba25e352480890399149effcde0d3f6b8f5f,1,no_augmentation,42,2,0.6421742
6c71c752f33946a433918eaf8039299a42b2039a5a095c0e388f56e9766ac020,6c71c752f33946a433918eaf8039299a42b2039a5a095c0e388f56e9766ac020,1,no_augmentation,42,2,0.70558614
bee7fbae3117d9c6ec199febf2621f2d3e0de2906814a8374dc6f45d0bdccde5,bee7fbae3117d9c6ec199febf2621f2d3e0de2906814a8374dc6f45d0bdccde5,1,no_augmentation,42,2,0.6355534
d654ecae46e168daedc31ec1248a263131bfce6758d1622f0ab6f39e2a22def3,292e7ecd789514df747778a15feeb10229484e54145cdf53d4171ac7095767ed,1,no_augmentation,42,2,0.33284092
c4c16cf7f307a18cbe12ac00017cd52b033018e22ca43c563efd8b38ebd6dfb6,c4c16cf7f307a18cbe12ac00017cd52b033018e22ca43c563efd8b38ebd6dfb6,1,no_augmentation,42,2,0.4896806
b3746a8061ca6e8a9419d1e04a5e966bb01d15138d57b73c8695a823ca51540d,b3746a8061ca6e8a9419d1e04a5e966bb01d15138d57b73c8695a823ca51540d,1,no_augmentation,42,2,0.65030855
9ee48c5828a8709f5ef88d68b1ebb72d39b89abdb49488d63a45eede5fbb7b04,9ee48c5828a8709f5ef88d68b1ebb72d39b89abdb49488d63a45eede5fbb7b04,1,no_augmentation,42,2,0.6400358
855d979d8c612624fc2b4f9c12f4c72916c11f1ec2c01978ae958b147375038d,855d979d8c612624fc2b4f9c12f4c72916c11f1ec2c01978ae958b147375038d,1,no_augmentation,42,2,0.4014138
b5652c67f6bda3449f096aefdb53a17151b4534699691a442597498151362ad4,03f0c02287ea5e6c362d4f0faf92bd5051adf16aad4e8d652255b311c0dfae80,1,no_augmentation,42,2,0.47827327
74b93408ff406b590048dede0d5accd77ab671e9e5f2b589ed6c85335f0018b3,74b93408ff406b590048dede0d5accd77ab671e9e5f2b589ed6c85335f0018b3,1,no_augmentation,42,2,0.48365992
107e840154e2bb1240e59ef9babc768dd600251ff4904f40304920972ff5b706,107e840154e2bb1240e59ef9babc768dd600251ff4904f40304920972ff5b706,1,no_augmentation,42,2,0.5179712
74773d0c8f97c8872d42e776ebfd53b29635c3b80b6f888a440aab2c81fd46fe,74773d0c8f97c8872d42e776ebfd53b29635c3b80b6f888a440aab2c81fd46fe,1,no_augmentation,42,2,0.4033804
7e9ebe5e3006d2fbe31f191b04bc1b099ceb8d289e7a45f10077df19187a9021,7e9ebe5e3006d2fbe31f191b04bc1b099ceb8d289e7a45f10077df19187a9021,1,no_augmentation,42,2,0.5042839
37620b4b8c65c53aef47fa09e10df9ce20dcc41ebded86ec8c2e37b0a99946e4,37620b4b8c65c53aef47fa09e10df9ce20dcc41ebded86ec8c2e37b0a99946e4,1,no_augmentation,42,2,0.7535192
69539671b91647ea6da6be1be361bc4b6872f34f9bbd3c85f1cfa5443a838320,69539671b91647ea6da6be1be361bc4b6872f34f9bbd3c85f1cfa5443a838320,1,no_augmentation,42,2,0.79101586
ea7dc5bb1a8bbefda642a5a5ad32d5c79f6decb6f8d7a0441f0b3912d8df65d7,ea7dc5bb1a8bbefda642a5a5ad32d5c79f6decb6f8d7a0441f0b3912d8df65d7,1,no_augmentation,42,2,0.7354338
47edec7cf5074482816e0f126933dd75201afaceea91269766fd19a0e1dcbd23,47edec7cf5074482816e0f126933dd75201afaceea91269766fd19a0e1dcbd23,1,no_augmentation,42,2,0.594839
11e4f6ea90b720a70880fa29a68ec3eca0117758aa0d89ffa458f85687126645,11e4f6ea90b720a70880fa29a68ec3eca0117758aa0d89ffa458f85687126645,1,no_augmentation,42,2,0.29666093
d200999060e799c7e792ab9864725f8f8c38182762b83bc27ae3e2d38e187d01,d200999060e799c7e792ab9864725f8f8c38182762b83bc27ae3e2d38e187d01,1,no_augmentation,42,2,0.7186872
446d46ed863618f0ff04e8b2adb4f8af368a4501e14c1d265c3fe9262a73c49b,446d46ed863618f0ff04e8b2adb4f8af368a4501e14c1d265c3fe9262a73c49b,1,no_augmentation,42,2,0.64479685
df65f1557e36230e790ffed732de9d1aa1263928c76b3d78cc69c1c0d53ad725,d200999060e799c7e792ab9864725f8f8c38182762b83bc27ae3e2d38e187d01,1,no_augmentation,42,2,0.7173225
292e7ecd789514df747778a15feeb10229484e54145cdf53d4171ac7095767ed,292e7ecd789514df747778a15feeb10229484e54145cdf53d4171ac7095767ed,1,no_augmentation,42,2,0.34593108
911c540a63b210ba72bd602a75c8196358e58f58a205d736184a7535abf18d9b,911c540a63b210ba72bd602a75c8196358e58f58a205d736184a7535abf18d9b,1,no_augmentation,42,2,0.7093483
03f0c02287ea5e6c362d4f0faf92bd5051adf16aad4e8d652255b311c0dfae80,03f0c02287ea5e6c362d4f0faf92bd5051adf16aad4e8d652255b311c0dfae80,1,no_augmentation,42,2,0.48342103
e17aa7fb2d8bf251e8fb3a885d2865ae2c62a4314f5b33c760fff27c800fc47b,e17aa7fb2d8bf251e8fb3a885d2865ae2c62a4314f5b33c760fff27c800fc47b,1,no_augmentation,42,2,0.6976681
2f2c1f55950d6e6debb2792a17caeffa3647a9fd22078ce4c87040deebe06dde,2f2c1f55950d6e6debb2792a17caeffa3647a9fd22078ce4c87040deebe06dde,1,no_augmentation,42,2,0.42877725
ca42889078e14150119059a5534dd2f3dc957ba0b6233732dab0613222c48b01,ca42889078e14150119059a5534dd2f3dc957ba0b6233732dab0613222c48b01,0,plain_cnn,42,2,0.087122425
4da5f26b15d55f6827b7ad2ae5e93bc89be1ce8765d1b22bef6de53f356bd801,4da5f26b15d55f6827b7ad2ae5e93bc89be1ce8765d1b22bef6de53f356bd801,0,plain_cnn,42,2,0.54020405
cef45ce59931075ef0d142d02078a7d3fba00c990fd4cf0f33ca9dc99be2362e,cef45ce59931075ef0d142d02078a7d3fba00c990fd4cf0f33ca9dc99be2362e,0,plain_cnn,42,2,0.5509372
a01e590d6ec79f518194accaab1cb2a65bcda7fd021499547ee06b2b6a85b684,a01e590d6ec79f518194accaab1cb2a65bcda7fd021499547ee06b2b6a85b684,0,plain_cnn,42,2,0.25113392
9220ddf9fcbdfe50047a49eb5b1a305f4b8be1fd34bebff120ed4f22fabb20b7,9220ddf9fcbdfe50047a49eb5b1a305f4b8be1fd34bebff120ed4f22fabb20b7,0,plain_cnn,42,2,0.16059645
1eb7cf5942ecb82b5ff0b4f2d8120376e85d5638ca2d3669a7fd6395c1fe2555,1eb7cf5942ecb82b5ff0b4f2d8120376e85d5638ca2d3669a7fd6395c1fe2555,0,plain_cnn,42,2,0.19030657
f66535630af6cfdeb2272dbb4547c6e058e4b59ae445ebe1535c82e19687253c,f66535630af6cfdeb2272dbb4547c6e058e4b59ae445ebe1535c82e19687253c,0,plain_cnn,42,2,0.51250273
ada848fe55c3b27559012775de676961b40d7a32368c9c8a5919e5d6e385a557,ada848fe55c3b27559012775de676961b40d7a32368c9c8a5919e5d6e385a557,0,plain_cnn,42,2,0.638485
a698668dc2c44bfbf5aaa6b1cf009d43cba82471119a2624f573d6a2a0ae394a,a698668dc2c44bfbf5aaa6b1cf009d43cba82471119a2624f573d6a2a0ae394a,0,plain_cnn,42,2,0.67577255
504cf37dce31c02e1c6b1e99733a67d3f08d3c9483d98f79165d2cee46add347,504cf37dce31c02e1c6b1e99733a67d3f08d3c9483d98f79165d2cee46add347,0,plain_cnn,42,2,0.17548901
1902269e7e57107f2635fce6eb02fb789968bc5c23093a302b4b7ad9db218eb4,1902269e7e57107f2635fce6eb02fb789968bc5c23093a302b4b7ad9db218eb4,0,plain_cnn,42,2,0.3228944
c56cfebd3456ee28a9a5ab7136fff442f274e436ec1fc606c81e3d1fefaea24e,1902269e7e57107f2635fce6eb02fb789968bc5c23093a302b4b7ad9db218eb4,0,plain_cnn,42,2,0.32954296
23ebabab03840d54e05602665447bd00f9e794ee4a5b913f3f0422e702927258,23ebabab03840d54e05602665447bd00f9e794ee4a5b913f3f0422e702927258,0,plain_cnn,42,2,0.38947707
6457a0d2fb6d07c823c7897683790dadcd05fe0f3d6b5794eaec0db3614d25fa,6457a0d2fb6d07c823c7897683790dadcd05fe0f3d6b5794eaec0db3614d25fa,1,plain_cnn,42,2,0.49390417
14bf5c21f2e2bd3d8df1cd9392c49d770ff1b9de30702ea7ae7aa51095989b2b,14bf5c21f2e2bd3d8df1cd9392c49d770ff1b9de30702ea7ae7aa51095989b2b,1,plain_cnn,42,2,0.6909265
5a9dbf470b9fee34a2f5eaa783b6e548ace139ae5202b6c900100a5e049baba1,5a9dbf470b9fee34a2f5eaa783b6e548ace139ae5202b6c900100a5e049baba1,1,plain_cnn,42,2,0.7004044
b2947db09a9f0865c5bba5132065f048a9c10bcff08788387e778aa8d869cba6,b2947db09a9f0865c5bba5132065f048a9c10bcff08788387e778aa8d869cba6,1,plain_cnn,42,2,0.6502922
672fe2915aed29f9bab68d43b1e27356953639bb442aec4aa5abf3c61dd3ada2,672fe2915aed29f9bab68d43b1e27356953639bb442aec4aa5abf3c61dd3ada2,1,plain_cnn,42,2,0.67580706
8e8573f713142daa6f4405298dcea24cab9de55ec3b55f843fed097498c8268e,8e8573f713142daa6f4405298dcea24cab9de55ec3b55f843fed097498c8268e,1,plain_cnn,42,2,0.6195547
6e1ac6b240112e9e349b67bfeb2bba25e352480890399149effcde0d3f6b8f5f,6e1ac6b240112e9e349b67bfeb2bba25e352480890399149effcde0d3f6b8f5f,1,plain_cnn,42,2,0.69386345
6c71c752f33946a433918eaf8039299a42b2039a5a095c0e388f56e9766ac020,6c71c752f33946a433918eaf8039299a42b2039a5a095c0e388f56e9766ac020,1,plain_cnn,42,2,0.6170127
bee7fbae3117d9c6ec199febf2621f2d3e0de2906814a8374dc6f45d0bdccde5,bee7fbae3117d9c6ec199febf2621f2d3e0de2906814a8374dc6f45d0bdccde5,1,plain_cnn,42,2,0.64727634
d654ecae46e168daedc31ec1248a263131bfce6758d1622f0ab6f39e2a22def3,292e7ecd789514df747778a15feeb10229484e54145cdf53d4171ac7095767ed,1,plain_cnn,42,2,0.36790815
c4c16cf7f307a18cbe12ac00017cd52b033018e22ca43c563efd8b38ebd6dfb6,c4c16cf7f307a18cbe12ac00017cd52b033018e22ca43c563efd8b38ebd6dfb6,1,plain_cnn,42,2,0.42125192
b3746a8061ca6e8a9419d1e04a5e966bb01d15138d57b73c8695a823ca51540d,b3746a8061ca6e8a9419d1e04a5e966bb01d15138d57b73c8695a823ca51540d,1,plain_cnn,42,2,0.64052325
9ee48c5828a8709f5ef88d68b1ebb72d39b89abdb49488d63a45eede5fbb7b04,9ee48c5828a8709f5ef88d68b1ebb72d39b89abdb49488d63a45eede5fbb7b04,1,plain_cnn,42,2,0.62106496
855d979d8c612624fc2b4f9c12f4c72916c11f1ec2c01978ae958b147375038d,855d979d8c612624fc2b4f9c12f4c72916c11f1ec2c01978ae958b147375038d,1,plain_cnn,42,2,0.40081218
b5652c67f6bda3449f096aefdb53a17151b4534699691a442597498151362ad4,03f0c02287ea5e6c362d4f0faf92bd5051adf16aad4e8d652255b311c0dfae80,1,plain_cnn,42,2,0.4809598
74b93408ff406b590048dede0d5accd77ab671e9e5f2b589ed6c85335f0018b3,74b93408ff406b590048dede0d5accd77ab671e9e5f2b589ed6c85335f0018b3,1,plain_cnn,42,2,0.39555946
107e840154e2bb1240e59ef9babc768dd600251ff4904f40304920972ff5b706,107e840154e2bb1240e59ef9babc768dd600251ff4904f40304920972ff5b706,1,plain_cnn,42,2,0.49930945
74773d0c8f97c8872d42e776ebfd53b29635c3b80b6f888a440aab2c81fd46fe,74773d0c8f97c8872d42e776ebfd53b29635c3b80b6f888a440aab2c81fd46fe,1,plain_cnn,42,2,0.5264132
7e9ebe5e3006d2fbe31f191b04bc1b099ceb8d289e7a45f10077df19187a9021,7e9ebe5e3006d2fbe31f191b04bc1b099ceb8d289e7a45f10077df19187a9021,1,plain_cnn,42,2,0.54213953
37620b4b8c65c53aef47fa09e10df9ce20dcc41ebded86ec8c2e37b0a99946e4,37620b4b8c65c53aef47fa09e10df9ce20dcc41ebded86ec8c2e37b0a99946e4,1,plain_cnn,42,2,0.6018349
69539671b91647ea6da6be1be361bc4b6872f34f9bbd3c85f1cfa5443a838320,69539671b91647ea6da6be1be361bc4b6872f34f9bbd3c85f1cfa5443a838320,1,plain_cnn,42,2,0.65046805
ea7dc5bb1a8bbefda642a5a5ad32d5c79f6decb6f8d7a0441f0b3912d8df65d7,ea7dc5bb1a8bbefda642a5a5ad32d5c79f6decb6f8d7a0441f0b3912d8df65d7,1,plain_cnn,42,2,0.51013166
47edec7cf5074482816e0f126933dd75201afaceea91269766fd19a0e1dcbd23,47edec7cf5074482816e0f126933dd75201afaceea91269766fd19a0e1dcbd23,1,plain_cnn,42,2,0.603476
11e4f6ea90b720a70880fa29a68ec3eca0117758aa0d89ffa458f85687126645,11e4f6ea90b720a70880fa29a68ec3eca0117758aa0d89ffa458f85687126645,1,plain_cnn,42,2,0.5440613
d200999060e799c7e792ab9864725f8f8c38182762b83bc27ae3e2d38e187d01,d200999060e799c7e792ab9864725f8f8c38182762b83bc27ae3e2d38e187d01,1,plain_cnn,42,2,0.59914136
446d46ed863618f0ff04e8b2adb4f8af368a4501e14c1d265c3fe9262a73c49b,446d46ed863618f0ff04e8b2adb4f8af368a4501e14c1d265c3fe9262a73c49b,1,plain_cnn,42,2,0.5155782
df65f1557e36230e790ffed732de9d1aa1263928c76b3d78cc69c1c0d53ad725,d200999060e799c7e792ab9864725f8f8c38182762b83bc27ae3e2d38e187d01,1,plain_cnn,42,2,0.5988509
292e7ecd789514df747778a15feeb10229484e54145cdf53d4171ac7095767ed,292e7ecd789514df747778a15feeb10229484e54145cdf53d4171ac7095767ed,1,plain_cnn,42,2,0.3756626
911c540a63b210ba72bd602a75c8196358e58f58a205d736184a7535abf18d9b,911c540a63b210ba72bd602a75c8196358e58f58a205d736184a7535abf18d9b,1,plain_cnn,42,2,0.6696123
03f0c02287ea5e6c362d4f0faf92bd5051adf16aad4e8d652255b311c0dfae80,03f0c02287ea5e6c362d4f0faf92bd5051adf16aad4e8d652255b311c0dfae80,1,plain_cnn,42,2,0.48229697
e17aa7fb2d8bf251e8fb3a885d2865ae2c62a4314f5b33c760fff27c800fc47b,e17aa7fb2d8bf251e8fb3a885d2865ae2c62a4314f5b33c760fff27c800fc47b,1,plain_cnn,42,2,0.6703479
2f2c1f55950d6e6debb2792a17caeffa3647a9fd22078ce4c87040deebe06dde,2f2c1f55950d6e6debb2792a17caeffa3647a9fd22078ce4c87040deebe06dde,1,plain_cnn,42,2,0.45053017
ca42889078e14150119059a5534dd2f3dc957ba0b6233732dab0613222c48b01,ca42889078e14150119059a5534dd2f3dc957ba0b6233732dab0613222c48b01,0,narrow_resnet_gn,42,2,0.24208228
4da5f26b15d55f6827b7ad2ae5e93bc89be1ce8765d1b22bef6de53f356bd801,4da5f26b15d55f6827b7ad2ae5e93bc89be1ce8765d1b22bef6de53f356bd801,0,narrow_resnet_gn,42,2,0.59862596
cef45ce59931075ef0d142d02078a7d3fba00c990fd4cf0f33ca9dc99be2362e,cef45ce59931075ef0d142d02078a7d3fba00c990fd4cf0f33ca9dc99be2362e,0,narrow_resnet_gn,42,2,0.75943005
a01e590d6ec79f518194accaab1cb2a65bcda7fd021499547ee06b2b6a85b684,a01e590d6ec79f518194accaab1cb2a65bcda7fd021499547ee06b2b6a85b684,0,narrow_resnet_gn,42,2,0.149446
9220ddf9fcbdfe50047a49eb5b1a305f4b8be1fd34bebff120ed4f22fabb20b7,9220ddf9fcbdfe50047a49eb5b1a305f4b8be1fd34bebff120ed4f22fabb20b7,0,narrow_resnet_gn,42,2,0.10211792
1eb7cf5942ecb82b5ff0b4f2d8120376e85d5638ca2d3669a7fd6395c1fe2555,1eb7cf5942ecb82b5ff0b4f2d8120376e85d5638ca2d3669a7fd6395c1fe2555,0,narrow_resnet_gn,42,2,0.1140156
f66535630af6cfdeb2272dbb4547c6e058e4b59ae445ebe1535c82e19687253c,f66535630af6cfdeb2272dbb4547c6e058e4b59ae445ebe1535c82e19687253c,0,narrow_resnet_gn,42,2,0.89995855
ada848fe55c3b27559012775de676961b40d7a32368c9c8a5919e5d6e385a557,ada848fe55c3b27559012775de676961b40d7a32368c9c8a5919e5d6e385a557,0,narrow_resnet_gn,42,2,0.8724838
a698668dc2c44bfbf5aaa6b1cf009d43cba82471119a2624f573d6a2a0ae394a,a698668dc2c44bfbf5aaa6b1cf009d43cba82471119a2624f573d6a2a0ae394a,0,narrow_resnet_gn,42,2,0.9333583
504cf37dce31c02e1c6b1e99733a67d3f08d3c9483d98f79165d2cee46add347,504cf37dce31c02e1c6b1e99733a67d3f08d3c9483d98f79165d2cee46add347,0,narrow_resnet_gn,42,2,0.09200629
1902269e7e57107f2635fce6eb02fb789968bc5c23093a302b4b7ad9db218eb4,1902269e7e57107f2635fce6eb02fb789968bc5c23093a302b4b7ad9db218eb4,0,narrow_resnet_gn,42,2,0.06564937
c56cfebd3456ee28a9a5ab7136fff442f274e436ec1fc606c81e3d1fefaea24e,1902269e7e57107f2635fce6eb02fb789968bc5c23093a302b4b7ad9db218eb4,0,narrow_resnet_gn,42,2,0.0693757
23ebabab03840d54e05602665447bd00f9e794ee4a5b913f3f0422e702927258,23ebabab03840d54e05602665447bd00f9e794ee4a5b913f3f0422e702927258,0,narrow_resnet_gn,42,2,0.5154805
6457a0d2fb6d07c823c7897683790dadcd05fe0f3d6b5794eaec0db3614d25fa,6457a0d2fb6d07c823c7897683790dadcd05fe0f3d6b5794eaec0db3614d25fa,1,narrow_resnet_gn,42,2,0.5990726
14bf5c21f2e2bd3d8df1cd9392c49d770ff1b9de30702ea7ae7aa51095989b2b,14bf5c21f2e2bd3d8df1cd9392c49d770ff1b9de30702ea7ae7aa51095989b2b,1,narrow_resnet_gn,42,2,0.83349884
5a9dbf470b9fee34a2f5eaa783b6e548ace139ae5202b6c900100a5e049baba1,5a9dbf470b9fee34a2f5eaa783b6e548ace139ae5202b6c900100a5e049baba1,1,narrow_resnet_gn,42,2,0.7736131
b2947db09a9f0865c5bba5132065f048a9c10bcff08788387e778aa8d869cba6,b2947db09a9f0865c5bba5132065f048a9c10bcff08788387e778aa8d869cba6,1,narrow_resnet_gn,42,2,0.800057
672fe2915aed29f9bab68d43b1e27356953639bb442aec4aa5abf3c61dd3ada2,672fe2915aed29f9bab68d43b1e27356953639bb442aec4aa5abf3c61dd3ada2,1,narrow_resnet_gn,42,2,0.8423142
8e8573f713142daa6f4405298dcea24cab9de55ec3b55f843fed097498c8268e,8e8573f713142daa6f4405298dcea24cab9de55ec3b55f843fed097498c8268e,1,narrow_resnet_gn,42,2,0.75254625
6e1ac6b240112e9e349b67bfeb2bba25e352480890399149effcde0d3f6b8f5f,6e1ac6b240112e9e349b67bfeb2bba25e352480890399149effcde0d3f6b8f5f,1,narrow_resnet_gn,42,2,0.81532496
6c71c752f33946a433918eaf8039299a42b2039a5a095c0e388f56e9766ac020,6c71c752f33946a433918eaf8039299a42b2039a5a095c0e388f56e9766ac020,1,narrow_resnet_gn,42,2,0.88799435
bee7fbae3117d9c6ec199febf2621f2d3e0de2906814a8374dc6f45d0bdccde5,bee7fbae3117d9c6ec199febf2621f2d3e0de2906814a8374dc6f45d0bdccde5,1,narrow_resnet_gn,42,2,0.77215976
d654ecae46e168daedc31ec1248a263131bfce6758d1622f0ab6f39e2a22def3,292e7ecd789514df747778a15feeb10229484e54145cdf53d4171ac7095767ed,1,narrow_resnet_gn,42,2,0.8198654
c4c16cf7f307a18cbe12ac00017cd52b033018e22ca43c563efd8b38ebd6dfb6,c4c16cf7f307a18cbe12ac00017cd52b033018e22ca43c563efd8b38ebd6dfb6,1,narrow_resnet_gn,42,2,0.68141794
b3746a8061ca6e8a9419d1e04a5e966bb01d15138d57b73c8695a823ca51540d,b3746a8061ca6e8a9419d1e04a5e966bb01d15138d57b73c8695a823ca51540d,1,narrow_resnet_gn,42,2,0.5102881
9ee48c5828a8709f5ef88d68b1ebb72d39b89abdb49488d63a45eede5fbb7b04,9ee48c5828a8709f5ef88d68b1ebb72d39b89abdb49488d63a45eede5fbb7b04,1,narrow_resnet_gn,42,2,0.549933
855d979d8c612624fc2b4f9c12f4c72916c11f1ec2c01978ae958b147375038d,855d979d8c612624fc2b4f9c12f4c72916c11f1ec2c01978ae958b147375038d,1,narrow_resnet_gn,42,2,0.36599255
b5652c67f6bda3449f096aefdb53a17151b4534699691a442597498151362ad4,03f0c02287ea5e6c362d4f0faf92bd5051adf16aad4e8d652255b311c0dfae80,1,narrow_resnet_gn,42,2,0.79977226
74b93408ff406b590048dede0d5accd77ab671e9e5f2b589ed6c85335f0018b3,74b93408ff406b590048dede0d5accd77ab671e9e5f2b589ed6c85335f0018b3,1,narrow_resnet_gn,42,2,0.3448706
107e840154e2bb1240e59ef9babc768dd600251ff4904f40304920972ff5b706,107e840154e2bb1240e59ef9babc768dd600251ff4904f40304920972ff5b706,1,narrow_resnet_gn,42,2,0.79170966
74773d0c8f97c8872d42e776ebfd53b29635c3b80b6f888a440aab2c81fd46fe,74773d0c8f97c8872d42e776ebfd53b29635c3b80b6f888a440aab2c81fd46fe,1,narrow_resnet_gn,42,2,0.7914504
7e9ebe5e3006d2fbe31f191b04bc1b099ceb8d289e7a45f10077df19187a9021,7e9ebe5e3006d2fbe31f191b04bc1b099ceb8d289e7a45f10077df19187a9021,1,narrow_resnet_gn,42,2,0.87224257
37620b4b8c65c53aef47fa09e10df9ce20dcc41ebded86ec8c2e37b0a99946e4,37620b4b8c65c53aef47fa09e10df9ce20dcc41ebded86ec8c2e37b0a99946e4,1,narrow_resnet_gn,42,2,0.7407183
69539671b91647ea6da6be1be361bc4b6872f34f9bbd3c85f1cfa5443a838320,69539671b91647ea6da6be1be361bc4b6872f34f9bbd3c85f1cfa5443a838320,1,narrow_resnet_gn,42,2,0.8014288
ea7dc5bb1a8bbefda642a5a5ad32d5c79f6decb6f8d7a0441f0b3912d8df65d7,ea7dc5bb1a8bbefda642a5a5ad32d5c79f6decb6f8d7a0441f0b3912d8df65d7,1,narrow_resnet_gn,42,2,0.8001364
47edec7cf5074482816e0f126933dd75201afaceea91269766fd19a0e1dcbd23,47edec7cf5074482816e0f126933dd75201afaceea91269766fd19a0e1dcbd23,1,narrow_resnet_gn,42,2,0.7294199
11e4f6ea90b720a70880fa29a68ec3eca0117758aa0d89ffa458f85687126645,11e4f6ea90b720a70880fa29a68ec3eca0117758aa0d89ffa458f85687126645,1,narrow_resnet_gn,42,2,0.6630958
d200999060e799c7e792ab9864725f8f8c38182762b83bc27ae3e2d38e187d01,d200999060e799c7e792ab9864725f8f8c38182762b83bc27ae3e2d38e187d01,1,narrow_resnet_gn,42,2,0.87463766
446d46ed863618f0ff04e8b2adb4f8af368a4501e14c1d265c3fe9262a73c49b,446d46ed863618f0ff04e8b2adb4f8af368a4501e14c1d265c3fe9262a73c49b,1,narrow_resnet_gn,42,2,0.74979913
df65f1557e36230e790ffed732de9d1aa1263928c76b3d78cc69c1c0d53ad725,d200999060e799c7e792ab9864725f8f8c38182762b83bc27ae3e2d38e187d01,1,narrow_resnet_gn,42,2,0.8745269
292e7ecd789514df747778a15feeb10229484e54145cdf53d4171ac7095767ed,292e7ecd789514df747778a15feeb10229484e54145cdf53d4171ac7095767ed,1,narrow_resnet_gn,42,2,0.8210345
911c540a63b210ba72bd602a75c8196358e58f58a205d736184a7535abf18d9b,911c540a63b210ba72bd602a75c8196358e58f58a205d736184a7535abf18d9b,1,narrow_resnet_gn,42,2,0.70841384
03f0c02287ea5e6c362d4f0faf92bd5051adf16aad4e8d652255b311c0dfae80,03f0c02287ea5e6c362d4f0faf92bd5051adf16aad4e8d652255b311c0dfae80,1,narrow_resnet_gn,42,2,0.80051637
e17aa7fb2d8bf251e8fb3a885d2865ae2c62a4314f5b33c760fff27c800fc47b,e17aa7fb2d8bf251e8fb3a885d2865ae2c62a4314f5b33c760fff27c800fc47b,1,narrow_resnet_gn,42,2,0.88417417
2f2c1f55950d6e6debb2792a17caeffa3647a9fd22078ce4c87040deebe06dde,2f2c1f55950d6e6debb2792a17caeffa3647a9fd22078ce4c87040deebe06dde,1,narrow_resnet_gn,42,2,0.8484871
550d0cb250962b4ef1a0cbf8dade59019a8a5153041d49dbfea6410b89f2de79,550d0cb250962b4ef1a0cbf8dade59019a8a5153041d49dbfea6410b89f2de79,0,full,42,3,0.39880317
16266df37b596ba5c42fb4225ae4cb15711d304d322448d8f379e0f71b73ae03,16266df37b596ba5c42fb4225ae4cb15711d304d322448d8f379e0f71b73ae03,0,full,42,3,0.0108630005
87cdc2d151b003be78f52c0dc7c07c1b047f879846b8f7d96b95c39a3d62a70e,87cdc2d151b003be78f52c0dc7c07c1b047f879846b8f7d96b95c39a3d62a70e,0,full,42,3,0.020366224
019da44350c7f407f687bae7972cf5585a64977a32c8894384bc36589526e17d,019da44350c7f407f687bae7972cf5585a64977a32c8894384bc36589526e17d,0,full,42,3,0.7172634
02fc06d496bbdb0756b65e3b7fdf210a3c07d218b79e0d16eface84e5db72b89,02fc06d496bbdb0756b65e3b7fdf210a3c07d218b79e0d16eface84e5db72b89,0,full,42,3,0.021509176
4bda8fe0504ef79e0c9e3e86bb23aae41a67fc050c524ee0e18cc8f923a5da1c,4bda8fe0504ef79e0c9e3e86bb23aae41a67fc050c524ee0e18cc8f923a5da1c,0,full,42,3,0.05470094
24d646d7d0db7f6ed4fd2ce895d86acd1c879548873e89a83d72b7a148e2a8fb,24d646d7d0db7f6ed4fd2ce895d86acd1c879548873e89a83d72b7a148e2a8fb,0,full,42,3,0.9537768
3de32c152527af18060fc9a0eb01b0ede6025f1994ad3586e96c4a47c3e23898,3de32c152527af18060fc9a0eb01b0ede6025f1994ad3586e96c4a47c3e23898,0,full,42,3,0.87381935
7f2c92f25bb20cc189aa475c0e8c21ed0b70b538a33920e2fd6a3276522406f3,7f2c92f25bb20cc189aa475c0e8c21ed0b70b538a33920e2fd6a3276522406f3,0,full,42,3,0.002868195
c30f889c48513fe695a6509aa86ffa7952d40b96e13c1e84b319cf6914823e9a,3de32c152527af18060fc9a0eb01b0ede6025f1994ad3586e96c4a47c3e23898,0,full,42,3,0.91441226
1af16b025f254c861448bec4d04652b8f81a6850788d507160404fe4f14a5c4f,1af16b025f254c861448bec4d04652b8f81a6850788d507160404fe4f14a5c4f,0,full,42,3,0.96458
987c812a794593c0a8b58f1eed8aac0cf015230fc3a1640b82cf95d91a5609c5,987c812a794593c0a8b58f1eed8aac0cf015230fc3a1640b82cf95d91a5609c5,0,full,42,3,0.019324334
eab1eeda798eb5191c4547fb06ccdb98a91b4b4536417d5aa75529cbd2897cad,eab1eeda798eb5191c4547fb06ccdb98a91b4b4536417d5aa75529cbd2897cad,0,full,42,3,0.10862283
96dc1ea3df3a481c9959598a38a12ce3ad1fe7159bb523a0c3cc7df71d2539fb,96dc1ea3df3a481c9959598a38a12ce3ad1fe7159bb523a0c3cc7df71d2539fb,0,full,42,3,0.010445323
69f020ad229e313caa6d2ba04285a8fd070c7bd45d1759c9ad22a89902c98500,69f020ad229e313caa6d2ba04285a8fd070c7bd45d1759c9ad22a89902c98500,0,full,42,3,0.03177931
e30545c15b64efcf60c0cd2b7d635d3af6d842df4753ebffd331d1363ba601ea,e30545c15b64efcf60c0cd2b7d635d3af6d842df4753ebffd331d1363ba601ea,1,full,42,3,0.015234846
8a7b8d8d0ce44d78c292dab54e953a2abb51a20a1e08ca691cea5bc3725bd729,8a7b8d8d0ce44d78c292dab54e953a2abb51a20a1e08ca691cea5bc3725bd729,1,full,42,3,0.9714935
0e73f125d639eb939b9fac62506a72251c106ac784c139c3ffcd160b58b54d03,0e73f125d639eb939b9fac62506a72251c106ac784c139c3ffcd160b58b54d03,1,full,42,3,0.24455342
329f1df4eb53b0530dcf747e4459b87e11fc5ea7c4310a090dbe01f5e925ac38,329f1df4eb53b0530dcf747e4459b87e11fc5ea7c4310a090dbe01f5e925ac38,1,full,42,3,0.9652172
665398dd64a3482917a9fc377bbcbee957e0f4bf4e48a7d49fb3c6bfcfdd73c9,665398dd64a3482917a9fc377bbcbee957e0f4bf4e48a7d49fb3c6bfcfdd73c9,1,full,42,3,0.9706152
44a9fb3b86cdeb63e8858c40ac79c109d89382cfb30fafa7eb703449c7433ada,44a9fb3b86cdeb63e8858c40ac79c109d89382cfb30fafa7eb703449c7433ada,1,full,42,3,0.89430666
917c2b80ad1d6f68ad73193c916a97ad9f0c1631bfa2279f7e1a3f4cfab69e69,917c2b80ad1d6f68ad73193c916a97ad9f0c1631bfa2279f7e1a3f4cfab69e69,1,full,42,3,0.97188884
b9f9d5612381f7fcb0a7403d37521ff95c4552a276dc1afb02f2739e62a12d10,b9f9d5612381f7fcb0a7403d37521ff95c4552a276dc1afb02f2739e62a12d10,1,full,42,3,0.5288617
5aad9032ce847fbf5fbef835461e111546a72ba7e2e2b207f59845a52082ed85,5aad9032ce847fbf5fbef835461e111546a72ba7e2e2b207f59845a52082ed85,1,full,42,3,0.080251016
f8b081d13042660a736ea3535411752118892f3a03e6083f3b1e09a2c4ffea5e,f8b081d13042660a736ea3535411752118892f3a03e6083f3b1e09a2c4ffea5e,1,full,42,3,0.95473313
681e44e7111a482ff90f70efd6cdf2b884d671322604ff93c091e46b55b2064d,681e44e7111a482ff90f70efd6cdf2b884d671322604ff93c091e46b55b2064d,1,full,42,3,0.16635822
2f0019ed81ac1f1e20cb097e01ef675244c5a5c79cd53252977cf1ac511696f4,2f0019ed81ac1f1e20cb097e01ef675244c5a5c79cd53252977cf1ac511696f4,1,full,42,3,0.99212366
70fccd62038f1e8f3fcba827e8b0f332f75bc4e329d47d979515a6fbf63c607c,70fccd62038f1e8f3fcba827e8b0f332f75bc4e329d47d979515a6fbf63c607c,1,full,42,3,0.989239
078b62143609978eff9ee30251ed34d52c9e799ca00d04fdf166ff0d2d7644ba,078b62143609978eff9ee30251ed34d52c9e799ca00d04fdf166ff0d2d7644ba,1,full,42,3,0.98704416
adbda2cd245abb1f50d6fc13b63018dc3d585ae06229465743f8da20dd011023,adbda2cd245abb1f50d6fc13b63018dc3d585ae06229465743f8da20dd011023,1,full,42,3,0.9871973
254ec0b2133af0acfddca8c448b694d23d062f985daf388d05ced2f269372966,254ec0b2133af0acfddca8c448b694d23d062f985daf388d05ced2f269372966,1,full,42,3,0.97935575
caf1bb9b61f8ce8b71c6d7283ed913e49686befe54572e9371c99680b62e8190,caf1bb9b61f8ce8b71c6d7283ed913e49686befe54572e9371c99680b62e8190,1,full,42,3,0.9878042
536ae010b72dec062b3a689b3915910694c732a12098ef5bdc10ebe81b7477f3,536ae010b72dec062b3a689b3915910694c732a12098ef5bdc10ebe81b7477f3,1,full,42,3,0.98449117
c626d3b0cbc6ba8ea7e9049da47367c61b054c32f61809d3752c3e734d5062e9,c626d3b0cbc6ba8ea7e9049da47367c61b054c32f61809d3752c3e734d5062e9,1,full,42,3,0.94829583
a734d21670a7344e01b0dec42fc76147cd87a3d4bdf41f56aae6ee1f91aa32b9,a734d21670a7344e01b0dec42fc76147cd87a3d4bdf41f56aae6ee1f91aa32b9,1,full,42,3,0.02343763
bb28460f798cf3c1437974cff9208b3a5d3adc72304da42e7ddbb2232cf0117a,bb28460f798cf3c1437974cff9208b3a5d3adc72304da42e7ddbb2232cf0117a,1,full,42,3,0.1467723
d1a91e77cf6f1ebf0127b7f8154ce032b9b1aa2a79156f123da382c49d536320,d1a91e77cf6f1ebf0127b7f8154ce032b9b1aa2a79156f123da382c49d536320,1,full,42,3,0.9811272
8fd29c26253f5b732202ec57a7031eb06ca6a2bd426f107e00973ddc713f628a,8fd29c26253f5b732202ec57a7031eb06ca6a2bd426f107e00973ddc713f628a,1,full,42,3,0.8417918
d372be321de1f98feb43f054912464cb4f983b8a24ef0376036ea2c8ec122b41,d372be321de1f98feb43f054912464cb4f983b8a24ef0376036ea2c8ec122b41,1,full,42,3,0.9383924
207b091128fc623231f1f7b9e0cc5fb1c112ef55d8d14933de01a634a07cbb7e,207b091128fc623231f1f7b9e0cc5fb1c112ef55d8d14933de01a634a07cbb7e,1,full,42,3,0.2987388
48e14956e775a971778412f5edbc26f87ed3ae651aeca48fc069294f6dcc166c,48e14956e775a971778412f5edbc26f87ed3ae651aeca48fc069294f6dcc166c,1,full,42,3,0.06509437
a72f7ff6699463e309b867152937536c79c3a8e1ebe62553c6fcdaa1a07c304a,a72f7ff6699463e309b867152937536c79c3a8e1ebe62553c6fcdaa1a07c304a,1,full,42,3,0.4329731
6f5d6cc12ba22d7a4d7fe85d4d5df6e22060234401ce415fe7a8577a2c61071f,6f5d6cc12ba22d7a4d7fe85d4d5df6e22060234401ce415fe7a8577a2c61071f,1,full,42,3,0.9888337
550d0cb250962b4ef1a0cbf8dade59019a8a5153041d49dbfea6410b89f2de79,550d0cb250962b4ef1a0cbf8dade59019a8a5153041d49dbfea6410b89f2de79,0,no_attention,42,3,0.07387595
16266df37b596ba5c42fb4225ae4cb15711d304d322448d8f379e0f71b73ae03,16266df37b596ba5c42fb4225ae4cb15711d304d322448d8f379e0f71b73ae03,0,no_attention,42,3,0.007059118
87cdc2d151b003be78f52c0dc7c07c1b047f879846b8f7d96b95c39a3d62a70e,87cdc2d151b003be78f52c0dc7c07c1b047f879846b8f7d96b95c39a3d62a70e,0,no_attention,42,3,0.037031434
019da44350c7f407f687bae7972cf5585a64977a32c8894384bc36589526e17d,019da44350c7f407f687bae7972cf5585a64977a32c8894384bc36589526e17d,0,no_attention,42,3,0.61653304
02fc06d496bbdb0756b65e3b7fdf210a3c07d218b79e0d16eface84e5db72b89,02fc06d496bbdb0756b65e3b7fdf210a3c07d218b79e0d16eface84e5db72b89,0,no_attention,42,3,0.021091674
4bda8fe0504ef79e0c9e3e86bb23aae41a67fc050c524ee0e18cc8f923a5da1c,4bda8fe0504ef79e0c9e3e86bb23aae41a67fc050c524ee0e18cc8f923a5da1c,0,no_attention,42,3,0.36015484
24d646d7d0db7f6ed4fd2ce895d86acd1c879548873e89a83d72b7a148e2a8fb,24d646d7d0db7f6ed4fd2ce895d86acd1c879548873e89a83d72b7a148e2a8fb,0,no_attention,42,3,0.123071656
3de32c152527af18060fc9a0eb01b0ede6025f1994ad3586e96c4a47c3e23898,3de32c152527af18060fc9a0eb01b0ede6025f1994ad3586e96c4a47c3e23898,0,no_attention,42,3,0.9299342
7f2c92f25bb20cc189aa475c0e8c21ed0b70b538a33920e2fd6a3276522406f3,7f2c92f25bb20cc189aa475c0e8c21ed0b70b538a33920e2fd6a3276522406f3,0,no_attention,42,3,0.031420268
c30f889c48513fe695a6509aa86ffa7952d40b96e13c1e84b319cf6914823e9a,3de32c152527af18060fc9a0eb01b0ede6025f1994ad3586e96c4a47c3e23898,0,no_attention,42,3,0.9293326
1af16b025f254c861448bec4d04652b8f81a6850788d507160404fe4f14a5c4f,1af16b025f254c861448bec4d04652b8f81a6850788d507160404fe4f14a5c4f,0,no_attention,42,3,0.77517843
987c812a794593c0a8b58f1eed8aac0cf015230fc3a1640b82cf95d91a5609c5,987c812a794593c0a8b58f1eed8aac0cf015230fc3a1640b82cf95d91a5609c5,0,no_attention,42,3,0.017907823
eab1eeda798eb5191c4547fb06ccdb98a91b4b4536417d5aa75529cbd2897cad,eab1eeda798eb5191c4547fb06ccdb98a91b4b4536417d5aa75529cbd2897cad,0,no_attention,42,3,0.029301042
96dc1ea3df3a481c9959598a38a12ce3ad1fe7159bb523a0c3cc7df71d2539fb,96dc1ea3df3a481c9959598a38a12ce3ad1fe7159bb523a0c3cc7df71d2539fb,0,no_attention,42,3,0.11750982
69f020ad229e313caa6d2ba04285a8fd070c7bd45d1759c9ad22a89902c98500,69f020ad229e313caa6d2ba04285a8fd070c7bd45d1759c9ad22a89902c98500,0,no_attention,42,3,0.08376356
e30545c15b64efcf60c0cd2b7d635d3af6d842df4753ebffd331d1363ba601ea,e30545c15b64efcf60c0cd2b7d635d3af6d842df4753ebffd331d1363ba601ea,1,no_attention,42,3,0.095832795
8a7b8d8d0ce44d78c292dab54e953a2abb51a20a1e08ca691cea5bc3725bd729,8a7b8d8d0ce44d78c292dab54e953a2abb51a20a1e08ca691cea5bc3725bd729,1,no_attention,42,3,0.8116126
0e73f125d639eb939b9fac62506a72251c106ac784c139c3ffcd160b58b54d03,0e73f125d639eb939b9fac62506a72251c106ac784c139c3ffcd160b58b54d03,1,no_attention,42,3,0.011698422
329f1df4eb53b0530dcf747e4459b87e11fc5ea7c4310a090dbe01f5e925ac38,329f1df4eb53b0530dcf747e4459b87e11fc5ea7c4310a090dbe01f5e925ac38,1,no_attention,42,3,0.972429
665398dd64a3482917a9fc377bbcbee957e0f4bf4e48a7d49fb3c6bfcfdd73c9,665398dd64a3482917a9fc377bbcbee957e0f4bf4e48a7d49fb3c6bfcfdd73c9,1,no_attention,42,3,0.9563445
44a9fb3b86cdeb63e8858c40ac79c109d89382cfb30fafa7eb703449c7433ada,44a9fb3b86cdeb63e8858c40ac79c109d89382cfb30fafa7eb703449c7433ada,1,no_attention,42,3,0.73840237
917c2b80ad1d6f68ad73193c916a97ad9f0c1631bfa2279f7e1a3f4cfab69e69,917c2b80ad1d6f68ad73193c916a97ad9f0c1631bfa2279f7e1a3f4cfab69e69,1,no_attention,42,3,0.9449529
b9f9d5612381f7fcb0a7403d37521ff95c4552a276dc1afb02f2739e62a12d10,b9f9d5612381f7fcb0a7403d37521ff95c4552a276dc1afb02f2739e62a12d10,1,no_attention,42,3,0.039176635
5aad9032ce847fbf5fbef835461e111546a72ba7e2e2b207f59845a52082ed85,5aad9032ce847fbf5fbef835461e111546a72ba7e2e2b207f59845a52082ed85,1,no_attention,42,3,0.61324334
f8b081d13042660a736ea3535411752118892f3a03e6083f3b1e09a2c4ffea5e,f8b081d13042660a736ea3535411752118892f3a03e6083f3b1e09a2c4ffea5e,1,no_attention,42,3,0.70722294
681e44e7111a482ff90f70efd6cdf2b884d671322604ff93c091e46b55b2064d,681e44e7111a482ff90f70efd6cdf2b884d671322604ff93c091e46b55b2064d,1,no_attention,42,3,0.39054602
2f0019ed81ac1f1e20cb097e01ef675244c5a5c79cd53252977cf1ac511696f4,2f0019ed81ac1f1e20cb097e01ef675244c5a5c79cd53252977cf1ac511696f4,1,no_attention,42,3,0.96444815
70fccd62038f1e8f3fcba827e8b0f332f75bc4e329d47d979515a6fbf63c607c,70fccd62038f1e8f3fcba827e8b0f332f75bc4e329d47d979515a6fbf63c607c,1,no_attention,42,3,0.98170555
078b62143609978eff9ee30251ed34d52c9e799ca00d04fdf166ff0d2d7644ba,078b62143609978eff9ee30251ed34d52c9e799ca00d04fdf166ff0d2d7644ba,1,no_attention,42,3,0.9559863
adbda2cd245abb1f50d6fc13b63018dc3d585ae06229465743f8da20dd011023,adbda2cd245abb1f50d6fc13b63018dc3d585ae06229465743f8da20dd011023,1,no_attention,42,3,0.9747745
254ec0b2133af0acfddca8c448b694d23d062f985daf388d05ced2f269372966,254ec0b2133af0acfddca8c448b694d23d062f985daf388d05ced2f269372966,1,no_attention,42,3,0.94534856
caf1bb9b61f8ce8b71c6d7283ed913e49686befe54572e9371c99680b62e8190,caf1bb9b61f8ce8b71c6d7283ed913e49686befe54572e9371c99680b62e8190,1,no_attention,42,3,0.97040915
536ae010b72dec062b3a689b3915910694c732a12098ef5bdc10ebe81b7477f3,536ae010b72dec062b3a689b3915910694c732a12098ef5bdc10ebe81b7477f3,1,no_attention,42,3,0.99152315
c626d3b0cbc6ba8ea7e9049da47367c61b054c32f61809d3752c3e734d5062e9,c626d3b0cbc6ba8ea7e9049da47367c61b054c32f61809d3752c3e734d5062e9,1,no_attention,42,3,0.92820704
a734d21670a7344e01b0dec42fc76147cd87a3d4bdf41f56aae6ee1f91aa32b9,a734d21670a7344e01b0dec42fc76147cd87a3d4bdf41f56aae6ee1f91aa32b9,1,no_attention,42,3,0.34705833
bb28460f798cf3c1437974cff9208b3a5d3adc72304da42e7ddbb2232cf0117a,bb28460f798cf3c1437974cff9208b3a5d3adc72304da42e7ddbb2232cf0117a,1,no_attention,42,3,0.71412915
d1a91e77cf6f1ebf0127b7f8154ce032b9b1aa2a79156f123da382c49d536320,d1a91e77cf6f1ebf0127b7f8154ce032b9b1aa2a79156f123da382c49d536320,1,no_attention,42,3,0.99216497
8fd29c26253f5b732202ec57a7031eb06ca6a2bd426f107e00973ddc713f628a,8fd29c26253f5b732202ec57a7031eb06ca6a2bd426f107e00973ddc713f628a,1,no_attention,42,3,0.13803348
d372be321de1f98feb43f054912464cb4f983b8a24ef0376036ea2c8ec122b41,d372be321de1f98feb43f054912464cb4f983b8a24ef0376036ea2c8ec122b41,1,no_attention,42,3,0.9643487
207b091128fc623231f1f7b9e0cc5fb1c112ef55d8d14933de01a634a07cbb7e,207b091128fc623231f1f7b9e0cc5fb1c112ef55d8d14933de01a634a07cbb7e,1,no_attention,42,3,0.10313116
48e14956e775a971778412f5edbc26f87ed3ae651aeca48fc069294f6dcc166c,48e14956e775a971778412f5edbc26f87ed3ae651aeca48fc069294f6dcc166c,1,no_attention,42,3,0.2652156
a72f7ff6699463e309b867152937536c79c3a8e1ebe62553c6fcdaa1a07c304a,a72f7ff6699463e309b867152937536c79c3a8e1ebe62553c6fcdaa1a07c304a,1,no_attention,42,3,0.12882705
6f5d6cc12ba22d7a4d7fe85d4d5df6e22060234401ce415fe7a8577a2c61071f,6f5d6cc12ba22d7a4d7fe85d4d5df6e22060234401ce415fe7a8577a2c61071f,1,no_attention,42,3,0.9536579
550d0cb250962b4ef1a0cbf8dade59019a8a5153041d49dbfea6410b89f2de79,550d0cb250962b4ef1a0cbf8dade59019a8a5153041d49dbfea6410b89f2de79,0,no_multiscale,42,3,0.8889423
16266df37b596ba5c42fb4225ae4cb15711d304d322448d8f379e0f71b73ae03,16266df37b596ba5c42fb4225ae4cb15711d304d322448d8f379e0f71b73ae03,0,no_multiscale,42,3,0.010792872
87cdc2d151b003be78f52c0dc7c07c1b047f879846b8f7d96b95c39a3d62a70e,87cdc2d151b003be78f52c0dc7c07c1b047f879846b8f7d96b95c39a3d62a70e,0,no_multiscale,42,3,0.006312178
019da44350c7f407f687bae7972cf5585a64977a32c8894384bc36589526e17d,019da44350c7f407f687bae7972cf5585a64977a32c8894384bc36589526e17d,0,no_multiscale,42,3,0.9339002
02fc06d496bbdb0756b65e3b7fdf210a3c07d218b79e0d16eface84e5db72b89,02fc06d496bbdb0756b65e3b7fdf210a3c07d218b79e0d16eface84e5db72b89,0,no_multiscale,42,3,0.020267593
4bda8fe0504ef79e0c9e3e86bb23aae41a67fc050c524ee0e18cc8f923a5da1c,4bda8fe0504ef79e0c9e3e86bb23aae41a67fc050c524ee0e18cc8f923a5da1c,0,no_multiscale,42,3,0.19331498
24d646d7d0db7f6ed4fd2ce895d86acd1c879548873e89a83d72b7a148e2a8fb,24d646d7d0db7f6ed4fd2ce895d86acd1c879548873e89a83d72b7a148e2a8fb,0,no_multiscale,42,3,0.3526447
3de32c152527af18060fc9a0eb01b0ede6025f1994ad3586e96c4a47c3e23898,3de32c152527af18060fc9a0eb01b0ede6025f1994ad3586e96c4a47c3e23898,0,no_multiscale,42,3,0.7124132
7f2c92f25bb20cc189aa475c0e8c21ed0b70b538a33920e2fd6a3276522406f3,7f2c92f25bb20cc189aa475c0e8c21ed0b70b538a33920e2fd6a3276522406f3,0,no_multiscale,42,3,0.014213957
c30f889c48513fe695a6509aa86ffa7952d40b96e13c1e84b319cf6914823e9a,3de32c152527af18060fc9a0eb01b0ede6025f1994ad3586e96c4a47c3e23898,0,no_multiscale,42,3,0.60652566
1af16b025f254c861448bec4d04652b8f81a6850788d507160404fe4f14a5c4f,1af16b025f254c861448bec4d04652b8f81a6850788d507160404fe4f14a5c4f,0,no_multiscale,42,3,0.97795063
987c812a794593c0a8b58f1eed8aac0cf015230fc3a1640b82cf95d91a5609c5,987c812a794593c0a8b58f1eed8aac0cf015230fc3a1640b82cf95d91a5609c5,0,no_multiscale,42,3,0.01072073
eab1eeda798eb5191c4547fb06ccdb98a91b4b4536417d5aa75529cbd2897cad,eab1eeda798eb5191c4547fb06ccdb98a91b4b4536417d5aa75529cbd2897cad,0,no_multiscale,42,3,0.6523919
96dc1ea3df3a481c9959598a38a12ce3ad1fe7159bb523a0c3cc7df71d2539fb,96dc1ea3df3a481c9959598a38a12ce3ad1fe7159bb523a0c3cc7df71d2539fb,0,no_multiscale,42,3,0.020512905
69f020ad229e313caa6d2ba04285a8fd070c7bd45d1759c9ad22a89902c98500,69f020ad229e313caa6d2ba04285a8fd070c7bd45d1759c9ad22a89902c98500,0,no_multiscale,42,3,0.03258422
e30545c15b64efcf60c0cd2b7d635d3af6d842df4753ebffd331d1363ba601ea,e30545c15b64efcf60c0cd2b7d635d3af6d842df4753ebffd331d1363ba601ea,1,no_multiscale,42,3,0.04383879
8a7b8d8d0ce44d78c292dab54e953a2abb51a20a1e08ca691cea5bc3725bd729,8a7b8d8d0ce44d78c292dab54e953a2abb51a20a1e08ca691cea5bc3725bd729,1,no_multiscale,42,3,0.96968275
0e73f125d639eb939b9fac62506a72251c106ac784c139c3ffcd160b58b54d03,0e73f125d639eb939b9fac62506a72251c106ac784c139c3ffcd160b58b54d03,1,no_multiscale,42,3,0.03969557
329f1df4eb53b0530dcf747e4459b87e11fc5ea7c4310a090dbe01f5e925ac38,329f1df4eb53b0530dcf747e4459b87e11fc5ea7c4310a090dbe01f5e925ac38,1,no_multiscale,42,3,0.9723068
665398dd64a3482917a9fc377bbcbee957e0f4bf4e48a7d49fb3c6bfcfdd73c9,665398dd64a3482917a9fc377bbcbee957e0f4bf4e48a7d49fb3c6bfcfdd73c9,1,no_multiscale,42,3,0.9781701
44a9fb3b86cdeb63e8858c40ac79c109d89382cfb30fafa7eb703449c7433ada,44a9fb3b86cdeb63e8858c40ac79c109d89382cfb30fafa7eb703449c7433ada,1,no_multiscale,42,3,0.955607
917c2b80ad1d6f68ad73193c916a97ad9f0c1631bfa2279f7e1a3f4cfab69e69,917c2b80ad1d6f68ad73193c916a97ad9f0c1631bfa2279f7e1a3f4cfab69e69,1,no_multiscale,42,3,0.9800498
b9f9d5612381f7fcb0a7403d37521ff95c4552a276dc1afb02f2739e62a12d10,b9f9d5612381f7fcb0a7403d37521ff95c4552a276dc1afb02f2739e62a12d10,1,no_multiscale,42,3,0.73452
5aad9032ce847fbf5fbef835461e111546a72ba7e2e2b207f59845a52082ed85,5aad9032ce847fbf5fbef835461e111546a72ba7e2e2b207f59845a52082ed85,1,no_multiscale,42,3,0.77601355
f8b081d13042660a736ea3535411752118892f3a03e6083f3b1e09a2c4ffea5e,f8b081d13042660a736ea3535411752118892f3a03e6083f3b1e09a2c4ffea5e,1,no_multiscale,42,3,0.9746617
681e44e7111a482ff90f70efd6cdf2b884d671322604ff93c091e46b55b2064d,681e44e7111a482ff90f70efd6cdf2b884d671322604ff93c091e46b55b2064d,1,no_multiscale,42,3,0.8782974
2f0019ed81ac1f1e20cb097e01ef675244c5a5c79cd53252977cf1ac511696f4,2f0019ed81ac1f1e20cb097e01ef675244c5a5c79cd53252977cf1ac511696f4,1,no_multiscale,42,3,0.99192154
70fccd62038f1e8f3fcba827e8b0f332f75bc4e329d47d979515a6fbf63c607c,70fccd62038f1e8f3fcba827e8b0f332f75bc4e329d47d979515a6fbf63c607c,1,no_multiscale,42,3,0.9885959
078b62143609978eff9ee30251ed34d52c9e799ca00d04fdf166ff0d2d7644ba,078b62143609978eff9ee30251ed34d52c9e799ca00d04fdf166ff0d2d7644ba,1,no_multiscale,42,3,0.9920032
adbda2cd245abb1f50d6fc13b63018dc3d585ae06229465743f8da20dd011023,adbda2cd245abb1f50d6fc13b63018dc3d585ae06229465743f8da20dd011023,1,no_multiscale,42,3,0.98913133
254ec0b2133af0acfddca8c448b694d23d062f985daf388d05ced2f269372966,254ec0b2133af0acfddca8c448b694d23d062f985daf388d05ced2f269372966,1,no_multiscale,42,3,0.98637474
caf1bb9b61f8ce8b71c6d7283ed913e49686befe54572e9371c99680b62e8190,caf1bb9b61f8ce8b71c6d7283ed913e49686befe54572e9371c99680b62e8190,1,no_multiscale,42,3,0.98015755
536ae010b72dec062b3a689b3915910694c732a12098ef5bdc10ebe81b7477f3,536ae010b72dec062b3a689b3915910694c732a12098ef5bdc10ebe81b7477f3,1,no_multiscale,42,3,0.9888469
c626d3b0cbc6ba8ea7e9049da47367c61b054c32f61809d3752c3e734d5062e9,c626d3b0cbc6ba8ea7e9049da47367c61b054c32f61809d3752c3e734d5062e9,1,no_multiscale,42,3,0.97391474
a734d21670a7344e01b0dec42fc76147cd87a3d4bdf41f56aae6ee1f91aa32b9,a734d21670a7344e01b0dec42fc76147cd87a3d4bdf41f56aae6ee1f91aa32b9,1,no_multiscale,42,3,0.34706926
bb28460f798cf3c1437974cff9208b3a5d3adc72304da42e7ddbb2232cf0117a,bb28460f798cf3c1437974cff9208b3a5d3adc72304da42e7ddbb2232cf0117a,1,no_multiscale,42,3,0.92549103
d1a91e77cf6f1ebf0127b7f8154ce032b9b1aa2a79156f123da382c49d536320,d1a91e77cf6f1ebf0127b7f8154ce032b9b1aa2a79156f123da382c49d536320,1,no_multiscale,42,3,0.98369455
8fd29c26253f5b732202ec57a7031eb06ca6a2bd426f107e00973ddc713f628a,8fd29c26253f5b732202ec57a7031eb06ca6a2bd426f107e00973ddc713f628a,1,no_multiscale,42,3,0.5683212
d372be321de1f98feb43f054912464cb4f983b8a24ef0376036ea2c8ec122b41,d372be321de1f98feb43f054912464cb4f983b8a24ef0376036ea2c8ec122b41,1,no_multiscale,42,3,0.9809114
207b091128fc623231f1f7b9e0cc5fb1c112ef55d8d14933de01a634a07cbb7e,207b091128fc623231f1f7b9e0cc5fb1c112ef55d8d14933de01a634a07cbb7e,1,no_multiscale,42,3,0.9223156
48e14956e775a971778412f5edbc26f87ed3ae651aeca48fc069294f6dcc166c,48e14956e775a971778412f5edbc26f87ed3ae651aeca48fc069294f6dcc166c,1,no_multiscale,42,3,0.18109415
a72f7ff6699463e309b867152937536c79c3a8e1ebe62553c6fcdaa1a07c304a,a72f7ff6699463e309b867152937536c79c3a8e1ebe62553c6fcdaa1a07c304a,1,no_multiscale,42,3,0.0065135974
6f5d6cc12ba22d7a4d7fe85d4d5df6e22060234401ce415fe7a8577a2c61071f,6f5d6cc12ba22d7a4d7fe85d4d5df6e22060234401ce415fe7a8577a2c61071f,1,no_multiscale,42,3,0.98042643
550d0cb250962b4ef1a0cbf8dade59019a8a5153041d49dbfea6410b89f2de79,550d0cb250962b4ef1a0cbf8dade59019a8a5153041d49dbfea6410b89f2de79,0,no_attention_no_multiscale,42,3,0.4628603
16266df37b596ba5c42fb4225ae4cb15711d304d322448d8f379e0f71b73ae03,16266df37b596ba5c42fb4225ae4cb15711d304d322448d8f379e0f71b73ae03,0,no_attention_no_multiscale,42,3,0.03183208
87cdc2d151b003be78f52c0dc7c07c1b047f879846b8f7d96b95c39a3d62a70e,87cdc2d151b003be78f52c0dc7c07c1b047f879846b8f7d96b95c39a3d62a70e,0,no_attention_no_multiscale,42,3,0.15204473
019da44350c7f407f687bae7972cf5585a64977a32c8894384bc36589526e17d,019da44350c7f407f687bae7972cf5585a64977a32c8894384bc36589526e17d,0,no_attention_no_multiscale,42,3,0.908843
02fc06d496bbdb0756b65e3b7fdf210a3c07d218b79e0d16eface84e5db72b89,02fc06d496bbdb0756b65e3b7fdf210a3c07d218b79e0d16eface84e5db72b89,0,no_attention_no_multiscale,42,3,0.32651857
4bda8fe0504ef79e0c9e3e86bb23aae41a67fc050c524ee0e18cc8f923a5da1c,4bda8fe0504ef79e0c9e3e86bb23aae41a67fc050c524ee0e18cc8f923a5da1c,0,no_attention_no_multiscale,42,3,0.86458147
24d646d7d0db7f6ed4fd2ce895d86acd1c879548873e89a83d72b7a148e2a8fb,24d646d7d0db7f6ed4fd2ce895d86acd1c879548873e89a83d72b7a148e2a8fb,0,no_attention_no_multiscale,42,3,0.71741885
3de32c152527af18060fc9a0eb01b0ede6025f1994ad3586e96c4a47c3e23898,3de32c152527af18060fc9a0eb01b0ede6025f1994ad3586e96c4a47c3e23898,0,no_attention_no_multiscale,42,3,0.92816514
7f2c92f25bb20cc189aa475c0e8c21ed0b70b538a33920e2fd6a3276522406f3,7f2c92f25bb20cc189aa475c0e8c21ed0b70b538a33920e2fd6a3276522406f3,0,no_attention_no_multiscale,42,3,0.038647056
c30f889c48513fe695a6509aa86ffa7952d40b96e13c1e84b319cf6914823e9a,3de32c152527af18060fc9a0eb01b0ede6025f1994ad3586e96c4a47c3e23898,0,no_attention_no_multiscale,42,3,0.93088925
1af16b025f254c861448bec4d04652b8f81a6850788d507160404fe4f14a5c4f,1af16b025f254c861448bec4d04652b8f81a6850788d507160404fe4f14a5c4f,0,no_attention_no_multiscale,42,3,0.97159314
987c812a794593c0a8b58f1eed8aac0cf015230fc3a1640b82cf95d91a5609c5,987c812a794593c0a8b58f1eed8aac0cf015230fc3a1640b82cf95d91a5609c5,0,no_attention_no_multiscale,42,3,0.06441042
eab1eeda798eb5191c4547fb06ccdb98a91b4b4536417d5aa75529cbd2897cad,eab1eeda798eb5191c4547fb06ccdb98a91b4b4536417d5aa75529cbd2897cad,0,no_attention_no_multiscale,42,3,0.30518666
96dc1ea3df3a481c9959598a38a12ce3ad1fe7159bb523a0c3cc7df71d2539fb,96dc1ea3df3a481c9959598a38a12ce3ad1fe7159bb523a0c3cc7df71d2539fb,0,no_attention_no_multiscale,42,3,0.23127101
69f020ad229e313caa6d2ba04285a8fd070c7bd45d1759c9ad22a89902c98500,69f020ad229e313caa6d2ba04285a8fd070c7bd45d1759c9ad22a89902c98500,0,no_attention_no_multiscale,42,3,0.49937204
e30545c15b64efcf60c0cd2b7d635d3af6d842df4753ebffd331d1363ba601ea,e30545c15b64efcf60c0cd2b7d635d3af6d842df4753ebffd331d1363ba601ea,1,no_attention_no_multiscale,42,3,0.12556106
8a7b8d8d0ce44d78c292dab54e953a2abb51a20a1e08ca691cea5bc3725bd729,8a7b8d8d0ce44d78c292dab54e953a2abb51a20a1e08ca691cea5bc3725bd729,1,no_attention_no_multiscale,42,3,0.94527954
0e73f125d639eb939b9fac62506a72251c106ac784c139c3ffcd160b58b54d03,0e73f125d639eb939b9fac62506a72251c106ac784c139c3ffcd160b58b54d03,1,no_attention_no_multiscale,42,3,0.29825178
329f1df4eb53b0530dcf747e4459b87e11fc5ea7c4310a090dbe01f5e925ac38,329f1df4eb53b0530dcf747e4459b87e11fc5ea7c4310a090dbe01f5e925ac38,1,no_attention_no_multiscale,42,3,0.99260473
665398dd64a3482917a9fc377bbcbee957e0f4bf4e48a7d49fb3c6bfcfdd73c9,665398dd64a3482917a9fc377bbcbee957e0f4bf4e48a7d49fb3c6bfcfdd73c9,1,no_attention_no_multiscale,42,3,0.9738859
44a9fb3b86cdeb63e8858c40ac79c109d89382cfb30fafa7eb703449c7433ada,44a9fb3b86cdeb63e8858c40ac79c109d89382cfb30fafa7eb703449c7433ada,1,no_attention_no_multiscale,42,3,0.97424513
917c2b80ad1d6f68ad73193c916a97ad9f0c1631bfa2279f7e1a3f4cfab69e69,917c2b80ad1d6f68ad73193c916a97ad9f0c1631bfa2279f7e1a3f4cfab69e69,1,no_attention_no_multiscale,42,3,0.9662347
b9f9d5612381f7fcb0a7403d37521ff95c4552a276dc1afb02f2739e62a12d10,b9f9d5612381f7fcb0a7403d37521ff95c4552a276dc1afb02f2739e62a12d10,1,no_attention_no_multiscale,42,3,0.74360526
5aad9032ce847fbf5fbef835461e111546a72ba7e2e2b207f59845a52082ed85,5aad9032ce847fbf5fbef835461e111546a72ba7e2e2b207f59845a52082ed85,1,no_attention_no_multiscale,42,3,0.9793549
f8b081d13042660a736ea3535411752118892f3a03e6083f3b1e09a2c4ffea5e,f8b081d13042660a736ea3535411752118892f3a03e6083f3b1e09a2c4ffea5e,1,no_attention_no_multiscale,42,3,0.72482824
681e44e7111a482ff90f70efd6cdf2b884d671322604ff93c091e46b55b2064d,681e44e7111a482ff90f70efd6cdf2b884d671322604ff93c091e46b55b2064d,1,no_attention_no_multiscale,42,3,0.87066895
2f0019ed81ac1f1e20cb097e01ef675244c5a5c79cd53252977cf1ac511696f4,2f0019ed81ac1f1e20cb097e01ef675244c5a5c79cd53252977cf1ac511696f4,1,no_attention_no_multiscale,42,3,0.9848824
70fccd62038f1e8f3fcba827e8b0f332f75bc4e329d47d979515a6fbf63c607c,70fccd62038f1e8f3fcba827e8b0f332f75bc4e329d47d979515a6fbf63c607c,1,no_attention_no_multiscale,42,3,0.97802657
078b62143609978eff9ee30251ed34d52c9e799ca00d04fdf166ff0d2d7644ba,078b62143609978eff9ee30251ed34d52c9e799ca00d04fdf166ff0d2d7644ba,1,no_attention_no_multiscale,42,3,0.9949852
adbda2cd245abb1f50d6fc13b63018dc3d585ae06229465743f8da20dd011023,adbda2cd245abb1f50d6fc13b63018dc3d585ae06229465743f8da20dd011023,1,no_attention_no_multiscale,42,3,0.9781823
254ec0b2133af0acfddca8c448b694d23d062f985daf388d05ced2f269372966,254ec0b2133af0acfddca8c448b694d23d062f985daf388d05ced2f269372966,1,no_attention_no_multiscale,42,3,0.9722783
caf1bb9b61f8ce8b71c6d7283ed913e49686befe54572e9371c99680b62e8190,caf1bb9b61f8ce8b71c6d7283ed913e49686befe54572e9371c99680b62e8190,1,no_attention_no_multiscale,42,3,0.9884979
536ae010b72dec062b3a689b3915910694c732a12098ef5bdc10ebe81b7477f3,536ae010b72dec062b3a689b3915910694c732a12098ef5bdc10ebe81b7477f3,1,no_attention_no_multiscale,42,3,0.9863326
c626d3b0cbc6ba8ea7e9049da47367c61b054c32f61809d3752c3e734d5062e9,c626d3b0cbc6ba8ea7e9049da47367c61b054c32f61809d3752c3e734d5062e9,1,no_attention_no_multiscale,42,3,0.9758598
a734d21670a7344e01b0dec42fc76147cd87a3d4bdf41f56aae6ee1f91aa32b9,a734d21670a7344e01b0dec42fc76147cd87a3d4bdf41f56aae6ee1f91aa32b9,1,no_attention_no_multiscale,42,3,0.86097354
bb28460f798cf3c1437974cff9208b3a5d3adc72304da42e7ddbb2232cf0117a,bb28460f798cf3c1437974cff9208b3a5d3adc72304da42e7ddbb2232cf0117a,1,no_attention_no_multiscale,42,3,0.933964
d1a91e77cf6f1ebf0127b7f8154ce032b9b1aa2a79156f123da382c49d536320,d1a91e77cf6f1ebf0127b7f8154ce032b9b1aa2a79156f123da382c49d536320,1,no_attention_no_multiscale,42,3,0.9938869
8fd29c26253f5b732202ec57a7031eb06ca6a2bd426f107e00973ddc713f628a,8fd29c26253f5b732202ec57a7031eb06ca6a2bd426f107e00973ddc713f628a,1,no_attention_no_multiscale,42,3,0.69291973
d372be321de1f98feb43f054912464cb4f983b8a24ef0376036ea2c8ec122b41,d372be321de1f98feb43f054912464cb4f983b8a24ef0376036ea2c8ec122b41,1,no_attention_no_multiscale,42,3,0.9705446
207b091128fc623231f1f7b9e0cc5fb1c112ef55d8d14933de01a634a07cbb7e,207b091128fc623231f1f7b9e0cc5fb1c112ef55d8d14933de01a634a07cbb7e,1,no_attention_no_multiscale,42,3,0.9130227
48e14956e775a971778412f5edbc26f87ed3ae651aeca48fc069294f6dcc166c,48e14956e775a971778412f5edbc26f87ed3ae651aeca48fc069294f6dcc166c,1,no_attention_no_multiscale,42,3,0.858815
a72f7ff6699463e309b867152937536c79c3a8e1ebe62553c6fcdaa1a07c304a,a72f7ff6699463e309b867152937536c79c3a8e1ebe62553c6fcdaa1a07c304a,1,no_attention_no_multiscale,42,3,0.21869388
6f5d6cc12ba22d7a4d7fe85d4d5df6e22060234401ce415fe7a8577a2c61071f,6f5d6cc12ba22d7a4d7fe85d4d5df6e22060234401ce415fe7a8577a2c61071f,1,no_attention_no_multiscale,42,3,0.9902733
550d0cb250962b4ef1a0cbf8dade59019a8a5153041d49dbfea6410b89f2de79,550d0cb250962b4ef1a0cbf8dade59019a8a5153041d49dbfea6410b89f2de79,0,no_augmentation,42,3,0.9754274
16266df37b596ba5c42fb4225ae4cb15711d304d322448d8f379e0f71b73ae03,16266df37b596ba5c42fb4225ae4cb15711d304d322448d8f379e0f71b73ae03,0,no_augmentation,42,3,0.11583853
87cdc2d151b003be78f52c0dc7c07c1b047f879846b8f7d96b95c39a3d62a70e,87cdc2d151b003be78f52c0dc7c07c1b047f879846b8f7d96b95c39a3d62a70e,0,no_augmentation,42,3,0.008332996
019da44350c7f407f687bae7972cf5585a64977a32c8894384bc36589526e17d,019da44350c7f407f687bae7972cf5585a64977a32c8894384bc36589526e17d,0,no_augmentation,42,3,0.9136461
02fc06d496bbdb0756b65e3b7fdf210a3c07d218b79e0d16eface84e5db72b89,02fc06d496bbdb0756b65e3b7fdf210a3c07d218b79e0d16eface84e5db72b89,0,no_augmentation,42,3,0.9381563
4bda8fe0504ef79e0c9e3e86bb23aae41a67fc050c524ee0e18cc8f923a5da1c,4bda8fe0504ef79e0c9e3e86bb23aae41a67fc050c524ee0e18cc8f923a5da1c,0,no_augmentation,42,3,0.95353156
24d646d7d0db7f6ed4fd2ce895d86acd1c879548873e89a83d72b7a148e2a8fb,24d646d7d0db7f6ed4fd2ce895d86acd1c879548873e89a83d72b7a148e2a8fb,0,no_augmentation,42,3,0.96147335
3de32c152527af18060fc9a0eb01b0ede6025f1994ad3586e96c4a47c3e23898,3de32c152527af18060fc9a0eb01b0ede6025f1994ad3586e96c4a47c3e23898,0,no_augmentation,42,3,0.97413766
7f2c92f25bb20cc189aa475c0e8c21ed0b70b538a33920e2fd6a3276522406f3,7f2c92f25bb20cc189aa475c0e8c21ed0b70b538a33920e2fd6a3276522406f3,0,no_augmentation,42,3,0.03232435
c30f889c48513fe695a6509aa86ffa7952d40b96e13c1e84b319cf6914823e9a,3de32c152527af18060fc9a0eb01b0ede6025f1994ad3586e96c4a47c3e23898,0,no_augmentation,42,3,0.9716059
1af16b025f254c861448bec4d04652b8f81a6850788d507160404fe4f14a5c4f,1af16b025f254c861448bec4d04652b8f81a6850788d507160404fe4f14a5c4f,0,no_augmentation,42,3,0.9762624
987c812a794593c0a8b58f1eed8aac0cf015230fc3a1640b82cf95d91a5609c5,987c812a794593c0a8b58f1eed8aac0cf015230fc3a1640b82cf95d91a5609c5,0,no_augmentation,42,3,0.0974704
eab1eeda798eb5191c4547fb06ccdb98a91b4b4536417d5aa75529cbd2897cad,eab1eeda798eb5191c4547fb06ccdb98a91b4b4536417d5aa75529cbd2897cad,0,no_augmentation,42,3,0.05723579
96dc1ea3df3a481c9959598a38a12ce3ad1fe7159bb523a0c3cc7df71d2539fb,96dc1ea3df3a481c9959598a38a12ce3ad1fe7159bb523a0c3cc7df71d2539fb,0,no_augmentation,42,3,0.03821904
69f020ad229e313caa6d2ba04285a8fd070c7bd45d1759c9ad22a89902c98500,69f020ad229e313caa6d2ba04285a8fd070c7bd45d1759c9ad22a89902c98500,0,no_augmentation,42,3,0.055666752
e30545c15b64efcf60c0cd2b7d635d3af6d842df4753ebffd331d1363ba601ea,e30545c15b64efcf60c0cd2b7d635d3af6d842df4753ebffd331d1363ba601ea,1,no_augmentation,42,3,0.009056962
8a7b8d8d0ce44d78c292dab54e953a2abb51a20a1e08ca691cea5bc3725bd729,8a7b8d8d0ce44d78c292dab54e953a2abb51a20a1e08ca691cea5bc3725bd729,1,no_augmentation,42,3,0.88675535
0e73f125d639eb939b9fac62506a72251c106ac784c139c3ffcd160b58b54d03,0e73f125d639eb939b9fac62506a72251c106ac784c139c3ffcd160b58b54d03,1,no_augmentation,42,3,0.010828389
329f1df4eb53b0530dcf747e4459b87e11fc5ea7c4310a090dbe01f5e925ac38,329f1df4eb53b0530dcf747e4459b87e11fc5ea7c4310a090dbe01f5e925ac38,1,no_augmentation,42,3,0.9732453
665398dd64a3482917a9fc377bbcbee957e0f4bf4e48a7d49fb3c6bfcfdd73c9,665398dd64a3482917a9fc377bbcbee957e0f4bf4e48a7d49fb3c6bfcfdd73c9,1,no_augmentation,42,3,0.9880734
44a9fb3b86cdeb63e8858c40ac79c109d89382cfb30fafa7eb703449c7433ada,44a9fb3b86cdeb63e8858c40ac79c109d89382cfb30fafa7eb703449c7433ada,1,no_augmentation,42,3,0.8462496
917c2b80ad1d6f68ad73193c916a97ad9f0c1631bfa2279f7e1a3f4cfab69e69,917c2b80ad1d6f68ad73193c916a97ad9f0c1631bfa2279f7e1a3f4cfab69e69,1,no_augmentation,42,3,0.9765587
b9f9d5612381f7fcb0a7403d37521ff95c4552a276dc1afb02f2739e62a12d10,b9f9d5612381f7fcb0a7403d37521ff95c4552a276dc1afb02f2739e62a12d10,1,no_augmentation,42,3,0.88442796
5aad9032ce847fbf5fbef835461e111546a72ba7e2e2b207f59845a52082ed85,5aad9032ce847fbf5fbef835461e111546a72ba7e2e2b207f59845a52082ed85,1,no_augmentation,42,3,0.8373183
f8b081d13042660a736ea3535411752118892f3a03e6083f3b1e09a2c4ffea5e,f8b081d13042660a736ea3535411752118892f3a03e6083f3b1e09a2c4ffea5e,1,no_augmentation,42,3,0.89419705
681e44e7111a482ff90f70efd6cdf2b884d671322604ff93c091e46b55b2064d,681e44e7111a482ff90f70efd6cdf2b884d671322604ff93c091e46b55b2064d,1,no_augmentation,42,3,0.12360037
2f0019ed81ac1f1e20cb097e01ef675244c5a5c79cd53252977cf1ac511696f4,2f0019ed81ac1f1e20cb097e01ef675244c5a5c79cd53252977cf1ac511696f4,1,no_augmentation,42,3,0.9894131
70fccd62038f1e8f3fcba827e8b0f332f75bc4e329d47d979515a6fbf63c607c,70fccd62038f1e8f3fcba827e8b0f332f75bc4e329d47d979515a6fbf63c607c,1,no_augmentation,42,3,0.9870558
078b62143609978eff9ee30251ed34d52c9e799ca00d04fdf166ff0d2d7644ba,078b62143609978eff9ee30251ed34d52c9e799ca00d04fdf166ff0d2d7644ba,1,no_augmentation,42,3,0.98946345
adbda2cd245abb1f50d6fc13b63018dc3d585ae06229465743f8da20dd011023,adbda2cd245abb1f50d6fc13b63018dc3d585ae06229465743f8da20dd011023,1,no_augmentation,42,3,0.97951496
254ec0b2133af0acfddca8c448b694d23d062f985daf388d05ced2f269372966,254ec0b2133af0acfddca8c448b694d23d062f985daf388d05ced2f269372966,1,no_augmentation,42,3,0.97360593
caf1bb9b61f8ce8b71c6d7283ed913e49686befe54572e9371c99680b62e8190,caf1bb9b61f8ce8b71c6d7283ed913e49686befe54572e9371c99680b62e8190,1,no_augmentation,42,3,0.98666614
536ae010b72dec062b3a689b3915910694c732a12098ef5bdc10ebe81b7477f3,536ae010b72dec062b3a689b3915910694c732a12098ef5bdc10ebe81b7477f3,1,no_augmentation,42,3,0.9718032
c626d3b0cbc6ba8ea7e9049da47367c61b054c32f61809d3752c3e734d5062e9,c626d3b0cbc6ba8ea7e9049da47367c61b054c32f61809d3752c3e734d5062e9,1,no_augmentation,42,3,0.9414455
a734d21670a7344e01b0dec42fc76147cd87a3d4bdf41f56aae6ee1f91aa32b9,a734d21670a7344e01b0dec42fc76147cd87a3d4bdf41f56aae6ee1f91aa32b9,1,no_augmentation,42,3,0.97497594
bb28460f798cf3c1437974cff9208b3a5d3adc72304da42e7ddbb2232cf0117a,bb28460f798cf3c1437974cff9208b3a5d3adc72304da42e7ddbb2232cf0117a,1,no_augmentation,42,3,0.8513093
d1a91e77cf6f1ebf0127b7f8154ce032b9b1aa2a79156f123da382c49d536320,d1a91e77cf6f1ebf0127b7f8154ce032b9b1aa2a79156f123da382c49d536320,1,no_augmentation,42,3,0.97191656
8fd29c26253f5b732202ec57a7031eb06ca6a2bd426f107e00973ddc713f628a,8fd29c26253f5b732202ec57a7031eb06ca6a2bd426f107e00973ddc713f628a,1,no_augmentation,42,3,0.053156268
d372be321de1f98feb43f054912464cb4f983b8a24ef0376036ea2c8ec122b41,d372be321de1f98feb43f054912464cb4f983b8a24ef0376036ea2c8ec122b41,1,no_augmentation,42,3,0.916491
207b091128fc623231f1f7b9e0cc5fb1c112ef55d8d14933de01a634a07cbb7e,207b091128fc623231f1f7b9e0cc5fb1c112ef55d8d14933de01a634a07cbb7e,1,no_augmentation,42,3,0.5192901
48e14956e775a971778412f5edbc26f87ed3ae651aeca48fc069294f6dcc166c,48e14956e775a971778412f5edbc26f87ed3ae651aeca48fc069294f6dcc166c,1,no_augmentation,42,3,0.4414294
a72f7ff6699463e309b867152937536c79c3a8e1ebe62553c6fcdaa1a07c304a,a72f7ff6699463e309b867152937536c79c3a8e1ebe62553c6fcdaa1a07c304a,1,no_augmentation,42,3,0.09911076
6f5d6cc12ba22d7a4d7fe85d4d5df6e22060234401ce415fe7a8577a2c61071f,6f5d6cc12ba22d7a4d7fe85d4d5df6e22060234401ce415fe7a8577a2c61071f,1,no_augmentation,42,3,0.98727745
550d0cb250962b4ef1a0cbf8dade59019a8a5153041d49dbfea6410b89f2de79,550d0cb250962b4ef1a0cbf8dade59019a8a5153041d49dbfea6410b89f2de79,0,plain_cnn,42,3,0.34656617
16266df37b596ba5c42fb4225ae4cb15711d304d322448d8f379e0f71b73ae03,16266df37b596ba5c42fb4225ae4cb15711d304d322448d8f379e0f71b73ae03,0,plain_cnn,42,3,0.056150775
87cdc2d151b003be78f52c0dc7c07c1b047f879846b8f7d96b95c39a3d62a70e,87cdc2d151b003be78f52c0dc7c07c1b047f879846b8f7d96b95c39a3d62a70e,0,plain_cnn,42,3,0.031170592
019da44350c7f407f687bae7972cf5585a64977a32c8894384bc36589526e17d,019da44350c7f407f687bae7972cf5585a64977a32c8894384bc36589526e17d,0,plain_cnn,42,3,0.26926363
02fc06d496bbdb0756b65e3b7fdf210a3c07d218b79e0d16eface84e5db72b89,02fc06d496bbdb0756b65e3b7fdf210a3c07d218b79e0d16eface84e5db72b89,0,plain_cnn,42,3,0.27243477
4bda8fe0504ef79e0c9e3e86bb23aae41a67fc050c524ee0e18cc8f923a5da1c,4bda8fe0504ef79e0c9e3e86bb23aae41a67fc050c524ee0e18cc8f923a5da1c,0,plain_cnn,42,3,0.1000729
24d646d7d0db7f6ed4fd2ce895d86acd1c879548873e89a83d72b7a148e2a8fb,24d646d7d0db7f6ed4fd2ce895d86acd1c879548873e89a83d72b7a148e2a8fb,0,plain_cnn,42,3,0.57797086
3de32c152527af18060fc9a0eb01b0ede6025f1994ad3586e96c4a47c3e23898,3de32c152527af18060fc9a0eb01b0ede6025f1994ad3586e96c4a47c3e23898,0,plain_cnn,42,3,0.7879447
7f2c92f25bb20cc189aa475c0e8c21ed0b70b538a33920e2fd6a3276522406f3,7f2c92f25bb20cc189aa475c0e8c21ed0b70b538a33920e2fd6a3276522406f3,0,plain_cnn,42,3,0.0926466
c30f889c48513fe695a6509aa86ffa7952d40b96e13c1e84b319cf6914823e9a,3de32c152527af18060fc9a0eb01b0ede6025f1994ad3586e96c4a47c3e23898,0,plain_cnn,42,3,0.8169516
1af16b025f254c861448bec4d04652b8f81a6850788d507160404fe4f14a5c4f,1af16b025f254c861448bec4d04652b8f81a6850788d507160404fe4f14a5c4f,0,plain_cnn,42,3,0.9859038
987c812a794593c0a8b58f1eed8aac0cf015230fc3a1640b82cf95d91a5609c5,987c812a794593c0a8b58f1eed8aac0cf015230fc3a1640b82cf95d91a5609c5,0,plain_cnn,42,3,0.11343196
eab1eeda798eb5191c4547fb06ccdb98a91b4b4536417d5aa75529cbd2897cad,eab1eeda798eb5191c4547fb06ccdb98a91b4b4536417d5aa75529cbd2897cad,0,plain_cnn,42,3,0.43200672
96dc1ea3df3a481c9959598a38a12ce3ad1fe7159bb523a0c3cc7df71d2539fb,96dc1ea3df3a481c9959598a38a12ce3ad1fe7159bb523a0c3cc7df71d2539fb,0,plain_cnn,42,3,0.056850627
69f020ad229e313caa6d2ba04285a8fd070c7bd45d1759c9ad22a89902c98500,69f020ad229e313caa6d2ba04285a8fd070c7bd45d1759c9ad22a89902c98500,0,plain_cnn,42,3,0.11880533
e30545c15b64efcf60c0cd2b7d635d3af6d842df4753ebffd331d1363ba601ea,e30545c15b64efcf60c0cd2b7d635d3af6d842df4753ebffd331d1363ba601ea,1,plain_cnn,42,3,0.113570504
8a7b8d8d0ce44d78c292dab54e953a2abb51a20a1e08ca691cea5bc3725bd729,8a7b8d8d0ce44d78c292dab54e953a2abb51a20a1e08ca691cea5bc3725bd729,1,plain_cnn,42,3,0.9778725
0e73f125d639eb939b9fac62506a72251c106ac784c139c3ffcd160b58b54d03,0e73f125d639eb939b9fac62506a72251c106ac784c139c3ffcd160b58b54d03,1,plain_cnn,42,3,0.11440935
329f1df4eb53b0530dcf747e4459b87e11fc5ea7c4310a090dbe01f5e925ac38,329f1df4eb53b0530dcf747e4459b87e11fc5ea7c4310a090dbe01f5e925ac38,1,plain_cnn,42,3,0.93977225
665398dd64a3482917a9fc377bbcbee957e0f4bf4e48a7d49fb3c6bfcfdd73c9,665398dd64a3482917a9fc377bbcbee957e0f4bf4e48a7d49fb3c6bfcfdd73c9,1,plain_cnn,42,3,0.97839
44a9fb3b86cdeb63e8858c40ac79c109d89382cfb30fafa7eb703449c7433ada,44a9fb3b86cdeb63e8858c40ac79c109d89382cfb30fafa7eb703449c7433ada,1,plain_cnn,42,3,0.9435468
917c2b80ad1d6f68ad73193c916a97ad9f0c1631bfa2279f7e1a3f4cfab69e69,917c2b80ad1d6f68ad73193c916a97ad9f0c1631bfa2279f7e1a3f4cfab69e69,1,plain_cnn,42,3,0.9233828
b9f9d5612381f7fcb0a7403d37521ff95c4552a276dc1afb02f2739e62a12d10,b9f9d5612381f7fcb0a7403d37521ff95c4552a276dc1afb02f2739e62a12d10,1,plain_cnn,42,3,0.4826873
5aad9032ce847fbf5fbef835461e111546a72ba7e2e2b207f59845a52082ed85,5aad9032ce847fbf5fbef835461e111546a72ba7e2e2b207f59845a52082ed85,1,plain_cnn,42,3,0.8367265
f8b081d13042660a736ea3535411752118892f3a03e6083f3b1e09a2c4ffea5e,f8b081d13042660a736ea3535411752118892f3a03e6083f3b1e09a2c4ffea5e,1,plain_cnn,42,3,0.8601061
681e44e7111a482ff90f70efd6cdf2b884d671322604ff93c091e46b55b2064d,681e44e7111a482ff90f70efd6cdf2b884d671322604ff93c091e46b55b2064d,1,plain_cnn,42,3,0.9388509
2f0019ed81ac1f1e20cb097e01ef675244c5a5c79cd53252977cf1ac511696f4,2f0019ed81ac1f1e20cb097e01ef675244c5a5c79cd53252977cf1ac511696f4,1,plain_cnn,42,3,0.9169456
70fccd62038f1e8f3fcba827e8b0f332f75bc4e329d47d979515a6fbf63c607c,70fccd62038f1e8f3fcba827e8b0f332f75bc4e329d47d979515a6fbf63c607c,1,plain_cnn,42,3,0.98640174
078b62143609978eff9ee30251ed34d52c9e799ca00d04fdf166ff0d2d7644ba,078b62143609978eff9ee30251ed34d52c9e799ca00d04fdf166ff0d2d7644ba,1,plain_cnn,42,3,0.98549056
adbda2cd245abb1f50d6fc13b63018dc3d585ae06229465743f8da20dd011023,adbda2cd245abb1f50d6fc13b63018dc3d585ae06229465743f8da20dd011023,1,plain_cnn,42,3,0.95623404
254ec0b2133af0acfddca8c448b694d23d062f985daf388d05ced2f269372966,254ec0b2133af0acfddca8c448b694d23d062f985daf388d05ced2f269372966,1,plain_cnn,42,3,0.95530164
caf1bb9b61f8ce8b71c6d7283ed913e49686befe54572e9371c99680b62e8190,caf1bb9b61f8ce8b71c6d7283ed913e49686befe54572e9371c99680b62e8190,1,plain_cnn,42,3,0.9853312
536ae010b72dec062b3a689b3915910694c732a12098ef5bdc10ebe81b7477f3,536ae010b72dec062b3a689b3915910694c732a12098ef5bdc10ebe81b7477f3,1,plain_cnn,42,3,0.99094087
c626d3b0cbc6ba8ea7e9049da47367c61b054c32f61809d3752c3e734d5062e9,c626d3b0cbc6ba8ea7e9049da47367c61b054c32f61809d3752c3e734d5062e9,1,plain_cnn,42,3,0.9082669
a734d21670a7344e01b0dec42fc76147cd87a3d4bdf41f56aae6ee1f91aa32b9,a734d21670a7344e01b0dec42fc76147cd87a3d4bdf41f56aae6ee1f91aa32b9,1,plain_cnn,42,3,0.43465292
bb28460f798cf3c1437974cff9208b3a5d3adc72304da42e7ddbb2232cf0117a,bb28460f798cf3c1437974cff9208b3a5d3adc72304da42e7ddbb2232cf0117a,1,plain_cnn,42,3,0.6975332
d1a91e77cf6f1ebf0127b7f8154ce032b9b1aa2a79156f123da382c49d536320,d1a91e77cf6f1ebf0127b7f8154ce032b9b1aa2a79156f123da382c49d536320,1,plain_cnn,42,3,0.9437943
8fd29c26253f5b732202ec57a7031eb06ca6a2bd426f107e00973ddc713f628a,8fd29c26253f5b732202ec57a7031eb06ca6a2bd426f107e00973ddc713f628a,1,plain_cnn,42,3,0.3536067
d372be321de1f98feb43f054912464cb4f983b8a24ef0376036ea2c8ec122b41,d372be321de1f98feb43f054912464cb4f983b8a24ef0376036ea2c8ec122b41,1,plain_cnn,42,3,0.9729331
207b091128fc623231f1f7b9e0cc5fb1c112ef55d8d14933de01a634a07cbb7e,207b091128fc623231f1f7b9e0cc5fb1c112ef55d8d14933de01a634a07cbb7e,1,plain_cnn,42,3,0.28205228
48e14956e775a971778412f5edbc26f87ed3ae651aeca48fc069294f6dcc166c,48e14956e775a971778412f5edbc26f87ed3ae651aeca48fc069294f6dcc166c,1,plain_cnn,42,3,0.18527055
a72f7ff6699463e309b867152937536c79c3a8e1ebe62553c6fcdaa1a07c304a,a72f7ff6699463e309b867152937536c79c3a8e1ebe62553c6fcdaa1a07c304a,1,plain_cnn,42,3,0.2278529
6f5d6cc12ba22d7a4d7fe85d4d5df6e22060234401ce415fe7a8577a2c61071f,6f5d6cc12ba22d7a4d7fe85d4d5df6e22060234401ce415fe7a8577a2c61071f,1,plain_cnn,42,3,0.94088197
550d0cb250962b4ef1a0cbf8dade59019a8a5153041d49dbfea6410b89f2de79,550d0cb250962b4ef1a0cbf8dade59019a8a5153041d49dbfea6410b89f2de79,0,narrow_resnet_gn,42,3,0.13076991
16266df37b596ba5c42fb4225ae4cb15711d304d322448d8f379e0f71b73ae03,16266df37b596ba5c42fb4225ae4cb15711d304d322448d8f379e0f71b73ae03,0,narrow_resnet_gn,42,3,0.109959394
87cdc2d151b003be78f52c0dc7c07c1b047f879846b8f7d96b95c39a3d62a70e,87cdc2d151b003be78f52c0dc7c07c1b047f879846b8f7d96b95c39a3d62a70e,0,narrow_resnet_gn,42,3,0.020026263
019da44350c7f407f687bae7972cf5585a64977a32c8894384bc36589526e17d,019da44350c7f407f687bae7972cf5585a64977a32c8894384bc36589526e17d,0,narrow_resnet_gn,42,3,0.764036
02fc06d496bbdb0756b65e3b7fdf210a3c07d218b79e0d16eface84e5db72b89,02fc06d496bbdb0756b65e3b7fdf210a3c07d218b79e0d16eface84e5db72b89,0,narrow_resnet_gn,42,3,0.33906674
4bda8fe0504ef79e0c9e3e86bb23aae41a67fc050c524ee0e18cc8f923a5da1c,4bda8fe0504ef79e0c9e3e86bb23aae41a67fc050c524ee0e18cc8f923a5da1c,0,narrow_resnet_gn,42,3,0.17411208
24d646d7d0db7f6ed4fd2ce895d86acd1c879548873e89a83d72b7a148e2a8fb,24d646d7d0db7f6ed4fd2ce895d86acd1c879548873e89a83d72b7a148e2a8fb,0,narrow_resnet_gn,42,3,0.5863635
3de32c152527af18060fc9a0eb01b0ede6025f1994ad3586e96c4a47c3e23898,3de32c152527af18060fc9a0eb01b0ede6025f1994ad3586e96c4a47c3e23898,0,narrow_resnet_gn,42,3,0.42201808
7f2c92f25bb20cc189aa475c0e8c21ed0b70b538a33920e2fd6a3276522406f3,7f2c92f25bb20cc189aa475c0e8c21ed0b70b538a33920e2fd6a3276522406f3,0,narrow_resnet_gn,42,3,0.007907512
c30f889c48513fe695a6509aa86ffa7952d40b96e13c1e84b319cf6914823e9a,3de32c152527af18060fc9a0eb01b0ede6025f1994ad3586e96c4a47c3e23898,0,narrow_resnet_gn,42,3,0.43923116
1af16b025f254c861448bec4d04652b8f81a6850788d507160404fe4f14a5c4f,1af16b025f254c861448bec4d04652b8f81a6850788d507160404fe4f14a5c4f,0,narrow_resnet_gn,42,3,0.7424602
987c812a794593c0a8b58f1eed8aac0cf015230fc3a1640b82cf95d91a5609c5,987c812a794593c0a8b58f1eed8aac0cf015230fc3a1640b82cf95d91a5609c5,0,narrow_resnet_gn,42,3,0.11277054
eab1eeda798eb5191c4547fb06ccdb98a91b4b4536417d5aa75529cbd2897cad,eab1eeda798eb5191c4547fb06ccdb98a91b4b4536417d5aa75529cbd2897cad,0,narrow_resnet_gn,42,3,0.041059006
96dc1ea3df3a481c9959598a38a12ce3ad1fe7159bb523a0c3cc7df71d2539fb,96dc1ea3df3a481c9959598a38a12ce3ad1fe7159bb523a0c3cc7df71d2539fb,0,narrow_resnet_gn,42,3,0.023015484
69f020ad229e313caa6d2ba04285a8fd070c7bd45d1759c9ad22a89902c98500,69f020ad229e313caa6d2ba04285a8fd070c7bd45d1759c9ad22a89902c98500,0,narrow_resnet_gn,42,3,0.17491858
e30545c15b64efcf60c0cd2b7d635d3af6d842df4753ebffd331d1363ba601ea,e30545c15b64efcf60c0cd2b7d635d3af6d842df4753ebffd331d1363ba601ea,1,narrow_resnet_gn,42,3,0.25662664
8a7b8d8d0ce44d78c292dab54e953a2abb51a20a1e08ca691cea5bc3725bd729,8a7b8d8d0ce44d78c292dab54e953a2abb51a20a1e08ca691cea5bc3725bd729,1,narrow_resnet_gn,42,3,0.7863167
0e73f125d639eb939b9fac62506a72251c106ac784c139c3ffcd160b58b54d03,0e73f125d639eb939b9fac62506a72251c106ac784c139c3ffcd160b58b54d03,1,narrow_resnet_gn,42,3,0.45432612
329f1df4eb53b0530dcf747e4459b87e11fc5ea7c4310a090dbe01f5e925ac38,329f1df4eb53b0530dcf747e4459b87e11fc5ea7c4310a090dbe01f5e925ac38,1,narrow_resnet_gn,42,3,0.84615576
665398dd64a3482917a9fc377bbcbee957e0f4bf4e48a7d49fb3c6bfcfdd73c9,665398dd64a3482917a9fc377bbcbee957e0f4bf4e48a7d49fb3c6bfcfdd73c9,1,narrow_resnet_gn,42,3,0.7825477
44a9fb3b86cdeb63e8858c40ac79c109d89382cfb30fafa7eb703449c7433ada,44a9fb3b86cdeb63e8858c40ac79c109d89382cfb30fafa7eb703449c7433ada,1,narrow_resnet_gn,42,3,0.83968526
917c2b80ad1d6f68ad73193c916a97ad9f0c1631bfa2279f7e1a3f4cfab69e69,917c2b80ad1d6f68ad73193c916a97ad9f0c1631bfa2279f7e1a3f4cfab69e69,1,narrow_resnet_gn,42,3,0.72506917
b9f9d5612381f7fcb0a7403d37521ff95c4552a276dc1afb02f2739e62a12d10,b9f9d5612381f7fcb0a7403d37521ff95c4552a276dc1afb02f2739e62a12d10,1,narrow_resnet_gn,42,3,0.30024984
5aad9032ce847fbf5fbef835461e111546a72ba7e2e2b207f59845a52082ed85,5aad9032ce847fbf5fbef835461e111546a72ba7e2e2b207f59845a52082ed85,1,narrow_resnet_gn,42,3,0.8897139
f8b081d13042660a736ea3535411752118892f3a03e6083f3b1e09a2c4ffea5e,f8b081d13042660a736ea3535411752118892f3a03e6083f3b1e09a2c4ffea5e,1,narrow_resnet_gn,42,3,0.7571995
681e44e7111a482ff90f70efd6cdf2b884d671322604ff93c091e46b55b2064d,681e44e7111a482ff90f70efd6cdf2b884d671322604ff93c091e46b55b2064d,1,narrow_resnet_gn,42,3,0.70180714
2f0019ed81ac1f1e20cb097e01ef675244c5a5c79cd53252977cf1ac511696f4,2f0019ed81ac1f1e20cb097e01ef675244c5a5c79cd53252977cf1ac511696f4,1,narrow_resnet_gn,42,3,0.9296088
70fccd62038f1e8f3fcba827e8b0f332f75bc4e329d47d979515a6fbf63c607c,70fccd62038f1e8f3fcba827e8b0f332f75bc4e329d47d979515a6fbf63c607c,1,narrow_resnet_gn,42,3,0.9681778
078b62143609978eff9ee30251ed34d52c9e799ca00d04fdf166ff0d2d7644ba,078b62143609978eff9ee30251ed34d52c9e799ca00d04fdf166ff0d2d7644ba,1,narrow_resnet_gn,42,3,0.73035765
adbda2cd245abb1f50d6fc13b63018dc3d585ae06229465743f8da20dd011023,adbda2cd245abb1f50d6fc13b63018dc3d585ae06229465743f8da20dd011023,1,narrow_resnet_gn,42,3,0.89194393
254ec0b2133af0acfddca8c448b694d23d062f985daf388d05ced2f269372966,254ec0b2133af0acfddca8c448b694d23d062f985daf388d05ced2f269372966,1,narrow_resnet_gn,42,3,0.86191
caf1bb9b61f8ce8b71c6d7283ed913e49686befe54572e9371c99680b62e8190,caf1bb9b61f8ce8b71c6d7283ed913e49686befe54572e9371c99680b62e8190,1,narrow_resnet_gn,42,3,0.7977843
536ae010b72dec062b3a689b3915910694c732a12098ef5bdc10ebe81b7477f3,536ae010b72dec062b3a689b3915910694c732a12098ef5bdc10ebe81b7477f3,1,narrow_resnet_gn,42,3,0.8233662
c626d3b0cbc6ba8ea7e9049da47367c61b054c32f61809d3752c3e734d5062e9,c626d3b0cbc6ba8ea7e9049da47367c61b054c32f61809d3752c3e734d5062e9,1,narrow_resnet_gn,42,3,0.8890581
a734d21670a7344e01b0dec42fc76147cd87a3d4bdf41f56aae6ee1f91aa32b9,a734d21670a7344e01b0dec42fc76147cd87a3d4bdf41f56aae6ee1f91aa32b9,1,narrow_resnet_gn,42,3,0.53141946
bb28460f798cf3c1437974cff9208b3a5d3adc72304da42e7ddbb2232cf0117a,bb28460f798cf3c1437974cff9208b3a5d3adc72304da42e7ddbb2232cf0117a,1,narrow_resnet_gn,42,3,0.3854746
d1a91e77cf6f1ebf0127b7f8154ce032b9b1aa2a79156f123da382c49d536320,d1a91e77cf6f1ebf0127b7f8154ce032b9b1aa2a79156f123da382c49d536320,1,narrow_resnet_gn,42,3,0.9222132
8fd29c26253f5b732202ec57a7031eb06ca6a2bd426f107e00973ddc713f628a,8fd29c26253f5b732202ec57a7031eb06ca6a2bd426f107e00973ddc713f628a,1,narrow_resnet_gn,42,3,0.36863512
d372be321de1f98feb43f054912464cb4f983b8a24ef0376036ea2c8ec122b41,d372be321de1f98feb43f054912464cb4f983b8a24ef0376036ea2c8ec122b41,1,narrow_resnet_gn,42,3,0.95176214
207b091128fc623231f1f7b9e0cc5fb1c112ef55d8d14933de01a634a07cbb7e,207b091128fc623231f1f7b9e0cc5fb1c112ef55d8d14933de01a634a07cbb7e,1,narrow_resnet_gn,42,3,0.12052622
48e14956e775a971778412f5edbc26f87ed3ae651aeca48fc069294f6dcc166c,48e14956e775a971778412f5edbc26f87ed3ae651aeca48fc069294f6dcc166c,1,narrow_resnet_gn,42,3,0.46734127
a72f7ff6699463e309b867152937536c79c3a8e1ebe62553c6fcdaa1a07c304a,a72f7ff6699463e309b867152937536c79c3a8e1ebe62553c6fcdaa1a07c304a,1,narrow_resnet_gn,42,3,0.20885456
6f5d6cc12ba22d7a4d7fe85d4d5df6e22060234401ce415fe7a8577a2c61071f,6f5d6cc12ba22d7a4d7fe85d4d5df6e22060234401ce415fe7a8577a2c61071f,1,narrow_resnet_gn,42,3,0.92599314
34eeb369fff52f1ad84bba5d77da167a26ca5249293e3910bb04e8af2bf2ba25,34eeb369fff52f1ad84bba5d77da167a26ca5249293e3910bb04e8af2bf2ba25,0,full,42,4,0.021831175
e4a8a1984d9693e70d8335a1c8c77a39a68f684b5661ac2edc34f8e971dd88f1,e4a8a1984d9693e70d8335a1c8c77a39a68f684b5661ac2edc34f8e971dd88f1,0,full,42,4,0.11282679
1aef7dac4e05e817a3496f6a49b890c9f2fc84b3afcda460c74f76723e09851e,1aef7dac4e05e817a3496f6a49b890c9f2fc84b3afcda460c74f76723e09851e,0,full,42,4,0.67919004
90c4faafd845360cbfd09f19632147497b4b04463ee87ae31d991f20e6ca6ed0,90c4faafd845360cbfd09f19632147497b4b04463ee87ae31d991f20e6ca6ed0,0,full,42,4,0.15450583
cce8e87b4fb59d8c79ae90de643a8203db5e0e0a73b4bb42effe9c2517f6fa01,cce8e87b4fb59d8c79ae90de643a8203db5e0e0a73b4bb42effe9c2517f6fa01,0,full,42,4,0.034994632
2ed39cc6daa76227fef121e3687cd919552874410cad3b708ad363313a942626,2ed39cc6daa76227fef121e3687cd919552874410cad3b708ad363313a942626,0,full,42,4,0.030722594
09393b70fcb61a1299bad46fd256c97f665e2830c41f528825d78823aa77afcb,09393b70fcb61a1299bad46fd256c97f665e2830c41f528825d78823aa77afcb,0,full,42,4,0.07843028
fe24370b7fbad1d4671832b0132f589ae94191d04a324806374726cbb9553a9a,fe24370b7fbad1d4671832b0132f589ae94191d04a324806374726cbb9553a9a,0,full,42,4,0.07990709
2696e7062b07582af40cc808c1d7ec35909b89548d5f99f2ed8d7f97e45374f9,2696e7062b07582af40cc808c1d7ec35909b89548d5f99f2ed8d7f97e45374f9,0,full,42,4,0.04630682
83aaaf100259fad75d3cae0d1f0acedff5a3718d7d1db32062bd1cd3aac86688,34eeb369fff52f1ad84bba5d77da167a26ca5249293e3910bb04e8af2bf2ba25,0,full,42,4,0.022360357
9fed845a58f23ea75c16c2f89d701ca68c7780565f94dd913a3fc2fd8e01b9cd,9fed845a58f23ea75c16c2f89d701ca68c7780565f94dd913a3fc2fd8e01b9cd,0,full,42,4,0.047710065
683f3845f5e1a3e4b1f8fead91bc8f1f840f7e6724d34d9ea393e0b71d86d220,683f3845f5e1a3e4b1f8fead91bc8f1f840f7e6724d34d9ea393e0b71d86d220,0,full,42,4,0.3979714
b139e0fcae28ad639ed2540074d7cf1ed36ef82ad840c1cf598128f4f55b6f94,2ed39cc6daa76227fef121e3687cd919552874410cad3b708ad363313a942626,0,full,42,4,0.04274939
6af768514c2ab6b4609d28567d61ed8a7c5ffc020422713a7be95efdb8512f6a,6af768514c2ab6b4609d28567d61ed8a7c5ffc020422713a7be95efdb8512f6a,0,full,42,4,0.19585589
91ec708e6345187e7e6cb79d8f506804299539768c93c40dad9b190d53558a60,91ec708e6345187e7e6cb79d8f506804299539768c93c40dad9b190d53558a60,0,full,42,4,0.107841045
4b28a53817d0da69153d71be73ea818aaa6ac48f65a8dd2a5d84a6225fa0f94a,4b28a53817d0da69153d71be73ea818aaa6ac48f65a8dd2a5d84a6225fa0f94a,0,full,42,4,0.09190074
af848889102601facd1b908c76d3cbf1ac5bb5681300d7e5a97893261e5d4a11,af848889102601facd1b908c76d3cbf1ac5bb5681300d7e5a97893261e5d4a11,0,full,42,4,0.638143
bdce5afee31c171c25454a01878f49a2bb1d2887df3eee350399b383513f8cae,bdce5afee31c171c25454a01878f49a2bb1d2887df3eee350399b383513f8cae,0,full,42,4,0.18401486
81fe68a9e2fc315e9710282f606a670778130998e1390a3144d9bf5b31bd4065,81fe68a9e2fc315e9710282f606a670778130998e1390a3144d9bf5b31bd4065,0,full,42,4,0.055085547
b12ea55157f26c262502f57f8eb5ab13ef9aeac065eed940af6c87d362ad9300,b12ea55157f26c262502f57f8eb5ab13ef9aeac065eed940af6c87d362ad9300,0,full,42,4,0.043555077
d6c7145cffa1d9b450905160ed7b9b4579c864eb77395fc69813e5e6b74e495d,d6c7145cffa1d9b450905160ed7b9b4579c864eb77395fc69813e5e6b74e495d,1,full,42,4,0.8244843
bd342fb9cbae0aaced0b790162fd2173c66f2b4d4548d7c8f56c07a655cdfa2f,bd342fb9cbae0aaced0b790162fd2173c66f2b4d4548d7c8f56c07a655cdfa2f,1,full,42,4,0.18154396
8dc2f105b420d03e79f318c43a9bc8b63105f57cd452b4de3ab53998ee2c0013,4b500751557f10159179da0bf35abdbd125e04d552884e8115db912c31f440e5,1,full,42,4,0.094975606
ec29cdff7047d7ea62b34c125bfb4d183e75d1102f79ea2672f3383533776599,ec29cdff7047d7ea62b34c125bfb4d183e75d1102f79ea2672f3383533776599,1,full,42,4,0.3147589
1698e358015b2ecda49464781e87202cb625b72cfe0d2bc1e392f949afad6345,1698e358015b2ecda49464781e87202cb625b72cfe0d2bc1e392f949afad6345,1,full,42,4,0.08227173
56562a6e44ee836f84a036e2e76a09f7d302082181f58852651d2c48646ccc2a,56562a6e44ee836f84a036e2e76a09f7d302082181f58852651d2c48646ccc2a,1,full,42,4,0.14245006
dfa19f73a09806cff5b8b3570e9ac156041cf5c4972375230d5bb22c82540be9,dfa19f73a09806cff5b8b3570e9ac156041cf5c4972375230d5bb22c82540be9,1,full,42,4,0.9583793
a645b290ac12124164b9b27be07bbe9f4d5a44e51a551a6ca26321867a0006e9,a645b290ac12124164b9b27be07bbe9f4d5a44e51a551a6ca26321867a0006e9,1,full,42,4,0.48337004
4b500751557f10159179da0bf35abdbd125e04d552884e8115db912c31f440e5,4b500751557f10159179da0bf35abdbd125e04d552884e8115db912c31f440e5,1,full,42,4,0.0988012
78e97d3de70b032f0d206a290be5a6f5b64f7e058d60e0ef0331a2f58438a43e,78e97d3de70b032f0d206a290be5a6f5b64f7e058d60e0ef0331a2f58438a43e,1,full,42,4,0.3705793
cd7814cfd9f4006cc37117d886dabdeb8ae27fcdbd9248592df88b6f54fd5bd5,cd7814cfd9f4006cc37117d886dabdeb8ae27fcdbd9248592df88b6f54fd5bd5,1,full,42,4,0.77435994
4833565f53ed51543091352a222ac98b1c6096441861c9c035127a80fd460257,4833565f53ed51543091352a222ac98b1c6096441861c9c035127a80fd460257,1,full,42,4,0.108281225
1945a41778e1fcf8341500525e443c5347977c28baf26a0ced32f99534edd898,1945a41778e1fcf8341500525e443c5347977c28baf26a0ced32f99534edd898,1,full,42,4,0.91882426
6f83510d9f035d7a17efffccb9603239c49ba14dce10dbe0e25a3358e63a2ffb,6f83510d9f035d7a17efffccb9603239c49ba14dce10dbe0e25a3358e63a2ffb,1,full,42,4,0.8694186
976659c77cc9b2679e77eb492592dfd66045319538e6f68604e0027b237cc949,976659c77cc9b2679e77eb492592dfd66045319538e6f68604e0027b237cc949,1,full,42,4,0.17511512
664d62c750b5c76bce37e6b7496f70a9195a139c893da9e2487cf441bd622dda,664d62c750b5c76bce37e6b7496f70a9195a139c893da9e2487cf441bd622dda,1,full,42,4,0.39260313
7b410517b5262c81b8cbd2a606b2b730e4aa41b2f4c405c406d0ab497a375fad,7b410517b5262c81b8cbd2a606b2b730e4aa41b2f4c405c406d0ab497a375fad,1,full,42,4,0.9182294
e47b451baa75405ff12a9ec02887a268755b304791cb8555636959ac66bba7c7,3e71fcc3f8a78e780596bbec3dc14e6e087e8d2f9a9eafdf54aa98995bf96af2,1,full,42,4,0.19755654
c6f1bb114ffc0594d49c3991aec03ef53c6d44506cd552baad1020f821d80648,c6f1bb114ffc0594d49c3991aec03ef53c6d44506cd552baad1020f821d80648,1,full,42,4,0.49121964
a9ad252451dd83369e64751c361e0394fe0f2c117c56915ca089ba9683fffdab,a9ad252451dd83369e64751c361e0394fe0f2c117c56915ca089ba9683fffdab,1,full,42,4,0.8031329
89810c9f9da51413829ef3ab0355af8a0dcce6507f1a0a77b0c4a5c7563a9e86,89810c9f9da51413829ef3ab0355af8a0dcce6507f1a0a77b0c4a5c7563a9e86,1,full,42,4,0.67963177
0da7ca18162b012c5e65e29a6521df3c090a0070342516591883801876f8a8de,0da7ca18162b012c5e65e29a6521df3c090a0070342516591883801876f8a8de,1,full,42,4,0.97351146
543e00753b2ae3a42b97e68ca83e94c7ea945e6736e6e1d7dd26808a5dad0e8b,543e00753b2ae3a42b97e68ca83e94c7ea945e6736e6e1d7dd26808a5dad0e8b,1,full,42,4,0.77842367
67778117c04d9ef5410e5521de74b72c8e3085491ba75d99bd2109762a058efe,67778117c04d9ef5410e5521de74b72c8e3085491ba75d99bd2109762a058efe,1,full,42,4,0.6219523
41ba1713a0172bdfc63c74f78b33b7fe084c29f647de8fc56d71675df288615f,41ba1713a0172bdfc63c74f78b33b7fe084c29f647de8fc56d71675df288615f,1,full,42,4,0.71382785
3e71fcc3f8a78e780596bbec3dc14e6e087e8d2f9a9eafdf54aa98995bf96af2,3e71fcc3f8a78e780596bbec3dc14e6e087e8d2f9a9eafdf54aa98995bf96af2,1,full,42,4,0.17446257
34eeb369fff52f1ad84bba5d77da167a26ca5249293e3910bb04e8af2bf2ba25,34eeb369fff52f1ad84bba5d77da167a26ca5249293e3910bb04e8af2bf2ba25,0,no_attention,42,4,0.034399867
e4a8a1984d9693e70d8335a1c8c77a39a68f684b5661ac2edc34f8e971dd88f1,e4a8a1984d9693e70d8335a1c8c77a39a68f684b5661ac2edc34f8e971dd88f1,0,no_attention,42,4,0.083505414
1aef7dac4e05e817a3496f6a49b890c9f2fc84b3afcda460c74f76723e09851e,1aef7dac4e05e817a3496f6a49b890c9f2fc84b3afcda460c74f76723e09851e,0,no_attention,42,4,0.8492502
90c4faafd845360cbfd09f19632147497b4b04463ee87ae31d991f20e6ca6ed0,90c4faafd845360cbfd09f19632147497b4b04463ee87ae31d991f20e6ca6ed0,0,no_attention,42,4,0.5650134
cce8e87b4fb59d8c79ae90de643a8203db5e0e0a73b4bb42effe9c2517f6fa01,cce8e87b4fb59d8c79ae90de643a8203db5e0e0a73b4bb42effe9c2517f6fa01,0,no_attention,42,4,0.09869405
2ed39cc6daa76227fef121e3687cd919552874410cad3b708ad363313a942626,2ed39cc6daa76227fef121e3687cd919552874410cad3b708ad363313a942626,0,no_attention,42,4,0.045421507
09393b70fcb61a1299bad46fd256c97f665e2830c41f528825d78823aa77afcb,09393b70fcb61a1299bad46fd256c97f665e2830c41f528825d78823aa77afcb,0,no_attention,42,4,0.7494563
fe24370b7fbad1d4671832b0132f589ae94191d04a324806374726cbb9553a9a,fe24370b7fbad1d4671832b0132f589ae94191d04a324806374726cbb9553a9a,0,no_attention,42,4,0.12174438
2696e7062b07582af40cc808c1d7ec35909b89548d5f99f2ed8d7f97e45374f9,2696e7062b07582af40cc808c1d7ec35909b89548d5f99f2ed8d7f97e45374f9,0,no_attention,42,4,0.027557028
83aaaf100259fad75d3cae0d1f0acedff5a3718d7d1db32062bd1cd3aac86688,34eeb369fff52f1ad84bba5d77da167a26ca5249293e3910bb04e8af2bf2ba25,0,no_attention,42,4,0.034052413
9fed845a58f23ea75c16c2f89d701ca68c7780565f94dd913a3fc2fd8e01b9cd,9fed845a58f23ea75c16c2f89d701ca68c7780565f94dd913a3fc2fd8e01b9cd,0,no_attention,42,4,0.41743782
683f3845f5e1a3e4b1f8fead91bc8f1f840f7e6724d34d9ea393e0b71d86d220,683f3845f5e1a3e4b1f8fead91bc8f1f840f7e6724d34d9ea393e0b71d86d220,0,no_attention,42,4,0.05276849
b139e0fcae28ad639ed2540074d7cf1ed36ef82ad840c1cf598128f4f55b6f94,2ed39cc6daa76227fef121e3687cd919552874410cad3b708ad363313a942626,0,no_attention,42,4,0.06736079
6af768514c2ab6b4609d28567d61ed8a7c5ffc020422713a7be95efdb8512f6a,6af768514c2ab6b4609d28567d61ed8a7c5ffc020422713a7be95efdb8512f6a,0,no_attention,42,4,0.21523355
91ec708e6345187e7e6cb79d8f506804299539768c93c40dad9b190d53558a60,91ec708e6345187e7e6cb79d8f506804299539768c93c40dad9b190d53558a60,0,no_attention,42,4,0.1601499
4b28a53817d0da69153d71be73ea818aaa6ac48f65a8dd2a5d84a6225fa0f94a,4b28a53817d0da69153d71be73ea818aaa6ac48f65a8dd2a5d84a6225fa0f94a,0,no_attention,42,4,0.052327797
af848889102601facd1b908c76d3cbf1ac5bb5681300d7e5a97893261e5d4a11,af848889102601facd1b908c76d3cbf1ac5bb5681300d7e5a97893261e5d4a11,0,no_attention,42,4,0.68904597
bdce5afee31c171c25454a01878f49a2bb1d2887df3eee350399b383513f8cae,bdce5afee31c171c25454a01878f49a2bb1d2887df3eee350399b383513f8cae,0,no_attention,42,4,0.68769825
81fe68a9e2fc315e9710282f606a670778130998e1390a3144d9bf5b31bd4065,81fe68a9e2fc315e9710282f606a670778130998e1390a3144d9bf5b31bd4065,0,no_attention,42,4,0.06458072
b12ea55157f26c262502f57f8eb5ab13ef9aeac065eed940af6c87d362ad9300,b12ea55157f26c262502f57f8eb5ab13ef9aeac065eed940af6c87d362ad9300,0,no_attention,42,4,0.014703566
d6c7145cffa1d9b450905160ed7b9b4579c864eb77395fc69813e5e6b74e495d,d6c7145cffa1d9b450905160ed7b9b4579c864eb77395fc69813e5e6b74e495d,1,no_attention,42,4,0.67677635
bd342fb9cbae0aaced0b790162fd2173c66f2b4d4548d7c8f56c07a655cdfa2f,bd342fb9cbae0aaced0b790162fd2173c66f2b4d4548d7c8f56c07a655cdfa2f,1,no_attention,42,4,0.3621648
8dc2f105b420d03e79f318c43a9bc8b63105f57cd452b4de3ab53998ee2c0013,4b500751557f10159179da0bf35abdbd125e04d552884e8115db912c31f440e5,1,no_attention,42,4,0.25965455
ec29cdff7047d7ea62b34c125bfb4d183e75d1102f79ea2672f3383533776599,ec29cdff7047d7ea62b34c125bfb4d183e75d1102f79ea2672f3383533776599,1,no_attention,42,4,0.59988946
1698e358015b2ecda49464781e87202cb625b72cfe0d2bc1e392f949afad6345,1698e358015b2ecda49464781e87202cb625b72cfe0d2bc1e392f949afad6345,1,no_attention,42,4,0.835338
56562a6e44ee836f84a036e2e76a09f7d302082181f58852651d2c48646ccc2a,56562a6e44ee836f84a036e2e76a09f7d302082181f58852651d2c48646ccc2a,1,no_attention,42,4,0.63027626
dfa19f73a09806cff5b8b3570e9ac156041cf5c4972375230d5bb22c82540be9,dfa19f73a09806cff5b8b3570e9ac156041cf5c4972375230d5bb22c82540be9,1,no_attention,42,4,0.94686043
a645b290ac12124164b9b27be07bbe9f4d5a44e51a551a6ca26321867a0006e9,a645b290ac12124164b9b27be07bbe9f4d5a44e51a551a6ca26321867a0006e9,1,no_attention,42,4,0.89763385
4b500751557f10159179da0bf35abdbd125e04d552884e8115db912c31f440e5,4b500751557f10159179da0bf35abdbd125e04d552884e8115db912c31f440e5,1,no_attention,42,4,0.2651674
78e97d3de70b032f0d206a290be5a6f5b64f7e058d60e0ef0331a2f58438a43e,78e97d3de70b032f0d206a290be5a6f5b64f7e058d60e0ef0331a2f58438a43e,1,no_attention,42,4,0.83545357
cd7814cfd9f4006cc37117d886dabdeb8ae27fcdbd9248592df88b6f54fd5bd5,cd7814cfd9f4006cc37117d886dabdeb8ae27fcdbd9248592df88b6f54fd5bd5,1,no_attention,42,4,0.34054604
4833565f53ed51543091352a222ac98b1c6096441861c9c035127a80fd460257,4833565f53ed51543091352a222ac98b1c6096441861c9c035127a80fd460257,1,no_attention,42,4,0.74189353
1945a41778e1fcf8341500525e443c5347977c28baf26a0ced32f99534edd898,1945a41778e1fcf8341500525e443c5347977c28baf26a0ced32f99534edd898,1,no_attention,42,4,0.8852732
6f83510d9f035d7a17efffccb9603239c49ba14dce10dbe0e25a3358e63a2ffb,6f83510d9f035d7a17efffccb9603239c49ba14dce10dbe0e25a3358e63a2ffb,1,no_attention,42,4,0.8421714
976659c77cc9b2679e77eb492592dfd66045319538e6f68604e0027b237cc949,976659c77cc9b2679e77eb492592dfd66045319538e6f68604e0027b237cc949,1,no_attention,42,4,0.45195615
664d62c750b5c76bce37e6b7496f70a9195a139c893da9e2487cf441bd622dda,664d62c750b5c76bce37e6b7496f70a9195a139c893da9e2487cf441bd622dda,1,no_attention,42,4,0.8622539
7b410517b5262c81b8cbd2a606b2b730e4aa41b2f4c405c406d0ab497a375fad,7b410517b5262c81b8cbd2a606b2b730e4aa41b2f4c405c406d0ab497a375fad,1,no_attention,42,4,0.85766584
e47b451baa75405ff12a9ec02887a268755b304791cb8555636959ac66bba7c7,3e71fcc3f8a78e780596bbec3dc14e6e087e8d2f9a9eafdf54aa98995bf96af2,1,no_attention,42,4,0.5023171
c6f1bb114ffc0594d49c3991aec03ef53c6d44506cd552baad1020f821d80648,c6f1bb114ffc0594d49c3991aec03ef53c6d44506cd552baad1020f821d80648,1,no_attention,42,4,0.49631268
a9ad252451dd83369e64751c361e0394fe0f2c117c56915ca089ba9683fffdab,a9ad252451dd83369e64751c361e0394fe0f2c117c56915ca089ba9683fffdab,1,no_attention,42,4,0.5963225
89810c9f9da51413829ef3ab0355af8a0dcce6507f1a0a77b0c4a5c7563a9e86,89810c9f9da51413829ef3ab0355af8a0dcce6507f1a0a77b0c4a5c7563a9e86,1,no_attention,42,4,0.7243245
0da7ca18162b012c5e65e29a6521df3c090a0070342516591883801876f8a8de,0da7ca18162b012c5e65e29a6521df3c090a0070342516591883801876f8a8de,1,no_attention,42,4,0.7604418
543e00753b2ae3a42b97e68ca83e94c7ea945e6736e6e1d7dd26808a5dad0e8b,543e00753b2ae3a42b97e68ca83e94c7ea945e6736e6e1d7dd26808a5dad0e8b,1,no_attention,42,4,0.76679903
67778117c04d9ef5410e5521de74b72c8e3085491ba75d99bd2109762a058efe,67778117c04d9ef5410e5521de74b72c8e3085491ba75d99bd2109762a058efe,1,no_attention,42,4,0.61064595
41ba1713a0172bdfc63c74f78b33b7fe084c29f647de8fc56d71675df288615f,41ba1713a0172bdfc63c74f78b33b7fe084c29f647de8fc56d71675df288615f,1,no_attention,42,4,0.8840261
3e71fcc3f8a78e780596bbec3dc14e6e087e8d2f9a9eafdf54aa98995bf96af2,3e71fcc3f8a78e780596bbec3dc14e6e087e8d2f9a9eafdf54aa98995bf96af2,1,no_attention,42,4,0.48398623
34eeb369fff52f1ad84bba5d77da167a26ca5249293e3910bb04e8af2bf2ba25,34eeb369fff52f1ad84bba5d77da167a26ca5249293e3910bb04e8af2bf2ba25,0,no_multiscale,42,4,0.007270923
e4a8a1984d9693e70d8335a1c8c77a39a68f684b5661ac2edc34f8e971dd88f1,e4a8a1984d9693e70d8335a1c8c77a39a68f684b5661ac2edc34f8e971dd88f1,0,no_multiscale,42,4,0.020174084
1aef7dac4e05e817a3496f6a49b890c9f2fc84b3afcda460c74f76723e09851e,1aef7dac4e05e817a3496f6a49b890c9f2fc84b3afcda460c74f76723e09851e,0,no_multiscale,42,4,0.8490332
90c4faafd845360cbfd09f19632147497b4b04463ee87ae31d991f20e6ca6ed0,90c4faafd845360cbfd09f19632147497b4b04463ee87ae31d991f20e6ca6ed0,0,no_multiscale,42,4,0.62972784
cce8e87b4fb59d8c79ae90de643a8203db5e0e0a73b4bb42effe9c2517f6fa01,cce8e87b4fb59d8c79ae90de643a8203db5e0e0a73b4bb42effe9c2517f6fa01,0,no_multiscale,42,4,0.0046591857
2ed39cc6daa76227fef121e3687cd919552874410cad3b708ad363313a942626,2ed39cc6daa76227fef121e3687cd919552874410cad3b708ad363313a942626,0,no_multiscale,42,4,0.011895659
09393b70fcb61a1299bad46fd256c97f665e2830c41f528825d78823aa77afcb,09393b70fcb61a1299bad46fd256c97f665e2830c41f528825d78823aa77afcb,0,no_multiscale,42,4,0.043182693
fe24370b7fbad1d4671832b0132f589ae94191d04a324806374726cbb9553a9a,fe24370b7fbad1d4671832b0132f589ae94191d04a324806374726cbb9553a9a,0,no_multiscale,42,4,0.007951693
2696e7062b07582af40cc808c1d7ec35909b89548d5f99f2ed8d7f97e45374f9,2696e7062b07582af40cc808c1d7ec35909b89548d5f99f2ed8d7f97e45374f9,0,no_multiscale,42,4,0.005067508
83aaaf100259fad75d3cae0d1f0acedff5a3718d7d1db32062bd1cd3aac86688,34eeb369fff52f1ad84bba5d77da167a26ca5249293e3910bb04e8af2bf2ba25,0,no_multiscale,42,4,0.006523383
9fed845a58f23ea75c16c2f89d701ca68c7780565f94dd913a3fc2fd8e01b9cd,9fed845a58f23ea75c16c2f89d701ca68c7780565f94dd913a3fc2fd8e01b9cd,0,no_multiscale,42,4,0.005170176
683f3845f5e1a3e4b1f8fead91bc8f1f840f7e6724d34d9ea393e0b71d86d220,683f3845f5e1a3e4b1f8fead91bc8f1f840f7e6724d34d9ea393e0b71d86d220,0,no_multiscale,42,4,0.9497547
b139e0fcae28ad639ed2540074d7cf1ed36ef82ad840c1cf598128f4f55b6f94,2ed39cc6daa76227fef121e3687cd919552874410cad3b708ad363313a942626,0,no_multiscale,42,4,0.011885065
6af768514c2ab6b4609d28567d61ed8a7c5ffc020422713a7be95efdb8512f6a,6af768514c2ab6b4609d28567d61ed8a7c5ffc020422713a7be95efdb8512f6a,0,no_multiscale,42,4,0.012373851
91ec708e6345187e7e6cb79d8f506804299539768c93c40dad9b190d53558a60,91ec708e6345187e7e6cb79d8f506804299539768c93c40dad9b190d53558a60,0,no_multiscale,42,4,0.6018385
4b28a53817d0da69153d71be73ea818aaa6ac48f65a8dd2a5d84a6225fa0f94a,4b28a53817d0da69153d71be73ea818aaa6ac48f65a8dd2a5d84a6225fa0f94a,0,no_multiscale,42,4,0.08163941
af848889102601facd1b908c76d3cbf1ac5bb5681300d7e5a97893261e5d4a11,af848889102601facd1b908c76d3cbf1ac5bb5681300d7e5a97893261e5d4a11,0,no_multiscale,42,4,0.8989299
bdce5afee31c171c25454a01878f49a2bb1d2887df3eee350399b383513f8cae,bdce5afee31c171c25454a01878f49a2bb1d2887df3eee350399b383513f8cae,0,no_multiscale,42,4,0.02990023
81fe68a9e2fc315e9710282f606a670778130998e1390a3144d9bf5b31bd4065,81fe68a9e2fc315e9710282f606a670778130998e1390a3144d9bf5b31bd4065,0,no_multiscale,42,4,0.024042124
b12ea55157f26c262502f57f8eb5ab13ef9aeac065eed940af6c87d362ad9300,b12ea55157f26c262502f57f8eb5ab13ef9aeac065eed940af6c87d362ad9300,0,no_multiscale,42,4,0.013821748
d6c7145cffa1d9b450905160ed7b9b4579c864eb77395fc69813e5e6b74e495d,d6c7145cffa1d9b450905160ed7b9b4579c864eb77395fc69813e5e6b74e495d,1,no_multiscale,42,4,0.95024854
bd342fb9cbae0aaced0b790162fd2173c66f2b4d4548d7c8f56c07a655cdfa2f,bd342fb9cbae0aaced0b790162fd2173c66f2b4d4548d7c8f56c07a655cdfa2f,1,no_multiscale,42,4,0.21969691
8dc2f105b420d03e79f318c43a9bc8b63105f57cd452b4de3ab53998ee2c0013,4b500751557f10159179da0bf35abdbd125e04d552884e8115db912c31f440e5,1,no_multiscale,42,4,0.010055003
ec29cdff7047d7ea62b34c125bfb4d183e75d1102f79ea2672f3383533776599,ec29cdff7047d7ea62b34c125bfb4d183e75d1102f79ea2672f3383533776599,1,no_multiscale,42,4,0.9508064
1698e358015b2ecda49464781e87202cb625b72cfe0d2bc1e392f949afad6345,1698e358015b2ecda49464781e87202cb625b72cfe0d2bc1e392f949afad6345,1,no_multiscale,42,4,0.83011514
56562a6e44ee836f84a036e2e76a09f7d302082181f58852651d2c48646ccc2a,56562a6e44ee836f84a036e2e76a09f7d302082181f58852651d2c48646ccc2a,1,no_multiscale,42,4,0.09922018
dfa19f73a09806cff5b8b3570e9ac156041cf5c4972375230d5bb22c82540be9,dfa19f73a09806cff5b8b3570e9ac156041cf5c4972375230d5bb22c82540be9,1,no_multiscale,42,4,0.9887629
a645b290ac12124164b9b27be07bbe9f4d5a44e51a551a6ca26321867a0006e9,a645b290ac12124164b9b27be07bbe9f4d5a44e51a551a6ca26321867a0006e9,1,no_multiscale,42,4,0.895295
4b500751557f10159179da0bf35abdbd125e04d552884e8115db912c31f440e5,4b500751557f10159179da0bf35abdbd125e04d552884e8115db912c31f440e5,1,no_multiscale,42,4,0.010299592
78e97d3de70b032f0d206a290be5a6f5b64f7e058d60e0ef0331a2f58438a43e,78e97d3de70b032f0d206a290be5a6f5b64f7e058d60e0ef0331a2f58438a43e,1,no_multiscale,42,4,0.31957784
cd7814cfd9f4006cc37117d886dabdeb8ae27fcdbd9248592df88b6f54fd5bd5,cd7814cfd9f4006cc37117d886dabdeb8ae27fcdbd9248592df88b6f54fd5bd5,1,no_multiscale,42,4,0.96365243
4833565f53ed51543091352a222ac98b1c6096441861c9c035127a80fd460257,4833565f53ed51543091352a222ac98b1c6096441861c9c035127a80fd460257,1,no_multiscale,42,4,0.9628109
1945a41778e1fcf8341500525e443c5347977c28baf26a0ced32f99534edd898,1945a41778e1fcf8341500525e443c5347977c28baf26a0ced32f99534edd898,1,no_multiscale,42,4,0.8177439
6f83510d9f035d7a17efffccb9603239c49ba14dce10dbe0e25a3358e63a2ffb,6f83510d9f035d7a17efffccb9603239c49ba14dce10dbe0e25a3358e63a2ffb,1,no_multiscale,42,4,0.93590206
976659c77cc9b2679e77eb492592dfd66045319538e6f68604e0027b237cc949,976659c77cc9b2679e77eb492592dfd66045319538e6f68604e0027b237cc949,1,no_multiscale,42,4,0.23548904
664d62c750b5c76bce37e6b7496f70a9195a139c893da9e2487cf441bd622dda,664d62c750b5c76bce37e6b7496f70a9195a139c893da9e2487cf441bd622dda,1,no_multiscale,42,4,0.9529585
7b410517b5262c81b8cbd2a606b2b730e4aa41b2f4c405c406d0ab497a375fad,7b410517b5262c81b8cbd2a606b2b730e4aa41b2f4c405c406d0ab497a375fad,1,no_multiscale,42,4,0.9025179
e47b451baa75405ff12a9ec02887a268755b304791cb8555636959ac66bba7c7,3e71fcc3f8a78e780596bbec3dc14e6e087e8d2f9a9eafdf54aa98995bf96af2,1,no_multiscale,42,4,0.9511699
c6f1bb114ffc0594d49c3991aec03ef53c6d44506cd552baad1020f821d80648,c6f1bb114ffc0594d49c3991aec03ef53c6d44506cd552baad1020f821d80648,1,no_multiscale,42,4,0.03749035
a9ad252451dd83369e64751c361e0394fe0f2c117c56915ca089ba9683fffdab,a9ad252451dd83369e64751c361e0394fe0f2c117c56915ca089ba9683fffdab,1,no_multiscale,42,4,0.9651329
89810c9f9da51413829ef3ab0355af8a0dcce6507f1a0a77b0c4a5c7563a9e86,89810c9f9da51413829ef3ab0355af8a0dcce6507f1a0a77b0c4a5c7563a9e86,1,no_multiscale,42,4,0.94324183
0da7ca18162b012c5e65e29a6521df3c090a0070342516591883801876f8a8de,0da7ca18162b012c5e65e29a6521df3c090a0070342516591883801876f8a8de,1,no_multiscale,42,4,0.9793178
543e00753b2ae3a42b97e68ca83e94c7ea945e6736e6e1d7dd26808a5dad0e8b,543e00753b2ae3a42b97e68ca83e94c7ea945e6736e6e1d7dd26808a5dad0e8b,1,no_multiscale,42,4,0.95707136
67778117c04d9ef5410e5521de74b72c8e3085491ba75d99bd2109762a058efe,67778117c04d9ef5410e5521de74b72c8e3085491ba75d99bd2109762a058efe,1,no_multiscale,42,4,0.9467944
41ba1713a0172bdfc63c74f78b33b7fe084c29f647de8fc56d71675df288615f,41ba1713a0172bdfc63c74f78b33b7fe084c29f647de8fc56d71675df288615f,1,no_multiscale,42,4,0.94737965
3e71fcc3f8a78e780596bbec3dc14e6e087e8d2f9a9eafdf54aa98995bf96af2,3e71fcc3f8a78e780596bbec3dc14e6e087e8d2f9a9eafdf54aa98995bf96af2,1,no_multiscale,42,4,0.94830805
34eeb369fff52f1ad84bba5d77da167a26ca5249293e3910bb04e8af2bf2ba25,34eeb369fff52f1ad84bba5d77da167a26ca5249293e3910bb04e8af2bf2ba25,0,no_attention_no_multiscale,42,4,0.012002645
e4a8a1984d9693e70d8335a1c8c77a39a68f684b5661ac2edc34f8e971dd88f1,e4a8a1984d9693e70d8335a1c8c77a39a68f684b5661ac2edc34f8e971dd88f1,0,no_attention_no_multiscale,42,4,0.08058657
1aef7dac4e05e817a3496f6a49b890c9f2fc84b3afcda460c74f76723e09851e,1aef7dac4e05e817a3496f6a49b890c9f2fc84b3afcda460c74f76723e09851e,0,no_attention_no_multiscale,42,4,0.95663154
90c4faafd845360cbfd09f19632147497b4b04463ee87ae31d991f20e6ca6ed0,90c4faafd845360cbfd09f19632147497b4b04463ee87ae31d991f20e6ca6ed0,0,no_attention_no_multiscale,42,4,0.7107323
cce8e87b4fb59d8c79ae90de643a8203db5e0e0a73b4bb42effe9c2517f6fa01,cce8e87b4fb59d8c79ae90de643a8203db5e0e0a73b4bb42effe9c2517f6fa01,0,no_attention_no_multiscale,42,4,0.03000128
2ed39cc6daa76227fef121e3687cd919552874410cad3b708ad363313a942626,2ed39cc6daa76227fef121e3687cd919552874410cad3b708ad363313a942626,0,no_attention_no_multiscale,42,4,0.055594698
09393b70fcb61a1299bad46fd256c97f665e2830c41f528825d78823aa77afcb,09393b70fcb61a1299bad46fd256c97f665e2830c41f528825d78823aa77afcb,0,no_attention_no_multiscale,42,4,0.64301467
fe24370b7fbad1d4671832b0132f589ae94191d04a324806374726cbb9553a9a,fe24370b7fbad1d4671832b0132f589ae94191d04a324806374726cbb9553a9a,0,no_attention_no_multiscale,42,4,0.44707984
2696e7062b07582af40cc808c1d7ec35909b89548d5f99f2ed8d7f97e45374f9,2696e7062b07582af40cc808c1d7ec35909b89548d5f99f2ed8d7f97e45374f9,0,no_attention_no_multiscale,42,4,0.030091086
83aaaf100259fad75d3cae0d1f0acedff5a3718d7d1db32062bd1cd3aac86688,34eeb369fff52f1ad84bba5d77da167a26ca5249293e3910bb04e8af2bf2ba25,0,no_attention_no_multiscale,42,4,0.012630721
9fed845a58f23ea75c16c2f89d701ca68c7780565f94dd913a3fc2fd8e01b9cd,9fed845a58f23ea75c16c2f89d701ca68c7780565f94dd913a3fc2fd8e01b9cd,0,no_attention_no_multiscale,42,4,0.14216577
683f3845f5e1a3e4b1f8fead91bc8f1f840f7e6724d34d9ea393e0b71d86d220,683f3845f5e1a3e4b1f8fead91bc8f1f840f7e6724d34d9ea393e0b71d86d220,0,no_attention_no_multiscale,42,4,0.13431875
b139e0fcae28ad639ed2540074d7cf1ed36ef82ad840c1cf598128f4f55b6f94,2ed39cc6daa76227fef121e3687cd919552874410cad3b708ad363313a942626,0,no_attention_no_multiscale,42,4,0.070818864
6af768514c2ab6b4609d28567d61ed8a7c5ffc020422713a7be95efdb8512f6a,6af768514c2ab6b4609d28567d61ed8a7c5ffc020422713a7be95efdb8512f6a,0,no_attention_no_multiscale,42,4,0.09831761
91ec708e6345187e7e6cb79d8f506804299539768c93c40dad9b190d53558a60,91ec708e6345187e7e6cb79d8f506804299539768c93c40dad9b190d53558a60,0,no_attention_no_multiscale,42,4,0.4335745
4b28a53817d0da69153d71be73ea818aaa6ac48f65a8dd2a5d84a6225fa0f94a,4b28a53817d0da69153d71be73ea818aaa6ac48f65a8dd2a5d84a6225fa0f94a,0,no_attention_no_multiscale,42,4,0.5079233
af848889102601facd1b908c76d3cbf1ac5bb5681300d7e5a97893261e5d4a11,af848889102601facd1b908c76d3cbf1ac5bb5681300d7e5a97893261e5d4a11,0,no_attention_no_multiscale,42,4,0.9145837
bdce5afee31c171c25454a01878f49a2bb1d2887df3eee350399b383513f8cae,bdce5afee31c171c25454a01878f49a2bb1d2887df3eee350399b383513f8cae,0,no_attention_no_multiscale,42,4,0.6213628
81fe68a9e2fc315e9710282f606a670778130998e1390a3144d9bf5b31bd4065,81fe68a9e2fc315e9710282f606a670778130998e1390a3144d9bf5b31bd4065,0,no_attention_no_multiscale,42,4,0.031115081
b12ea55157f26c262502f57f8eb5ab13ef9aeac065eed940af6c87d362ad9300,b12ea55157f26c262502f57f8eb5ab13ef9aeac065eed940af6c87d362ad9300,0,no_attention_no_multiscale,42,4,0.03353872
d6c7145cffa1d9b450905160ed7b9b4579c864eb77395fc69813e5e6b74e495d,d6c7145cffa1d9b450905160ed7b9b4579c864eb77395fc69813e5e6b74e495d,1,no_attention_no_multiscale,42,4,0.8763074
bd342fb9cbae0aaced0b790162fd2173c66f2b4d4548d7c8f56c07a655cdfa2f,bd342fb9cbae0aaced0b790162fd2173c66f2b4d4548d7c8f56c07a655cdfa2f,1,no_attention_no_multiscale,42,4,0.19954035
8dc2f105b420d03e79f318c43a9bc8b63105f57cd452b4de3ab53998ee2c0013,4b500751557f10159179da0bf35abdbd125e04d552884e8115db912c31f440e5,1,no_attention_no_multiscale,42,4,0.19109064
ec29cdff7047d7ea62b34c125bfb4d183e75d1102f79ea2672f3383533776599,ec29cdff7047d7ea62b34c125bfb4d183e75d1102f79ea2672f3383533776599,1,no_attention_no_multiscale,42,4,0.88524115
1698e358015b2ecda49464781e87202cb625b72cfe0d2bc1e392f949afad6345,1698e358015b2ecda49464781e87202cb625b72cfe0d2bc1e392f949afad6345,1,no_attention_no_multiscale,42,4,0.32245725
56562a6e44ee836f84a036e2e76a09f7d302082181f58852651d2c48646ccc2a,56562a6e44ee836f84a036e2e76a09f7d302082181f58852651d2c48646ccc2a,1,no_attention_no_multiscale,42,4,0.60111314
dfa19f73a09806cff5b8b3570e9ac156041cf5c4972375230d5bb22c82540be9,dfa19f73a09806cff5b8b3570e9ac156041cf5c4972375230d5bb22c82540be9,1,no_attention_no_multiscale,42,4,0.9888377
a645b290ac12124164b9b27be07bbe9f4d5a44e51a551a6ca26321867a0006e9,a645b290ac12124164b9b27be07bbe9f4d5a44e51a551a6ca26321867a0006e9,1,no_attention_no_multiscale,42,4,0.93081325
4b500751557f10159179da0bf35abdbd125e04d552884e8115db912c31f440e5,4b500751557f10159179da0bf35abdbd125e04d552884e8115db912c31f440e5,1,no_attention_no_multiscale,42,4,0.21054424
78e97d3de70b032f0d206a290be5a6f5b64f7e058d60e0ef0331a2f58438a43e,78e97d3de70b032f0d206a290be5a6f5b64f7e058d60e0ef0331a2f58438a43e,1,no_attention_no_multiscale,42,4,0.8933162
cd7814cfd9f4006cc37117d886dabdeb8ae27fcdbd9248592df88b6f54fd5bd5,cd7814cfd9f4006cc37117d886dabdeb8ae27fcdbd9248592df88b6f54fd5bd5,1,no_attention_no_multiscale,42,4,0.83400804
4833565f53ed51543091352a222ac98b1c6096441861c9c035127a80fd460257,4833565f53ed51543091352a222ac98b1c6096441861c9c035127a80fd460257,1,no_attention_no_multiscale,42,4,0.38474753
1945a41778e1fcf8341500525e443c5347977c28baf26a0ced32f99534edd898,1945a41778e1fcf8341500525e443c5347977c28baf26a0ced32f99534edd898,1,no_attention_no_multiscale,42,4,0.9630078
6f83510d9f035d7a17efffccb9603239c49ba14dce10dbe0e25a3358e63a2ffb,6f83510d9f035d7a17efffccb9603239c49ba14dce10dbe0e25a3358e63a2ffb,1,no_attention_no_multiscale,42,4,0.93310463
976659c77cc9b2679e77eb492592dfd66045319538e6f68604e0027b237cc949,976659c77cc9b2679e77eb492592dfd66045319538e6f68604e0027b237cc949,1,no_attention_no_multiscale,42,4,0.57858026
664d62c750b5c76bce37e6b7496f70a9195a139c893da9e2487cf441bd622dda,664d62c750b5c76bce37e6b7496f70a9195a139c893da9e2487cf441bd622dda,1,no_attention_no_multiscale,42,4,0.80580455
7b410517b5262c81b8cbd2a606b2b730e4aa41b2f4c405c406d0ab497a375fad,7b410517b5262c81b8cbd2a606b2b730e4aa41b2f4c405c406d0ab497a375fad,1,no_attention_no_multiscale,42,4,0.9643107
e47b451baa75405ff12a9ec02887a268755b304791cb8555636959ac66bba7c7,3e71fcc3f8a78e780596bbec3dc14e6e087e8d2f9a9eafdf54aa98995bf96af2,1,no_attention_no_multiscale,42,4,0.5284365
c6f1bb114ffc0594d49c3991aec03ef53c6d44506cd552baad1020f821d80648,c6f1bb114ffc0594d49c3991aec03ef53c6d44506cd552baad1020f821d80648,1,no_attention_no_multiscale,42,4,0.7585561
a9ad252451dd83369e64751c361e0394fe0f2c117c56915ca089ba9683fffdab,a9ad252451dd83369e64751c361e0394fe0f2c117c56915ca089ba9683fffdab,1,no_attention_no_multiscale,42,4,0.8481931
89810c9f9da51413829ef3ab0355af8a0dcce6507f1a0a77b0c4a5c7563a9e86,89810c9f9da51413829ef3ab0355af8a0dcce6507f1a0a77b0c4a5c7563a9e86,1,no_attention_no_multiscale,42,4,0.7769463
0da7ca18162b012c5e65e29a6521df3c090a0070342516591883801876f8a8de,0da7ca18162b012c5e65e29a6521df3c090a0070342516591883801876f8a8de,1,no_attention_no_multiscale,42,4,0.9513631
543e00753b2ae3a42b97e68ca83e94c7ea945e6736e6e1d7dd26808a5dad0e8b,543e00753b2ae3a42b97e68ca83e94c7ea945e6736e6e1d7dd26808a5dad0e8b,1,no_attention_no_multiscale,42,4,0.9174585
67778117c04d9ef5410e5521de74b72c8e3085491ba75d99bd2109762a058efe,67778117c04d9ef5410e5521de74b72c8e3085491ba75d99bd2109762a058efe,1,no_attention_no_multiscale,42,4,0.70498776
41ba1713a0172bdfc63c74f78b33b7fe084c29f647de8fc56d71675df288615f,41ba1713a0172bdfc63c74f78b33b7fe084c29f647de8fc56d71675df288615f,1,no_attention_no_multiscale,42,4,0.952813
3e71fcc3f8a78e780596bbec3dc14e6e087e8d2f9a9eafdf54aa98995bf96af2,3e71fcc3f8a78e780596bbec3dc14e6e087e8d2f9a9eafdf54aa98995bf96af2,1,no_attention_no_multiscale,42,4,0.5468904
34eeb369fff52f1ad84bba5d77da167a26ca5249293e3910bb04e8af2bf2ba25,34eeb369fff52f1ad84bba5d77da167a26ca5249293e3910bb04e8af2bf2ba25,0,no_augmentation,42,4,0.03588402
e4a8a1984d9693e70d8335a1c8c77a39a68f684b5661ac2edc34f8e971dd88f1,e4a8a1984d9693e70d8335a1c8c77a39a68f684b5661ac2edc34f8e971dd88f1,0,no_augmentation,42,4,0.83695924
1aef7dac4e05e817a3496f6a49b890c9f2fc84b3afcda460c74f76723e09851e,1aef7dac4e05e817a3496f6a49b890c9f2fc84b3afcda460c74f76723e09851e,0,no_augmentation,42,4,0.846384
90c4faafd845360cbfd09f19632147497b4b04463ee87ae31d991f20e6ca6ed0,90c4faafd845360cbfd09f19632147497b4b04463ee87ae31d991f20e6ca6ed0,0,no_augmentation,42,4,0.7873351
cce8e87b4fb59d8c79ae90de643a8203db5e0e0a73b4bb42effe9c2517f6fa01,cce8e87b4fb59d8c79ae90de643a8203db5e0e0a73b4bb42effe9c2517f6fa01,0,no_augmentation,42,4,0.0823032
2ed39cc6daa76227fef121e3687cd919552874410cad3b708ad363313a942626,2ed39cc6daa76227fef121e3687cd919552874410cad3b708ad363313a942626,0,no_augmentation,42,4,0.08853425
09393b70fcb61a1299bad46fd256c97f665e2830c41f528825d78823aa77afcb,09393b70fcb61a1299bad46fd256c97f665e2830c41f528825d78823aa77afcb,0,no_augmentation,42,4,0.12064923
fe24370b7fbad1d4671832b0132f589ae94191d04a324806374726cbb9553a9a,fe24370b7fbad1d4671832b0132f589ae94191d04a324806374726cbb9553a9a,0,no_augmentation,42,4,0.10802557
2696e7062b07582af40cc808c1d7ec35909b89548d5f99f2ed8d7f97e45374f9,2696e7062b07582af40cc808c1d7ec35909b89548d5f99f2ed8d7f97e45374f9,0,no_augmentation,42,4,0.117495425
83aaaf100259fad75d3cae0d1f0acedff5a3718d7d1db32062bd1cd3aac86688,34eeb369fff52f1ad84bba5d77da167a26ca5249293e3910bb04e8af2bf2ba25,0,no_augmentation,42,4,0.03334334
9fed845a58f23ea75c16c2f89d701ca68c7780565f94dd913a3fc2fd8e01b9cd,9fed845a58f23ea75c16c2f89d701ca68c7780565f94dd913a3fc2fd8e01b9cd,0,no_augmentation,42,4,0.554668
683f3845f5e1a3e4b1f8fead91bc8f1f840f7e6724d34d9ea393e0b71d86d220,683f3845f5e1a3e4b1f8fead91bc8f1f840f7e6724d34d9ea393e0b71d86d220,0,no_augmentation,42,4,0.73980296
b139e0fcae28ad639ed2540074d7cf1ed36ef82ad840c1cf598128f4f55b6f94,2ed39cc6daa76227fef121e3687cd919552874410cad3b708ad363313a942626,0,no_augmentation,42,4,0.09925975
6af768514c2ab6b4609d28567d61ed8a7c5ffc020422713a7be95efdb8512f6a,6af768514c2ab6b4609d28567d61ed8a7c5ffc020422713a7be95efdb8512f6a,0,no_augmentation,42,4,0.6660604
91ec708e6345187e7e6cb79d8f506804299539768c93c40dad9b190d53558a60,91ec708e6345187e7e6cb79d8f506804299539768c93c40dad9b190d53558a60,0,no_augmentation,42,4,0.59962755
4b28a53817d0da69153d71be73ea818aaa6ac48f65a8dd2a5d84a6225fa0f94a,4b28a53817d0da69153d71be73ea818aaa6ac48f65a8dd2a5d84a6225fa0f94a,0,no_augmentation,42,4,0.55742925
af848889102601facd1b908c76d3cbf1ac5bb5681300d7e5a97893261e5d4a11,af848889102601facd1b908c76d3cbf1ac5bb5681300d7e5a97893261e5d4a11,0,no_augmentation,42,4,0.9652496
bdce5afee31c171c25454a01878f49a2bb1d2887df3eee350399b383513f8cae,bdce5afee31c171c25454a01878f49a2bb1d2887df3eee350399b383513f8cae,0,no_augmentation,42,4,0.81013966
81fe68a9e2fc315e9710282f606a670778130998e1390a3144d9bf5b31bd4065,81fe68a9e2fc315e9710282f606a670778130998e1390a3144d9bf5b31bd4065,0,no_augmentation,42,4,0.110848665
b12ea55157f26c262502f57f8eb5ab13ef9aeac065eed940af6c87d362ad9300,b12ea55157f26c262502f57f8eb5ab13ef9aeac065eed940af6c87d362ad9300,0,no_augmentation,42,4,0.053601183
d6c7145cffa1d9b450905160ed7b9b4579c864eb77395fc69813e5e6b74e495d,d6c7145cffa1d9b450905160ed7b9b4579c864eb77395fc69813e5e6b74e495d,1,no_augmentation,42,4,0.76222193
bd342fb9cbae0aaced0b790162fd2173c66f2b4d4548d7c8f56c07a655cdfa2f,bd342fb9cbae0aaced0b790162fd2173c66f2b4d4548d7c8f56c07a655cdfa2f,1,no_augmentation,42,4,0.50542706
8dc2f105b420d03e79f318c43a9bc8b63105f57cd452b4de3ab53998ee2c0013,4b500751557f10159179da0bf35abdbd125e04d552884e8115db912c31f440e5,1,no_augmentation,42,4,0.31439048
ec29cdff7047d7ea62b34c125bfb4d183e75d1102f79ea2672f3383533776599,ec29cdff7047d7ea62b34c125bfb4d183e75d1102f79ea2672f3383533776599,1,no_augmentation,42,4,0.32451838
1698e358015b2ecda49464781e87202cb625b72cfe0d2bc1e392f949afad6345,1698e358015b2ecda49464781e87202cb625b72cfe0d2bc1e392f949afad6345,1,no_augmentation,42,4,0.06030853
56562a6e44ee836f84a036e2e76a09f7d302082181f58852651d2c48646ccc2a,56562a6e44ee836f84a036e2e76a09f7d302082181f58852651d2c48646ccc2a,1,no_augmentation,42,4,0.91888857
dfa19f73a09806cff5b8b3570e9ac156041cf5c4972375230d5bb22c82540be9,dfa19f73a09806cff5b8b3570e9ac156041cf5c4972375230d5bb22c82540be9,1,no_augmentation,42,4,0.95080256
a645b290ac12124164b9b27be07bbe9f4d5a44e51a551a6ca26321867a0006e9,a645b290ac12124164b9b27be07bbe9f4d5a44e51a551a6ca26321867a0006e9,1,no_augmentation,42,4,0.88160616
4b500751557f10159179da0bf35abdbd125e04d552884e8115db912c31f440e5,4b500751557f10159179da0bf35abdbd125e04d552884e8115db912c31f440e5,1,no_augmentation,42,4,0.33246264
78e97d3de70b032f0d206a290be5a6f5b64f7e058d60e0ef0331a2f58438a43e,78e97d3de70b032f0d206a290be5a6f5b64f7e058d60e0ef0331a2f58438a43e,1,no_augmentation,42,4,0.66639274
cd7814cfd9f4006cc37117d886dabdeb8ae27fcdbd9248592df88b6f54fd5bd5,cd7814cfd9f4006cc37117d886dabdeb8ae27fcdbd9248592df88b6f54fd5bd5,1,no_augmentation,42,4,0.8443599
4833565f53ed51543091352a222ac98b1c6096441861c9c035127a80fd460257,4833565f53ed51543091352a222ac98b1c6096441861c9c035127a80fd460257,1,no_augmentation,42,4,0.6498796
1945a41778e1fcf8341500525e443c5347977c28baf26a0ced32f99534edd898,1945a41778e1fcf8341500525e443c5347977c28baf26a0ced32f99534edd898,1,no_augmentation,42,4,0.76753646
6f83510d9f035d7a17efffccb9603239c49ba14dce10dbe0e25a3358e63a2ffb,6f83510d9f035d7a17efffccb9603239c49ba14dce10dbe0e25a3358e63a2ffb,1,no_augmentation,42,4,0.9507101
976659c77cc9b2679e77eb492592dfd66045319538e6f68604e0027b237cc949,976659c77cc9b2679e77eb492592dfd66045319538e6f68604e0027b237cc949,1,no_augmentation,42,4,0.794547
664d62c750b5c76bce37e6b7496f70a9195a139c893da9e2487cf441bd622dda,664d62c750b5c76bce37e6b7496f70a9195a139c893da9e2487cf441bd622dda,1,no_augmentation,42,4,0.86709607
7b410517b5262c81b8cbd2a606b2b730e4aa41b2f4c405c406d0ab497a375fad,7b410517b5262c81b8cbd2a606b2b730e4aa41b2f4c405c406d0ab497a375fad,1,no_augmentation,42,4,0.7625208
e47b451baa75405ff12a9ec02887a268755b304791cb8555636959ac66bba7c7,3e71fcc3f8a78e780596bbec3dc14e6e087e8d2f9a9eafdf54aa98995bf96af2,1,no_augmentation,42,4,0.68599755
c6f1bb114ffc0594d49c3991aec03ef53c6d44506cd552baad1020f821d80648,c6f1bb114ffc0594d49c3991aec03ef53c6d44506cd552baad1020f821d80648,1,no_augmentation,42,4,0.7993351
a9ad252451dd83369e64751c361e0394fe0f2c117c56915ca089ba9683fffdab,a9ad252451dd83369e64751c361e0394fe0f2c117c56915ca089ba9683fffdab,1,no_augmentation,42,4,0.840897
89810c9f9da51413829ef3ab0355af8a0dcce6507f1a0a77b0c4a5c7563a9e86,89810c9f9da51413829ef3ab0355af8a0dcce6507f1a0a77b0c4a5c7563a9e86,1,no_augmentation,42,4,0.7556088
0da7ca18162b012c5e65e29a6521df3c090a0070342516591883801876f8a8de,0da7ca18162b012c5e65e29a6521df3c090a0070342516591883801876f8a8de,1,no_augmentation,42,4,0.91958845
543e00753b2ae3a42b97e68ca83e94c7ea945e6736e6e1d7dd26808a5dad0e8b,543e00753b2ae3a42b97e68ca83e94c7ea945e6736e6e1d7dd26808a5dad0e8b,1,no_augmentation,42,4,0.88494503
67778117c04d9ef5410e5521de74b72c8e3085491ba75d99bd2109762a058efe,67778117c04d9ef5410e5521de74b72c8e3085491ba75d99bd2109762a058efe,1,no_augmentation,42,4,0.85799134
41ba1713a0172bdfc63c74f78b33b7fe084c29f647de8fc56d71675df288615f,41ba1713a0172bdfc63c74f78b33b7fe084c29f647de8fc56d71675df288615f,1,no_augmentation,42,4,0.923947
3e71fcc3f8a78e780596bbec3dc14e6e087e8d2f9a9eafdf54aa98995bf96af2,3e71fcc3f8a78e780596bbec3dc14e6e087e8d2f9a9eafdf54aa98995bf96af2,1,no_augmentation,42,4,0.6788231
34eeb369fff52f1ad84bba5d77da167a26ca5249293e3910bb04e8af2bf2ba25,34eeb369fff52f1ad84bba5d77da167a26ca5249293e3910bb04e8af2bf2ba25,0,plain_cnn,42,4,0.22857471
e4a8a1984d9693e70d8335a1c8c77a39a68f684b5661ac2edc34f8e971dd88f1,e4a8a1984d9693e70d8335a1c8c77a39a68f684b5661ac2edc34f8e971dd88f1,0,plain_cnn,42,4,0.0991037
1aef7dac4e05e817a3496f6a49b890c9f2fc84b3afcda460c74f76723e09851e,1aef7dac4e05e817a3496f6a49b890c9f2fc84b3afcda460c74f76723e09851e,0,plain_cnn,42,4,0.7810073
90c4faafd845360cbfd09f19632147497b4b04463ee87ae31d991f20e6ca6ed0,90c4faafd845360cbfd09f19632147497b4b04463ee87ae31d991f20e6ca6ed0,0,plain_cnn,42,4,0.5108229
cce8e87b4fb59d8c79ae90de643a8203db5e0e0a73b4bb42effe9c2517f6fa01,cce8e87b4fb59d8c79ae90de643a8203db5e0e0a73b4bb42effe9c2517f6fa01,0,plain_cnn,42,4,0.1004875
2ed39cc6daa76227fef121e3687cd919552874410cad3b708ad363313a942626,2ed39cc6daa76227fef121e3687cd919552874410cad3b708ad363313a942626,0,plain_cnn,42,4,0.1873738
09393b70fcb61a1299bad46fd256c97f665e2830c41f528825d78823aa77afcb,09393b70fcb61a1299bad46fd256c97f665e2830c41f528825d78823aa77afcb,0,plain_cnn,42,4,0.26083034
fe24370b7fbad1d4671832b0132f589ae94191d04a324806374726cbb9553a9a,fe24370b7fbad1d4671832b0132f589ae94191d04a324806374726cbb9553a9a,0,plain_cnn,42,4,0.039024
2696e7062b07582af40cc808c1d7ec35909b89548d5f99f2ed8d7f97e45374f9,2696e7062b07582af40cc808c1d7ec35909b89548d5f99f2ed8d7f97e45374f9,0,plain_cnn,42,4,0.17495327
83aaaf100259fad75d3cae0d1f0acedff5a3718d7d1db32062bd1cd3aac86688,34eeb369fff52f1ad84bba5d77da167a26ca5249293e3910bb04e8af2bf2ba25,0,plain_cnn,42,4,0.22823577
9fed845a58f23ea75c16c2f89d701ca68c7780565f94dd913a3fc2fd8e01b9cd,9fed845a58f23ea75c16c2f89d701ca68c7780565f94dd913a3fc2fd8e01b9cd,0,plain_cnn,42,4,0.37277904
683f3845f5e1a3e4b1f8fead91bc8f1f840f7e6724d34d9ea393e0b71d86d220,683f3845f5e1a3e4b1f8fead91bc8f1f840f7e6724d34d9ea393e0b71d86d220,0,plain_cnn,42,4,0.2837838
b139e0fcae28ad639ed2540074d7cf1ed36ef82ad840c1cf598128f4f55b6f94,2ed39cc6daa76227fef121e3687cd919552874410cad3b708ad363313a942626,0,plain_cnn,42,4,0.18568805
6af768514c2ab6b4609d28567d61ed8a7c5ffc020422713a7be95efdb8512f6a,6af768514c2ab6b4609d28567d61ed8a7c5ffc020422713a7be95efdb8512f6a,0,plain_cnn,42,4,0.36892158
91ec708e6345187e7e6cb79d8f506804299539768c93c40dad9b190d53558a60,91ec708e6345187e7e6cb79d8f506804299539768c93c40dad9b190d53558a60,0,plain_cnn,42,4,0.31840676
4b28a53817d0da69153d71be73ea818aaa6ac48f65a8dd2a5d84a6225fa0f94a,4b28a53817d0da69153d71be73ea818aaa6ac48f65a8dd2a5d84a6225fa0f94a,0,plain_cnn,42,4,0.23685724
af848889102601facd1b908c76d3cbf1ac5bb5681300d7e5a97893261e5d4a11,af848889102601facd1b908c76d3cbf1ac5bb5681300d7e5a97893261e5d4a11,0,plain_cnn,42,4,0.65373546
bdce5afee31c171c25454a01878f49a2bb1d2887df3eee350399b383513f8cae,bdce5afee31c171c25454a01878f49a2bb1d2887df3eee350399b383513f8cae,0,plain_cnn,42,4,0.5564488
81fe68a9e2fc315e9710282f606a670778130998e1390a3144d9bf5b31bd4065,81fe68a9e2fc315e9710282f606a670778130998e1390a3144d9bf5b31bd4065,0,plain_cnn,42,4,0.21168837
b12ea55157f26c262502f57f8eb5ab13ef9aeac065eed940af6c87d362ad9300,b12ea55157f26c262502f57f8eb5ab13ef9aeac065eed940af6c87d362ad9300,0,plain_cnn,42,4,0.23167333
d6c7145cffa1d9b450905160ed7b9b4579c864eb77395fc69813e5e6b74e495d,d6c7145cffa1d9b450905160ed7b9b4579c864eb77395fc69813e5e6b74e495d,1,plain_cnn,42,4,0.7704007
bd342fb9cbae0aaced0b790162fd2173c66f2b4d4548d7c8f56c07a655cdfa2f,bd342fb9cbae0aaced0b790162fd2173c66f2b4d4548d7c8f56c07a655cdfa2f,1,plain_cnn,42,4,0.38540095
8dc2f105b420d03e79f318c43a9bc8b63105f57cd452b4de3ab53998ee2c0013,4b500751557f10159179da0bf35abdbd125e04d552884e8115db912c31f440e5,1,plain_cnn,42,4,0.28008467
ec29cdff7047d7ea62b34c125bfb4d183e75d1102f79ea2672f3383533776599,ec29cdff7047d7ea62b34c125bfb4d183e75d1102f79ea2672f3383533776599,1,plain_cnn,42,4,0.17508729
1698e358015b2ecda49464781e87202cb625b72cfe0d2bc1e392f949afad6345,1698e358015b2ecda49464781e87202cb625b72cfe0d2bc1e392f949afad6345,1,plain_cnn,42,4,0.23663718
56562a6e44ee836f84a036e2e76a09f7d302082181f58852651d2c48646ccc2a,56562a6e44ee836f84a036e2e76a09f7d302082181f58852651d2c48646ccc2a,1,plain_cnn,42,4,0.45532596
dfa19f73a09806cff5b8b3570e9ac156041cf5c4972375230d5bb22c82540be9,dfa19f73a09806cff5b8b3570e9ac156041cf5c4972375230d5bb22c82540be9,1,plain_cnn,42,4,0.75019026
a645b290ac12124164b9b27be07bbe9f4d5a44e51a551a6ca26321867a0006e9,a645b290ac12124164b9b27be07bbe9f4d5a44e51a551a6ca26321867a0006e9,1,plain_cnn,42,4,0.7842682
4b500751557f10159179da0bf35abdbd125e04d552884e8115db912c31f440e5,4b500751557f10159179da0bf35abdbd125e04d552884e8115db912c31f440e5,1,plain_cnn,42,4,0.279626
78e97d3de70b032f0d206a290be5a6f5b64f7e058d60e0ef0331a2f58438a43e,78e97d3de70b032f0d206a290be5a6f5b64f7e058d60e0ef0331a2f58438a43e,1,plain_cnn,42,4,0.574145
cd7814cfd9f4006cc37117d886dabdeb8ae27fcdbd9248592df88b6f54fd5bd5,cd7814cfd9f4006cc37117d886dabdeb8ae27fcdbd9248592df88b6f54fd5bd5,1,plain_cnn,42,4,0.36815572
4833565f53ed51543091352a222ac98b1c6096441861c9c035127a80fd460257,4833565f53ed51543091352a222ac98b1c6096441861c9c035127a80fd460257,1,plain_cnn,42,4,0.28025973
1945a41778e1fcf8341500525e443c5347977c28baf26a0ced32f99534edd898,1945a41778e1fcf8341500525e443c5347977c28baf26a0ced32f99534edd898,1,plain_cnn,42,4,0.6963473
6f83510d9f035d7a17efffccb9603239c49ba14dce10dbe0e25a3358e63a2ffb,6f83510d9f035d7a17efffccb9603239c49ba14dce10dbe0e25a3358e63a2ffb,1,plain_cnn,42,4,0.67016345
976659c77cc9b2679e77eb492592dfd66045319538e6f68604e0027b237cc949,976659c77cc9b2679e77eb492592dfd66045319538e6f68604e0027b237cc949,1,plain_cnn,42,4,0.4410316
664d62c750b5c76bce37e6b7496f70a9195a139c893da9e2487cf441bd622dda,664d62c750b5c76bce37e6b7496f70a9195a139c893da9e2487cf441bd622dda,1,plain_cnn,42,4,0.46979523
7b410517b5262c81b8cbd2a606b2b730e4aa41b2f4c405c406d0ab497a375fad,7b410517b5262c81b8cbd2a606b2b730e4aa41b2f4c405c406d0ab497a375fad,1,plain_cnn,42,4,0.7082614
e47b451baa75405ff12a9ec02887a268755b304791cb8555636959ac66bba7c7,3e71fcc3f8a78e780596bbec3dc14e6e087e8d2f9a9eafdf54aa98995bf96af2,1,plain_cnn,42,4,0.45119575
c6f1bb114ffc0594d49c3991aec03ef53c6d44506cd552baad1020f821d80648,c6f1bb114ffc0594d49c3991aec03ef53c6d44506cd552baad1020f821d80648,1,plain_cnn,42,4,0.46113962
a9ad252451dd83369e64751c361e0394fe0f2c117c56915ca089ba9683fffdab,a9ad252451dd83369e64751c361e0394fe0f2c117c56915ca089ba9683fffdab,1,plain_cnn,42,4,0.6560636
89810c9f9da51413829ef3ab0355af8a0dcce6507f1a0a77b0c4a5c7563a9e86,89810c9f9da51413829ef3ab0355af8a0dcce6507f1a0a77b0c4a5c7563a9e86,1,plain_cnn,42,4,0.48838234
0da7ca18162b012c5e65e29a6521df3c090a0070342516591883801876f8a8de,0da7ca18162b012c5e65e29a6521df3c090a0070342516591883801876f8a8de,1,plain_cnn,42,4,0.36239937
543e00753b2ae3a42b97e68ca83e94c7ea945e6736e6e1d7dd26808a5dad0e8b,543e00753b2ae3a42b97e68ca83e94c7ea945e6736e6e1d7dd26808a5dad0e8b,1,plain_cnn,42,4,0.55299735
67778117c04d9ef5410e5521de74b72c8e3085491ba75d99bd2109762a058efe,67778117c04d9ef5410e5521de74b72c8e3085491ba75d99bd2109762a058efe,1,plain_cnn,42,4,0.39525703
41ba1713a0172bdfc63c74f78b33b7fe084c29f647de8fc56d71675df288615f,41ba1713a0172bdfc63c74f78b33b7fe084c29f647de8fc56d71675df288615f,1,plain_cnn,42,4,0.670063
3e71fcc3f8a78e780596bbec3dc14e6e087e8d2f9a9eafdf54aa98995bf96af2,3e71fcc3f8a78e780596bbec3dc14e6e087e8d2f9a9eafdf54aa98995bf96af2,1,plain_cnn,42,4,0.4541946
34eeb369fff52f1ad84bba5d77da167a26ca5249293e3910bb04e8af2bf2ba25,34eeb369fff52f1ad84bba5d77da167a26ca5249293e3910bb04e8af2bf2ba25,0,narrow_resnet_gn,42,4,0.007119486
e4a8a1984d9693e70d8335a1c8c77a39a68f684b5661ac2edc34f8e971dd88f1,e4a8a1984d9693e70d8335a1c8c77a39a68f684b5661ac2edc34f8e971dd88f1,0,narrow_resnet_gn,42,4,0.0126086725
1aef7dac4e05e817a3496f6a49b890c9f2fc84b3afcda460c74f76723e09851e,1aef7dac4e05e817a3496f6a49b890c9f2fc84b3afcda460c74f76723e09851e,0,narrow_resnet_gn,42,4,0.9421861
90c4faafd845360cbfd09f19632147497b4b04463ee87ae31d991f20e6ca6ed0,90c4faafd845360cbfd09f19632147497b4b04463ee87ae31d991f20e6ca6ed0,0,narrow_resnet_gn,42,4,0.21856251
cce8e87b4fb59d8c79ae90de643a8203db5e0e0a73b4bb42effe9c2517f6fa01,cce8e87b4fb59d8c79ae90de643a8203db5e0e0a73b4bb42effe9c2517f6fa01,0,narrow_resnet_gn,42,4,0.08666824
2ed39cc6daa76227fef121e3687cd919552874410cad3b708ad363313a942626,2ed39cc6daa76227fef121e3687cd919552874410cad3b708ad363313a942626,0,narrow_resnet_gn,42,4,0.010929871
09393b70fcb61a1299bad46fd256c97f665e2830c41f528825d78823aa77afcb,09393b70fcb61a1299bad46fd256c97f665e2830c41f528825d78823aa77afcb,0,narrow_resnet_gn,42,4,0.7068476
fe24370b7fbad1d4671832b0132f589ae94191d04a324806374726cbb9553a9a,fe24370b7fbad1d4671832b0132f589ae94191d04a324806374726cbb9553a9a,0,narrow_resnet_gn,42,4,0.034619782
2696e7062b07582af40cc808c1d7ec35909b89548d5f99f2ed8d7f97e45374f9,2696e7062b07582af40cc808c1d7ec35909b89548d5f99f2ed8d7f97e45374f9,0,narrow_resnet_gn,42,4,0.005136323
83aaaf100259fad75d3cae0d1f0acedff5a3718d7d1db32062bd1cd3aac86688,34eeb369fff52f1ad84bba5d77da167a26ca5249293e3910bb04e8af2bf2ba25,0,narrow_resnet_gn,42,4,0.006245514
9fed845a58f23ea75c16c2f89d701ca68c7780565f94dd913a3fc2fd8e01b9cd,9fed845a58f23ea75c16c2f89d701ca68c7780565f94dd913a3fc2fd8e01b9cd,0,narrow_resnet_gn,42,4,0.08865769
683f3845f5e1a3e4b1f8fead91bc8f1f840f7e6724d34d9ea393e0b71d86d220,683f3845f5e1a3e4b1f8fead91bc8f1f840f7e6724d34d9ea393e0b71d86d220,0,narrow_resnet_gn,42,4,0.069942184
b139e0fcae28ad639ed2540074d7cf1ed36ef82ad840c1cf598128f4f55b6f94,2ed39cc6daa76227fef121e3687cd919552874410cad3b708ad363313a942626,0,narrow_resnet_gn,42,4,0.01572314
6af768514c2ab6b4609d28567d61ed8a7c5ffc020422713a7be95efdb8512f6a,6af768514c2ab6b4609d28567d61ed8a7c5ffc020422713a7be95efdb8512f6a,0,narrow_resnet_gn,42,4,0.038810022
91ec708e6345187e7e6cb79d8f506804299539768c93c40dad9b190d53558a60,91ec708e6345187e7e6cb79d8f506804299539768c93c40dad9b190d53558a60,0,narrow_resnet_gn,42,4,0.40711942
4b28a53817d0da69153d71be73ea818aaa6ac48f65a8dd2a5d84a6225fa0f94a,4b28a53817d0da69153d71be73ea818aaa6ac48f65a8dd2a5d84a6225fa0f94a,0,narrow_resnet_gn,42,4,0.008778358
af848889102601facd1b908c76d3cbf1ac5bb5681300d7e5a97893261e5d4a11,af848889102601facd1b908c76d3cbf1ac5bb5681300d7e5a97893261e5d4a11,0,narrow_resnet_gn,42,4,0.94366246
bdce5afee31c171c25454a01878f49a2bb1d2887df3eee350399b383513f8cae,bdce5afee31c171c25454a01878f49a2bb1d2887df3eee350399b383513f8cae,0,narrow_resnet_gn,42,4,0.36537457
81fe68a9e2fc315e9710282f606a670778130998e1390a3144d9bf5b31bd4065,81fe68a9e2fc315e9710282f606a670778130998e1390a3144d9bf5b31bd4065,0,narrow_resnet_gn,42,4,0.056453675
b12ea55157f26c262502f57f8eb5ab13ef9aeac065eed940af6c87d362ad9300,b12ea55157f26c262502f57f8eb5ab13ef9aeac065eed940af6c87d362ad9300,0,narrow_resnet_gn,42,4,0.007174294
d6c7145cffa1d9b450905160ed7b9b4579c864eb77395fc69813e5e6b74e495d,d6c7145cffa1d9b450905160ed7b9b4579c864eb77395fc69813e5e6b74e495d,1,narrow_resnet_gn,42,4,0.53401273
bd342fb9cbae0aaced0b790162fd2173c66f2b4d4548d7c8f56c07a655cdfa2f,bd342fb9cbae0aaced0b790162fd2173c66f2b4d4548d7c8f56c07a655cdfa2f,1,narrow_resnet_gn,42,4,0.052965816
8dc2f105b420d03e79f318c43a9bc8b63105f57cd452b4de3ab53998ee2c0013,4b500751557f10159179da0bf35abdbd125e04d552884e8115db912c31f440e5,1,narrow_resnet_gn,42,4,0.09950388
ec29cdff7047d7ea62b34c125bfb4d183e75d1102f79ea2672f3383533776599,ec29cdff7047d7ea62b34c125bfb4d183e75d1102f79ea2672f3383533776599,1,narrow_resnet_gn,42,4,0.32914558
1698e358015b2ecda49464781e87202cb625b72cfe0d2bc1e392f949afad6345,1698e358015b2ecda49464781e87202cb625b72cfe0d2bc1e392f949afad6345,1,narrow_resnet_gn,42,4,0.79635715
56562a6e44ee836f84a036e2e76a09f7d302082181f58852651d2c48646ccc2a,56562a6e44ee836f84a036e2e76a09f7d302082181f58852651d2c48646ccc2a,1,narrow_resnet_gn,42,4,0.44878194
dfa19f73a09806cff5b8b3570e9ac156041cf5c4972375230d5bb22c82540be9,dfa19f73a09806cff5b8b3570e9ac156041cf5c4972375230d5bb22c82540be9,1,narrow_resnet_gn,42,4,0.8525266
a645b290ac12124164b9b27be07bbe9f4d5a44e51a551a6ca26321867a0006e9,a645b290ac12124164b9b27be07bbe9f4d5a44e51a551a6ca26321867a0006e9,1,narrow_resnet_gn,42,4,0.6997999
4b500751557f10159179da0bf35abdbd125e04d552884e8115db912c31f440e5,4b500751557f10159179da0bf35abdbd125e04d552884e8115db912c31f440e5,1,narrow_resnet_gn,42,4,0.101042874
78e97d3de70b032f0d206a290be5a6f5b64f7e058d60e0ef0331a2f58438a43e,78e97d3de70b032f0d206a290be5a6f5b64f7e058d60e0ef0331a2f58438a43e,1,narrow_resnet_gn,42,4,0.76836413
cd7814cfd9f4006cc37117d886dabdeb8ae27fcdbd9248592df88b6f54fd5bd5,cd7814cfd9f4006cc37117d886dabdeb8ae27fcdbd9248592df88b6f54fd5bd5,1,narrow_resnet_gn,42,4,0.11961178
4833565f53ed51543091352a222ac98b1c6096441861c9c035127a80fd460257,4833565f53ed51543091352a222ac98b1c6096441861c9c035127a80fd460257,1,narrow_resnet_gn,42,4,0.07486395
1945a41778e1fcf8341500525e443c5347977c28baf26a0ced32f99534edd898,1945a41778e1fcf8341500525e443c5347977c28baf26a0ced32f99534edd898,1,narrow_resnet_gn,42,4,0.58075345
6f83510d9f035d7a17efffccb9603239c49ba14dce10dbe0e25a3358e63a2ffb,6f83510d9f035d7a17efffccb9603239c49ba14dce10dbe0e25a3358e63a2ffb,1,narrow_resnet_gn,42,4,0.9399341
976659c77cc9b2679e77eb492592dfd66045319538e6f68604e0027b237cc949,976659c77cc9b2679e77eb492592dfd66045319538e6f68604e0027b237cc949,1,narrow_resnet_gn,42,4,0.77683675
664d62c750b5c76bce37e6b7496f70a9195a139c893da9e2487cf441bd622dda,664d62c750b5c76bce37e6b7496f70a9195a139c893da9e2487cf441bd622dda,1,narrow_resnet_gn,42,4,0.4560584
7b410517b5262c81b8cbd2a606b2b730e4aa41b2f4c405c406d0ab497a375fad,7b410517b5262c81b8cbd2a606b2b730e4aa41b2f4c405c406d0ab497a375fad,1,narrow_resnet_gn,42,4,0.89059067
e47b451baa75405ff12a9ec02887a268755b304791cb8555636959ac66bba7c7,3e71fcc3f8a78e780596bbec3dc14e6e087e8d2f9a9eafdf54aa98995bf96af2,1,narrow_resnet_gn,42,4,0.9196356
c6f1bb114ffc0594d49c3991aec03ef53c6d44506cd552baad1020f821d80648,c6f1bb114ffc0594d49c3991aec03ef53c6d44506cd552baad1020f821d80648,1,narrow_resnet_gn,42,4,0.18205182
a9ad252451dd83369e64751c361e0394fe0f2c117c56915ca089ba9683fffdab,a9ad252451dd83369e64751c361e0394fe0f2c117c56915ca089ba9683fffdab,1,narrow_resnet_gn,42,4,0.34674034
89810c9f9da51413829ef3ab0355af8a0dcce6507f1a0a77b0c4a5c7563a9e86,89810c9f9da51413829ef3ab0355af8a0dcce6507f1a0a77b0c4a5c7563a9e86,1,narrow_resnet_gn,42,4,0.64984274
0da7ca18162b012c5e65e29a6521df3c090a0070342516591883801876f8a8de,0da7ca18162b012c5e65e29a6521df3c090a0070342516591883801876f8a8de,1,narrow_resnet_gn,42,4,0.9218989
543e00753b2ae3a42b97e68ca83e94c7ea945e6736e6e1d7dd26808a5dad0e8b,543e00753b2ae3a42b97e68ca83e94c7ea945e6736e6e1d7dd26808a5dad0e8b,1,narrow_resnet_gn,42,4,0.9747389
67778117c04d9ef5410e5521de74b72c8e3085491ba75d99bd2109762a058efe,67778117c04d9ef5410e5521de74b72c8e3085491ba75d99bd2109762a058efe,1,narrow_resnet_gn,42,4,0.65472037
41ba1713a0172bdfc63c74f78b33b7fe084c29f647de8fc56d71675df288615f,41ba1713a0172bdfc63c74f78b33b7fe084c29f647de8fc56d71675df288615f,1,narrow_resnet_gn,42,4,0.90201116
3e71fcc3f8a78e780596bbec3dc14e6e087e8d2f9a9eafdf54aa98995bf96af2,3e71fcc3f8a78e780596bbec3dc14e6e087e8d2f9a9eafdf54aa98995bf96af2,1,narrow_resnet_gn,42,4,0.9142642
4f32eb2f6b3971b9fb5e331b16ebeba8aeca02becbe749e9b95936fe340dbc92,4f32eb2f6b3971b9fb5e331b16ebeba8aeca02becbe749e9b95936fe340dbc92,0,full,43,0,0.004400419
11fcbc10ab7e3890752d6a32b8de515b57952b63cccbf6ada00c3ae2da823e58,11fcbc10ab7e3890752d6a32b8de515b57952b63cccbf6ada00c3ae2da823e58,0,full,43,0,0.01279283
69cde100d8dad52331dbbda9ca626fc949c9eef87ca4ebf9382b1b9789ac277e,69cde100d8dad52331dbbda9ca626fc949c9eef87ca4ebf9382b1b9789ac277e,0,full,43,0,0.05259476
2e2dad5d3461106137a6841bba1f19176be2ab0e51a7b673e8a68bd2d9f698e4,2e2dad5d3461106137a6841bba1f19176be2ab0e51a7b673e8a68bd2d9f698e4,0,full,43,0,0.010466874
451abc50aa05888273efbe1c2559bb9d2d200fb87912af9d8635fe993b87d58e,451abc50aa05888273efbe1c2559bb9d2d200fb87912af9d8635fe993b87d58e,0,full,43,0,0.33598334
b2745f58e72fd5e4069aa2595a8ac8571833d2159b4e0266881e9768a16affce,b2745f58e72fd5e4069aa2595a8ac8571833d2159b4e0266881e9768a16affce,0,full,43,0,0.009228381
314303a089cd03a3d3bebf93f68982465fc8a3fb2a866737d64d8f374ee90a3f,314303a089cd03a3d3bebf93f68982465fc8a3fb2a866737d64d8f374ee90a3f,0,full,43,0,0.011949056
422860947a7370673e9f10d40c9b27be86a1afd1bbf8382eafc38af114139d64,422860947a7370673e9f10d40c9b27be86a1afd1bbf8382eafc38af114139d64,0,full,43,0,0.05749648
6d4e0c545f93c3ab169b47a935b7f21690246488827c8cdb3c023e97bd52333b,6d4e0c545f93c3ab169b47a935b7f21690246488827c8cdb3c023e97bd52333b,0,full,43,0,0.0041200067
3a31dc475b21cd0f059f05699ddad612215751f0755ee0317c78677a6f658542,2e2dad5d3461106137a6841bba1f19176be2ab0e51a7b673e8a68bd2d9f698e4,0,full,43,0,0.010138122
a939efe53e12508636806a0548de0774a363805f3c1c1cf6f57182fb15f6213d,a939efe53e12508636806a0548de0774a363805f3c1c1cf6f57182fb15f6213d,0,full,43,0,0.018709136
8c27b2140d87c2f4ca36dc1d15f414c3851f55819fddcea3b7882df3151ac5a6,8c27b2140d87c2f4ca36dc1d15f414c3851f55819fddcea3b7882df3151ac5a6,0,full,43,0,0.009346283
55391a8799e783597b1bd4c53b3b72c6ad20f1ef5fb2634151f26d218bdc1dab,55391a8799e783597b1bd4c53b3b72c6ad20f1ef5fb2634151f26d218bdc1dab,0,full,43,0,0.07885301
9ca4ac0807a3bbd0826a06396a8c0ecbfa9bbb6489ff43bed97a42284eb4478c,6849ea8acf8659b60e837c2d45f4431f833dbf95efa93a350942018e926c3133,0,full,43,0,0.46342
6849ea8acf8659b60e837c2d45f4431f833dbf95efa93a350942018e926c3133,6849ea8acf8659b60e837c2d45f4431f833dbf95efa93a350942018e926c3133,0,full,43,0,0.48690334
9125bf84b896351de12f641319c42697532aa1a486a398d6e9401acab313dd11,9125bf84b896351de12f641319c42697532aa1a486a398d6e9401acab313dd11,0,full,43,0,0.008974675
d5cbbe1256c58cf25d79245cce21faee2e7e67d9c063c3cda3003e748d058873,d5cbbe1256c58cf25d79245cce21faee2e7e67d9c063c3cda3003e748d058873,0,full,43,0,0.027734753
c8e9a8b3f39810f2735091058c0e39a02ca5370c60e86b71770288c7185b3fbc,c8e9a8b3f39810f2735091058c0e39a02ca5370c60e86b71770288c7185b3fbc,0,full,43,0,0.010902929
8c3352a9324857878735861a8276959d46f0c050e75eee8db1e0da7e383ca9a6,8c3352a9324857878735861a8276959d46f0c050e75eee8db1e0da7e383ca9a6,0,full,43,0,0.08488196
9fdd39966afd42eb860930159d7ccdc00e55ed54540478ff367f07f9f6eedbc4,9fdd39966afd42eb860930159d7ccdc00e55ed54540478ff367f07f9f6eedbc4,0,full,43,0,0.0069029876
c538789cd768bbf8bdafd3a4a130e463f0884af9e619531d829e4187d30b08b2,c538789cd768bbf8bdafd3a4a130e463f0884af9e619531d829e4187d30b08b2,0,full,43,0,0.011319174
cdb365489d1dbf33a11d323602812a70572e4096b4e4ab466558b6f2828b2f05,11fcbc10ab7e3890752d6a32b8de515b57952b63cccbf6ada00c3ae2da823e58,0,full,43,0,0.012641223
8ae4ddcf7ac3dcf56f0398a821dfaabe2667af908eb3b5522759b707cf3bbecd,4f32eb2f6b3971b9fb5e331b16ebeba8aeca02becbe749e9b95936fe340dbc92,0,full,43,0,0.0041677756
d2c5fa3041f75490b0e39bc99aa8a0dcae1ad09935b20758fe4d73ae9e58581f,d2c5fa3041f75490b0e39bc99aa8a0dcae1ad09935b20758fe4d73ae9e58581f,0,full,43,0,0.012860056
174f6b1339f3388fd728daf11bfb700a914610a67bc43498ebd6e30ba4066671,174f6b1339f3388fd728daf11bfb700a914610a67bc43498ebd6e30ba4066671,1,full,43,0,0.95823985
e65196e57bfd4c7219cf47b8ad7d499c70a0d8e86ea443944e6faa6447e74e75,e65196e57bfd4c7219cf47b8ad7d499c70a0d8e86ea443944e6faa6447e74e75,1,full,43,0,0.49341357
ebf52743e53a6c0f3d9648a0eaa600ee8b1afb0c758dfa83a49b45ad8852933d,ebf52743e53a6c0f3d9648a0eaa600ee8b1afb0c758dfa83a49b45ad8852933d,1,full,43,0,0.43693367
948659a58aa090fea9f4e54c0c7d13cc5a3e10afb8de705c2e3b9699a6e7d98e,948659a58aa090fea9f4e54c0c7d13cc5a3e10afb8de705c2e3b9699a6e7d98e,1,full,43,0,0.013131278
a5e234d76031e70468a449f62a7b79b1a736d1c987ebe8c17ffa0c1c1d61983f,a5e234d76031e70468a449f62a7b79b1a736d1c987ebe8c17ffa0c1c1d61983f,1,full,43,0,0.7749021
35a85607e878f71298a48027dd27c67c1dc264b6d02f6396bb73601a2e60fa93,35a85607e878f71298a48027dd27c67c1dc264b6d02f6396bb73601a2e60fa93,1,full,43,0,0.98793924
1e2adee64d6c09c9ed31a05ad463ad803ca8e4b5163f7764753595f0d15241cd,1e2adee64d6c09c9ed31a05ad463ad803ca8e4b5163f7764753595f0d15241cd,1,full,43,0,0.30301762
4c4af743766a62e14e2ae1574ee830f224e8414d4ab32780ed3c944b3dc0539c,4c4af743766a62e14e2ae1574ee830f224e8414d4ab32780ed3c944b3dc0539c,1,full,43,0,0.01737008
cc2def01cb2188f2259d52542f05b9d6c76fc11db28268ba2c61ca2fd4f46854,cc2def01cb2188f2259d52542f05b9d6c76fc11db28268ba2c61ca2fd4f46854,1,full,43,0,0.59294623
66c14a914a8d149d4c415d36fcb7607883eadf549c938a8f5a3647b10c66c81c,66c14a914a8d149d4c415d36fcb7607883eadf549c938a8f5a3647b10c66c81c,1,full,43,0,0.94726783
e053ec244029604025f96ede330578d3dd50e9641e4ef8364e61b5f9cbde33f4,e053ec244029604025f96ede330578d3dd50e9641e4ef8364e61b5f9cbde33f4,1,full,43,0,0.0056026466
ba7c85d72891460c0c32f51ed8d504725d9dda15e3113101de475e6c66e53758,ba7c85d72891460c0c32f51ed8d504725d9dda15e3113101de475e6c66e53758,1,full,43,0,0.79439163
0a75a892bc44b017df86771ab2715c5bdd8bb08b1aa019061f6690d8cd1b9861,0a75a892bc44b017df86771ab2715c5bdd8bb08b1aa019061f6690d8cd1b9861,1,full,43,0,0.7824563
c6af3a9d8e4547cb522bd945a82a7cfebf121b93fe7f50299dec705348fe36c3,c6af3a9d8e4547cb522bd945a82a7cfebf121b93fe7f50299dec705348fe36c3,1,full,43,0,0.978704
7c2aa4a53c65298f5547d4782c6cb9664113aa34ef5141a7028d18270cf092ee,7c2aa4a53c65298f5547d4782c6cb9664113aa34ef5141a7028d18270cf092ee,1,full,43,0,0.012854971
fa5259c7cdf1f53bccde7f6d6d68b3b3dc711df9d6ff00ca583ea1607179d3d7,fa5259c7cdf1f53bccde7f6d6d68b3b3dc711df9d6ff00ca583ea1607179d3d7,1,full,43,0,0.1684568
5e7eca14b014e04c8fbeb72cb2b5662f79b07e0ea57ce3f1c33d8efa1b5c937f,5e7eca14b014e04c8fbeb72cb2b5662f79b07e0ea57ce3f1c33d8efa1b5c937f,1,full,43,0,0.9045304
72191fa7f5b2152dac4de294b17bb39aa06f68db47db9663438d1bfd4bf8c91c,72191fa7f5b2152dac4de294b17bb39aa06f68db47db9663438d1bfd4bf8c91c,1,full,43,0,0.95793694
21ae5635ab2eeb4023aefda84a22d6f1e81aeaf32fcf51cb5285a65156b1c4aa,21ae5635ab2eeb4023aefda84a22d6f1e81aeaf32fcf51cb5285a65156b1c4aa,1,full,43,0,0.9642321
9abf4ad7a7aa95cfbcc7e45b99700eef849af5219dd4c189da1538f068582913,9abf4ad7a7aa95cfbcc7e45b99700eef849af5219dd4c189da1538f068582913,1,full,43,0,0.9866861
83aa22fb808a463ea27c21ac8706381c25c3aba0c7b79fdc3569fdad0abe4a26,83aa22fb808a463ea27c21ac8706381c25c3aba0c7b79fdc3569fdad0abe4a26,1,full,43,0,0.27660048
4f32eb2f6b3971b9fb5e331b16ebeba8aeca02becbe749e9b95936fe340dbc92,4f32eb2f6b3971b9fb5e331b16ebeba8aeca02becbe749e9b95936fe340dbc92,0,no_attention,43,0,0.007999701
11fcbc10ab7e3890752d6a32b8de515b57952b63cccbf6ada00c3ae2da823e58,11fcbc10ab7e3890752d6a32b8de515b57952b63cccbf6ada00c3ae2da823e58,0,no_attention,43,0,0.19504987
69cde100d8dad52331dbbda9ca626fc949c9eef87ca4ebf9382b1b9789ac277e,69cde100d8dad52331dbbda9ca626fc949c9eef87ca4ebf9382b1b9789ac277e,0,no_attention,43,0,0.5220478
2e2dad5d3461106137a6841bba1f19176be2ab0e51a7b673e8a68bd2d9f698e4,2e2dad5d3461106137a6841bba1f19176be2ab0e51a7b673e8a68bd2d9f698e4,0,no_attention,43,0,0.011102412
451abc50aa05888273efbe1c2559bb9d2d200fb87912af9d8635fe993b87d58e,451abc50aa05888273efbe1c2559bb9d2d200fb87912af9d8635fe993b87d58e,0,no_attention,43,0,0.12997578
b2745f58e72fd5e4069aa2595a8ac8571833d2159b4e0266881e9768a16affce,b2745f58e72fd5e4069aa2595a8ac8571833d2159b4e0266881e9768a16affce,0,no_attention,43,0,0.086414054
314303a089cd03a3d3bebf93f68982465fc8a3fb2a866737d64d8f374ee90a3f,314303a089cd03a3d3bebf93f68982465fc8a3fb2a866737d64d8f374ee90a3f,0,no_attention,43,0,0.045446936
422860947a7370673e9f10d40c9b27be86a1afd1bbf8382eafc38af114139d64,422860947a7370673e9f10d40c9b27be86a1afd1bbf8382eafc38af114139d64,0,no_attention,43,0,0.032833308
6d4e0c545f93c3ab169b47a935b7f21690246488827c8cdb3c023e97bd52333b,6d4e0c545f93c3ab169b47a935b7f21690246488827c8cdb3c023e97bd52333b,0,no_attention,43,0,0.002569157
3a31dc475b21cd0f059f05699ddad612215751f0755ee0317c78677a6f658542,2e2dad5d3461106137a6841bba1f19176be2ab0e51a7b673e8a68bd2d9f698e4,0,no_attention,43,0,0.0087828515
a939efe53e12508636806a0548de0774a363805f3c1c1cf6f57182fb15f6213d,a939efe53e12508636806a0548de0774a363805f3c1c1cf6f57182fb15f6213d,0,no_attention,43,0,0.0028660775
8c27b2140d87c2f4ca36dc1d15f414c3851f55819fddcea3b7882df3151ac5a6,8c27b2140d87c2f4ca36dc1d15f414c3851f55819fddcea3b7882df3151ac5a6,0,no_attention,43,0,0.010002354
55391a8799e783597b1bd4c53b3b72c6ad20f1ef5fb2634151f26d218bdc1dab,55391a8799e783597b1bd4c53b3b72c6ad20f1ef5fb2634151f26d218bdc1dab,0,no_attention,43,0,0.06788131
9ca4ac0807a3bbd0826a06396a8c0ecbfa9bbb6489ff43bed97a42284eb4478c,6849ea8acf8659b60e837c2d45f4431f833dbf95efa93a350942018e926c3133,0,no_attention,43,0,0.034133155
6849ea8acf8659b60e837c2d45f4431f833dbf95efa93a350942018e926c3133,6849ea8acf8659b60e837c2d45f4431f833dbf95efa93a350942018e926c3133,0,no_attention,43,0,0.030996911
9125bf84b896351de12f641319c42697532aa1a486a398d6e9401acab313dd11,9125bf84b896351de12f641319c42697532aa1a486a398d6e9401acab313dd11,0,no_attention,43,0,0.04580511
d5cbbe1256c58cf25d79245cce21faee2e7e67d9c063c3cda3003e748d058873,d5cbbe1256c58cf25d79245cce21faee2e7e67d9c063c3cda3003e748d058873,0,no_attention,43,0,0.099976845
c8e9a8b3f39810f2735091058c0e39a02ca5370c60e86b71770288c7185b3fbc,c8e9a8b3f39810f2735091058c0e39a02ca5370c60e86b71770288c7185b3fbc,0,no_attention,43,0,0.01839492
8c3352a9324857878735861a8276959d46f0c050e75eee8db1e0da7e383ca9a6,8c3352a9324857878735861a8276959d46f0c050e75eee8db1e0da7e383ca9a6,0,no_attention,43,0,0.04353886
9fdd39966afd42eb860930159d7ccdc00e55ed54540478ff367f07f9f6eedbc4,9fdd39966afd42eb860930159d7ccdc00e55ed54540478ff367f07f9f6eedbc4,0,no_attention,43,0,0.026123185
c538789cd768bbf8bdafd3a4a130e463f0884af9e619531d829e4187d30b08b2,c538789cd768bbf8bdafd3a4a130e463f0884af9e619531d829e4187d30b08b2,0,no_attention,43,0,0.09136933
cdb365489d1dbf33a11d323602812a70572e4096b4e4ab466558b6f2828b2f05,11fcbc10ab7e3890752d6a32b8de515b57952b63cccbf6ada00c3ae2da823e58,0,no_attention,43,0,0.1762331
8ae4ddcf7ac3dcf56f0398a821dfaabe2667af908eb3b5522759b707cf3bbecd,4f32eb2f6b3971b9fb5e331b16ebeba8aeca02becbe749e9b95936fe340dbc92,0,no_attention,43,0,0.006932969
d2c5fa3041f75490b0e39bc99aa8a0dcae1ad09935b20758fe4d73ae9e58581f,d2c5fa3041f75490b0e39bc99aa8a0dcae1ad09935b20758fe4d73ae9e58581f,0,no_attention,43,0,0.00079097145
174f6b1339f3388fd728daf11bfb700a914610a67bc43498ebd6e30ba4066671,174f6b1339f3388fd728daf11bfb700a914610a67bc43498ebd6e30ba4066671,1,no_attention,43,0,0.8758541
e65196e57bfd4c7219cf47b8ad7d499c70a0d8e86ea443944e6faa6447e74e75,e65196e57bfd4c7219cf47b8ad7d499c70a0d8e86ea443944e6faa6447e74e75,1,no_attention,43,0,0.9512935
ebf52743e53a6c0f3d9648a0eaa600ee8b1afb0c758dfa83a49b45ad8852933d,ebf52743e53a6c0f3d9648a0eaa600ee8b1afb0c758dfa83a49b45ad8852933d,1,no_attention,43,0,0.87851137
948659a58aa090fea9f4e54c0c7d13cc5a3e10afb8de705c2e3b9699a6e7d98e,948659a58aa090fea9f4e54c0c7d13cc5a3e10afb8de705c2e3b9699a6e7d98e,1,no_attention,43,0,0.07719813
a5e234d76031e70468a449f62a7b79b1a736d1c987ebe8c17ffa0c1c1d61983f,a5e234d76031e70468a449f62a7b79b1a736d1c987ebe8c17ffa0c1c1d61983f,1,no_attention,43,0,0.658642
35a85607e878f71298a48027dd27c67c1dc264b6d02f6396bb73601a2e60fa93,35a85607e878f71298a48027dd27c67c1dc264b6d02f6396bb73601a2e60fa93,1,no_attention,43,0,0.8897274
1e2adee64d6c09c9ed31a05ad463ad803ca8e4b5163f7764753595f0d15241cd,1e2adee64d6c09c9ed31a05ad463ad803ca8e4b5163f7764753595f0d15241cd,1,no_attention,43,0,0.36554274
4c4af743766a62e14e2ae1574ee830f224e8414d4ab32780ed3c944b3dc0539c,4c4af743766a62e14e2ae1574ee830f224e8414d4ab32780ed3c944b3dc0539c,1,no_attention,43,0,0.008437365
cc2def01cb2188f2259d52542f05b9d6c76fc11db28268ba2c61ca2fd4f46854,cc2def01cb2188f2259d52542f05b9d6c76fc11db28268ba2c61ca2fd4f46854,1,no_attention,43,0,0.5275027
66c14a914a8d149d4c415d36fcb7607883eadf549c938a8f5a3647b10c66c81c,66c14a914a8d149d4c415d36fcb7607883eadf549c938a8f5a3647b10c66c81c,1,no_attention,43,0,0.9897267
e053ec244029604025f96ede330578d3dd50e9641e4ef8364e61b5f9cbde33f4,e053ec244029604025f96ede330578d3dd50e9641e4ef8364e61b5f9cbde33f4,1,no_attention,43,0,0.011097826
ba7c85d72891460c0c32f51ed8d504725d9dda15e3113101de475e6c66e53758,ba7c85d72891460c0c32f51ed8d504725d9dda15e3113101de475e6c66e53758,1,no_attention,43,0,0.24087927
0a75a892bc44b017df86771ab2715c5bdd8bb08b1aa019061f6690d8cd1b9861,0a75a892bc44b017df86771ab2715c5bdd8bb08b1aa019061f6690d8cd1b9861,1,no_attention,43,0,0.93793106
c6af3a9d8e4547cb522bd945a82a7cfebf121b93fe7f50299dec705348fe36c3,c6af3a9d8e4547cb522bd945a82a7cfebf121b93fe7f50299dec705348fe36c3,1,no_attention,43,0,0.96310204
7c2aa4a53c65298f5547d4782c6cb9664113aa34ef5141a7028d18270cf092ee,7c2aa4a53c65298f5547d4782c6cb9664113aa34ef5141a7028d18270cf092ee,1,no_attention,43,0,0.030107137
fa5259c7cdf1f53bccde7f6d6d68b3b3dc711df9d6ff00ca583ea1607179d3d7,fa5259c7cdf1f53bccde7f6d6d68b3b3dc711df9d6ff00ca583ea1607179d3d7,1,no_attention,43,0,0.7797299
5e7eca14b014e04c8fbeb72cb2b5662f79b07e0ea57ce3f1c33d8efa1b5c937f,5e7eca14b014e04c8fbeb72cb2b5662f79b07e0ea57ce3f1c33d8efa1b5c937f,1,no_attention,43,0,0.7270581
72191fa7f5b2152dac4de294b17bb39aa06f68db47db9663438d1bfd4bf8c91c,72191fa7f5b2152dac4de294b17bb39aa06f68db47db9663438d1bfd4bf8c91c,1,no_attention,43,0,0.94386023
21ae5635ab2eeb4023aefda84a22d6f1e81aeaf32fcf51cb5285a65156b1c4aa,21ae5635ab2eeb4023aefda84a22d6f1e81aeaf32fcf51cb5285a65156b1c4aa,1,no_attention,43,0,0.9459693
9abf4ad7a7aa95cfbcc7e45b99700eef849af5219dd4c189da1538f068582913,9abf4ad7a7aa95cfbcc7e45b99700eef849af5219dd4c189da1538f068582913,1,no_attention,43,0,0.68254566
83aa22fb808a463ea27c21ac8706381c25c3aba0c7b79fdc3569fdad0abe4a26,83aa22fb808a463ea27c21ac8706381c25c3aba0c7b79fdc3569fdad0abe4a26,1,no_attention,43,0,0.4649876
4f32eb2f6b3971b9fb5e331b16ebeba8aeca02becbe749e9b95936fe340dbc92,4f32eb2f6b3971b9fb5e331b16ebeba8aeca02becbe749e9b95936fe340dbc92,0,no_multiscale,43,0,0.009137493
11fcbc10ab7e3890752d6a32b8de515b57952b63cccbf6ada00c3ae2da823e58,11fcbc10ab7e3890752d6a32b8de515b57952b63cccbf6ada00c3ae2da823e58,0,no_multiscale,43,0,0.024162924
69cde100d8dad52331dbbda9ca626fc949c9eef87ca4ebf9382b1b9789ac277e,69cde100d8dad52331dbbda9ca626fc949c9eef87ca4ebf9382b1b9789ac277e,0,no_multiscale,43,0,0.86569977
2e2dad5d3461106137a6841bba1f19176be2ab0e51a7b673e8a68bd2d9f698e4,2e2dad5d3461106137a6841bba1f19176be2ab0e51a7b673e8a68bd2d9f698e4,0,no_multiscale,43,0,0.02088525
451abc50aa05888273efbe1c2559bb9d2d200fb87912af9d8635fe993b87d58e,451abc50aa05888273efbe1c2559bb9d2d200fb87912af9d8635fe993b87d58e,0,no_multiscale,43,0,0.9023595
b2745f58e72fd5e4069aa2595a8ac8571833d2159b4e0266881e9768a16affce,b2745f58e72fd5e4069aa2595a8ac8571833d2159b4e0266881e9768a16affce,0,no_multiscale,43,0,0.9403817
314303a089cd03a3d3bebf93f68982465fc8a3fb2a866737d64d8f374ee90a3f,314303a089cd03a3d3bebf93f68982465fc8a3fb2a866737d64d8f374ee90a3f,0,no_multiscale,43,0,0.2524357
422860947a7370673e9f10d40c9b27be86a1afd1bbf8382eafc38af114139d64,422860947a7370673e9f10d40c9b27be86a1afd1bbf8382eafc38af114139d64,0,no_multiscale,43,0,0.97331595
6d4e0c545f93c3ab169b47a935b7f21690246488827c8cdb3c023e97bd52333b,6d4e0c545f93c3ab169b47a935b7f21690246488827c8cdb3c023e97bd52333b,0,no_multiscale,43,0,0.042600792
3a31dc475b21cd0f059f05699ddad612215751f0755ee0317c78677a6f658542,2e2dad5d3461106137a6841bba1f19176be2ab0e51a7b673e8a68bd2d9f698e4,0,no_multiscale,43,0,0.021122571
a939efe53e12508636806a0548de0774a363805f3c1c1cf6f57182fb15f6213d,a939efe53e12508636806a0548de0774a363805f3c1c1cf6f57182fb15f6213d,0,no_multiscale,43,0,0.0244815
8c27b2140d87c2f4ca36dc1d15f414c3851f55819fddcea3b7882df3151ac5a6,8c27b2140d87c2f4ca36dc1d15f414c3851f55819fddcea3b7882df3151ac5a6,0,no_multiscale,43,0,0.010218743
55391a8799e783597b1bd4c53b3b72c6ad20f1ef5fb2634151f26d218bdc1dab,55391a8799e783597b1bd4c53b3b72c6ad20f1ef5fb2634151f26d218bdc1dab,0,no_multiscale,43,0,0.85780734
9ca4ac0807a3bbd0826a06396a8c0ecbfa9bbb6489ff43bed97a42284eb4478c,6849ea8acf8659b60e837c2d45f4431f833dbf95efa93a350942018e926c3133,0,no_multiscale,43,0,0.82615364
6849ea8acf8659b60e837c2d45f4431f833dbf95efa93a350942018e926c3133,6849ea8acf8659b60e837c2d45f4431f833dbf95efa93a350942018e926c3133,0,no_multiscale,43,0,0.81193036
9125bf84b896351de12f641319c42697532aa1a486a398d6e9401acab313dd11,9125bf84b896351de12f641319c42697532aa1a486a398d6e9401acab313dd11,0,no_multiscale,43,0,0.5536114
d5cbbe1256c58cf25d79245cce21faee2e7e67d9c063c3cda3003e748d058873,d5cbbe1256c58cf25d79245cce21faee2e7e67d9c063c3cda3003e748d058873,0,no_multiscale,43,0,0.84669065
c8e9a8b3f39810f2735091058c0e39a02ca5370c60e86b71770288c7185b3fbc,c8e9a8b3f39810f2735091058c0e39a02ca5370c60e86b71770288c7185b3fbc,0,no_multiscale,43,0,0.32103327
8c3352a9324857878735861a8276959d46f0c050e75eee8db1e0da7e383ca9a6,8c3352a9324857878735861a8276959d46f0c050e75eee8db1e0da7e383ca9a6,0,no_multiscale,43,0,0.68836904
9fdd39966afd42eb860930159d7ccdc00e55ed54540478ff367f07f9f6eedbc4,9fdd39966afd42eb860930159d7ccdc00e55ed54540478ff367f07f9f6eedbc4,0,no_multiscale,43,0,0.76330113
c538789cd768bbf8bdafd3a4a130e463f0884af9e619531d829e4187d30b08b2,c538789cd768bbf8bdafd3a4a130e463f0884af9e619531d829e4187d30b08b2,0,no_multiscale,43,0,0.8371856
cdb365489d1dbf33a11d323602812a70572e4096b4e4ab466558b6f2828b2f05,11fcbc10ab7e3890752d6a32b8de515b57952b63cccbf6ada00c3ae2da823e58,0,no_multiscale,43,0,0.023717478
8ae4ddcf7ac3dcf56f0398a821dfaabe2667af908eb3b5522759b707cf3bbecd,4f32eb2f6b3971b9fb5e331b16ebeba8aeca02becbe749e9b95936fe340dbc92,0,no_multiscale,43,0,0.008180269
d2c5fa3041f75490b0e39bc99aa8a0dcae1ad09935b20758fe4d73ae9e58581f,d2c5fa3041f75490b0e39bc99aa8a0dcae1ad09935b20758fe4d73ae9e58581f,0,no_multiscale,43,0,0.058244664
174f6b1339f3388fd728daf11bfb700a914610a67bc43498ebd6e30ba4066671,174f6b1339f3388fd728daf11bfb700a914610a67bc43498ebd6e30ba4066671,1,no_multiscale,43,0,0.97155535
e65196e57bfd4c7219cf47b8ad7d499c70a0d8e86ea443944e6faa6447e74e75,e65196e57bfd4c7219cf47b8ad7d499c70a0d8e86ea443944e6faa6447e74e75,1,no_multiscale,43,0,0.98337674
ebf52743e53a6c0f3d9648a0eaa600ee8b1afb0c758dfa83a49b45ad8852933d,ebf52743e53a6c0f3d9648a0eaa600ee8b1afb0c758dfa83a49b45ad8852933d,1,no_multiscale,43,0,0.91523266
948659a58aa090fea9f4e54c0c7d13cc5a3e10afb8de705c2e3b9699a6e7d98e,948659a58aa090fea9f4e54c0c7d13cc5a3e10afb8de705c2e3b9699a6e7d98e,1,no_multiscale,43,0,0.9051475
a5e234d76031e70468a449f62a7b79b1a736d1c987ebe8c17ffa0c1c1d61983f,a5e234d76031e70468a449f62a7b79b1a736d1c987ebe8c17ffa0c1c1d61983f,1,no_multiscale,43,0,0.85855895
35a85607e878f71298a48027dd27c67c1dc264b6d02f6396bb73601a2e60fa93,35a85607e878f71298a48027dd27c67c1dc264b6d02f6396bb73601a2e60fa93,1,no_multiscale,43,0,0.98806304
1e2adee64d6c09c9ed31a05ad463ad803ca8e4b5163f7764753595f0d15241cd,1e2adee64d6c09c9ed31a05ad463ad803ca8e4b5163f7764753595f0d15241cd,1,no_multiscale,43,0,0.97274053
4c4af743766a62e14e2ae1574ee830f224e8414d4ab32780ed3c944b3dc0539c,4c4af743766a62e14e2ae1574ee830f224e8414d4ab32780ed3c944b3dc0539c,1,no_multiscale,43,0,0.9731024
cc2def01cb2188f2259d52542f05b9d6c76fc11db28268ba2c61ca2fd4f46854,cc2def01cb2188f2259d52542f05b9d6c76fc11db28268ba2c61ca2fd4f46854,1,no_multiscale,43,0,0.8489796
66c14a914a8d149d4c415d36fcb7607883eadf549c938a8f5a3647b10c66c81c,66c14a914a8d149d4c415d36fcb7607883eadf549c938a8f5a3647b10c66c81c,1,no_multiscale,43,0,0.9778047
e053ec244029604025f96ede330578d3dd50e9641e4ef8364e61b5f9cbde33f4,e053ec244029604025f96ede330578d3dd50e9641e4ef8364e61b5f9cbde33f4,1,no_multiscale,43,0,0.2530717
ba7c85d72891460c0c32f51ed8d504725d9dda15e3113101de475e6c66e53758,ba7c85d72891460c0c32f51ed8d504725d9dda15e3113101de475e6c66e53758,1,no_multiscale,43,0,0.8711768
0a75a892bc44b017df86771ab2715c5bdd8bb08b1aa019061f6690d8cd1b9861,0a75a892bc44b017df86771ab2715c5bdd8bb08b1aa019061f6690d8cd1b9861,1,no_multiscale,43,0,0.98751163
c6af3a9d8e4547cb522bd945a82a7cfebf121b93fe7f50299dec705348fe36c3,c6af3a9d8e4547cb522bd945a82a7cfebf121b93fe7f50299dec705348fe36c3,1,no_multiscale,43,0,0.9699398
7c2aa4a53c65298f5547d4782c6cb9664113aa34ef5141a7028d18270cf092ee,7c2aa4a53c65298f5547d4782c6cb9664113aa34ef5141a7028d18270cf092ee,1,no_multiscale,43,0,0.028177122
fa5259c7cdf1f53bccde7f6d6d68b3b3dc711df9d6ff00ca583ea1607179d3d7,fa5259c7cdf1f53bccde7f6d6d68b3b3dc711df9d6ff00ca583ea1607179d3d7,1,no_multiscale,43,0,0.87732154
5e7eca14b014e04c8fbeb72cb2b5662f79b07e0ea57ce3f1c33d8efa1b5c937f,5e7eca14b014e04c8fbeb72cb2b5662f79b07e0ea57ce3f1c33d8efa1b5c937f,1,no_multiscale,43,0,0.98539484
72191fa7f5b2152dac4de294b17bb39aa06f68db47db9663438d1bfd4bf8c91c,72191fa7f5b2152dac4de294b17bb39aa06f68db47db9663438d1bfd4bf8c91c,1,no_multiscale,43,0,0.9474924
21ae5635ab2eeb4023aefda84a22d6f1e81aeaf32fcf51cb5285a65156b1c4aa,21ae5635ab2eeb4023aefda84a22d6f1e81aeaf32fcf51cb5285a65156b1c4aa,1,no_multiscale,43,0,0.98684186
9abf4ad7a7aa95cfbcc7e45b99700eef849af5219dd4c189da1538f068582913,9abf4ad7a7aa95cfbcc7e45b99700eef849af5219dd4c189da1538f068582913,1,no_multiscale,43,0,0.98896873
83aa22fb808a463ea27c21ac8706381c25c3aba0c7b79fdc3569fdad0abe4a26,83aa22fb808a463ea27c21ac8706381c25c3aba0c7b79fdc3569fdad0abe4a26,1,no_multiscale,43,0,0.976036
4f32eb2f6b3971b9fb5e331b16ebeba8aeca02becbe749e9b95936fe340dbc92,4f32eb2f6b3971b9fb5e331b16ebeba8aeca02becbe749e9b95936fe340dbc92,0,no_attention_no_multiscale,43,0,0.031629033
11fcbc10ab7e3890752d6a32b8de515b57952b63cccbf6ada00c3ae2da823e58,11fcbc10ab7e3890752d6a32b8de515b57952b63cccbf6ada00c3ae2da823e58,0,no_attention_no_multiscale,43,0,0.07245938
69cde100d8dad52331dbbda9ca626fc949c9eef87ca4ebf9382b1b9789ac277e,69cde100d8dad52331dbbda9ca626fc949c9eef87ca4ebf9382b1b9789ac277e,0,no_attention_no_multiscale,43,0,0.4210498
2e2dad5d3461106137a6841bba1f19176be2ab0e51a7b673e8a68bd2d9f698e4,2e2dad5d3461106137a6841bba1f19176be2ab0e51a7b673e8a68bd2d9f698e4,0,no_attention_no_multiscale,43,0,0.03220767
451abc50aa05888273efbe1c2559bb9d2d200fb87912af9d8635fe993b87d58e,451abc50aa05888273efbe1c2559bb9d2d200fb87912af9d8635fe993b87d58e,0,no_attention_no_multiscale,43,0,0.05391214
b2745f58e72fd5e4069aa2595a8ac8571833d2159b4e0266881e9768a16affce,b2745f58e72fd5e4069aa2595a8ac8571833d2159b4e0266881e9768a16affce,0,no_attention_no_multiscale,43,0,0.4583257
314303a089cd03a3d3bebf93f68982465fc8a3fb2a866737d64d8f374ee90a3f,314303a089cd03a3d3bebf93f68982465fc8a3fb2a866737d64d8f374ee90a3f,0,no_attention_no_multiscale,43,0,0.08359523
422860947a7370673e9f10d40c9b27be86a1afd1bbf8382eafc38af114139d64,422860947a7370673e9f10d40c9b27be86a1afd1bbf8382eafc38af114139d64,0,no_attention_no_multiscale,43,0,0.01893706
6d4e0c545f93c3ab169b47a935b7f21690246488827c8cdb3c023e97bd52333b,6d4e0c545f93c3ab169b47a935b7f21690246488827c8cdb3c023e97bd52333b,0,no_attention_no_multiscale,43,0,0.029178808
3a31dc475b21cd0f059f05699ddad612215751f0755ee0317c78677a6f658542,2e2dad5d3461106137a6841bba1f19176be2ab0e51a7b673e8a68bd2d9f698e4,0,no_attention_no_multiscale,43,0,0.02977821
a939efe53e12508636806a0548de0774a363805f3c1c1cf6f57182fb15f6213d,a939efe53e12508636806a0548de0774a363805f3c1c1cf6f57182fb15f6213d,0,no_attention_no_multiscale,43,0,0.0070241364
8c27b2140d87c2f4ca36dc1d15f414c3851f55819fddcea3b7882df3151ac5a6,8c27b2140d87c2f4ca36dc1d15f414c3851f55819fddcea3b7882df3151ac5a6,0,no_attention_no_multiscale,43,0,0.015700761
55391a8799e783597b1bd4c53b3b72c6ad20f1ef5fb2634151f26d218bdc1dab,55391a8799e783597b1bd4c53b3b72c6ad20f1ef5fb2634151f26d218bdc1dab,0,no_attention_no_multiscale,43,0,0.060317587
9ca4ac0807a3bbd0826a06396a8c0ecbfa9bbb6489ff43bed97a42284eb4478c,6849ea8acf8659b60e837c2d45f4431f833dbf95efa93a350942018e926c3133,0,no_attention_no_multiscale,43,0,0.057821047
6849ea8acf8659b60e837c2d45f4431f833dbf95efa93a350942018e926c3133,6849ea8acf8659b60e837c2d45f4431f833dbf95efa93a350942018e926c3133,0,no_attention_no_multiscale,43,0,0.055011578
9125bf84b896351de12f641319c42697532aa1a486a398d6e9401acab313dd11,9125bf84b896351de12f641319c42697532aa1a486a398d6e9401acab313dd11,0,no_attention_no_multiscale,43,0,0.03140512
d5cbbe1256c58cf25d79245cce21faee2e7e67d9c063c3cda3003e748d058873,d5cbbe1256c58cf25d79245cce21faee2e7e67d9c063c3cda3003e748d058873,0,no_attention_no_multiscale,43,0,0.63184947
c8e9a8b3f39810f2735091058c0e39a02ca5370c60e86b71770288c7185b3fbc,c8e9a8b3f39810f2735091058c0e39a02ca5370c60e86b71770288c7185b3fbc,0,no_attention_no_multiscale,43,0,0.06858806
8c3352a9324857878735861a8276959d46f0c050e75eee8db1e0da7e383ca9a6,8c3352a9324857878735861a8276959d46f0c050e75eee8db1e0da7e383ca9a6,0,no_attention_no_multiscale,43,0,0.023001758
9fdd39966afd42eb860930159d7ccdc00e55ed54540478ff367f07f9f6eedbc4,9fdd39966afd42eb860930159d7ccdc00e55ed54540478ff367f07f9f6eedbc4,0,no_attention_no_multiscale,43,0,0.02783833
c538789cd768bbf8bdafd3a4a130e463f0884af9e619531d829e4187d30b08b2,c538789cd768bbf8bdafd3a4a130e463f0884af9e619531d829e4187d30b08b2,0,no_attention_no_multiscale,43,0,0.07334268
cdb365489d1dbf33a11d323602812a70572e4096b4e4ab466558b6f2828b2f05,11fcbc10ab7e3890752d6a32b8de515b57952b63cccbf6ada00c3ae2da823e58,0,no_attention_no_multiscale,43,0,0.07135825
8ae4ddcf7ac3dcf56f0398a821dfaabe2667af908eb3b5522759b707cf3bbecd,4f32eb2f6b3971b9fb5e331b16ebeba8aeca02becbe749e9b95936fe340dbc92,0,no_attention_no_multiscale,43,0,0.02674199
d2c5fa3041f75490b0e39bc99aa8a0dcae1ad09935b20758fe4d73ae9e58581f,d2c5fa3041f75490b0e39bc99aa8a0dcae1ad09935b20758fe4d73ae9e58581f,0,no_attention_no_multiscale,43,0,0.004924637
174f6b1339f3388fd728daf11bfb700a914610a67bc43498ebd6e30ba4066671,174f6b1339f3388fd728daf11bfb700a914610a67bc43498ebd6e30ba4066671,1,no_attention_no_multiscale,43,0,0.8445485
e65196e57bfd4c7219cf47b8ad7d499c70a0d8e86ea443944e6faa6447e74e75,e65196e57bfd4c7219cf47b8ad7d499c70a0d8e86ea443944e6faa6447e74e75,1,no_attention_no_multiscale,43,0,0.9363776
ebf52743e53a6c0f3d9648a0eaa600ee8b1afb0c758dfa83a49b45ad8852933d,ebf52743e53a6c0f3d9648a0eaa600ee8b1afb0c758dfa83a49b45ad8852933d,1,no_attention_no_multiscale,43,0,0.92621386
948659a58aa090fea9f4e54c0c7d13cc5a3e10afb8de705c2e3b9699a6e7d98e,948659a58aa090fea9f4e54c0c7d13cc5a3e10afb8de705c2e3b9699a6e7d98e,1,no_attention_no_multiscale,43,0,0.04548719
a5e234d76031e70468a449f62a7b79b1a736d1c987ebe8c17ffa0c1c1d61983f,a5e234d76031e70468a449f62a7b79b1a736d1c987ebe8c17ffa0c1c1d61983f,1,no_attention_no_multiscale,43,0,0.8941533
35a85607e878f71298a48027dd27c67c1dc264b6d02f6396bb73601a2e60fa93,35a85607e878f71298a48027dd27c67c1dc264b6d02f6396bb73601a2e60fa93,1,no_attention_no_multiscale,43,0,0.88072824
1e2adee64d6c09c9ed31a05ad463ad803ca8e4b5163f7764753595f0d15241cd,1e2adee64d6c09c9ed31a05ad463ad803ca8e4b5163f7764753595f0d15241cd,1,no_attention_no_multiscale,43,0,0.8558035
4c4af743766a62e14e2ae1574ee830f224e8414d4ab32780ed3c944b3dc0539c,4c4af743766a62e14e2ae1574ee830f224e8414d4ab32780ed3c944b3dc0539c,1,no_attention_no_multiscale,43,0,0.105544925
cc2def01cb2188f2259d52542f05b9d6c76fc11db28268ba2c61ca2fd4f46854,cc2def01cb2188f2259d52542f05b9d6c76fc11db28268ba2c61ca2fd4f46854,1,no_attention_no_multiscale,43,0,0.668274
66c14a914a8d149d4c415d36fcb7607883eadf549c938a8f5a3647b10c66c81c,66c14a914a8d149d4c415d36fcb7607883eadf549c938a8f5a3647b10c66c81c,1,no_attention_no_multiscale,43,0,0.978002
e053ec244029604025f96ede330578d3dd50e9641e4ef8364e61b5f9cbde33f4,e053ec244029604025f96ede330578d3dd50e9641e4ef8364e61b5f9cbde33f4,1,no_attention_no_multiscale,43,0,0.040736884
ba7c85d72891460c0c32f51ed8d504725d9dda15e3113101de475e6c66e53758,ba7c85d72891460c0c32f51ed8d504725d9dda15e3113101de475e6c66e53758,1,no_attention_no_multiscale,43,0,0.24991447
0a75a892bc44b017df86771ab2715c5bdd8bb08b1aa019061f6690d8cd1b9861,0a75a892bc44b017df86771ab2715c5bdd8bb08b1aa019061f6690d8cd1b9861,1,no_attention_no_multiscale,43,0,0.9397533
c6af3a9d8e4547cb522bd945a82a7cfebf121b93fe7f50299dec705348fe36c3,c6af3a9d8e4547cb522bd945a82a7cfebf121b93fe7f50299dec705348fe36c3,1,no_attention_no_multiscale,43,0,0.8514082
7c2aa4a53c65298f5547d4782c6cb9664113aa34ef5141a7028d18270cf092ee,7c2aa4a53c65298f5547d4782c6cb9664113aa34ef5141a7028d18270cf092ee,1,no_attention_no_multiscale,43,0,0.01462931
fa5259c7cdf1f53bccde7f6d6d68b3b3dc711df9d6ff00ca583ea1607179d3d7,fa5259c7cdf1f53bccde7f6d6d68b3b3dc711df9d6ff00ca583ea1607179d3d7,1,no_attention_no_multiscale,43,0,0.6855401
5e7eca14b014e04c8fbeb72cb2b5662f79b07e0ea57ce3f1c33d8efa1b5c937f,5e7eca14b014e04c8fbeb72cb2b5662f79b07e0ea57ce3f1c33d8efa1b5c937f,1,no_attention_no_multiscale,43,0,0.8198618
72191fa7f5b2152dac4de294b17bb39aa06f68db47db9663438d1bfd4bf8c91c,72191fa7f5b2152dac4de294b17bb39aa06f68db47db9663438d1bfd4bf8c91c,1,no_attention_no_multiscale,43,0,0.86290514
21ae5635ab2eeb4023aefda84a22d6f1e81aeaf32fcf51cb5285a65156b1c4aa,21ae5635ab2eeb4023aefda84a22d6f1e81aeaf32fcf51cb5285a65156b1c4aa,1,no_attention_no_multiscale,43,0,0.9374695
9abf4ad7a7aa95cfbcc7e45b99700eef849af5219dd4c189da1538f068582913,9abf4ad7a7aa95cfbcc7e45b99700eef849af5219dd4c189da1538f068582913,1,no_attention_no_multiscale,43,0,0.7608038
83aa22fb808a463ea27c21ac8706381c25c3aba0c7b79fdc3569fdad0abe4a26,83aa22fb808a463ea27c21ac8706381c25c3aba0c7b79fdc3569fdad0abe4a26,1,no_attention_no_multiscale,43,0,0.76799357
4f32eb2f6b3971b9fb5e331b16ebeba8aeca02becbe749e9b95936fe340dbc92,4f32eb2f6b3971b9fb5e331b16ebeba8aeca02becbe749e9b95936fe340dbc92,0,no_augmentation,43,0,0.036024034
11fcbc10ab7e3890752d6a32b8de515b57952b63cccbf6ada00c3ae2da823e58,11fcbc10ab7e3890752d6a32b8de515b57952b63cccbf6ada00c3ae2da823e58,0,no_augmentation,43,0,0.037884727
69cde100d8dad52331dbbda9ca626fc949c9eef87ca4ebf9382b1b9789ac277e,69cde100d8dad52331dbbda9ca626fc949c9eef87ca4ebf9382b1b9789ac277e,0,no_augmentation,43,0,0.39102545
2e2dad5d3461106137a6841bba1f19176be2ab0e51a7b673e8a68bd2d9f698e4,2e2dad5d3461106137a6841bba1f19176be2ab0e51a7b673e8a68bd2d9f698e4,0,no_augmentation,43,0,0.031345118
451abc50aa05888273efbe1c2559bb9d2d200fb87912af9d8635fe993b87d58e,451abc50aa05888273efbe1c2559bb9d2d200fb87912af9d8635fe993b87d58e,0,no_augmentation,43,0,0.93160504
b2745f58e72fd5e4069aa2595a8ac8571833d2159b4e0266881e9768a16affce,b2745f58e72fd5e4069aa2595a8ac8571833d2159b4e0266881e9768a16affce,0,no_augmentation,43,0,0.89476204
314303a089cd03a3d3bebf93f68982465fc8a3fb2a866737d64d8f374ee90a3f,314303a089cd03a3d3bebf93f68982465fc8a3fb2a866737d64d8f374ee90a3f,0,no_augmentation,43,0,0.13039698
422860947a7370673e9f10d40c9b27be86a1afd1bbf8382eafc38af114139d64,422860947a7370673e9f10d40c9b27be86a1afd1bbf8382eafc38af114139d64,0,no_augmentation,43,0,0.90047574
6d4e0c545f93c3ab169b47a935b7f21690246488827c8cdb3c023e97bd52333b,6d4e0c545f93c3ab169b47a935b7f21690246488827c8cdb3c023e97bd52333b,0,no_augmentation,43,0,0.10381107
3a31dc475b21cd0f059f05699ddad612215751f0755ee0317c78677a6f658542,2e2dad5d3461106137a6841bba1f19176be2ab0e51a7b673e8a68bd2d9f698e4,0,no_augmentation,43,0,0.035629768
a939efe53e12508636806a0548de0774a363805f3c1c1cf6f57182fb15f6213d,a939efe53e12508636806a0548de0774a363805f3c1c1cf6f57182fb15f6213d,0,no_augmentation,43,0,0.105976105
8c27b2140d87c2f4ca36dc1d15f414c3851f55819fddcea3b7882df3151ac5a6,8c27b2140d87c2f4ca36dc1d15f414c3851f55819fddcea3b7882df3151ac5a6,0,no_augmentation,43,0,0.028734086
55391a8799e783597b1bd4c53b3b72c6ad20f1ef5fb2634151f26d218bdc1dab,55391a8799e783597b1bd4c53b3b72c6ad20f1ef5fb2634151f26d218bdc1dab,0,no_augmentation,43,0,0.8495483
9ca4ac0807a3bbd0826a06396a8c0ecbfa9bbb6489ff43bed97a42284eb4478c,6849ea8acf8659b60e837c2d45f4431f833dbf95efa93a350942018e926c3133,0,no_augmentation,43,0,0.7669646
6849ea8acf8659b60e837c2d45f4431f833dbf95efa93a350942018e926c3133,6849ea8acf8659b60e837c2d45f4431f833dbf95efa93a350942018e926c3133,0,no_augmentation,43,0,0.80386055
9125bf84b896351de12f641319c42697532aa1a486a398d6e9401acab313dd11,9125bf84b896351de12f641319c42697532aa1a486a398d6e9401acab313dd11,0,no_augmentation,43,0,0.23327646
d5cbbe1256c58cf25d79245cce21faee2e7e67d9c063c3cda3003e748d058873,d5cbbe1256c58cf25d79245cce21faee2e7e67d9c063c3cda3003e748d058873,0,no_augmentation,43,0,0.9266339
c8e9a8b3f39810f2735091058c0e39a02ca5370c60e86b71770288c7185b3fbc,c8e9a8b3f39810f2735091058c0e39a02ca5370c60e86b71770288c7185b3fbc,0,no_augmentation,43,0,0.89798236
8c3352a9324857878735861a8276959d46f0c050e75eee8db1e0da7e383ca9a6,8c3352a9324857878735861a8276959d46f0c050e75eee8db1e0da7e383ca9a6,0,no_augmentation,43,0,0.964374
9fdd39966afd42eb860930159d7ccdc00e55ed54540478ff367f07f9f6eedbc4,9fdd39966afd42eb860930159d7ccdc00e55ed54540478ff367f07f9f6eedbc4,0,no_augmentation,43,0,0.010943592
c538789cd768bbf8bdafd3a4a130e463f0884af9e619531d829e4187d30b08b2,c538789cd768bbf8bdafd3a4a130e463f0884af9e619531d829e4187d30b08b2,0,no_augmentation,43,0,0.9146408
cdb365489d1dbf33a11d323602812a70572e4096b4e4ab466558b6f2828b2f05,11fcbc10ab7e3890752d6a32b8de515b57952b63cccbf6ada00c3ae2da823e58,0,no_augmentation,43,0,0.037063655
8ae4ddcf7ac3dcf56f0398a821dfaabe2667af908eb3b5522759b707cf3bbecd,4f32eb2f6b3971b9fb5e331b16ebeba8aeca02becbe749e9b95936fe340dbc92,0,no_augmentation,43,0,0.049344223
d2c5fa3041f75490b0e39bc99aa8a0dcae1ad09935b20758fe4d73ae9e58581f,d2c5fa3041f75490b0e39bc99aa8a0dcae1ad09935b20758fe4d73ae9e58581f,0,no_augmentation,43,0,0.010199421
174f6b1339f3388fd728daf11bfb700a914610a67bc43498ebd6e30ba4066671,174f6b1339f3388fd728daf11bfb700a914610a67bc43498ebd6e30ba4066671,1,no_augmentation,43,0,0.9367669
e65196e57bfd4c7219cf47b8ad7d499c70a0d8e86ea443944e6faa6447e74e75,e65196e57bfd4c7219cf47b8ad7d499c70a0d8e86ea443944e6faa6447e74e75,1,no_augmentation,43,0,0.9565596
ebf52743e53a6c0f3d9648a0eaa600ee8b1afb0c758dfa83a49b45ad8852933d,ebf52743e53a6c0f3d9648a0eaa600ee8b1afb0c758dfa83a49b45ad8852933d,1,no_augmentation,43,0,0.9283669
948659a58aa090fea9f4e54c0c7d13cc5a3e10afb8de705c2e3b9699a6e7d98e,948659a58aa090fea9f4e54c0c7d13cc5a3e10afb8de705c2e3b9699a6e7d98e,1,no_augmentation,43,0,0.09627076
a5e234d76031e70468a449f62a7b79b1a736d1c987ebe8c17ffa0c1c1d61983f,a5e234d76031e70468a449f62a7b79b1a736d1c987ebe8c17ffa0c1c1d61983f,1,no_augmentation,43,0,0.9518213
35a85607e878f71298a48027dd27c67c1dc264b6d02f6396bb73601a2e60fa93,35a85607e878f71298a48027dd27c67c1dc264b6d02f6396bb73601a2e60fa93,1,no_augmentation,43,0,0.96108
1e2adee64d6c09c9ed31a05ad463ad803ca8e4b5163f7764753595f0d15241cd,1e2adee64d6c09c9ed31a05ad463ad803ca8e4b5163f7764753595f0d15241cd,1,no_augmentation,43,0,0.89124346
4c4af743766a62e14e2ae1574ee830f224e8414d4ab32780ed3c944b3dc0539c,4c4af743766a62e14e2ae1574ee830f224e8414d4ab32780ed3c944b3dc0539c,1,no_augmentation,43,0,0.24808301
cc2def01cb2188f2259d52542f05b9d6c76fc11db28268ba2c61ca2fd4f46854,cc2def01cb2188f2259d52542f05b9d6c76fc11db28268ba2c61ca2fd4f46854,1,no_augmentation,43,0,0.94985473
66c14a914a8d149d4c415d36fcb7607883eadf549c938a8f5a3647b10c66c81c,66c14a914a8d149d4c415d36fcb7607883eadf549c938a8f5a3647b10c66c81c,1,no_augmentation,43,0,0.9327129
e053ec244029604025f96ede330578d3dd50e9641e4ef8364e61b5f9cbde33f4,e053ec244029604025f96ede330578d3dd50e9641e4ef8364e61b5f9cbde33f4,1,no_augmentation,43,0,0.21800879
ba7c85d72891460c0c32f51ed8d504725d9dda15e3113101de475e6c66e53758,ba7c85d72891460c0c32f51ed8d504725d9dda15e3113101de475e6c66e53758,1,no_augmentation,43,0,0.9031994
0a75a892bc44b017df86771ab2715c5bdd8bb08b1aa019061f6690d8cd1b9861,0a75a892bc44b017df86771ab2715c5bdd8bb08b1aa019061f6690d8cd1b9861,1,no_augmentation,43,0,0.9426652
c6af3a9d8e4547cb522bd945a82a7cfebf121b93fe7f50299dec705348fe36c3,c6af3a9d8e4547cb522bd945a82a7cfebf121b93fe7f50299dec705348fe36c3,1,no_augmentation,43,0,0.9478048
7c2aa4a53c65298f5547d4782c6cb9664113aa34ef5141a7028d18270cf092ee,7c2aa4a53c65298f5547d4782c6cb9664113aa34ef5141a7028d18270cf092ee,1,no_augmentation,43,0,0.040277198
fa5259c7cdf1f53bccde7f6d6d68b3b3dc711df9d6ff00ca583ea1607179d3d7,fa5259c7cdf1f53bccde7f6d6d68b3b3dc711df9d6ff00ca583ea1607179d3d7,1,no_augmentation,43,0,0.92695385
5e7eca14b014e04c8fbeb72cb2b5662f79b07e0ea57ce3f1c33d8efa1b5c937f,5e7eca14b014e04c8fbeb72cb2b5662f79b07e0ea57ce3f1c33d8efa1b5c937f,1,no_augmentation,43,0,0.95114154
72191fa7f5b2152dac4de294b17bb39aa06f68db47db9663438d1bfd4bf8c91c,72191fa7f5b2152dac4de294b17bb39aa06f68db47db9663438d1bfd4bf8c91c,1,no_augmentation,43,0,0.9286815
21ae5635ab2eeb4023aefda84a22d6f1e81aeaf32fcf51cb5285a65156b1c4aa,21ae5635ab2eeb4023aefda84a22d6f1e81aeaf32fcf51cb5285a65156b1c4aa,1,no_augmentation,43,0,0.949658
9abf4ad7a7aa95cfbcc7e45b99700eef849af5219dd4c189da1538f068582913,9abf4ad7a7aa95cfbcc7e45b99700eef849af5219dd4c189da1538f068582913,1,no_augmentation,43,0,0.9625173
83aa22fb808a463ea27c21ac8706381c25c3aba0c7b79fdc3569fdad0abe4a26,83aa22fb808a463ea27c21ac8706381c25c3aba0c7b79fdc3569fdad0abe4a26,1,no_augmentation,43,0,0.9519325
4f32eb2f6b3971b9fb5e331b16ebeba8aeca02becbe749e9b95936fe340dbc92,4f32eb2f6b3971b9fb5e331b16ebeba8aeca02becbe749e9b95936fe340dbc92,0,plain_cnn,43,0,0.45191428
11fcbc10ab7e3890752d6a32b8de515b57952b63cccbf6ada00c3ae2da823e58,11fcbc10ab7e3890752d6a32b8de515b57952b63cccbf6ada00c3ae2da823e58,0,plain_cnn,43,0,0.4263115
69cde100d8dad52331dbbda9ca626fc949c9eef87ca4ebf9382b1b9789ac277e,69cde100d8dad52331dbbda9ca626fc949c9eef87ca4ebf9382b1b9789ac277e,0,plain_cnn,43,0,0.47840354
2e2dad5d3461106137a6841bba1f19176be2ab0e51a7b673e8a68bd2d9f698e4,2e2dad5d3461106137a6841bba1f19176be2ab0e51a7b673e8a68bd2d9f698e4,0,plain_cnn,43,0,0.5091402
451abc50aa05888273efbe1c2559bb9d2d200fb87912af9d8635fe993b87d58e,451abc50aa05888273efbe1c2559bb9d2d200fb87912af9d8635fe993b87d58e,0,plain_cnn,43,0,0.45520917
b2745f58e72fd5e4069aa2595a8ac8571833d2159b4e0266881e9768a16affce,b2745f58e72fd5e4069aa2595a8ac8571833d2159b4e0266881e9768a16affce,0,plain_cnn,43,0,0.56372947
314303a089cd03a3d3bebf93f68982465fc8a3fb2a866737d64d8f374ee90a3f,314303a089cd03a3d3bebf93f68982465fc8a3fb2a866737d64d8f374ee90a3f,0,plain_cnn,43,0,0.49756005
422860947a7370673e9f10d40c9b27be86a1afd1bbf8382eafc38af114139d64,422860947a7370673e9f10d40c9b27be86a1afd1bbf8382eafc38af114139d64,0,plain_cnn,43,0,0.48629627
6d4e0c545f93c3ab169b47a935b7f21690246488827c8cdb3c023e97bd52333b,6d4e0c545f93c3ab169b47a935b7f21690246488827c8cdb3c023e97bd52333b,0,plain_cnn,43,0,0.5479733
3a31dc475b21cd0f059f05699ddad612215751f0755ee0317c78677a6f658542,2e2dad5d3461106137a6841bba1f19176be2ab0e51a7b673e8a68bd2d9f698e4,0,plain_cnn,43,0,0.5093168
a939efe53e12508636806a0548de0774a363805f3c1c1cf6f57182fb15f6213d,a939efe53e12508636806a0548de0774a363805f3c1c1cf6f57182fb15f6213d,0,plain_cnn,43,0,0.49058187
8c27b2140d87c2f4ca36dc1d15f414c3851f55819fddcea3b7882df3151ac5a6,8c27b2140d87c2f4ca36dc1d15f414c3851f55819fddcea3b7882df3151ac5a6,0,plain_cnn,43,0,0.5295233
55391a8799e783597b1bd4c53b3b72c6ad20f1ef5fb2634151f26d218bdc1dab,55391a8799e783597b1bd4c53b3b72c6ad20f1ef5fb2634151f26d218bdc1dab,0,plain_cnn,43,0,0.55771375
9ca4ac0807a3bbd0826a06396a8c0ecbfa9bbb6489ff43bed97a42284eb4478c,6849ea8acf8659b60e837c2d45f4431f833dbf95efa93a350942018e926c3133,0,plain_cnn,43,0,0.5335372
6849ea8acf8659b60e837c2d45f4431f833dbf95efa93a350942018e926c3133,6849ea8acf8659b60e837c2d45f4431f833dbf95efa93a350942018e926c3133,0,plain_cnn,43,0,0.53262687
9125bf84b896351de12f641319c42697532aa1a486a398d6e9401acab313dd11,9125bf84b896351de12f641319c42697532aa1a486a398d6e9401acab313dd11,0,plain_cnn,43,0,0.46938378
d5cbbe1256c58cf25d79245cce21faee2e7e67d9c063c3cda3003e748d058873,d5cbbe1256c58cf25d79245cce21faee2e7e67d9c063c3cda3003e748d058873,0,plain_cnn,43,0,0.55720645
c8e9a8b3f39810f2735091058c0e39a02ca5370c60e86b71770288c7185b3fbc,c8e9a8b3f39810f2735091058c0e39a02ca5370c60e86b71770288c7185b3fbc,0,plain_cnn,43,0,0.48324054
8c3352a9324857878735861a8276959d46f0c050e75eee8db1e0da7e383ca9a6,8c3352a9324857878735861a8276959d46f0c050e75eee8db1e0da7e383ca9a6,0,plain_cnn,43,0,0.5497426
9fdd39966afd42eb860930159d7ccdc00e55ed54540478ff367f07f9f6eedbc4,9fdd39966afd42eb860930159d7ccdc00e55ed54540478ff367f07f9f6eedbc4,0,plain_cnn,43,0,0.5163008
c538789cd768bbf8bdafd3a4a130e463f0884af9e619531d829e4187d30b08b2,c538789cd768bbf8bdafd3a4a130e463f0884af9e619531d829e4187d30b08b2,0,plain_cnn,43,0,0.55783975
cdb365489d1dbf33a11d323602812a70572e4096b4e4ab466558b6f2828b2f05,11fcbc10ab7e3890752d6a32b8de515b57952b63cccbf6ada00c3ae2da823e58,0,plain_cnn,43,0,0.42686135
8ae4ddcf7ac3dcf56f0398a821dfaabe2667af908eb3b5522759b707cf3bbecd,4f32eb2f6b3971b9fb5e331b16ebeba8aeca02becbe749e9b95936fe340dbc92,0,plain_cnn,43,0,0.45431605
d2c5fa3041f75490b0e39bc99aa8a0dcae1ad09935b20758fe4d73ae9e58581f,d2c5fa3041f75490b0e39bc99aa8a0dcae1ad09935b20758fe4d73ae9e58581f,0,plain_cnn,43,0,0.50158435
174f6b1339f3388fd728daf11bfb700a914610a67bc43498ebd6e30ba4066671,174f6b1339f3388fd728daf11bfb700a914610a67bc43498ebd6e30ba4066671,1,plain_cnn,43,0,0.54484445
e65196e57bfd4c7219cf47b8ad7d499c70a0d8e86ea443944e6faa6447e74e75,e65196e57bfd4c7219cf47b8ad7d499c70a0d8e86ea443944e6faa6447e74e75,1,plain_cnn,43,0,0.57408756
ebf52743e53a6c0f3d9648a0eaa600ee8b1afb0c758dfa83a49b45ad8852933d,ebf52743e53a6c0f3d9648a0eaa600ee8b1afb0c758dfa83a49b45ad8852933d,1,plain_cnn,43,0,0.6297713
948659a58aa090fea9f4e54c0c7d13cc5a3e10afb8de705c2e3b9699a6e7d98e,948659a58aa090fea9f4e54c0c7d13cc5a3e10afb8de705c2e3b9699a6e7d98e,1,plain_cnn,43,0,0.45327485
a5e234d76031e70468a449f62a7b79b1a736d1c987ebe8c17ffa0c1c1d61983f,a5e234d76031e70468a449f62a7b79b1a736d1c987ebe8c17ffa0c1c1d61983f,1,plain_cnn,43,0,0.6219924
35a85607e878f71298a48027dd27c67c1dc264b6d02f6396bb73601a2e60fa93,35a85607e878f71298a48027dd27c67c1dc264b6d02f6396bb73601a2e60fa93,1,plain_cnn,43,0,0.60114294
1e2adee64d6c09c9ed31a05ad463ad803ca8e4b5163f7764753595f0d15241cd,1e2adee64d6c09c9ed31a05ad463ad803ca8e4b5163f7764753595f0d15241cd,1,plain_cnn,43,0,0.5853606
4c4af743766a62e14e2ae1574ee830f224e8414d4ab32780ed3c944b3dc0539c,4c4af743766a62e14e2ae1574ee830f224e8414d4ab32780ed3c944b3dc0539c,1,plain_cnn,43,0,0.57230204
cc2def01cb2188f2259d52542f05b9d6c76fc11db28268ba2c61ca2fd4f46854,cc2def01cb2188f2259d52542f05b9d6c76fc11db28268ba2c61ca2fd4f46854,1,plain_cnn,43,0,0.5913642
66c14a914a8d149d4c415d36fcb7607883eadf549c938a8f5a3647b10c66c81c,66c14a914a8d149d4c415d36fcb7607883eadf549c938a8f5a3647b10c66c81c,1,plain_cnn,43,0,0.60474896
e053ec244029604025f96ede330578d3dd50e9641e4ef8364e61b5f9cbde33f4,e053ec244029604025f96ede330578d3dd50e9641e4ef8364e61b5f9cbde33f4,1,plain_cnn,43,0,0.508805
ba7c85d72891460c0c32f51ed8d504725d9dda15e3113101de475e6c66e53758,ba7c85d72891460c0c32f51ed8d504725d9dda15e3113101de475e6c66e53758,1,plain_cnn,43,0,0.49287158
0a75a892bc44b017df86771ab2715c5bdd8bb08b1aa019061f6690d8cd1b9861,0a75a892bc44b017df86771ab2715c5bdd8bb08b1aa019061f6690d8cd1b9861,1,plain_cnn,43,0,0.6040671
c6af3a9d8e4547cb522bd945a82a7cfebf121b93fe7f50299dec705348fe36c3,c6af3a9d8e4547cb522bd945a82a7cfebf121b93fe7f50299dec705348fe36c3,1,plain_cnn,43,0,0.51918113
7c2aa4a53c65298f5547d4782c6cb9664113aa34ef5141a7028d18270cf092ee,7c2aa4a53c65298f5547d4782c6cb9664113aa34ef5141a7028d18270cf092ee,1,plain_cnn,43,0,0.49207023
fa5259c7cdf1f53bccde7f6d6d68b3b3dc711df9d6ff00ca583ea1607179d3d7,fa5259c7cdf1f53bccde7f6d6d68b3b3dc711df9d6ff00ca583ea1607179d3d7,1,plain_cnn,43,0,0.58526593
5e7eca14b014e04c8fbeb72cb2b5662f79b07e0ea57ce3f1c33d8efa1b5c937f,5e7eca14b014e04c8fbeb72cb2b5662f79b07e0ea57ce3f1c33d8efa1b5c937f,1,plain_cnn,43,0,0.5552114
72191fa7f5b2152dac4de294b17bb39aa06f68db47db9663438d1bfd4bf8c91c,72191fa7f5b2152dac4de294b17bb39aa06f68db47db9663438d1bfd4bf8c91c,1,plain_cnn,43,0,0.4882745
21ae5635ab2eeb4023aefda84a22d6f1e81aeaf32fcf51cb5285a65156b1c4aa,21ae5635ab2eeb4023aefda84a22d6f1e81aeaf32fcf51cb5285a65156b1c4aa,1,plain_cnn,43,0,0.6312766
9abf4ad7a7aa95cfbcc7e45b99700eef849af5219dd4c189da1538f068582913,9abf4ad7a7aa95cfbcc7e45b99700eef849af5219dd4c189da1538f068582913,1,plain_cnn,43,0,0.5833084
83aa22fb808a463ea27c21ac8706381c25c3aba0c7b79fdc3569fdad0abe4a26,83aa22fb808a463ea27c21ac8706381c25c3aba0c7b79fdc3569fdad0abe4a26,1,plain_cnn,43,0,0.5957863
4f32eb2f6b3971b9fb5e331b16ebeba8aeca02becbe749e9b95936fe340dbc92,4f32eb2f6b3971b9fb5e331b16ebeba8aeca02becbe749e9b95936fe340dbc92,0,narrow_resnet_gn,43,0,0.0052756155
11fcbc10ab7e3890752d6a32b8de515b57952b63cccbf6ada00c3ae2da823e58,11fcbc10ab7e3890752d6a32b8de515b57952b63cccbf6ada00c3ae2da823e58,0,narrow_resnet_gn,43,0,0.010002015
69cde100d8dad52331dbbda9ca626fc949c9eef87ca4ebf9382b1b9789ac277e,69cde100d8dad52331dbbda9ca626fc949c9eef87ca4ebf9382b1b9789ac277e,0,narrow_resnet_gn,43,0,0.08183253
2e2dad5d3461106137a6841bba1f19176be2ab0e51a7b673e8a68bd2d9f698e4,2e2dad5d3461106137a6841bba1f19176be2ab0e51a7b673e8a68bd2d9f698e4,0,narrow_resnet_gn,43,0,0.01073091
451abc50aa05888273efbe1c2559bb9d2d200fb87912af9d8635fe993b87d58e,451abc50aa05888273efbe1c2559bb9d2d200fb87912af9d8635fe993b87d58e,0,narrow_resnet_gn,43,0,0.67004305
b2745f58e72fd5e4069aa2595a8ac8571833d2159b4e0266881e9768a16affce,b2745f58e72fd5e4069aa2595a8ac8571833d2159b4e0266881e9768a16affce,0,narrow_resnet_gn,43,0,0.453854
314303a089cd03a3d3bebf93f68982465fc8a3fb2a866737d64d8f374ee90a3f,314303a089cd03a3d3bebf93f68982465fc8a3fb2a866737d64d8f374ee90a3f,0,narrow_resnet_gn,43,0,0.85963833
422860947a7370673e9f10d40c9b27be86a1afd1bbf8382eafc38af114139d64,422860947a7370673e9f10d40c9b27be86a1afd1bbf8382eafc38af114139d64,0,narrow_resnet_gn,43,0,0.81685466
6d4e0c545f93c3ab169b47a935b7f21690246488827c8cdb3c023e97bd52333b,6d4e0c545f93c3ab169b47a935b7f21690246488827c8cdb3c023e97bd52333b,0,narrow_resnet_gn,43,0,0.4109769
3a31dc475b21cd0f059f05699ddad612215751f0755ee0317c78677a6f658542,2e2dad5d3461106137a6841bba1f19176be2ab0e51a7b673e8a68bd2d9f698e4,0,narrow_resnet_gn,43,0,0.011401564
a939efe53e12508636806a0548de0774a363805f3c1c1cf6f57182fb15f6213d,a939efe53e12508636806a0548de0774a363805f3c1c1cf6f57182fb15f6213d,0,narrow_resnet_gn,43,0,0.030806303
8c27b2140d87c2f4ca36dc1d15f414c3851f55819fddcea3b7882df3151ac5a6,8c27b2140d87c2f4ca36dc1d15f414c3851f55819fddcea3b7882df3151ac5a6,0,narrow_resnet_gn,43,0,0.014075526
55391a8799e783597b1bd4c53b3b72c6ad20f1ef5fb2634151f26d218bdc1dab,55391a8799e783597b1bd4c53b3b72c6ad20f1ef5fb2634151f26d218bdc1dab,0,narrow_resnet_gn,43,0,0.9665463
9ca4ac0807a3bbd0826a06396a8c0ecbfa9bbb6489ff43bed97a42284eb4478c,6849ea8acf8659b60e837c2d45f4431f833dbf95efa93a350942018e926c3133,0,narrow_resnet_gn,43,0,0.80403316
6849ea8acf8659b60e837c2d45f4431f833dbf95efa93a350942018e926c3133,6849ea8acf8659b60e837c2d45f4431f833dbf95efa93a350942018e926c3133,0,narrow_resnet_gn,43,0,0.7881614
9125bf84b896351de12f641319c42697532aa1a486a398d6e9401acab313dd11,9125bf84b896351de12f641319c42697532aa1a486a398d6e9401acab313dd11,0,narrow_resnet_gn,43,0,0.8121109
d5cbbe1256c58cf25d79245cce21faee2e7e67d9c063c3cda3003e748d058873,d5cbbe1256c58cf25d79245cce21faee2e7e67d9c063c3cda3003e748d058873,0,narrow_resnet_gn,43,0,0.890514
c8e9a8b3f39810f2735091058c0e39a02ca5370c60e86b71770288c7185b3fbc,c8e9a8b3f39810f2735091058c0e39a02ca5370c60e86b71770288c7185b3fbc,0,narrow_resnet_gn,43,0,0.3097588
8c3352a9324857878735861a8276959d46f0c050e75eee8db1e0da7e383ca9a6,8c3352a9324857878735861a8276959d46f0c050e75eee8db1e0da7e383ca9a6,0,narrow_resnet_gn,43,0,0.0027273148
9fdd39966afd42eb860930159d7ccdc00e55ed54540478ff367f07f9f6eedbc4,9fdd39966afd42eb860930159d7ccdc00e55ed54540478ff367f07f9f6eedbc4,0,narrow_resnet_gn,43,0,0.011196103
c538789cd768bbf8bdafd3a4a130e463f0884af9e619531d829e4187d30b08b2,c538789cd768bbf8bdafd3a4a130e463f0884af9e619531d829e4187d30b08b2,0,narrow_resnet_gn,43,0,0.9139858
cdb365489d1dbf33a11d323602812a70572e4096b4e4ab466558b6f2828b2f05,11fcbc10ab7e3890752d6a32b8de515b57952b63cccbf6ada00c3ae2da823e58,0,narrow_resnet_gn,43,0,0.009674218
8ae4ddcf7ac3dcf56f0398a821dfaabe2667af908eb3b5522759b707cf3bbecd,4f32eb2f6b3971b9fb5e331b16ebeba8aeca02becbe749e9b95936fe340dbc92,0,narrow_resnet_gn,43,0,0.004982837
d2c5fa3041f75490b0e39bc99aa8a0dcae1ad09935b20758fe4d73ae9e58581f,d2c5fa3041f75490b0e39bc99aa8a0dcae1ad09935b20758fe4d73ae9e58581f,0,narrow_resnet_gn,43,0,0.0030786947
174f6b1339f3388fd728daf11bfb700a914610a67bc43498ebd6e30ba4066671,174f6b1339f3388fd728daf11bfb700a914610a67bc43498ebd6e30ba4066671,1,narrow_resnet_gn,43,0,0.9854754
e65196e57bfd4c7219cf47b8ad7d499c70a0d8e86ea443944e6faa6447e74e75,e65196e57bfd4c7219cf47b8ad7d499c70a0d8e86ea443944e6faa6447e74e75,1,narrow_resnet_gn,43,0,0.98715556
ebf52743e53a6c0f3d9648a0eaa600ee8b1afb0c758dfa83a49b45ad8852933d,ebf52743e53a6c0f3d9648a0eaa600ee8b1afb0c758dfa83a49b45ad8852933d,1,narrow_resnet_gn,43,0,0.7903231
948659a58aa090fea9f4e54c0c7d13cc5a3e10afb8de705c2e3b9699a6e7d98e,948659a58aa090fea9f4e54c0c7d13cc5a3e10afb8de705c2e3b9699a6e7d98e,1,narrow_resnet_gn,43,0,0.18371737
a5e234d76031e70468a449f62a7b79b1a736d1c987ebe8c17ffa0c1c1d61983f,a5e234d76031e70468a449f62a7b79b1a736d1c987ebe8c17ffa0c1c1d61983f,1,narrow_resnet_gn,43,0,0.98645824
35a85607e878f71298a48027dd27c67c1dc264b6d02f6396bb73601a2e60fa93,35a85607e878f71298a48027dd27c67c1dc264b6d02f6396bb73601a2e60fa93,1,narrow_resnet_gn,43,0,0.98729753
1e2adee64d6c09c9ed31a05ad463ad803ca8e4b5163f7764753595f0d15241cd,1e2adee64d6c09c9ed31a05ad463ad803ca8e4b5163f7764753595f0d15241cd,1,narrow_resnet_gn,43,0,0.9058397
4c4af743766a62e14e2ae1574ee830f224e8414d4ab32780ed3c944b3dc0539c,4c4af743766a62e14e2ae1574ee830f224e8414d4ab32780ed3c944b3dc0539c,1,narrow_resnet_gn,43,0,0.9219276
cc2def01cb2188f2259d52542f05b9d6c76fc11db28268ba2c61ca2fd4f46854,cc2def01cb2188f2259d52542f05b9d6c76fc11db28268ba2c61ca2fd4f46854,1,narrow_resnet_gn,43,0,0.97311515
66c14a914a8d149d4c415d36fcb7607883eadf549c938a8f5a3647b10c66c81c,66c14a914a8d149d4c415d36fcb7607883eadf549c938a8f5a3647b10c66c81c,1,narrow_resnet_gn,43,0,0.92500556
e053ec244029604025f96ede330578d3dd50e9641e4ef8364e61b5f9cbde33f4,e053ec244029604025f96ede330578d3dd50e9641e4ef8364e61b5f9cbde33f4,1,narrow_resnet_gn,43,0,0.41914102
ba7c85d72891460c0c32f51ed8d504725d9dda15e3113101de475e6c66e53758,ba7c85d72891460c0c32f51ed8d504725d9dda15e3113101de475e6c66e53758,1,narrow_resnet_gn,43,0,0.98655826
0a75a892bc44b017df86771ab2715c5bdd8bb08b1aa019061f6690d8cd1b9861,0a75a892bc44b017df86771ab2715c5bdd8bb08b1aa019061f6690d8cd1b9861,1,narrow_resnet_gn,43,0,0.96076673
c6af3a9d8e4547cb522bd945a82a7cfebf121b93fe7f50299dec705348fe36c3,c6af3a9d8e4547cb522bd945a82a7cfebf121b93fe7f50299dec705348fe36c3,1,narrow_resnet_gn,43,0,0.9821598
7c2aa4a53c65298f5547d4782c6cb9664113aa34ef5141a7028d18270cf092ee,7c2aa4a53c65298f5547d4782c6cb9664113aa34ef5141a7028d18270cf092ee,1,narrow_resnet_gn,43,0,0.70738155
fa5259c7cdf1f53bccde7f6d6d68b3b3dc711df9d6ff00ca583ea1607179d3d7,fa5259c7cdf1f53bccde7f6d6d68b3b3dc711df9d6ff00ca583ea1607179d3d7,1,narrow_resnet_gn,43,0,0.9771748
5e7eca14b014e04c8fbeb72cb2b5662f79b07e0ea57ce3f1c33d8efa1b5c937f,5e7eca14b014e04c8fbeb72cb2b5662f79b07e0ea57ce3f1c33d8efa1b5c937f,1,narrow_resnet_gn,43,0,0.92971545
72191fa7f5b2152dac4de294b17bb39aa06f68db47db9663438d1bfd4bf8c91c,72191fa7f5b2152dac4de294b17bb39aa06f68db47db9663438d1bfd4bf8c91c,1,narrow_resnet_gn,43,0,0.97447294
21ae5635ab2eeb4023aefda84a22d6f1e81aeaf32fcf51cb5285a65156b1c4aa,21ae5635ab2eeb4023aefda84a22d6f1e81aeaf32fcf51cb5285a65156b1c4aa,1,narrow_resnet_gn,43,0,0.9941638
9abf4ad7a7aa95cfbcc7e45b99700eef849af5219dd4c189da1538f068582913,9abf4ad7a7aa95cfbcc7e45b99700eef849af5219dd4c189da1538f068582913,1,narrow_resnet_gn,43,0,0.97374445
83aa22fb808a463ea27c21ac8706381c25c3aba0c7b79fdc3569fdad0abe4a26,83aa22fb808a463ea27c21ac8706381c25c3aba0c7b79fdc3569fdad0abe4a26,1,narrow_resnet_gn,43,0,0.92071986
431754be1638a610ffe6109396a1be83fe84be89b319a9468c7702b7ac1cc451,431754be1638a610ffe6109396a1be83fe84be89b319a9468c7702b7ac1cc451,0,full,43,1,0.9803344
61883bfab06bd929d96b99d4cd26106c446d2e909ced077d4420d887aabc3aef,61883bfab06bd929d96b99d4cd26106c446d2e909ced077d4420d887aabc3aef,0,full,43,1,0.08175785
912f80d8f29184808e113f3e9770527dbaf7b490b4f4f27c69b015d174cb381a,912f80d8f29184808e113f3e9770527dbaf7b490b4f4f27c69b015d174cb381a,0,full,43,1,0.9857318
971af0cc2d7eb4517c91e7ea90797e8ef92a6a3095581b4a235ef89a45ad9aa4,971af0cc2d7eb4517c91e7ea90797e8ef92a6a3095581b4a235ef89a45ad9aa4,0,full,43,1,0.034492746
a991b7a12ed71214ee0120e45a25dc86e2af553186f857b5e72ad67280d8a67e,a991b7a12ed71214ee0120e45a25dc86e2af553186f857b5e72ad67280d8a67e,0,full,43,1,0.14397222
0198278fba06be5fee3f79b739acc5269c3f1bd2c4ca7c999af3ec7845b1db18,0198278fba06be5fee3f79b739acc5269c3f1bd2c4ca7c999af3ec7845b1db18,0,full,43,1,0.07472021
bdf2d8df20ce58b5dea1b6ce1ff839246c08bafd79dfd004f771582588818afc,0198278fba06be5fee3f79b739acc5269c3f1bd2c4ca7c999af3ec7845b1db18,0,full,43,1,0.073406994
68919dfe7ceaa406c0bfc2169b9c4dde4bbdc16924bac60dff531798a2e5b80c,68919dfe7ceaa406c0bfc2169b9c4dde4bbdc16924bac60dff531798a2e5b80c,0,full,43,1,0.63600713
6bad7d1585147284f24fc35d752cd3f50dce273de2c4693881704b962524f627,6bad7d1585147284f24fc35d752cd3f50dce273de2c4693881704b962524f627,0,full,43,1,0.03214474
84496f2b562de7b5ffab87ee4e24c778c46e69df2c6a934aa6b4af6eed65575e,0198278fba06be5fee3f79b739acc5269c3f1bd2c4ca7c999af3ec7845b1db18,0,full,43,1,0.20055813
79bff1fc200032db892a2bd9343a55322495903f39d07ab4d25df451ec37703e,79bff1fc200032db892a2bd9343a55322495903f39d07ab4d25df451ec37703e,0,full,43,1,0.16414827
fe2f2e15fbef31937a7350eda86d06b7efe35058104c8f17688f0506f83bb4ca,fe2f2e15fbef31937a7350eda86d06b7efe35058104c8f17688f0506f83bb4ca,0,full,43,1,0.042414807
7dc5473174aec3ca64789d8d27423520862e2e51a761cb1afd593b6971209437,03d5e5c31d9cb551d8e72ad20ee33ef851d7dc57431e19739286f84f8ee5aae7,0,full,43,1,0.011389283
3652939af3cbf768ff328bff19516311327782dd22d50300000e22ae6165926a,3652939af3cbf768ff328bff19516311327782dd22d50300000e22ae6165926a,0,full,43,1,0.8710337
03d5e5c31d9cb551d8e72ad20ee33ef851d7dc57431e19739286f84f8ee5aae7,03d5e5c31d9cb551d8e72ad20ee33ef851d7dc57431e19739286f84f8ee5aae7,0,full,43,1,0.01133153
dcc6ad68dcf64338d943273c43b66e9dc03f5aac2a7d5dd1e2dc57ab0cabf219,dcc6ad68dcf64338d943273c43b66e9dc03f5aac2a7d5dd1e2dc57ab0cabf219,1,full,43,1,0.983705
6d968dde7850cb6817e1e97667e3b30d17deb0084fdb32fa466b3d30ab5b169a,6d968dde7850cb6817e1e97667e3b30d17deb0084fdb32fa466b3d30ab5b169a,1,full,43,1,0.91462344
324e1fd6887615bbf9df92946ff501fe5261ec0aa18bc0d1d7fbefeb3a4c2de0,324e1fd6887615bbf9df92946ff501fe5261ec0aa18bc0d1d7fbefeb3a4c2de0,1,full,43,1,0.13656627
02d44c020cf4c1cd89ed4d99993d51a579549e2766ae4492c5d714bfd34f1038,02d44c020cf4c1cd89ed4d99993d51a579549e2766ae4492c5d714bfd34f1038,1,full,43,1,0.6901518
2e4022fe7fc53cf77d62062f18e14f5ec77c5547aeefa8b7a119c531a7b7881f,2e4022fe7fc53cf77d62062f18e14f5ec77c5547aeefa8b7a119c531a7b7881f,1,full,43,1,0.98312587
d8ca4bf52dd8bfd65a1c7c7287a0dd292bbe91ed0ccef71d5b327b80e4802939,d8ca4bf52dd8bfd65a1c7c7287a0dd292bbe91ed0ccef71d5b327b80e4802939,1,full,43,1,0.9690581
148fc8d2e5f5425e1305b90f17abeecc0be0f939c72a38bdedc2239b5dd74575,148fc8d2e5f5425e1305b90f17abeecc0be0f939c72a38bdedc2239b5dd74575,1,full,43,1,0.176609
85219c6f49438e2d908c77982d59a335d805971a4410f96bf793efa844b2a340,85219c6f49438e2d908c77982d59a335d805971a4410f96bf793efa844b2a340,1,full,43,1,0.9769668
beb26a21459fe7faa6b3ead6bffab7048069b39d9c8f44fcdd371f6a8fc7cc8c,beb26a21459fe7faa6b3ead6bffab7048069b39d9c8f44fcdd371f6a8fc7cc8c,1,full,43,1,0.2629903
e4b5fb431fa83fe3325066eb759c81db20f475ced435bd84861ea127e8c70826,a556fb53ec82b61ce9b867242f0089c12a4e826a461322e87afe93c5a536b93e,1,full,43,1,0.9638709
9ced31742602b954a0f27c4af431f52b61b194b39f32ab94d3442ac50cffcada,9ced31742602b954a0f27c4af431f52b61b194b39f32ab94d3442ac50cffcada,1,full,43,1,0.96258557
959996f9fe085b2b9492407c9c980e67949d6604f8916380d498a29ce777c481,959996f9fe085b2b9492407c9c980e67949d6604f8916380d498a29ce777c481,1,full,43,1,0.9496026
4f79af97ec4fbfc7351cf3701e43ab63ff4dfe692acf75c53a5ead6c689e3148,4f79af97ec4fbfc7351cf3701e43ab63ff4dfe692acf75c53a5ead6c689e3148,1,full,43,1,0.9679745
1a60d983296b4d7d88bdf016ec3acdf6928f4db711a3ea5526b312c1dddbc2ba,1a60d983296b4d7d88bdf016ec3acdf6928f4db711a3ea5526b312c1dddbc2ba,1,full,43,1,0.942643
cb8f53c3357a4a0e42872730b58542f2383e40fde7aecef167621531ce6734c2,cb8f53c3357a4a0e42872730b58542f2383e40fde7aecef167621531ce6734c2,1,full,43,1,0.22009252
47f67e38e8ed23e7e9aa76825d01d8736c7ef0739f02f22f8a63fab50996a2b7,47f67e38e8ed23e7e9aa76825d01d8736c7ef0739f02f22f8a63fab50996a2b7,1,full,43,1,0.6882034
6b41ec7a12d3954aab0892e618d76036efb4a9977a9a0a639d39aac312bd1e66,6b41ec7a12d3954aab0892e618d76036efb4a9977a9a0a639d39aac312bd1e66,1,full,43,1,0.9886973
5627ef7310a2d5775b2633f1fbf4eaa77ed8bc83a83e663fed0e7810f833b7e9,5627ef7310a2d5775b2633f1fbf4eaa77ed8bc83a83e663fed0e7810f833b7e9,1,full,43,1,0.7607415
e43b07477fc18ff7c82de9ad21f3ac0197faf33625ed1259e39e98652f1f6d3c,1eade1774cc1953e749e172027e573e028bab9a2a2ab71c687c9d75d60b72312,1,full,43,1,0.93364924
4d8dbdef0dbc0e730a06c85a85e95e1fddb41fd583e3b6419745374b200e7406,4d8dbdef0dbc0e730a06c85a85e95e1fddb41fd583e3b6419745374b200e7406,1,full,43,1,0.9770586
c6038b3142be4c883f7aee8c7b99566d35b57612dc1fe9c7e7e20295a90c1c04,c6038b3142be4c883f7aee8c7b99566d35b57612dc1fe9c7e7e20295a90c1c04,1,full,43,1,0.9494205
0d0bde27497b77e34d1be0d7f48501d37676e4645879150da9926071fbf8d195,0d0bde27497b77e34d1be0d7f48501d37676e4645879150da9926071fbf8d195,1,full,43,1,0.9885804
ef4f79a4f41ee093e86efc8363be6a29f59de2e9eed4eb05a58b0727bb94f55a,ef4f79a4f41ee093e86efc8363be6a29f59de2e9eed4eb05a58b0727bb94f55a,1,full,43,1,0.13503756
e68aa817460ae3a1d648bf9d62d1725f616de5f901238fc2ae7e685b5bbe6a36,e68aa817460ae3a1d648bf9d62d1725f616de5f901238fc2ae7e685b5bbe6a36,1,full,43,1,0.33157563
c69d93e782d3db7bb23a8b8bee55c7f96129f0123ea9b0848c4470be404bc933,c69d93e782d3db7bb23a8b8bee55c7f96129f0123ea9b0848c4470be404bc933,1,full,43,1,0.9730899
dcd0739408b5a9221b27f36b6167c546a23ec289c6efde3f211915a16099a189,735cbef9552a14d7b4a3f84398a094d8eef2c0c9101b3f51c2f077b896ad4856,1,full,43,1,0.66069764
05394b1956b374ffad3400486aa171fd7261b32d705ee855a81907d6a623c6f5,05394b1956b374ffad3400486aa171fd7261b32d705ee855a81907d6a623c6f5,1,full,43,1,0.29048547
735cbef9552a14d7b4a3f84398a094d8eef2c0c9101b3f51c2f077b896ad4856,735cbef9552a14d7b4a3f84398a094d8eef2c0c9101b3f51c2f077b896ad4856,1,full,43,1,0.39871457
b9e261090ae1fa4c62061db4f5b31bde6197d95d693a43cff7492ce90be584d8,b9e261090ae1fa4c62061db4f5b31bde6197d95d693a43cff7492ce90be584d8,1,full,43,1,0.84024274
1eade1774cc1953e749e172027e573e028bab9a2a2ab71c687c9d75d60b72312,1eade1774cc1953e749e172027e573e028bab9a2a2ab71c687c9d75d60b72312,1,full,43,1,0.9335228
670808c5e5ca6952dec91dafc3dfdb9c9851e9e07feb3bcf7b0d5698900736f0,670808c5e5ca6952dec91dafc3dfdb9c9851e9e07feb3bcf7b0d5698900736f0,1,full,43,1,0.98642415
22a67d35823acd63be6dca107cbdb4bb73ebb4cc230e0f5c19d7fc1d6f761879,22a67d35823acd63be6dca107cbdb4bb73ebb4cc230e0f5c19d7fc1d6f761879,1,full,43,1,0.5172954
a556fb53ec82b61ce9b867242f0089c12a4e826a461322e87afe93c5a536b93e,a556fb53ec82b61ce9b867242f0089c12a4e826a461322e87afe93c5a536b93e,1,full,43,1,0.9654696
8d9ab3324ee861c253f8572fb3ced7e7b84feb21a633895def7e850ae74ff349,8d9ab3324ee861c253f8572fb3ced7e7b84feb21a633895def7e850ae74ff349,1,full,43,1,0.852174
431754be1638a610ffe6109396a1be83fe84be89b319a9468c7702b7ac1cc451,431754be1638a610ffe6109396a1be83fe84be89b319a9468c7702b7ac1cc451,0,no_attention,43,1,0.9776163
61883bfab06bd929d96b99d4cd26106c446d2e909ced077d4420d887aabc3aef,61883bfab06bd929d96b99d4cd26106c446d2e909ced077d4420d887aabc3aef,0,no_attention,43,1,0.031800814
912f80d8f29184808e113f3e9770527dbaf7b490b4f4f27c69b015d174cb381a,912f80d8f29184808e113f3e9770527dbaf7b490b4f4f27c69b015d174cb381a,0,no_attention,43,1,0.9448247
971af0cc2d7eb4517c91e7ea90797e8ef92a6a3095581b4a235ef89a45ad9aa4,971af0cc2d7eb4517c91e7ea90797e8ef92a6a3095581b4a235ef89a45ad9aa4,0,no_attention,43,1,0.0025853196
a991b7a12ed71214ee0120e45a25dc86e2af553186f857b5e72ad67280d8a67e,a991b7a12ed71214ee0120e45a25dc86e2af553186f857b5e72ad67280d8a67e,0,no_attention,43,1,0.1521824
0198278fba06be5fee3f79b739acc5269c3f1bd2c4ca7c999af3ec7845b1db18,0198278fba06be5fee3f79b739acc5269c3f1bd2c4ca7c999af3ec7845b1db18,0,no_attention,43,1,0.012105665
bdf2d8df20ce58b5dea1b6ce1ff839246c08bafd79dfd004f771582588818afc,0198278fba06be5fee3f79b739acc5269c3f1bd2c4ca7c999af3ec7845b1db18,0,no_attention,43,1,0.010676495
68919dfe7ceaa406c0bfc2169b9c4dde4bbdc16924bac60dff531798a2e5b80c,68919dfe7ceaa406c0bfc2169b9c4dde4bbdc16924bac60dff531798a2e5b80c,0,no_attention,43,1,0.5185701
6bad7d1585147284f24fc35d752cd3f50dce273de2c4693881704b962524f627,6bad7d1585147284f24fc35d752cd3f50dce273de2c4693881704b962524f627,0,no_attention,43,1,0.0042745923
84496f2b562de7b5ffab87ee4e24c778c46e69df2c6a934aa6b4af6eed65575e,0198278fba06be5fee3f79b739acc5269c3f1bd2c4ca7c999af3ec7845b1db18,0,no_attention,43,1,0.019797971
79bff1fc200032db892a2bd9343a55322495903f39d07ab4d25df451ec37703e,79bff1fc200032db892a2bd9343a55322495903f39d07ab4d25df451ec37703e,0,no_attention,43,1,0.003807224
fe2f2e15fbef31937a7350eda86d06b7efe35058104c8f17688f0506f83bb4ca,fe2f2e15fbef31937a7350eda86d06b7efe35058104c8f17688f0506f83bb4ca,0,no_attention,43,1,0.020488966
7dc5473174aec3ca64789d8d27423520862e2e51a761cb1afd593b6971209437,03d5e5c31d9cb551d8e72ad20ee33ef851d7dc57431e19739286f84f8ee5aae7,0,no_attention,43,1,0.015623212
3652939af3cbf768ff328bff19516311327782dd22d50300000e22ae6165926a,3652939af3cbf768ff328bff19516311327782dd22d50300000e22ae6165926a,0,no_attention,43,1,0.5745335
03d5e5c31d9cb551d8e72ad20ee33ef851d7dc57431e19739286f84f8ee5aae7,03d5e5c31d9cb551d8e72ad20ee33ef851d7dc57431e19739286f84f8ee5aae7,0,no_attention,43,1,0.031052504
dcc6ad68dcf64338d943273c43b66e9dc03f5aac2a7d5dd1e2dc57ab0cabf219,dcc6ad68dcf64338d943273c43b66e9dc03f5aac2a7d5dd1e2dc57ab0cabf219,1,no_attention,43,1,0.78043073
6d968dde7850cb6817e1e97667e3b30d17deb0084fdb32fa466b3d30ab5b169a,6d968dde7850cb6817e1e97667e3b30d17deb0084fdb32fa466b3d30ab5b169a,1,no_attention,43,1,0.9001216
324e1fd6887615bbf9df92946ff501fe5261ec0aa18bc0d1d7fbefeb3a4c2de0,324e1fd6887615bbf9df92946ff501fe5261ec0aa18bc0d1d7fbefeb3a4c2de0,1,no_attention,43,1,0.96152943
02d44c020cf4c1cd89ed4d99993d51a579549e2766ae4492c5d714bfd34f1038,02d44c020cf4c1cd89ed4d99993d51a579549e2766ae4492c5d714bfd34f1038,1,no_attention,43,1,0.68093264
2e4022fe7fc53cf77d62062f18e14f5ec77c5547aeefa8b7a119c531a7b7881f,2e4022fe7fc53cf77d62062f18e14f5ec77c5547aeefa8b7a119c531a7b7881f,1,no_attention,43,1,0.9960419
d8ca4bf52dd8bfd65a1c7c7287a0dd292bbe91ed0ccef71d5b327b80e4802939,d8ca4bf52dd8bfd65a1c7c7287a0dd292bbe91ed0ccef71d5b327b80e4802939,1,no_attention,43,1,0.18357559
148fc8d2e5f5425e1305b90f17abeecc0be0f939c72a38bdedc2239b5dd74575,148fc8d2e5f5425e1305b90f17abeecc0be0f939c72a38bdedc2239b5dd74575,1,no_attention,43,1,0.11773593
85219c6f49438e2d908c77982d59a335d805971a4410f96bf793efa844b2a340,85219c6f49438e2d908c77982d59a335d805971a4410f96bf793efa844b2a340,1,no_attention,43,1,0.9912615
beb26a21459fe7faa6b3ead6bffab7048069b39d9c8f44fcdd371f6a8fc7cc8c,beb26a21459fe7faa6b3ead6bffab7048069b39d9c8f44fcdd371f6a8fc7cc8c,1,no_attention,43,1,0.15524471
e4b5fb431fa83fe3325066eb759c81db20f475ced435bd84861ea127e8c70826,a556fb53ec82b61ce9b867242f0089c12a4e826a461322e87afe93c5a536b93e,1,no_attention,43,1,0.99198604
9ced31742602b954a0f27c4af431f52b61b194b39f32ab94d3442ac50cffcada,9ced31742602b954a0f27c4af431f52b61b194b39f32ab94d3442ac50cffcada,1,no_attention,43,1,0.9772843
959996f9fe085b2b9492407c9c980e67949d6604f8916380d498a29ce777c481,959996f9fe085b2b9492407c9c980e67949d6604f8916380d498a29ce777c481,1,no_attention,43,1,0.9940812
4f79af97ec4fbfc7351cf3701e43ab63ff4dfe692acf75c53a5ead6c689e3148,4f79af97ec4fbfc7351cf3701e43ab63ff4dfe692acf75c53a5ead6c689e3148,1,no_attention,43,1,0.9507177
1a60d983296b4d7d88bdf016ec3acdf6928f4db711a3ea5526b312c1dddbc2ba,1a60d983296b4d7d88bdf016ec3acdf6928f4db711a3ea5526b312c1dddbc2ba,1,no_attention,43,1,0.25190938
cb8f53c3357a4a0e42872730b58542f2383e40fde7aecef167621531ce6734c2,cb8f53c3357a4a0e42872730b58542f2383e40fde7aecef167621531ce6734c2,1,no_attention,43,1,0.33541042
47f67e38e8ed23e7e9aa76825d01d8736c7ef0739f02f22f8a63fab50996a2b7,47f67e38e8ed23e7e9aa76825d01d8736c7ef0739f02f22f8a63fab50996a2b7,1,no_attention,43,1,0.06338364
6b41ec7a12d3954aab0892e618d76036efb4a9977a9a0a639d39aac312bd1e66,6b41ec7a12d3954aab0892e618d76036efb4a9977a9a0a639d39aac312bd1e66,1,no_attention,43,1,0.9892964
5627ef7310a2d5775b2633f1fbf4eaa77ed8bc83a83e663fed0e7810f833b7e9,5627ef7310a2d5775b2633f1fbf4eaa77ed8bc83a83e663fed0e7810f833b7e9,1,no_attention,43,1,0.9205595
e43b07477fc18ff7c82de9ad21f3ac0197faf33625ed1259e39e98652f1f6d3c,1eade1774cc1953e749e172027e573e028bab9a2a2ab71c687c9d75d60b72312,1,no_attention,43,1,0.40753686
4d8dbdef0dbc0e730a06c85a85e95e1fddb41fd583e3b6419745374b200e7406,4d8dbdef0dbc0e730a06c85a85e95e1fddb41fd583e3b6419745374b200e7406,1,no_attention,43,1,0.99778265
c6038b3142be4c883f7aee8c7b99566d35b57612dc1fe9c7e7e20295a90c1c04,c6038b3142be4c883f7aee8c7b99566d35b57612dc1fe9c7e7e20295a90c1c04,1,no_attention,43,1,0.888549
0d0bde27497b77e34d1be0d7f48501d37676e4645879150da9926071fbf8d195,0d0bde27497b77e34d1be0d7f48501d37676e4645879150da9926071fbf8d195,1,no_attention,43,1,0.95052105
ef4f79a4f41ee093e86efc8363be6a29f59de2e9eed4eb05a58b0727bb94f55a,ef4f79a4f41ee093e86efc8363be6a29f59de2e9eed4eb05a58b0727bb94f55a,1,no_attention,43,1,0.2098209
e68aa817460ae3a1d648bf9d62d1725f616de5f901238fc2ae7e685b5bbe6a36,e68aa817460ae3a1d648bf9d62d1725f616de5f901238fc2ae7e685b5bbe6a36,1,no_attention,43,1,0.66267484
c69d93e782d3db7bb23a8b8bee55c7f96129f0123ea9b0848c4470be404bc933,c69d93e782d3db7bb23a8b8bee55c7f96129f0123ea9b0848c4470be404bc933,1,no_attention,43,1,0.94810176
dcd0739408b5a9221b27f36b6167c546a23ec289c6efde3f211915a16099a189,735cbef9552a14d7b4a3f84398a094d8eef2c0c9101b3f51c2f077b896ad4856,1,no_attention,43,1,0.11140724
05394b1956b374ffad3400486aa171fd7261b32d705ee855a81907d6a623c6f5,05394b1956b374ffad3400486aa171fd7261b32d705ee855a81907d6a623c6f5,1,no_attention,43,1,0.04064344
735cbef9552a14d7b4a3f84398a094d8eef2c0c9101b3f51c2f077b896ad4856,735cbef9552a14d7b4a3f84398a094d8eef2c0c9101b3f51c2f077b896ad4856,1,no_attention,43,1,0.08467265
b9e261090ae1fa4c62061db4f5b31bde6197d95d693a43cff7492ce90be584d8,b9e261090ae1fa4c62061db4f5b31bde6197d95d693a43cff7492ce90be584d8,1,no_attention,43,1,0.86251396
1eade1774cc1953e749e172027e573e028bab9a2a2ab71c687c9d75d60b72312,1eade1774cc1953e749e172027e573e028bab9a2a2ab71c687c9d75d60b72312,1,no_attention,43,1,0.40772083
670808c5e5ca6952dec91dafc3dfdb9c9851e9e07feb3bcf7b0d5698900736f0,670808c5e5ca6952dec91dafc3dfdb9c9851e9e07feb3bcf7b0d5698900736f0,1,no_attention,43,1,0.9967488
22a67d35823acd63be6dca107cbdb4bb73ebb4cc230e0f5c19d7fc1d6f761879,22a67d35823acd63be6dca107cbdb4bb73ebb4cc230e0f5c19d7fc1d6f761879,1,no_attention,43,1,0.10912071
a556fb53ec82b61ce9b867242f0089c12a4e826a461322e87afe93c5a536b93e,a556fb53ec82b61ce9b867242f0089c12a4e826a461322e87afe93c5a536b93e,1,no_attention,43,1,0.99217117
8d9ab3324ee861c253f8572fb3ced7e7b84feb21a633895def7e850ae74ff349,8d9ab3324ee861c253f8572fb3ced7e7b84feb21a633895def7e850ae74ff349,1,no_attention,43,1,0.99547464
431754be1638a610ffe6109396a1be83fe84be89b319a9468c7702b7ac1cc451,431754be1638a610ffe6109396a1be83fe84be89b319a9468c7702b7ac1cc451,0,no_multiscale,43,1,0.6813475
61883bfab06bd929d96b99d4cd26106c446d2e909ced077d4420d887aabc3aef,61883bfab06bd929d96b99d4cd26106c446d2e909ced077d4420d887aabc3aef,0,no_multiscale,43,1,0.020723118
912f80d8f29184808e113f3e9770527dbaf7b490b4f4f27c69b015d174cb381a,912f80d8f29184808e113f3e9770527dbaf7b490b4f4f27c69b015d174cb381a,0,no_multiscale,43,1,0.6567633
971af0cc2d7eb4517c91e7ea90797e8ef92a6a3095581b4a235ef89a45ad9aa4,971af0cc2d7eb4517c91e7ea90797e8ef92a6a3095581b4a235ef89a45ad9aa4,0,no_multiscale,43,1,0.010736371
a991b7a12ed71214ee0120e45a25dc86e2af553186f857b5e72ad67280d8a67e,a991b7a12ed71214ee0120e45a25dc86e2af553186f857b5e72ad67280d8a67e,0,no_multiscale,43,1,0.18217786
0198278fba06be5fee3f79b739acc5269c3f1bd2c4ca7c999af3ec7845b1db18,0198278fba06be5fee3f79b739acc5269c3f1bd2c4ca7c999af3ec7845b1db18,0,no_multiscale,43,1,0.046932533
bdf2d8df20ce58b5dea1b6ce1ff839246c08bafd79dfd004f771582588818afc,0198278fba06be5fee3f79b739acc5269c3f1bd2c4ca7c999af3ec7845b1db18,0,no_multiscale,43,1,0.016580172
68919dfe7ceaa406c0bfc2169b9c4dde4bbdc16924bac60dff531798a2e5b80c,68919dfe7ceaa406c0bfc2169b9c4dde4bbdc16924bac60dff531798a2e5b80c,0,no_multiscale,43,1,0.07246774
6bad7d1585147284f24fc35d752cd3f50dce273de2c4693881704b962524f627,6bad7d1585147284f24fc35d752cd3f50dce273de2c4693881704b962524f627,0,no_multiscale,43,1,0.010985462
84496f2b562de7b5ffab87ee4e24c778c46e69df2c6a934aa6b4af6eed65575e,0198278fba06be5fee3f79b739acc5269c3f1bd2c4ca7c999af3ec7845b1db18,0,no_multiscale,43,1,0.019702
79bff1fc200032db892a2bd9343a55322495903f39d07ab4d25df451ec37703e,79bff1fc200032db892a2bd9343a55322495903f39d07ab4d25df451ec37703e,0,no_multiscale,43,1,0.012332163
fe2f2e15fbef31937a7350eda86d06b7efe35058104c8f17688f0506f83bb4ca,fe2f2e15fbef31937a7350eda86d06b7efe35058104c8f17688f0506f83bb4ca,0,no_multiscale,43,1,0.02055665
7dc5473174aec3ca64789d8d27423520862e2e51a761cb1afd593b6971209437,03d5e5c31d9cb551d8e72ad20ee33ef851d7dc57431e19739286f84f8ee5aae7,0,no_multiscale,43,1,0.010391517
3652939af3cbf768ff328bff19516311327782dd22d50300000e22ae6165926a,3652939af3cbf768ff328bff19516311327782dd22d50300000e22ae6165926a,0,no_multiscale,43,1,0.8295945
03d5e5c31d9cb551d8e72ad20ee33ef851d7dc57431e19739286f84f8ee5aae7,03d5e5c31d9cb551d8e72ad20ee33ef851d7dc57431e19739286f84f8ee5aae7,0,no_multiscale,43,1,0.011525416
dcc6ad68dcf64338d943273c43b66e9dc03f5aac2a7d5dd1e2dc57ab0cabf219,dcc6ad68dcf64338d943273c43b66e9dc03f5aac2a7d5dd1e2dc57ab0cabf219,1,no_multiscale,43,1,0.825998
6d968dde7850cb6817e1e97667e3b30d17deb0084fdb32fa466b3d30ab5b169a,6d968dde7850cb6817e1e97667e3b30d17deb0084fdb32fa466b3d30ab5b169a,1,no_multiscale,43,1,0.76234376
324e1fd6887615bbf9df92946ff501fe5261ec0aa18bc0d1d7fbefeb3a4c2de0,324e1fd6887615bbf9df92946ff501fe5261ec0aa18bc0d1d7fbefeb3a4c2de0,1,no_multiscale,43,1,0.10022145
02d44c020cf4c1cd89ed4d99993d51a579549e2766ae4492c5d714bfd34f1038,02d44c020cf4c1cd89ed4d99993d51a579549e2766ae4492c5d714bfd34f1038,1,no_multiscale,43,1,0.021018952
2e4022fe7fc53cf77d62062f18e14f5ec77c5547aeefa8b7a119c531a7b7881f,2e4022fe7fc53cf77d62062f18e14f5ec77c5547aeefa8b7a119c531a7b7881f,1,no_multiscale,43,1,0.984083
d8ca4bf52dd8bfd65a1c7c7287a0dd292bbe91ed0ccef71d5b327b80e4802939,d8ca4bf52dd8bfd65a1c7c7287a0dd292bbe91ed0ccef71d5b327b80e4802939,1,no_multiscale,43,1,0.8187995
148fc8d2e5f5425e1305b90f17abeecc0be0f939c72a38bdedc2239b5dd74575,148fc8d2e5f5425e1305b90f17abeecc0be0f939c72a38bdedc2239b5dd74575,1,no_multiscale,43,1,0.119202875
85219c6f49438e2d908c77982d59a335d805971a4410f96bf793efa844b2a340,85219c6f49438e2d908c77982d59a335d805971a4410f96bf793efa844b2a340,1,no_multiscale,43,1,0.98009986
beb26a21459fe7faa6b3ead6bffab7048069b39d9c8f44fcdd371f6a8fc7cc8c,beb26a21459fe7faa6b3ead6bffab7048069b39d9c8f44fcdd371f6a8fc7cc8c,1,no_multiscale,43,1,0.08531981
e4b5fb431fa83fe3325066eb759c81db20f475ced435bd84861ea127e8c70826,a556fb53ec82b61ce9b867242f0089c12a4e826a461322e87afe93c5a536b93e,1,no_multiscale,43,1,0.9739604
9ced31742602b954a0f27c4af431f52b61b194b39f32ab94d3442ac50cffcada,9ced31742602b954a0f27c4af431f52b61b194b39f32ab94d3442ac50cffcada,1,no_multiscale,43,1,0.82537305
959996f9fe085b2b9492407c9c980e67949d6604f8916380d498a29ce777c481,959996f9fe085b2b9492407c9c980e67949d6604f8916380d498a29ce777c481,1,no_multiscale,43,1,0.50853175
4f79af97ec4fbfc7351cf3701e43ab63ff4dfe692acf75c53a5ead6c689e3148,4f79af97ec4fbfc7351cf3701e43ab63ff4dfe692acf75c53a5ead6c689e3148,1,no_multiscale,43,1,0.31009755
1a60d983296b4d7d88bdf016ec3acdf6928f4db711a3ea5526b312c1dddbc2ba,1a60d983296b4d7d88bdf016ec3acdf6928f4db711a3ea5526b312c1dddbc2ba,1,no_multiscale,43,1,0.9266049
cb8f53c3357a4a0e42872730b58542f2383e40fde7aecef167621531ce6734c2,cb8f53c3357a4a0e42872730b58542f2383e40fde7aecef167621531ce6734c2,1,no_multiscale,43,1,0.012984361
47f67e38e8ed23e7e9aa76825d01d8736c7ef0739f02f22f8a63fab50996a2b7,47f67e38e8ed23e7e9aa76825d01d8736c7ef0739f02f22f8a63fab50996a2b7,1,no_multiscale,43,1,0.25430587
6b41ec7a12d3954aab0892e618d76036efb4a9977a9a0a639d39aac312bd1e66,6b41ec7a12d3954aab0892e618d76036efb4a9977a9a0a639d39aac312bd1e66,1,no_multiscale,43,1,0.9652595
5627ef7310a2d5775b2633f1fbf4eaa77ed8bc83a83e663fed0e7810f833b7e9,5627ef7310a2d5775b2633f1fbf4eaa77ed8bc83a83e663fed0e7810f833b7e9,1,no_multiscale,43,1,0.3799642
e43b07477fc18ff7c82de9ad21f3ac0197faf33625ed1259e39e98652f1f6d3c,1eade1774cc1953e749e172027e573e028bab9a2a2ab71c687c9d75d60b72312,1,no_multiscale,43,1,0.51228154
4d8dbdef0dbc0e730a06c85a85e95e1fddb41fd583e3b6419745374b200e7406,4d8dbdef0dbc0e730a06c85a85e95e1fddb41fd583e3b6419745374b200e7406,1,no_multiscale,43,1,0.9809583
c6038b3142be4c883f7aee8c7b99566d35b57612dc1fe9c7e7e20295a90c1c04,c6038b3142be4c883f7aee8c7b99566d35b57612dc1fe9c7e7e20295a90c1c04,1,no_multiscale,43,1,0.9558577
0d0bde27497b77e34d1be0d7f48501d37676e4645879150da9926071fbf8d195,0d0bde27497b77e34d1be0d7f48501d37676e4645879150da9926071fbf8d195,1,no_multiscale,43,1,0.48020798
ef4f79a4f41ee093e86efc8363be6a29f59de2e9eed4eb05a58b0727bb94f55a,ef4f79a4f41ee093e86efc8363be6a29f59de2e9eed4eb05a58b0727bb94f55a,1,no_multiscale,43,1,0.07712059
e68aa817460ae3a1d648bf9d62d1725f616de5f901238fc2ae7e685b5bbe6a36,e68aa817460ae3a1d648bf9d62d1725f616de5f901238fc2ae7e685b5bbe6a36,1,no_multiscale,43,1,0.19207396
c69d93e782d3db7bb23a8b8bee55c7f96129f0123ea9b0848c4470be404bc933,c69d93e782d3db7bb23a8b8bee55c7f96129f0123ea9b0848c4470be404bc933,1,no_multiscale,43,1,0.39263335
dcd0739408b5a9221b27f36b6167c546a23ec289c6efde3f211915a16099a189,735cbef9552a14d7b4a3f84398a094d8eef2c0c9101b3f51c2f077b896ad4856,1,no_multiscale,43,1,0.044671163
05394b1956b374ffad3400486aa171fd7261b32d705ee855a81907d6a623c6f5,05394b1956b374ffad3400486aa171fd7261b32d705ee855a81907d6a623c6f5,1,no_multiscale,43,1,0.016186986
735cbef9552a14d7b4a3f84398a094d8eef2c0c9101b3f51c2f077b896ad4856,735cbef9552a14d7b4a3f84398a094d8eef2c0c9101b3f51c2f077b896ad4856,1,no_multiscale,43,1,0.0286555
b9e261090ae1fa4c62061db4f5b31bde6197d95d693a43cff7492ce90be584d8,b9e261090ae1fa4c62061db4f5b31bde6197d95d693a43cff7492ce90be584d8,1,no_multiscale,43,1,0.45133886
1eade1774cc1953e749e172027e573e028bab9a2a2ab71c687c9d75d60b72312,1eade1774cc1953e749e172027e573e028bab9a2a2ab71c687c9d75d60b72312,1,no_multiscale,43,1,0.5163741
670808c5e5ca6952dec91dafc3dfdb9c9851e9e07feb3bcf7b0d5698900736f0,670808c5e5ca6952dec91dafc3dfdb9c9851e9e07feb3bcf7b0d5698900736f0,1,no_multiscale,43,1,0.9418545
22a67d35823acd63be6dca107cbdb4bb73ebb4cc230e0f5c19d7fc1d6f761879,22a67d35823acd63be6dca107cbdb4bb73ebb4cc230e0f5c19d7fc1d6f761879,1,no_multiscale,43,1,0.5322635
a556fb53ec82b61ce9b867242f0089c12a4e826a461322e87afe93c5a536b93e,a556fb53ec82b61ce9b867242f0089c12a4e826a461322e87afe93c5a536b93e,1,no_multiscale,43,1,0.9744606
8d9ab3324ee861c253f8572fb3ced7e7b84feb21a633895def7e850ae74ff349,8d9ab3324ee861c253f8572fb3ced7e7b84feb21a633895def7e850ae74ff349,1,no_multiscale,43,1,0.9572223
431754be1638a610ffe6109396a1be83fe84be89b319a9468c7702b7ac1cc451,431754be1638a610ffe6109396a1be83fe84be89b319a9468c7702b7ac1cc451,0,no_attention_no_multiscale,43,1,0.8957065
61883bfab06bd929d96b99d4cd26106c446d2e909ced077d4420d887aabc3aef,61883bfab06bd929d96b99d4cd26106c446d2e909ced077d4420d887aabc3aef,0,no_attention_no_multiscale,43,1,0.5509475
912f80d8f29184808e113f3e9770527dbaf7b490b4f4f27c69b015d174cb381a,912f80d8f29184808e113f3e9770527dbaf7b490b4f4f27c69b015d174cb381a,0,no_attention_no_multiscale,43,1,0.8651639
971af0cc2d7eb4517c91e7ea90797e8ef92a6a3095581b4a235ef89a45ad9aa4,971af0cc2d7eb4517c91e7ea90797e8ef92a6a3095581b4a235ef89a45ad9aa4,0,no_attention_no_multiscale,43,1,0.14708795
a991b7a12ed71214ee0120e45a25dc86e2af553186f857b5e72ad67280d8a67e,a991b7a12ed71214ee0120e45a25dc86e2af553186f857b5e72ad67280d8a67e,0,no_attention_no_multiscale,43,1,0.86848056
0198278fba06be5fee3f79b739acc5269c3f1bd2c4ca7c999af3ec7845b1db18,0198278fba06be5fee3f79b739acc5269c3f1bd2c4ca7c999af3ec7845b1db18,0,no_attention_no_multiscale,43,1,0.16715716
bdf2d8df20ce58b5dea1b6ce1ff839246c08bafd79dfd004f771582588818afc,0198278fba06be5fee3f79b739acc5269c3f1bd2c4ca7c999af3ec7845b1db18,0,no_attention_no_multiscale,43,1,0.16599037
68919dfe7ceaa406c0bfc2169b9c4dde4bbdc16924bac60dff531798a2e5b80c,68919dfe7ceaa406c0bfc2169b9c4dde4bbdc16924bac60dff531798a2e5b80c,0,no_attention_no_multiscale,43,1,0.43439847
6bad7d1585147284f24fc35d752cd3f50dce273de2c4693881704b962524f627,6bad7d1585147284f24fc35d752cd3f50dce273de2c4693881704b962524f627,0,no_attention_no_multiscale,43,1,0.14685525
84496f2b562de7b5ffab87ee4e24c778c46e69df2c6a934aa6b4af6eed65575e,0198278fba06be5fee3f79b739acc5269c3f1bd2c4ca7c999af3ec7845b1db18,0,no_attention_no_multiscale,43,1,0.18704005
79bff1fc200032db892a2bd9343a55322495903f39d07ab4d25df451ec37703e,79bff1fc200032db892a2bd9343a55322495903f39d07ab4d25df451ec37703e,0,no_attention_no_multiscale,43,1,0.16494893
fe2f2e15fbef31937a7350eda86d06b7efe35058104c8f17688f0506f83bb4ca,fe2f2e15fbef31937a7350eda86d06b7efe35058104c8f17688f0506f83bb4ca,0,no_attention_no_multiscale,43,1,0.20134832
7dc5473174aec3ca64789d8d27423520862e2e51a761cb1afd593b6971209437,03d5e5c31d9cb551d8e72ad20ee33ef851d7dc57431e19739286f84f8ee5aae7,0,no_attention_no_multiscale,43,1,0.16375035
3652939af3cbf768ff328bff19516311327782dd22d50300000e22ae6165926a,3652939af3cbf768ff328bff19516311327782dd22d50300000e22ae6165926a,0,no_attention_no_multiscale,43,1,0.6849967
03d5e5c31d9cb551d8e72ad20ee33ef851d7dc57431e19739286f84f8ee5aae7,03d5e5c31d9cb551d8e72ad20ee33ef851d7dc57431e19739286f84f8ee5aae7,0,no_attention_no_multiscale,43,1,0.16386886
dcc6ad68dcf64338d943273c43b66e9dc03f5aac2a7d5dd1e2dc57ab0cabf219,dcc6ad68dcf64338d943273c43b66e9dc03f5aac2a7d5dd1e2dc57ab0cabf219,1,no_attention_no_multiscale,43,1,0.91173416
6d968dde7850cb6817e1e97667e3b30d17deb0084fdb32fa466b3d30ab5b169a,6d968dde7850cb6817e1e97667e3b30d17deb0084fdb32fa466b3d30ab5b169a,1,no_attention_no_multiscale,43,1,0.4919544
324e1fd6887615bbf9df92946ff501fe5261ec0aa18bc0d1d7fbefeb3a4c2de0,324e1fd6887615bbf9df92946ff501fe5261ec0aa18bc0d1d7fbefeb3a4c2de0,1,no_attention_no_multiscale,43,1,0.50979656
02d44c020cf4c1cd89ed4d99993d51a579549e2766ae4492c5d714bfd34f1038,02d44c020cf4c1cd89ed4d99993d51a579549e2766ae4492c5d714bfd34f1038,1,no_attention_no_multiscale,43,1,0.27369267
2e4022fe7fc53cf77d62062f18e14f5ec77c5547aeefa8b7a119c531a7b7881f,2e4022fe7fc53cf77d62062f18e14f5ec77c5547aeefa8b7a119c531a7b7881f,1,no_attention_no_multiscale,43,1,0.8762447
d8ca4bf52dd8bfd65a1c7c7287a0dd292bbe91ed0ccef71d5b327b80e4802939,d8ca4bf52dd8bfd65a1c7c7287a0dd292bbe91ed0ccef71d5b327b80e4802939,1,no_attention_no_multiscale,43,1,0.87430483
148fc8d2e5f5425e1305b90f17abeecc0be0f939c72a38bdedc2239b5dd74575,148fc8d2e5f5425e1305b90f17abeecc0be0f939c72a38bdedc2239b5dd74575,1,no_attention_no_multiscale,43,1,0.30007657
85219c6f49438e2d908c77982d59a335d805971a4410f96bf793efa844b2a340,85219c6f49438e2d908c77982d59a335d805971a4410f96bf793efa844b2a340,1,no_attention_no_multiscale,43,1,0.8672627
beb26a21459fe7faa6b3ead6bffab7048069b39d9c8f44fcdd371f6a8fc7cc8c,beb26a21459fe7faa6b3ead6bffab7048069b39d9c8f44fcdd371f6a8fc7cc8c,1,no_attention_no_multiscale,43,1,0.28551856
e4b5fb431fa83fe3325066eb759c81db20f475ced435bd84861ea127e8c70826,a556fb53ec82b61ce9b867242f0089c12a4e826a461322e87afe93c5a536b93e,1,no_attention_no_multiscale,43,1,0.77224535
9ced31742602b954a0f27c4af431f52b61b194b39f32ab94d3442ac50cffcada,9ced31742602b954a0f27c4af431f52b61b194b39f32ab94d3442ac50cffcada,1,no_attention_no_multiscale,43,1,0.8004249
959996f9fe085b2b9492407c9c980e67949d6604f8916380d498a29ce777c481,959996f9fe085b2b9492407c9c980e67949d6604f8916380d498a29ce777c481,1,no_attention_no_multiscale,43,1,0.6926766
4f79af97ec4fbfc7351cf3701e43ab63ff4dfe692acf75c53a5ead6c689e3148,4f79af97ec4fbfc7351cf3701e43ab63ff4dfe692acf75c53a5ead6c689e3148,1,no_attention_no_multiscale,43,1,0.6869458
1a60d983296b4d7d88bdf016ec3acdf6928f4db711a3ea5526b312c1dddbc2ba,1a60d983296b4d7d88bdf016ec3acdf6928f4db711a3ea5526b312c1dddbc2ba,1,no_attention_no_multiscale,43,1,0.46536
cb8f53c3357a4a0e42872730b58542f2383e40fde7aecef167621531ce6734c2,cb8f53c3357a4a0e42872730b58542f2383e40fde7aecef167621531ce6734c2,1,no_attention_no_multiscale,43,1,0.44699162
47f67e38e8ed23e7e9aa76825d01d8736c7ef0739f02f22f8a63fab50996a2b7,47f67e38e8ed23e7e9aa76825d01d8736c7ef0739f02f22f8a63fab50996a2b7,1,no_attention_no_multiscale,43,1,0.32517874
6b41ec7a12d3954aab0892e618d76036efb4a9977a9a0a639d39aac312bd1e66,6b41ec7a12d3954aab0892e618d76036efb4a9977a9a0a639d39aac312bd1e66,1,no_attention_no_multiscale,43,1,0.872731
5627ef7310a2d5775b2633f1fbf4eaa77ed8bc83a83e663fed0e7810f833b7e9,5627ef7310a2d5775b2633f1fbf4eaa77ed8bc83a83e663fed0e7810f833b7e9,1,no_attention_no_multiscale,43,1,0.65612096
e43b07477fc18ff7c82de9ad21f3ac0197faf33625ed1259e39e98652f1f6d3c,1eade1774cc1953e749e172027e573e028bab9a2a2ab71c687c9d75d60b72312,1,no_attention_no_multiscale,43,1,0.30748612
4d8dbdef0dbc0e730a06c85a85e95e1fddb41fd583e3b6419745374b200e7406,4d8dbdef0dbc0e730a06c85a85e95e1fddb41fd583e3b6419745374b200e7406,1,no_attention_no_multiscale,43,1,0.7765648
c6038b3142be4c883f7aee8c7b99566d35b57612dc1fe9c7e7e20295a90c1c04,c6038b3142be4c883f7aee8c7b99566d35b57612dc1fe9c7e7e20295a90c1c04,1,no_attention_no_multiscale,43,1,0.59074116
0d0bde27497b77e34d1be0d7f48501d37676e4645879150da9926071fbf8d195,0d0bde27497b77e34d1be0d7f48501d37676e4645879150da9926071fbf8d195,1,no_attention_no_multiscale,43,1,0.8914769
ef4f79a4f41ee093e86efc8363be6a29f59de2e9eed4eb05a58b0727bb94f55a,ef4f79a4f41ee093e86efc8363be6a29f59de2e9eed4eb05a58b0727bb94f55a,1,no_attention_no_multiscale,43,1,0.6364545
e68aa817460ae3a1d648bf9d62d1725f616de5f901238fc2ae7e685b5bbe6a36,e68aa817460ae3a1d648bf9d62d1725f616de5f901238fc2ae7e685b5bbe6a36,1,no_attention_no_multiscale,43,1,0.78035337
c69d93e782d3db7bb23a8b8bee55c7f96129f0123ea9b0848c4470be404bc933,c69d93e782d3db7bb23a8b8bee55c7f96129f0123ea9b0848c4470be404bc933,1,no_attention_no_multiscale,43,1,0.5542978
dcd0739408b5a9221b27f36b6167c546a23ec289c6efde3f211915a16099a189,735cbef9552a14d7b4a3f84398a094d8eef2c0c9101b3f51c2f077b896ad4856,1,no_attention_no_multiscale,43,1,0.23199522
05394b1956b374ffad3400486aa171fd7261b32d705ee855a81907d6a623c6f5,05394b1956b374ffad3400486aa171fd7261b32d705ee855a81907d6a623c6f5,1,no_attention_no_multiscale,43,1,0.18566783
735cbef9552a14d7b4a3f84398a094d8eef2c0c9101b3f51c2f077b896ad4856,735cbef9552a14d7b4a3f84398a094d8eef2c0c9101b3f51c2f077b896ad4856,1,no_attention_no_multiscale,43,1,0.22175555
b9e261090ae1fa4c62061db4f5b31bde6197d95d693a43cff7492ce90be584d8,b9e261090ae1fa4c62061db4f5b31bde6197d95d693a43cff7492ce90be584d8,1,no_attention_no_multiscale,43,1,0.8924792
1eade1774cc1953e749e172027e573e028bab9a2a2ab71c687c9d75d60b72312,1eade1774cc1953e749e172027e573e028bab9a2a2ab71c687c9d75d60b72312,1,no_attention_no_multiscale,43,1,0.30815837
670808c5e5ca6952dec91dafc3dfdb9c9851e9e07feb3bcf7b0d5698900736f0,670808c5e5ca6952dec91dafc3dfdb9c9851e9e07feb3bcf7b0d5698900736f0,1,no_attention_no_multiscale,43,1,0.8596566
22a67d35823acd63be6dca107cbdb4bb73ebb4cc230e0f5c19d7fc1d6f761879,22a67d35823acd63be6dca107cbdb4bb73ebb4cc230e0f5c19d7fc1d6f761879,1,no_attention_no_multiscale,43,1,0.18452983
a556fb53ec82b61ce9b867242f0089c12a4e826a461322e87afe93c5a536b93e,a556fb53ec82b61ce9b867242f0089c12a4e826a461322e87afe93c5a536b93e,1,no_attention_no_multiscale,43,1,0.7734491
8d9ab3324ee861c253f8572fb3ced7e7b84feb21a633895def7e850ae74ff349,8d9ab3324ee861c253f8572fb3ced7e7b84feb21a633895def7e850ae74ff349,1,no_attention_no_multiscale,43,1,0.78719157
431754be1638a610ffe6109396a1be83fe84be89b319a9468c7702b7ac1cc451,431754be1638a610ffe6109396a1be83fe84be89b319a9468c7702b7ac1cc451,0,no_augmentation,43,1,0.9744752
61883bfab06bd929d96b99d4cd26106c446d2e909ced077d4420d887aabc3aef,61883bfab06bd929d96b99d4cd26106c446d2e909ced077d4420d887aabc3aef,0,no_augmentation,43,1,0.114280805
912f80d8f29184808e113f3e9770527dbaf7b490b4f4f27c69b015d174cb381a,912f80d8f29184808e113f3e9770527dbaf7b490b4f4f27c69b015d174cb381a,0,no_augmentation,43,1,0.9687368
971af0cc2d7eb4517c91e7ea90797e8ef92a6a3095581b4a235ef89a45ad9aa4,971af0cc2d7eb4517c91e7ea90797e8ef92a6a3095581b4a235ef89a45ad9aa4,0,no_augmentation,43,1,0.053953715
a991b7a12ed71214ee0120e45a25dc86e2af553186f857b5e72ad67280d8a67e,a991b7a12ed71214ee0120e45a25dc86e2af553186f857b5e72ad67280d8a67e,0,no_augmentation,43,1,0.92458785
0198278fba06be5fee3f79b739acc5269c3f1bd2c4ca7c999af3ec7845b1db18,0198278fba06be5fee3f79b739acc5269c3f1bd2c4ca7c999af3ec7845b1db18,0,no_augmentation,43,1,0.067128144
bdf2d8df20ce58b5dea1b6ce1ff839246c08bafd79dfd004f771582588818afc,0198278fba06be5fee3f79b739acc5269c3f1bd2c4ca7c999af3ec7845b1db18,0,no_augmentation,43,1,0.048074916
68919dfe7ceaa406c0bfc2169b9c4dde4bbdc16924bac60dff531798a2e5b80c,68919dfe7ceaa406c0bfc2169b9c4dde4bbdc16924bac60dff531798a2e5b80c,0,no_augmentation,43,1,0.9791606
6bad7d1585147284f24fc35d752cd3f50dce273de2c4693881704b962524f627,6bad7d1585147284f24fc35d752cd3f50dce273de2c4693881704b962524f627,0,no_augmentation,43,1,0.025518022
84496f2b562de7b5ffab87ee4e24c778c46e69df2c6a934aa6b4af6eed65575e,0198278fba06be5fee3f79b739acc5269c3f1bd2c4ca7c999af3ec7845b1db18,0,no_augmentation,43,1,0.10547908
79bff1fc200032db892a2bd9343a55322495903f39d07ab4d25df451ec37703e,79bff1fc200032db892a2bd9343a55322495903f39d07ab4d25df451ec37703e,0,no_augmentation,43,1,0.0207426
fe2f2e15fbef31937a7350eda86d06b7efe35058104c8f17688f0506f83bb4ca,fe2f2e15fbef31937a7350eda86d06b7efe35058104c8f17688f0506f83bb4ca,0,no_augmentation,43,1,0.018622482
7dc5473174aec3ca64789d8d27423520862e2e51a761cb1afd593b6971209437,03d5e5c31d9cb551d8e72ad20ee33ef851d7dc57431e19739286f84f8ee5aae7,0,no_augmentation,43,1,0.008618766
3652939af3cbf768ff328bff19516311327782dd22d50300000e22ae6165926a,3652939af3cbf768ff328bff19516311327782dd22d50300000e22ae6165926a,0,no_augmentation,43,1,0.9838886
03d5e5c31d9cb551d8e72ad20ee33ef851d7dc57431e19739286f84f8ee5aae7,03d5e5c31d9cb551d8e72ad20ee33ef851d7dc57431e19739286f84f8ee5aae7,0,no_augmentation,43,1,0.009234736
dcc6ad68dcf64338d943273c43b66e9dc03f5aac2a7d5dd1e2dc57ab0cabf219,dcc6ad68dcf64338d943273c43b66e9dc03f5aac2a7d5dd1e2dc57ab0cabf219,1,no_augmentation,43,1,0.9873432
6d968dde7850cb6817e1e97667e3b30d17deb0084fdb32fa466b3d30ab5b169a,6d968dde7850cb6817e1e97667e3b30d17deb0084fdb32fa466b3d30ab5b169a,1,no_augmentation,43,1,0.5174519
324e1fd6887615bbf9df92946ff501fe5261ec0aa18bc0d1d7fbefeb3a4c2de0,324e1fd6887615bbf9df92946ff501fe5261ec0aa18bc0d1d7fbefeb3a4c2de0,1,no_augmentation,43,1,0.49289992
02d44c020cf4c1cd89ed4d99993d51a579549e2766ae4492c5d714bfd34f1038,02d44c020cf4c1cd89ed4d99993d51a579549e2766ae4492c5d714bfd34f1038,1,no_augmentation,43,1,0.28113446
2e4022fe7fc53cf77d62062f18e14f5ec77c5547aeefa8b7a119c531a7b7881f,2e4022fe7fc53cf77d62062f18e14f5ec77c5547aeefa8b7a119c531a7b7881f,1,no_augmentation,43,1,0.9823369
d8ca4bf52dd8bfd65a1c7c7287a0dd292bbe91ed0ccef71d5b327b80e4802939,d8ca4bf52dd8bfd65a1c7c7287a0dd292bbe91ed0ccef71d5b327b80e4802939,1,no_augmentation,43,1,0.9752024
148fc8d2e5f5425e1305b90f17abeecc0be0f939c72a38bdedc2239b5dd74575,148fc8d2e5f5425e1305b90f17abeecc0be0f939c72a38bdedc2239b5dd74575,1,no_augmentation,43,1,0.057772845
85219c6f49438e2d908c77982d59a335d805971a4410f96bf793efa844b2a340,85219c6f49438e2d908c77982d59a335d805971a4410f96bf793efa844b2a340,1,no_augmentation,43,1,0.99205875
beb26a21459fe7faa6b3ead6bffab7048069b39d9c8f44fcdd371f6a8fc7cc8c,beb26a21459fe7faa6b3ead6bffab7048069b39d9c8f44fcdd371f6a8fc7cc8c,1,no_augmentation,43,1,0.41380322
e4b5fb431fa83fe3325066eb759c81db20f475ced435bd84861ea127e8c70826,a556fb53ec82b61ce9b867242f0089c12a4e826a461322e87afe93c5a536b93e,1,no_augmentation,43,1,0.9831671
9ced31742602b954a0f27c4af431f52b61b194b39f32ab94d3442ac50cffcada,9ced31742602b954a0f27c4af431f52b61b194b39f32ab94d3442ac50cffcada,1,no_augmentation,43,1,0.97992754
959996f9fe085b2b9492407c9c980e67949d6604f8916380d498a29ce777c481,959996f9fe085b2b9492407c9c980e67949d6604f8916380d498a29ce777c481,1,no_augmentation,43,1,0.9808456
4f79af97ec4fbfc7351cf3701e43ab63ff4dfe692acf75c53a5ead6c689e3148,4f79af97ec4fbfc7351cf3701e43ab63ff4dfe692acf75c53a5ead6c689e3148,1,no_augmentation,43,1,0.7029646
1a60d983296b4d7d88bdf016ec3acdf6928f4db711a3ea5526b312c1dddbc2ba,1a60d983296b4d7d88bdf016ec3acdf6928f4db711a3ea5526b312c1dddbc2ba,1,no_augmentation,43,1,0.55228066
cb8f53c3357a4a0e42872730b58542f2383e40fde7aecef167621531ce6734c2,cb8f53c3357a4a0e42872730b58542f2383e40fde7aecef167621531ce6734c2,1,no_augmentation,43,1,0.11774639
47f67e38e8ed23e7e9aa76825d01d8736c7ef0739f02f22f8a63fab50996a2b7,47f67e38e8ed23e7e9aa76825d01d8736c7ef0739f02f22f8a63fab50996a2b7,1,no_augmentation,43,1,0.034397665
6b41ec7a12d3954aab0892e618d76036efb4a9977a9a0a639d39aac312bd1e66,6b41ec7a12d3954aab0892e618d76036efb4a9977a9a0a639d39aac312bd1e66,1,no_augmentation,43,1,0.99106944
5627ef7310a2d5775b2633f1fbf4eaa77ed8bc83a83e663fed0e7810f833b7e9,5627ef7310a2d5775b2633f1fbf4eaa77ed8bc83a83e663fed0e7810f833b7e9,1,no_augmentation,43,1,0.6690293
e43b07477fc18ff7c82de9ad21f3ac0197faf33625ed1259e39e98652f1f6d3c,1eade1774cc1953e749e172027e573e028bab9a2a2ab71c687c9d75d60b72312,1,no_augmentation,43,1,0.5511427
4d8dbdef0dbc0e730a06c85a85e95e1fddb41fd583e3b6419745374b200e7406,4d8dbdef0dbc0e730a06c85a85e95e1fddb41fd583e3b6419745374b200e7406,1,no_augmentation,43,1,0.9825516
c6038b3142be4c883f7aee8c7b99566d35b57612dc1fe9c7e7e20295a90c1c04,c6038b3142be4c883f7aee8c7b99566d35b57612dc1fe9c7e7e20295a90c1c04,1,no_augmentation,43,1,0.9263308
0d0bde27497b77e34d1be0d7f48501d37676e4645879150da9926071fbf8d195,0d0bde27497b77e34d1be0d7f48501d37676e4645879150da9926071fbf8d195,1,no_augmentation,43,1,0.9942081
ef4f79a4f41ee093e86efc8363be6a29f59de2e9eed4eb05a58b0727bb94f55a,ef4f79a4f41ee093e86efc8363be6a29f59de2e9eed4eb05a58b0727bb94f55a,1,no_augmentation,43,1,0.9729244
e68aa817460ae3a1d648bf9d62d1725f616de5f901238fc2ae7e685b5bbe6a36,e68aa817460ae3a1d648bf9d62d1725f616de5f901238fc2ae7e685b5bbe6a36,1,no_augmentation,43,1,0.9860669
c69d93e782d3db7bb23a8b8bee55c7f96129f0123ea9b0848c4470be404bc933,c69d93e782d3db7bb23a8b8bee55c7f96129f0123ea9b0848c4470be404bc933,1,no_augmentation,43,1,0.9560601
dcd0739408b5a9221b27f36b6167c546a23ec289c6efde3f211915a16099a189,735cbef9552a14d7b4a3f84398a094d8eef2c0c9101b3f51c2f077b896ad4856,1,no_augmentation,43,1,0.807291
05394b1956b374ffad3400486aa171fd7261b32d705ee855a81907d6a623c6f5,05394b1956b374ffad3400486aa171fd7261b32d705ee855a81907d6a623c6f5,1,no_augmentation,43,1,0.02833315
735cbef9552a14d7b4a3f84398a094d8eef2c0c9101b3f51c2f077b896ad4856,735cbef9552a14d7b4a3f84398a094d8eef2c0c9101b3f51c2f077b896ad4856,1,no_augmentation,43,1,0.3688582
b9e261090ae1fa4c62061db4f5b31bde6197d95d693a43cff7492ce90be584d8,b9e261090ae1fa4c62061db4f5b31bde6197d95d693a43cff7492ce90be584d8,1,no_augmentation,43,1,0.98802257
1eade1774cc1953e749e172027e573e028bab9a2a2ab71c687c9d75d60b72312,1eade1774cc1953e749e172027e573e028bab9a2a2ab71c687c9d75d60b72312,1,no_augmentation,43,1,0.5568729
670808c5e5ca6952dec91dafc3dfdb9c9851e9e07feb3bcf7b0d5698900736f0,670808c5e5ca6952dec91dafc3dfdb9c9851e9e07feb3bcf7b0d5698900736f0,1,no_augmentation,43,1,0.9775544
22a67d35823acd63be6dca107cbdb4bb73ebb4cc230e0f5c19d7fc1d6f761879,22a67d35823acd63be6dca107cbdb4bb73ebb4cc230e0f5c19d7fc1d6f761879,1,no_augmentation,43,1,0.032842
a556fb53ec82b61ce9b867242f0089c12a4e826a461322e87afe93c5a536b93e,a556fb53ec82b61ce9b867242f0089c12a4e826a461322e87afe93c5a536b93e,1,no_augmentation,43,1,0.9834974
8d9ab3324ee861c253f8572fb3ced7e7b84feb21a633895def7e850ae74ff349,8d9ab3324ee861c253f8572fb3ced7e7b84feb21a633895def7e850ae74ff349,1,no_augmentation,43,1,0.95256
431754be1638a610ffe6109396a1be83fe84be89b319a9468c7702b7ac1cc451,431754be1638a610ffe6109396a1be83fe84be89b319a9468c7702b7ac1cc451,0,plain_cnn,43,1,0.93004644
61883bfab06bd929d96b99d4cd26106c446d2e909ced077d4420d887aabc3aef,61883bfab06bd929d96b99d4cd26106c446d2e909ced077d4420d887aabc3aef,0,plain_cnn,43,1,0.1975401
912f80d8f29184808e113f3e9770527dbaf7b490b4f4f27c69b015d174cb381a,912f80d8f29184808e113f3e9770527dbaf7b490b4f4f27c69b015d174cb381a,0,plain_cnn,43,1,0.72519284
971af0cc2d7eb4517c91e7ea90797e8ef92a6a3095581b4a235ef89a45ad9aa4,971af0cc2d7eb4517c91e7ea90797e8ef92a6a3095581b4a235ef89a45ad9aa4,0,plain_cnn,43,1,0.03086149
a991b7a12ed71214ee0120e45a25dc86e2af553186f857b5e72ad67280d8a67e,a991b7a12ed71214ee0120e45a25dc86e2af553186f857b5e72ad67280d8a67e,0,plain_cnn,43,1,0.57079434
0198278fba06be5fee3f79b739acc5269c3f1bd2c4ca7c999af3ec7845b1db18,0198278fba06be5fee3f79b739acc5269c3f1bd2c4ca7c999af3ec7845b1db18,0,plain_cnn,43,1,0.1653919
bdf2d8df20ce58b5dea1b6ce1ff839246c08bafd79dfd004f771582588818afc,0198278fba06be5fee3f79b739acc5269c3f1bd2c4ca7c999af3ec7845b1db18,0,plain_cnn,43,1,0.13462523
68919dfe7ceaa406c0bfc2169b9c4dde4bbdc16924bac60dff531798a2e5b80c,68919dfe7ceaa406c0bfc2169b9c4dde4bbdc16924bac60dff531798a2e5b80c,0,plain_cnn,43,1,0.54896474
6bad7d1585147284f24fc35d752cd3f50dce273de2c4693881704b962524f627,6bad7d1585147284f24fc35d752cd3f50dce273de2c4693881704b962524f627,0,plain_cnn,43,1,0.0824393
84496f2b562de7b5ffab87ee4e24c778c46e69df2c6a934aa6b4af6eed65575e,0198278fba06be5fee3f79b739acc5269c3f1bd2c4ca7c999af3ec7845b1db18,0,plain_cnn,43,1,0.21019231
79bff1fc200032db892a2bd9343a55322495903f39d07ab4d25df451ec37703e,79bff1fc200032db892a2bd9343a55322495903f39d07ab4d25df451ec37703e,0,plain_cnn,43,1,0.024791082
fe2f2e15fbef31937a7350eda86d06b7efe35058104c8f17688f0506f83bb4ca,fe2f2e15fbef31937a7350eda86d06b7efe35058104c8f17688f0506f83bb4ca,0,plain_cnn,43,1,0.026222663
7dc5473174aec3ca64789d8d27423520862e2e51a761cb1afd593b6971209437,03d5e5c31d9cb551d8e72ad20ee33ef851d7dc57431e19739286f84f8ee5aae7,0,plain_cnn,43,1,0.06857793
3652939af3cbf768ff328bff19516311327782dd22d50300000e22ae6165926a,3652939af3cbf768ff328bff19516311327782dd22d50300000e22ae6165926a,0,plain_cnn,43,1,0.3857791
03d5e5c31d9cb551d8e72ad20ee33ef851d7dc57431e19739286f84f8ee5aae7,03d5e5c31d9cb551d8e72ad20ee33ef851d7dc57431e19739286f84f8ee5aae7,0,plain_cnn,43,1,0.08048464
dcc6ad68dcf64338d943273c43b66e9dc03f5aac2a7d5dd1e2dc57ab0cabf219,dcc6ad68dcf64338d943273c43b66e9dc03f5aac2a7d5dd1e2dc57ab0cabf219,1,plain_cnn,43,1,0.8891448
6d968dde7850cb6817e1e97667e3b30d17deb0084fdb32fa466b3d30ab5b169a,6d968dde7850cb6817e1e97667e3b30d17deb0084fdb32fa466b3d30ab5b169a,1,plain_cnn,43,1,0.5519891
324e1fd6887615bbf9df92946ff501fe5261ec0aa18bc0d1d7fbefeb3a4c2de0,324e1fd6887615bbf9df92946ff501fe5261ec0aa18bc0d1d7fbefeb3a4c2de0,1,plain_cnn,43,1,0.5324406
02d44c020cf4c1cd89ed4d99993d51a579549e2766ae4492c5d714bfd34f1038,02d44c020cf4c1cd89ed4d99993d51a579549e2766ae4492c5d714bfd34f1038,1,plain_cnn,43,1,0.6133353
2e4022fe7fc53cf77d62062f18e14f5ec77c5547aeefa8b7a119c531a7b7881f,2e4022fe7fc53cf77d62062f18e14f5ec77c5547aeefa8b7a119c531a7b7881f,1,plain_cnn,43,1,0.9114121
d8ca4bf52dd8bfd65a1c7c7287a0dd292bbe91ed0ccef71d5b327b80e4802939,d8ca4bf52dd8bfd65a1c7c7287a0dd292bbe91ed0ccef71d5b327b80e4802939,1,plain_cnn,43,1,0.81205493
148fc8d2e5f5425e1305b90f17abeecc0be0f939c72a38bdedc2239b5dd74575,148fc8d2e5f5425e1305b90f17abeecc0be0f939c72a38bdedc2239b5dd74575,1,plain_cnn,43,1,0.12487878
85219c6f49438e2d908c77982d59a335d805971a4410f96bf793efa844b2a340,85219c6f49438e2d908c77982d59a335d805971a4410f96bf793efa844b2a340,1,plain_cnn,43,1,0.85734737
beb26a21459fe7faa6b3ead6bffab7048069b39d9c8f44fcdd371f6a8fc7cc8c,beb26a21459fe7faa6b3ead6bffab7048069b39d9c8f44fcdd371f6a8fc7cc8c,1,plain_cnn,43,1,0.2939192
e4b5fb431fa83fe3325066eb759c81db20f475ced435bd84861ea127e8c70826,a556fb53ec82b61ce9b867242f0089c12a4e826a461322e87afe93c5a536b93e,1,plain_cnn,43,1,0.905666
9ced31742602b954a0f27c4af431f52b61b194b39f32ab94d3442ac50cffcada,9ced31742602b954a0f27c4af431f52b61b194b39f32ab94d3442ac50cffcada,1,plain_cnn,43,1,0.8930478
959996f9fe085b2b9492407c9c980e67949d6604f8916380d498a29ce777c481,959996f9fe085b2b9492407c9c980e67949d6604f8916380d498a29ce777c481,1,plain_cnn,43,1,0.96215963
4f79af97ec4fbfc7351cf3701e43ab63ff4dfe692acf75c53a5ead6c689e3148,4f79af97ec4fbfc7351cf3701e43ab63ff4dfe692acf75c53a5ead6c689e3148,1,plain_cnn,43,1,0.9324875
1a60d983296b4d7d88bdf016ec3acdf6928f4db711a3ea5526b312c1dddbc2ba,1a60d983296b4d7d88bdf016ec3acdf6928f4db711a3ea5526b312c1dddbc2ba,1,plain_cnn,43,1,0.7696447
cb8f53c3357a4a0e42872730b58542f2383e40fde7aecef167621531ce6734c2,cb8f53c3357a4a0e42872730b58542f2383e40fde7aecef167621531ce6734c2,1,plain_cnn,43,1,0.1940276
47f67e38e8ed23e7e9aa76825d01d8736c7ef0739f02f22f8a63fab50996a2b7,47f67e38e8ed23e7e9aa76825d01d8736c7ef0739f02f22f8a63fab50996a2b7,1,plain_cnn,43,1,0.15827708
6b41ec7a12d3954aab0892e618d76036efb4a9977a9a0a639d39aac312bd1e66,6b41ec7a12d3954aab0892e618d76036efb4a9977a9a0a639d39aac312bd1e66,1,plain_cnn,43,1,0.8756721
5627ef7310a2d5775b2633f1fbf4eaa77ed8bc83a83e663fed0e7810f833b7e9,5627ef7310a2d5775b2633f1fbf4eaa77ed8bc83a83e663fed0e7810f833b7e9,1,plain_cnn,43,1,0.624527
e43b07477fc18ff7c82de9ad21f3ac0197faf33625ed1259e39e98652f1f6d3c,1eade1774cc1953e749e172027e573e028bab9a2a2ab71c687c9d75d60b72312,1,plain_cnn,43,1,0.25093618
4d8dbdef0dbc0e730a06c85a85e95e1fddb41fd583e3b6419745374b200e7406,4d8dbdef0dbc0e730a06c85a85e95e1fddb41fd583e3b6419745374b200e7406,1,plain_cnn,43,1,0.94902635
c6038b3142be4c883f7aee8c7b99566d35b57612dc1fe9c7e7e20295a90c1c04,c6038b3142be4c883f7aee8c7b99566d35b57612dc1fe9c7e7e20295a90c1c04,1,plain_cnn,43,1,0.78305775
0d0bde27497b77e34d1be0d7f48501d37676e4645879150da9926071fbf8d195,0d0bde27497b77e34d1be0d7f48501d37676e4645879150da9926071fbf8d195,1,plain_cnn,43,1,0.9097033
ef4f79a4f41ee093e86efc8363be6a29f59de2e9eed4eb05a58b0727bb94f55a,ef4f79a4f41ee093e86efc8363be6a29f59de2e9eed4eb05a58b0727bb94f55a,1,plain_cnn,43,1,0.47945994
e68aa817460ae3a1d648bf9d62d1725f616de5f901238fc2ae7e685b5bbe6a36,e68aa817460ae3a1d648bf9d62d1725f616de5f901238fc2ae7e685b5bbe6a36,1,plain_cnn,43,1,0.8572661
c69d93e782d3db7bb23a8b8bee55c7f96129f0123ea9b0848c4470be404bc933,c69d93e782d3db7bb23a8b8bee55c7f96129f0123ea9b0848c4470be404bc933,1,plain_cnn,43,1,0.63985056
dcd0739408b5a9221b27f36b6167c546a23ec289c6efde3f211915a16099a189,735cbef9552a14d7b4a3f84398a094d8eef2c0c9101b3f51c2f077b896ad4856,1,plain_cnn,43,1,0.59293735
05394b1956b374ffad3400486aa171fd7261b32d705ee855a81907d6a623c6f5,05394b1956b374ffad3400486aa171fd7261b32d705ee855a81907d6a623c6f5,1,plain_cnn,43,1,0.035883155
735cbef9552a14d7b4a3f84398a094d8eef2c0c9101b3f51c2f077b896ad4856,735cbef9552a14d7b4a3f84398a094d8eef2c0c9101b3f51c2f077b896ad4856,1,plain_cnn,43,1,0.5997217
b9e261090ae1fa4c62061db4f5b31bde6197d95d693a43cff7492ce90be584d8,b9e261090ae1fa4c62061db4f5b31bde6197d95d693a43cff7492ce90be584d8,1,plain_cnn,43,1,0.7299489
1eade1774cc1953e749e172027e573e028bab9a2a2ab71c687c9d75d60b72312,1eade1774cc1953e749e172027e573e028bab9a2a2ab71c687c9d75d60b72312,1,plain_cnn,43,1,0.25086176
670808c5e5ca6952dec91dafc3dfdb9c9851e9e07feb3bcf7b0d5698900736f0,670808c5e5ca6952dec91dafc3dfdb9c9851e9e07feb3bcf7b0d5698900736f0,1,plain_cnn,43,1,0.964514
22a67d35823acd63be6dca107cbdb4bb73ebb4cc230e0f5c19d7fc1d6f761879,22a67d35823acd63be6dca107cbdb4bb73ebb4cc230e0f5c19d7fc1d6f761879,1,plain_cnn,43,1,0.1723434
a556fb53ec82b61ce9b867242f0089c12a4e826a461322e87afe93c5a536b93e,a556fb53ec82b61ce9b867242f0089c12a4e826a461322e87afe93c5a536b93e,1,plain_cnn,43,1,0.905728
8d9ab3324ee861c253f8572fb3ced7e7b84feb21a633895def7e850ae74ff349,8d9ab3324ee861c253f8572fb3ced7e7b84feb21a633895def7e850ae74ff349,1,plain_cnn,43,1,0.92872643
431754be1638a610ffe6109396a1be83fe84be89b319a9468c7702b7ac1cc451,431754be1638a610ffe6109396a1be83fe84be89b319a9468c7702b7ac1cc451,0,narrow_resnet_gn,43,1,0.8551464
61883bfab06bd929d96b99d4cd26106c446d2e909ced077d4420d887aabc3aef,61883bfab06bd929d96b99d4cd26106c446d2e909ced077d4420d887aabc3aef,0,narrow_resnet_gn,43,1,0.62492824
912f80d8f29184808e113f3e9770527dbaf7b490b4f4f27c69b015d174cb381a,912f80d8f29184808e113f3e9770527dbaf7b490b4f4f27c69b015d174cb381a,0,narrow_resnet_gn,43,1,0.3108518
971af0cc2d7eb4517c91e7ea90797e8ef92a6a3095581b4a235ef89a45ad9aa4,971af0cc2d7eb4517c91e7ea90797e8ef92a6a3095581b4a235ef89a45ad9aa4,0,narrow_resnet_gn,43,1,0.06900374
a991b7a12ed71214ee0120e45a25dc86e2af553186f857b5e72ad67280d8a67e,a991b7a12ed71214ee0120e45a25dc86e2af553186f857b5e72ad67280d8a67e,0,narrow_resnet_gn,43,1,0.87368965
0198278fba06be5fee3f79b739acc5269c3f1bd2c4ca7c999af3ec7845b1db18,0198278fba06be5fee3f79b739acc5269c3f1bd2c4ca7c999af3ec7845b1db18,0,narrow_resnet_gn,43,1,0.20726007
bdf2d8df20ce58b5dea1b6ce1ff839246c08bafd79dfd004f771582588818afc,0198278fba06be5fee3f79b739acc5269c3f1bd2c4ca7c999af3ec7845b1db18,0,narrow_resnet_gn,43,1,0.18696533
68919dfe7ceaa406c0bfc2169b9c4dde4bbdc16924bac60dff531798a2e5b80c,68919dfe7ceaa406c0bfc2169b9c4dde4bbdc16924bac60dff531798a2e5b80c,0,narrow_resnet_gn,43,1,0.5465552
6bad7d1585147284f24fc35d752cd3f50dce273de2c4693881704b962524f627,6bad7d1585147284f24fc35d752cd3f50dce273de2c4693881704b962524f627,0,narrow_resnet_gn,43,1,0.09405845
84496f2b562de7b5ffab87ee4e24c778c46e69df2c6a934aa6b4af6eed65575e,0198278fba06be5fee3f79b739acc5269c3f1bd2c4ca7c999af3ec7845b1db18,0,narrow_resnet_gn,43,1,0.202434
79bff1fc200032db892a2bd9343a55322495903f39d07ab4d25df451ec37703e,79bff1fc200032db892a2bd9343a55322495903f39d07ab4d25df451ec37703e,0,narrow_resnet_gn,43,1,0.16025394
fe2f2e15fbef31937a7350eda86d06b7efe35058104c8f17688f0506f83bb4ca,fe2f2e15fbef31937a7350eda86d06b7efe35058104c8f17688f0506f83bb4ca,0,narrow_resnet_gn,43,1,0.5239166
7dc5473174aec3ca64789d8d27423520862e2e51a761cb1afd593b6971209437,03d5e5c31d9cb551d8e72ad20ee33ef851d7dc57431e19739286f84f8ee5aae7,0,narrow_resnet_gn,43,1,0.07900381
3652939af3cbf768ff328bff19516311327782dd22d50300000e22ae6165926a,3652939af3cbf768ff328bff19516311327782dd22d50300000e22ae6165926a,0,narrow_resnet_gn,43,1,0.9159917
03d5e5c31d9cb551d8e72ad20ee33ef851d7dc57431e19739286f84f8ee5aae7,03d5e5c31d9cb551d8e72ad20ee33ef851d7dc57431e19739286f84f8ee5aae7,0,narrow_resnet_gn,43,1,0.09559632
dcc6ad68dcf64338d943273c43b66e9dc03f5aac2a7d5dd1e2dc57ab0cabf219,dcc6ad68dcf64338d943273c43b66e9dc03f5aac2a7d5dd1e2dc57ab0cabf219,1,narrow_resnet_gn,43,1,0.91939914
6d968dde7850cb6817e1e97667e3b30d17deb0084fdb32fa466b3d30ab5b169a,6d968dde7850cb6817e1e97667e3b30d17deb0084fdb32fa466b3d30ab5b169a,1,narrow_resnet_gn,43,1,0.6335662
324e1fd6887615bbf9df92946ff501fe5261ec0aa18bc0d1d7fbefeb3a4c2de0,324e1fd6887615bbf9df92946ff501fe5261ec0aa18bc0d1d7fbefeb3a4c2de0,1,narrow_resnet_gn,43,1,0.55678594
02d44c020cf4c1cd89ed4d99993d51a579549e2766ae4492c5d714bfd34f1038,02d44c020cf4c1cd89ed4d99993d51a579549e2766ae4492c5d714bfd34f1038,1,narrow_resnet_gn,43,1,0.38124144
2e4022fe7fc53cf77d62062f18e14f5ec77c5547aeefa8b7a119c531a7b7881f,2e4022fe7fc53cf77d62062f18e14f5ec77c5547aeefa8b7a119c531a7b7881f,1,narrow_resnet_gn,43,1,0.9030735
d8ca4bf52dd8bfd65a1c7c7287a0dd292bbe91ed0ccef71d5b327b80e4802939,d8ca4bf52dd8bfd65a1c7c7287a0dd292bbe91ed0ccef71d5b327b80e4802939,1,narrow_resnet_gn,43,1,0.92899156
148fc8d2e5f5425e1305b90f17abeecc0be0f939c72a38bdedc2239b5dd74575,148fc8d2e5f5425e1305b90f17abeecc0be0f939c72a38bdedc2239b5dd74575,1,narrow_resnet_gn,43,1,0.5308773
85219c6f49438e2d908c77982d59a335d805971a4410f96bf793efa844b2a340,85219c6f49438e2d908c77982d59a335d805971a4410f96bf793efa844b2a340,1,narrow_resnet_gn,43,1,0.74903286
beb26a21459fe7faa6b3ead6bffab7048069b39d9c8f44fcdd371f6a8fc7cc8c,beb26a21459fe7faa6b3ead6bffab7048069b39d9c8f44fcdd371f6a8fc7cc8c,1,narrow_resnet_gn,43,1,0.6956111
e4b5fb431fa83fe3325066eb759c81db20f475ced435bd84861ea127e8c70826,a556fb53ec82b61ce9b867242f0089c12a4e826a461322e87afe93c5a536b93e,1,narrow_resnet_gn,43,1,0.7929294
9ced31742602b954a0f27c4af431f52b61b194b39f32ab94d3442ac50cffcada,9ced31742602b954a0f27c4af431f52b61b194b39f32ab94d3442ac50cffcada,1,narrow_resnet_gn,43,1,0.8342152
959996f9fe085b2b9492407c9c980e67949d6604f8916380d498a29ce777c481,959996f9fe085b2b9492407c9c980e67949d6604f8916380d498a29ce777c481,1,narrow_resnet_gn,43,1,0.6972125
4f79af97ec4fbfc7351cf3701e43ab63ff4dfe692acf75c53a5ead6c689e3148,4f79af97ec4fbfc7351cf3701e43ab63ff4dfe692acf75c53a5ead6c689e3148,1,narrow_resnet_gn,43,1,0.8162725
1a60d983296b4d7d88bdf016ec3acdf6928f4db711a3ea5526b312c1dddbc2ba,1a60d983296b4d7d88bdf016ec3acdf6928f4db711a3ea5526b312c1dddbc2ba,1,narrow_resnet_gn,43,1,0.5127008
cb8f53c3357a4a0e42872730b58542f2383e40fde7aecef167621531ce6734c2,cb8f53c3357a4a0e42872730b58542f2383e40fde7aecef167621531ce6734c2,1,narrow_resnet_gn,43,1,0.2651637
47f67e38e8ed23e7e9aa76825d01d8736c7ef0739f02f22f8a63fab50996a2b7,47f67e38e8ed23e7e9aa76825d01d8736c7ef0739f02f22f8a63fab50996a2b7,1,narrow_resnet_gn,43,1,0.5667446
6b41ec7a12d3954aab0892e618d76036efb4a9977a9a0a639d39aac312bd1e66,6b41ec7a12d3954aab0892e618d76036efb4a9977a9a0a639d39aac312bd1e66,1,narrow_resnet_gn,43,1,0.9373601
5627ef7310a2d5775b2633f1fbf4eaa77ed8bc83a83e663fed0e7810f833b7e9,5627ef7310a2d5775b2633f1fbf4eaa77ed8bc83a83e663fed0e7810f833b7e9,1,narrow_resnet_gn,43,1,0.76839834
e43b07477fc18ff7c82de9ad21f3ac0197faf33625ed1259e39e98652f1f6d3c,1eade1774cc1953e749e172027e573e028bab9a2a2ab71c687c9d75d60b72312,1,narrow_resnet_gn,43,1,0.7378496
4d8dbdef0dbc0e730a06c85a85e95e1fddb41fd583e3b6419745374b200e7406,4d8dbdef0dbc0e730a06c85a85e95e1fddb41fd583e3b6419745374b200e7406,1,narrow_resnet_gn,43,1,0.9612879
c6038b3142be4c883f7aee8c7b99566d35b57612dc1fe9c7e7e20295a90c1c04,c6038b3142be4c883f7aee8c7b99566d35b57612dc1fe9c7e7e20295a90c1c04,1,narrow_resnet_gn,43,1,0.9223786
0d0bde27497b77e34d1be0d7f48501d37676e4645879150da9926071fbf8d195,0d0bde27497b77e34d1be0d7f48501d37676e4645879150da9926071fbf8d195,1,narrow_resnet_gn,43,1,0.9086135
ef4f79a4f41ee093e86efc8363be6a29f59de2e9eed4eb05a58b0727bb94f55a,ef4f79a4f41ee093e86efc8363be6a29f59de2e9eed4eb05a58b0727bb94f55a,1,narrow_resnet_gn,43,1,0.6535593
e68aa817460ae3a1d648bf9d62d1725f616de5f901238fc2ae7e685b5bbe6a36,e68aa817460ae3a1d648bf9d62d1725f616de5f901238fc2ae7e685b5bbe6a36,1,narrow_resnet_gn,43,1,0.59654355
c69d93e782d3db7bb23a8b8bee55c7f96129f0123ea9b0848c4470be404bc933,c69d93e782d3db7bb23a8b8bee55c7f96129f0123ea9b0848c4470be404bc933,1,narrow_resnet_gn,43,1,0.66991866
dcd0739408b5a9221b27f36b6167c546a23ec289c6efde3f211915a16099a189,735cbef9552a14d7b4a3f84398a094d8eef2c0c9101b3f51c2f077b896ad4856,1,narrow_resnet_gn,43,1,0.5325887
05394b1956b374ffad3400486aa171fd7261b32d705ee855a81907d6a623c6f5,05394b1956b374ffad3400486aa171fd7261b32d705ee855a81907d6a623c6f5,1,narrow_resnet_gn,43,1,0.5905096
735cbef9552a14d7b4a3f84398a094d8eef2c0c9101b3f51c2f077b896ad4856,735cbef9552a14d7b4a3f84398a094d8eef2c0c9101b3f51c2f077b896ad4856,1,narrow_resnet_gn,43,1,0.49092123
b9e261090ae1fa4c62061db4f5b31bde6197d95d693a43cff7492ce90be584d8,b9e261090ae1fa4c62061db4f5b31bde6197d95d693a43cff7492ce90be584d8,1,narrow_resnet_gn,43,1,0.8941646
1eade1774cc1953e749e172027e573e028bab9a2a2ab71c687c9d75d60b72312,1eade1774cc1953e749e172027e573e028bab9a2a2ab71c687c9d75d60b72312,1,narrow_resnet_gn,43,1,0.7378631
670808c5e5ca6952dec91dafc3dfdb9c9851e9e07feb3bcf7b0d5698900736f0,670808c5e5ca6952dec91dafc3dfdb9c9851e9e07feb3bcf7b0d5698900736f0,1,narrow_resnet_gn,43,1,0.8771107
22a67d35823acd63be6dca107cbdb4bb73ebb4cc230e0f5c19d7fc1d6f761879,22a67d35823acd63be6dca107cbdb4bb73ebb4cc230e0f5c19d7fc1d6f761879,1,narrow_resnet_gn,43,1,0.17264004
a556fb53ec82b61ce9b867242f0089c12a4e826a461322e87afe93c5a536b93e,a556fb53ec82b61ce9b867242f0089c12a4e826a461322e87afe93c5a536b93e,1,narrow_resnet_gn,43,1,0.78755563
8d9ab3324ee861c253f8572fb3ced7e7b84feb21a633895def7e850ae74ff349,8d9ab3324ee861c253f8572fb3ced7e7b84feb21a633895def7e850ae74ff349,1,narrow_resnet_gn,43,1,0.905059
ca42889078e14150119059a5534dd2f3dc957ba0b6233732dab0613222c48b01,ca42889078e14150119059a5534dd2f3dc957ba0b6233732dab0613222c48b01,0,full,43,2,0.039832354
4da5f26b15d55f6827b7ad2ae5e93bc89be1ce8765d1b22bef6de53f356bd801,4da5f26b15d55f6827b7ad2ae5e93bc89be1ce8765d1b22bef6de53f356bd801,0,full,43,2,0.18594283
cef45ce59931075ef0d142d02078a7d3fba00c990fd4cf0f33ca9dc99be2362e,cef45ce59931075ef0d142d02078a7d3fba00c990fd4cf0f33ca9dc99be2362e,0,full,43,2,0.07028321
a01e590d6ec79f518194accaab1cb2a65bcda7fd021499547ee06b2b6a85b684,a01e590d6ec79f518194accaab1cb2a65bcda7fd021499547ee06b2b6a85b684,0,full,43,2,0.046374884
9220ddf9fcbdfe50047a49eb5b1a305f4b8be1fd34bebff120ed4f22fabb20b7,9220ddf9fcbdfe50047a49eb5b1a305f4b8be1fd34bebff120ed4f22fabb20b7,0,full,43,2,0.05443995
1eb7cf5942ecb82b5ff0b4f2d8120376e85d5638ca2d3669a7fd6395c1fe2555,1eb7cf5942ecb82b5ff0b4f2d8120376e85d5638ca2d3669a7fd6395c1fe2555,0,full,43,2,0.023364529
f66535630af6cfdeb2272dbb4547c6e058e4b59ae445ebe1535c82e19687253c,f66535630af6cfdeb2272dbb4547c6e058e4b59ae445ebe1535c82e19687253c,0,full,43,2,0.35789305
ada848fe55c3b27559012775de676961b40d7a32368c9c8a5919e5d6e385a557,ada848fe55c3b27559012775de676961b40d7a32368c9c8a5919e5d6e385a557,0,full,43,2,0.4585201
a698668dc2c44bfbf5aaa6b1cf009d43cba82471119a2624f573d6a2a0ae394a,a698668dc2c44bfbf5aaa6b1cf009d43cba82471119a2624f573d6a2a0ae394a,0,full,43,2,0.5413342
504cf37dce31c02e1c6b1e99733a67d3f08d3c9483d98f79165d2cee46add347,504cf37dce31c02e1c6b1e99733a67d3f08d3c9483d98f79165d2cee46add347,0,full,43,2,0.090641126
1902269e7e57107f2635fce6eb02fb789968bc5c23093a302b4b7ad9db218eb4,1902269e7e57107f2635fce6eb02fb789968bc5c23093a302b4b7ad9db218eb4,0,full,43,2,0.023950927
c56cfebd3456ee28a9a5ab7136fff442f274e436ec1fc606c81e3d1fefaea24e,1902269e7e57107f2635fce6eb02fb789968bc5c23093a302b4b7ad9db218eb4,0,full,43,2,0.024711784
23ebabab03840d54e05602665447bd00f9e794ee4a5b913f3f0422e702927258,23ebabab03840d54e05602665447bd00f9e794ee4a5b913f3f0422e702927258,0,full,43,2,0.13896316
6457a0d2fb6d07c823c7897683790dadcd05fe0f3d6b5794eaec0db3614d25fa,6457a0d2fb6d07c823c7897683790dadcd05fe0f3d6b5794eaec0db3614d25fa,1,full,43,2,0.82995987
14bf5c21f2e2bd3d8df1cd9392c49d770ff1b9de30702ea7ae7aa51095989b2b,14bf5c21f2e2bd3d8df1cd9392c49d770ff1b9de30702ea7ae7aa51095989b2b,1,full,43,2,0.9744285
5a9dbf470b9fee34a2f5eaa783b6e548ace139ae5202b6c900100a5e049baba1,5a9dbf470b9fee34a2f5eaa783b6e548ace139ae5202b6c900100a5e049baba1,1,full,43,2,0.98488843
b2947db09a9f0865c5bba5132065f048a9c10bcff08788387e778aa8d869cba6,b2947db09a9f0865c5bba5132065f048a9c10bcff08788387e778aa8d869cba6,1,full,43,2,0.9678426
672fe2915aed29f9bab68d43b1e27356953639bb442aec4aa5abf3c61dd3ada2,672fe2915aed29f9bab68d43b1e27356953639bb442aec4aa5abf3c61dd3ada2,1,full,43,2,0.95771307
8e8573f713142daa6f4405298dcea24cab9de55ec3b55f843fed097498c8268e,8e8573f713142daa6f4405298dcea24cab9de55ec3b55f843fed097498c8268e,1,full,43,2,0.9241571
6e1ac6b240112e9e349b67bfeb2bba25e352480890399149effcde0d3f6b8f5f,6e1ac6b240112e9e349b67bfeb2bba25e352480890399149effcde0d3f6b8f5f,1,full,43,2,0.5063505
6c71c752f33946a433918eaf8039299a42b2039a5a095c0e388f56e9766ac020,6c71c752f33946a433918eaf8039299a42b2039a5a095c0e388f56e9766ac020,1,full,43,2,0.9792235
bee7fbae3117d9c6ec199febf2621f2d3e0de2906814a8374dc6f45d0bdccde5,bee7fbae3117d9c6ec199febf2621f2d3e0de2906814a8374dc6f45d0bdccde5,1,full,43,2,0.97660464
d654ecae46e168daedc31ec1248a263131bfce6758d1622f0ab6f39e2a22def3,292e7ecd789514df747778a15feeb10229484e54145cdf53d4171ac7095767ed,1,full,43,2,0.6184971
c4c16cf7f307a18cbe12ac00017cd52b033018e22ca43c563efd8b38ebd6dfb6,c4c16cf7f307a18cbe12ac00017cd52b033018e22ca43c563efd8b38ebd6dfb6,1,full,43,2,0.7603848
b3746a8061ca6e8a9419d1e04a5e966bb01d15138d57b73c8695a823ca51540d,b3746a8061ca6e8a9419d1e04a5e966bb01d15138d57b73c8695a823ca51540d,1,full,43,2,0.049625512
9ee48c5828a8709f5ef88d68b1ebb72d39b89abdb49488d63a45eede5fbb7b04,9ee48c5828a8709f5ef88d68b1ebb72d39b89abdb49488d63a45eede5fbb7b04,1,full,43,2,0.9616504
855d979d8c612624fc2b4f9c12f4c72916c11f1ec2c01978ae958b147375038d,855d979d8c612624fc2b4f9c12f4c72916c11f1ec2c01978ae958b147375038d,1,full,43,2,0.3836163
b5652c67f6bda3449f096aefdb53a17151b4534699691a442597498151362ad4,03f0c02287ea5e6c362d4f0faf92bd5051adf16aad4e8d652255b311c0dfae80,1,full,43,2,0.8039806
74b93408ff406b590048dede0d5accd77ab671e9e5f2b589ed6c85335f0018b3,74b93408ff406b590048dede0d5accd77ab671e9e5f2b589ed6c85335f0018b3,1,full,43,2,0.77397436
107e840154e2bb1240e59ef9babc768dd600251ff4904f40304920972ff5b706,107e840154e2bb1240e59ef9babc768dd600251ff4904f40304920972ff5b706,1,full,43,2,0.9779929
74773d0c8f97c8872d42e776ebfd53b29635c3b80b6f888a440aab2c81fd46fe,74773d0c8f97c8872d42e776ebfd53b29635c3b80b6f888a440aab2c81fd46fe,1,full,43,2,0.9608129
7e9ebe5e3006d2fbe31f191b04bc1b099ceb8d289e7a45f10077df19187a9021,7e9ebe5e3006d2fbe31f191b04bc1b099ceb8d289e7a45f10077df19187a9021,1,full,43,2,0.6382651
37620b4b8c65c53aef47fa09e10df9ce20dcc41ebded86ec8c2e37b0a99946e4,37620b4b8c65c53aef47fa09e10df9ce20dcc41ebded86ec8c2e37b0a99946e4,1,full,43,2,0.9253872
69539671b91647ea6da6be1be361bc4b6872f34f9bbd3c85f1cfa5443a838320,69539671b91647ea6da6be1be361bc4b6872f34f9bbd3c85f1cfa5443a838320,1,full,43,2,0.9635947
ea7dc5bb1a8bbefda642a5a5ad32d5c79f6decb6f8d7a0441f0b3912d8df65d7,ea7dc5bb1a8bbefda642a5a5ad32d5c79f6decb6f8d7a0441f0b3912d8df65d7,1,full,43,2,0.8590896
47edec7cf5074482816e0f126933dd75201afaceea91269766fd19a0e1dcbd23,47edec7cf5074482816e0f126933dd75201afaceea91269766fd19a0e1dcbd23,1,full,43,2,0.7410068
11e4f6ea90b720a70880fa29a68ec3eca0117758aa0d89ffa458f85687126645,11e4f6ea90b720a70880fa29a68ec3eca0117758aa0d89ffa458f85687126645,1,full,43,2,0.94785345
d200999060e799c7e792ab9864725f8f8c38182762b83bc27ae3e2d38e187d01,d200999060e799c7e792ab9864725f8f8c38182762b83bc27ae3e2d38e187d01,1,full,43,2,0.96384853
446d46ed863618f0ff04e8b2adb4f8af368a4501e14c1d265c3fe9262a73c49b,446d46ed863618f0ff04e8b2adb4f8af368a4501e14c1d265c3fe9262a73c49b,1,full,43,2,0.32517773
df65f1557e36230e790ffed732de9d1aa1263928c76b3d78cc69c1c0d53ad725,d200999060e799c7e792ab9864725f8f8c38182762b83bc27ae3e2d38e187d01,1,full,43,2,0.9633301
292e7ecd789514df747778a15feeb10229484e54145cdf53d4171ac7095767ed,292e7ecd789514df747778a15feeb10229484e54145cdf53d4171ac7095767ed,1,full,43,2,0.5712357
911c540a63b210ba72bd602a75c8196358e58f58a205d736184a7535abf18d9b,911c540a63b210ba72bd602a75c8196358e58f58a205d736184a7535abf18d9b,1,full,43,2,0.9842664
03f0c02287ea5e6c362d4f0faf92bd5051adf16aad4e8d652255b311c0dfae80,03f0c02287ea5e6c362d4f0faf92bd5051adf16aad4e8d652255b311c0dfae80,1,full,43,2,0.80612254
e17aa7fb2d8bf251e8fb3a885d2865ae2c62a4314f5b33c760fff27c800fc47b,e17aa7fb2d8bf251e8fb3a885d2865ae2c62a4314f5b33c760fff27c800fc47b,1,full,43,2,0.97002417
2f2c1f55950d6e6debb2792a17caeffa3647a9fd22078ce4c87040deebe06dde,2f2c1f55950d6e6debb2792a17caeffa3647a9fd22078ce4c87040deebe06dde,1,full,43,2,0.32684824
ca42889078e14150119059a5534dd2f3dc957ba0b6233732dab0613222c48b01,ca42889078e14150119059a5534dd2f3dc957ba0b6233732dab0613222c48b01,0,no_attention,43,2,0.14593449
4da5f26b15d55f6827b7ad2ae5e93bc89be1ce8765d1b22bef6de53f356bd801,4da5f26b15d55f6827b7ad2ae5e93bc89be1ce8765d1b22bef6de53f356bd801,0,no_attention,43,2,0.25831792
cef45ce59931075ef0d142d02078a7d3fba00c990fd4cf0f33ca9dc99be2362e,cef45ce59931075ef0d142d02078a7d3fba00c990fd4cf0f33ca9dc99be2362e,0,no_attention,43,2,0.4655083
a01e590d6ec79f518194accaab1cb2a65bcda7fd021499547ee06b2b6a85b684,a01e590d6ec79f518194accaab1cb2a65bcda7fd021499547ee06b2b6a85b684,0,no_attention,43,2,0.24127932
9220ddf9fcbdfe50047a49eb5b1a305f4b8be1fd34bebff120ed4f22fabb20b7,9220ddf9fcbdfe50047a49eb5b1a305f4b8be1fd34bebff120ed4f22fabb20b7,0,no_attention,43,2,0.12960388
1eb7cf5942ecb82b5ff0b4f2d8120376e85d5638ca2d3669a7fd6395c1fe2555,1eb7cf5942ecb82b5ff0b4f2d8120376e85d5638ca2d3669a7fd6395c1fe2555,0,no_attention,43,2,0.21551254
f66535630af6cfdeb2272dbb4547c6e058e4b59ae445ebe1535c82e19687253c,f66535630af6cfdeb2272dbb4547c6e058e4b59ae445ebe1535c82e19687253c,0,no_attention,43,2,0.616057
ada848fe55c3b27559012775de676961b40d7a32368c9c8a5919e5d6e385a557,ada848fe55c3b27559012775de676961b40d7a32368c9c8a5919e5d6e385a557,0,no_attention,43,2,0.71379954
a698668dc2c44bfbf5aaa6b1cf009d43cba82471119a2624f573d6a2a0ae394a,a698668dc2c44bfbf5aaa6b1cf009d43cba82471119a2624f573d6a2a0ae394a,0,no_attention,43,2,0.6488193
504cf37dce31c02e1c6b1e99733a67d3f08d3c9483d98f79165d2cee46add347,504cf37dce31c02e1c6b1e99733a67d3f08d3c9483d98f79165d2cee46add347,0,no_attention,43,2,0.10384218
1902269e7e57107f2635fce6eb02fb789968bc5c23093a302b4b7ad9db218eb4,1902269e7e57107f2635fce6eb02fb789968bc5c23093a302b4b7ad9db218eb4,0,no_attention,43,2,0.18113238
c56cfebd3456ee28a9a5ab7136fff442f274e436ec1fc606c81e3d1fefaea24e,1902269e7e57107f2635fce6eb02fb789968bc5c23093a302b4b7ad9db218eb4,0,no_attention,43,2,0.1852184
23ebabab03840d54e05602665447bd00f9e794ee4a5b913f3f0422e702927258,23ebabab03840d54e05602665447bd00f9e794ee4a5b913f3f0422e702927258,0,no_attention,43,2,0.29965225
6457a0d2fb6d07c823c7897683790dadcd05fe0f3d6b5794eaec0db3614d25fa,6457a0d2fb6d07c823c7897683790dadcd05fe0f3d6b5794eaec0db3614d25fa,1,no_attention,43,2,0.3353653
14bf5c21f2e2bd3d8df1cd9392c49d770ff1b9de30702ea7ae7aa51095989b2b,14bf5c21f2e2bd3d8df1cd9392c49d770ff1b9de30702ea7ae7aa51095989b2b,1,no_attention,43,2,0.71827173
5a9dbf470b9fee34a2f5eaa783b6e548ace139ae5202b6c900100a5e049baba1,5a9dbf470b9fee34a2f5eaa783b6e548ace139ae5202b6c900100a5e049baba1,1,no_attention,43,2,0.77527046
b2947db09a9f0865c5bba5132065f048a9c10bcff08788387e778aa8d869cba6,b2947db09a9f0865c5bba5132065f048a9c10bcff08788387e778aa8d869cba6,1,no_attention,43,2,0.70961785
672fe2915aed29f9bab68d43b1e27356953639bb442aec4aa5abf3c61dd3ada2,672fe2915aed29f9bab68d43b1e27356953639bb442aec4aa5abf3c61dd3ada2,1,no_attention,43,2,0.64403003
8e8573f713142daa6f4405298dcea24cab9de55ec3b55f843fed097498c8268e,8e8573f713142daa6f4405298dcea24cab9de55ec3b55f843fed097498c8268e,1,no_attention,43,2,0.5351395
6e1ac6b240112e9e349b67bfeb2bba25e352480890399149effcde0d3f6b8f5f,6e1ac6b240112e9e349b67bfeb2bba25e352480890399149effcde0d3f6b8f5f,1,no_attention,43,2,0.75312126
6c71c752f33946a433918eaf8039299a42b2039a5a095c0e388f56e9766ac020,6c71c752f33946a433918eaf8039299a42b2039a5a095c0e388f56e9766ac020,1,no_attention,43,2,0.727341
bee7fbae3117d9c6ec199febf2621f2d3e0de2906814a8374dc6f45d0bdccde5,bee7fbae3117d9c6ec199febf2621f2d3e0de2906814a8374dc6f45d0bdccde5,1,no_attention,43,2,0.71541244
d654ecae46e168daedc31ec1248a263131bfce6758d1622f0ab6f39e2a22def3,292e7ecd789514df747778a15feeb10229484e54145cdf53d4171ac7095767ed,1,no_attention,43,2,0.43537632
c4c16cf7f307a18cbe12ac00017cd52b033018e22ca43c563efd8b38ebd6dfb6,c4c16cf7f307a18cbe12ac00017cd52b033018e22ca43c563efd8b38ebd6dfb6,1,no_attention,43,2,0.55203056
b3746a8061ca6e8a9419d1e04a5e966bb01d15138d57b73c8695a823ca51540d,b3746a8061ca6e8a9419d1e04a5e966bb01d15138d57b73c8695a823ca51540d,1,no_attention,43,2,0.52952135
9ee48c5828a8709f5ef88d68b1ebb72d39b89abdb49488d63a45eede5fbb7b04,9ee48c5828a8709f5ef88d68b1ebb72d39b89abdb49488d63a45eede5fbb7b04,1,no_attention,43,2,0.6755628
855d979d8c612624fc2b4f9c12f4c72916c11f1ec2c01978ae958b147375038d,855d979d8c612624fc2b4f9c12f4c72916c11f1ec2c01978ae958b147375038d,1,no_attention,43,2,0.24513902
b5652c67f6bda3449f096aefdb53a17151b4534699691a442597498151362ad4,03f0c02287ea5e6c362d4f0faf92bd5051adf16aad4e8d652255b311c0dfae80,1,no_attention,43,2,0.40653217
74b93408ff406b590048dede0d5accd77ab671e9e5f2b589ed6c85335f0018b3,74b93408ff406b590048dede0d5accd77ab671e9e5f2b589ed6c85335f0018b3,1,no_attention,43,2,0.40039876
107e840154e2bb1240e59ef9babc768dd600251ff4904f40304920972ff5b706,107e840154e2bb1240e59ef9babc768dd600251ff4904f40304920972ff5b706,1,no_attention,43,2,0.53855956
74773d0c8f97c8872d42e776ebfd53b29635c3b80b6f888a440aab2c81fd46fe,74773d0c8f97c8872d42e776ebfd53b29635c3b80b6f888a440aab2c81fd46fe,1,no_attention,43,2,0.4771032
7e9ebe5e3006d2fbe31f191b04bc1b099ceb8d289e7a45f10077df19187a9021,7e9ebe5e3006d2fbe31f191b04bc1b099ceb8d289e7a45f10077df19187a9021,1,no_attention,43,2,0.6437014
37620b4b8c65c53aef47fa09e10df9ce20dcc41ebded86ec8c2e37b0a99946e4,37620b4b8c65c53aef47fa09e10df9ce20dcc41ebded86ec8c2e37b0a99946e4,1,no_attention,43,2,0.64756286
69539671b91647ea6da6be1be361bc4b6872f34f9bbd3c85f1cfa5443a838320,69539671b91647ea6da6be1be361bc4b6872f34f9bbd3c85f1cfa5443a838320,1,no_attention,43,2,0.6704468
ea7dc5bb1a8bbefda642a5a5ad32d5c79f6decb6f8d7a0441f0b3912d8df65d7,ea7dc5bb1a8bbefda642a5a5ad32d5c79f6decb6f8d7a0441f0b3912d8df65d7,1,no_attention,43,2,0.71807045
47edec7cf5074482816e0f126933dd75201afaceea91269766fd19a0e1dcbd23,47edec7cf5074482816e0f126933dd75201afaceea91269766fd19a0e1dcbd23,1,no_attention,43,2,0.6320582
11e4f6ea90b720a70880fa29a68ec3eca0117758aa0d89ffa458f85687126645,11e4f6ea90b720a70880fa29a68ec3eca0117758aa0d89ffa458f85687126645,1,no_attention,43,2,0.3716393
d200999060e799c7e792ab9864725f8f8c38182762b83bc27ae3e2d38e187d01,d200999060e799c7e792ab9864725f8f8c38182762b83bc27ae3e2d38e187d01,1,no_attention,43,2,0.7314288
446d46ed863618f0ff04e8b2adb4f8af368a4501e14c1d265c3fe9262a73c49b,446d46ed863618f0ff04e8b2adb4f8af368a4501e14c1d265c3fe9262a73c49b,1,no_attention,43,2,0.4311859
df65f1557e36230e790ffed732de9d1aa1263928c76b3d78cc69c1c0d53ad725,d200999060e799c7e792ab9864725f8f8c38182762b83bc27ae3e2d38e187d01,1,no_attention,43,2,0.7307559
292e7ecd789514df747778a15feeb10229484e54145cdf53d4171ac7095767ed,292e7ecd789514df747778a15feeb10229484e54145cdf53d4171ac7095767ed,1,no_attention,43,2,0.44193742
911c540a63b210ba72bd602a75c8196358e58f58a205d736184a7535abf18d9b,911c540a63b210ba72bd602a75c8196358e58f58a205d736184a7535abf18d9b,1,no_attention,43,2,0.73354155
03f0c02287ea5e6c362d4f0faf92bd5051adf16aad4e8d652255b311c0dfae80,03f0c02287ea5e6c362d4f0faf92bd5051adf16aad4e8d652255b311c0dfae80,1,no_attention,43,2,0.40797406
e17aa7fb2d8bf251e8fb3a885d2865ae2c62a4314f5b33c760fff27c800fc47b,e17aa7fb2d8bf251e8fb3a885d2865ae2c62a4314f5b33c760fff27c800fc47b,1,no_attention,43,2,0.7363845
2f2c1f55950d6e6debb2792a17caeffa3647a9fd22078ce4c87040deebe06dde,2f2c1f55950d6e6debb2792a17caeffa3647a9fd22078ce4c87040deebe06dde,1,no_attention,43,2,0.54462594
ca42889078e14150119059a5534dd2f3dc957ba0b6233732dab0613222c48b01,ca42889078e14150119059a5534dd2f3dc957ba0b6233732dab0613222c48b01,0,no_multiscale,43,2,0.27447778
4da5f26b15d55f6827b7ad2ae5e93bc89be1ce8765d1b22bef6de53f356bd801,4da5f26b15d55f6827b7ad2ae5e93bc89be1ce8765d1b22bef6de53f356bd801,0,no_multiscale,43,2,0.38398552
cef45ce59931075ef0d142d02078a7d3fba00c990fd4cf0f33ca9dc99be2362e,cef45ce59931075ef0d142d02078a7d3fba00c990fd4cf0f33ca9dc99be2362e,0,no_multiscale,43,2,0.39859363
a01e590d6ec79f518194accaab1cb2a65bcda7fd021499547ee06b2b6a85b684,a01e590d6ec79f518194accaab1cb2a65bcda7fd021499547ee06b2b6a85b684,0,no_multiscale,43,2,0.30860326
9220ddf9fcbdfe50047a49eb5b1a305f4b8be1fd34bebff120ed4f22fabb20b7,9220ddf9fcbdfe50047a49eb5b1a305f4b8be1fd34bebff120ed4f22fabb20b7,0,no_multiscale,43,2,0.2258915
1eb7cf5942ecb82b5ff0b4f2d8120376e85d5638ca2d3669a7fd6395c1fe2555,1eb7cf5942ecb82b5ff0b4f2d8120376e85d5638ca2d3669a7fd6395c1fe2555,0,no_multiscale,43,2,0.32084146
f66535630af6cfdeb2272dbb4547c6e058e4b59ae445ebe1535c82e19687253c,f66535630af6cfdeb2272dbb4547c6e058e4b59ae445ebe1535c82e19687253c,0,no_multiscale,43,2,0.7095976
ada848fe55c3b27559012775de676961b40d7a32368c9c8a5919e5d6e385a557,ada848fe55c3b27559012775de676961b40d7a32368c9c8a5919e5d6e385a557,0,no_multiscale,43,2,0.67513967
a698668dc2c44bfbf5aaa6b1cf009d43cba82471119a2624f573d6a2a0ae394a,a698668dc2c44bfbf5aaa6b1cf009d43cba82471119a2624f573d6a2a0ae394a,0,no_multiscale,43,2,0.6336095
504cf37dce31c02e1c6b1e99733a67d3f08d3c9483d98f79165d2cee46add347,504cf37dce31c02e1c6b1e99733a67d3f08d3c9483d98f79165d2cee46add347,0,no_multiscale,43,2,0.1732408
1902269e7e57107f2635fce6eb02fb789968bc5c23093a302b4b7ad9db218eb4,1902269e7e57107f2635fce6eb02fb789968bc5c23093a302b4b7ad9db218eb4,0,no_multiscale,43,2,0.113867566
c56cfebd3456ee28a9a5ab7136fff442f274e436ec1fc606c81e3d1fefaea24e,1902269e7e57107f2635fce6eb02fb789968bc5c23093a302b4b7ad9db218eb4,0,no_multiscale,43,2,0.113688156
23ebabab03840d54e05602665447bd00f9e794ee4a5b913f3f0422e702927258,23ebabab03840d54e05602665447bd00f9e794ee4a5b913f3f0422e702927258,0,no_multiscale,43,2,0.357478
6457a0d2fb6d07c823c7897683790dadcd05fe0f3d6b5794eaec0db3614d25fa,6457a0d2fb6d07c823c7897683790dadcd05fe0f3d6b5794eaec0db3614d25fa,1,no_multiscale,43,2,0.2676696
14bf5c21f2e2bd3d8df1cd9392c49d770ff1b9de30702ea7ae7aa51095989b2b,14bf5c21f2e2bd3d8df1cd9392c49d770ff1b9de30702ea7ae7aa51095989b2b,1,no_multiscale,43,2,0.6818153
5a9dbf470b9fee34a2f5eaa783b6e548ace139ae5202b6c900100a5e049baba1,5a9dbf470b9fee34a2f5eaa783b6e548ace139ae5202b6c900100a5e049baba1,1,no_multiscale,43,2,0.8135636
b2947db09a9f0865c5bba5132065f048a9c10bcff08788387e778aa8d869cba6,b2947db09a9f0865c5bba5132065f048a9c10bcff08788387e778aa8d869cba6,1,no_multiscale,43,2,0.94169515
672fe2915aed29f9bab68d43b1e27356953639bb442aec4aa5abf3c61dd3ada2,672fe2915aed29f9bab68d43b1e27356953639bb442aec4aa5abf3c61dd3ada2,1,no_multiscale,43,2,0.75865614
8e8573f713142daa6f4405298dcea24cab9de55ec3b55f843fed097498c8268e,8e8573f713142daa6f4405298dcea24cab9de55ec3b55f843fed097498c8268e,1,no_multiscale,43,2,0.7053339
6e1ac6b240112e9e349b67bfeb2bba25e352480890399149effcde0d3f6b8f5f,6e1ac6b240112e9e349b67bfeb2bba25e352480890399149effcde0d3f6b8f5f,1,no_multiscale,43,2,0.78193223
6c71c752f33946a433918eaf8039299a42b2039a5a095c0e388f56e9766ac020,6c71c752f33946a433918eaf8039299a42b2039a5a095c0e388f56e9766ac020,1,no_multiscale,43,2,0.8787646
bee7fbae3117d9c6ec199febf2621f2d3e0de2906814a8374dc6f45d0bdccde5,bee7fbae3117d9c6ec199febf2621f2d3e0de2906814a8374dc6f45d0bdccde5,1,no_multiscale,43,2,0.86112916
d654ecae46e168daedc31ec1248a263131bfce6758d1622f0ab6f39e2a22def3,292e7ecd789514df747778a15feeb10229484e54145cdf53d4171ac7095767ed,1,no_multiscale,43,2,0.43851763
c4c16cf7f307a18cbe12ac00017cd52b033018e22ca43c563efd8b38ebd6dfb6,c4c16cf7f307a18cbe12ac00017cd52b033018e22ca43c563efd8b38ebd6dfb6,1,no_multiscale,43,2,0.79615974
b3746a8061ca6e8a9419d1e04a5e966bb01d15138d57b73c8695a823ca51540d,b3746a8061ca6e8a9419d1e04a5e966bb01d15138d57b73c8695a823ca51540d,1,no_multiscale,43,2,0.19948633
9ee48c5828a8709f5ef88d68b1ebb72d39b89abdb49488d63a45eede5fbb7b04,9ee48c5828a8709f5ef88d68b1ebb72d39b89abdb49488d63a45eede5fbb7b04,1,no_multiscale,43,2,0.7010511
855d979d8c612624fc2b4f9c12f4c72916c11f1ec2c01978ae958b147375038d,855d979d8c612624fc2b4f9c12f4c72916c11f1ec2c01978ae958b147375038d,1,no_multiscale,43,2,0.535518
b5652c67f6bda3449f096aefdb53a17151b4534699691a442597498151362ad4,03f0c02287ea5e6c362d4f0faf92bd5051adf16aad4e8d652255b311c0dfae80,1,no_multiscale,43,2,0.5621607
74b93408ff406b590048dede0d5accd77ab671e9e5f2b589ed6c85335f0018b3,74b93408ff406b590048dede0d5accd77ab671e9e5f2b589ed6c85335f0018b3,1,no_multiscale,43,2,0.70609397
107e840154e2bb1240e59ef9babc768dd600251ff4904f40304920972ff5b706,107e840154e2bb1240e59ef9babc768dd600251ff4904f40304920972ff5b706,1,no_multiscale,43,2,0.79576284
74773d0c8f97c8872d42e776ebfd53b29635c3b80b6f888a440aab2c81fd46fe,74773d0c8f97c8872d42e776ebfd53b29635c3b80b6f888a440aab2c81fd46fe,1,no_multiscale,43,2,0.5472748
7e9ebe5e3006d2fbe31f191b04bc1b099ceb8d289e7a45f10077df19187a9021,7e9ebe5e3006d2fbe31f191b04bc1b099ceb8d289e7a45f10077df19187a9021,1,no_multiscale,43,2,0.6605544
37620b4b8c65c53aef47fa09e10df9ce20dcc41ebded86ec8c2e37b0a99946e4,37620b4b8c65c53aef47fa09e10df9ce20dcc41ebded86ec8c2e37b0a99946e4,1,no_multiscale,43,2,0.87046576
69539671b91647ea6da6be1be361bc4b6872f34f9bbd3c85f1cfa5443a838320,69539671b91647ea6da6be1be361bc4b6872f34f9bbd3c85f1cfa5443a838320,1,no_multiscale,43,2,0.8467334
ea7dc5bb1a8bbefda642a5a5ad32d5c79f6decb6f8d7a0441f0b3912d8df65d7,ea7dc5bb1a8bbefda642a5a5ad32d5c79f6decb6f8d7a0441f0b3912d8df65d7,1,no_multiscale,43,2,0.94485044
47edec7cf5074482816e0f126933dd75201afaceea91269766fd19a0e1dcbd23,47edec7cf5074482816e0f126933dd75201afaceea91269766fd19a0e1dcbd23,1,no_multiscale,43,2,0.62180865
11e4f6ea90b720a70880fa29a68ec3eca0117758aa0d89ffa458f85687126645,11e4f6ea90b720a70880fa29a68ec3eca0117758aa0d89ffa458f85687126645,1,no_multiscale,43,2,0.63196534
d200999060e799c7e792ab9864725f8f8c38182762b83bc27ae3e2d38e187d01,d200999060e799c7e792ab9864725f8f8c38182762b83bc27ae3e2d38e187d01,1,no_multiscale,43,2,0.8412706
446d46ed863618f0ff04e8b2adb4f8af368a4501e14c1d265c3fe9262a73c49b,446d46ed863618f0ff04e8b2adb4f8af368a4501e14c1d265c3fe9262a73c49b,1,no_multiscale,43,2,0.54428965
df65f1557e36230e790ffed732de9d1aa1263928c76b3d78cc69c1c0d53ad725,d200999060e799c7e792ab9864725f8f8c38182762b83bc27ae3e2d38e187d01,1,no_multiscale,43,2,0.8425693
292e7ecd789514df747778a15feeb10229484e54145cdf53d4171ac7095767ed,292e7ecd789514df747778a15feeb10229484e54145cdf53d4171ac7095767ed,1,no_multiscale,43,2,0.45297408
911c540a63b210ba72bd602a75c8196358e58f58a205d736184a7535abf18d9b,911c540a63b210ba72bd602a75c8196358e58f58a205d736184a7535abf18d9b,1,no_multiscale,43,2,0.8867524
03f0c02287ea5e6c362d4f0faf92bd5051adf16aad4e8d652255b311c0dfae80,03f0c02287ea5e6c362d4f0faf92bd5051adf16aad4e8d652255b311c0dfae80,1,no_multiscale,43,2,0.56153667
e17aa7fb2d8bf251e8fb3a885d2865ae2c62a4314f5b33c760fff27c800fc47b,e17aa7fb2d8bf251e8fb3a885d2865ae2c62a4314f5b33c760fff27c800fc47b,1,no_multiscale,43,2,0.9299389
2f2c1f55950d6e6debb2792a17caeffa3647a9fd22078ce4c87040deebe06dde,2f2c1f55950d6e6debb2792a17caeffa3647a9fd22078ce4c87040deebe06dde,1,no_multiscale,43,2,0.63490707
ca42889078e14150119059a5534dd2f3dc957ba0b6233732dab0613222c48b01,ca42889078e14150119059a5534dd2f3dc957ba0b6233732dab0613222c48b01,0,no_attention_no_multiscale,43,2,0.24703188
4da5f26b15d55f6827b7ad2ae5e93bc89be1ce8765d1b22bef6de53f356bd801,4da5f26b15d55f6827b7ad2ae5e93bc89be1ce8765d1b22bef6de53f356bd801,0,no_attention_no_multiscale,43,2,0.33877477
cef45ce59931075ef0d142d02078a7d3fba00c990fd4cf0f33ca9dc99be2362e,cef45ce59931075ef0d142d02078a7d3fba00c990fd4cf0f33ca9dc99be2362e,0,no_attention_no_multiscale,43,2,0.55500746
a01e590d6ec79f518194accaab1cb2a65bcda7fd021499547ee06b2b6a85b684,a01e590d6ec79f518194accaab1cb2a65bcda7fd021499547ee06b2b6a85b684,0,no_attention_no_multiscale,43,2,0.3276885
9220ddf9fcbdfe50047a49eb5b1a305f4b8be1fd34bebff120ed4f22fabb20b7,9220ddf9fcbdfe50047a49eb5b1a305f4b8be1fd34bebff120ed4f22fabb20b7,0,no_attention_no_multiscale,43,2,0.17845368
1eb7cf5942ecb82b5ff0b4f2d8120376e85d5638ca2d3669a7fd6395c1fe2555,1eb7cf5942ecb82b5ff0b4f2d8120376e85d5638ca2d3669a7fd6395c1fe2555,0,no_attention_no_multiscale,43,2,0.26141515
f66535630af6cfdeb2272dbb4547c6e058e4b59ae445ebe1535c82e19687253c,f66535630af6cfdeb2272dbb4547c6e058e4b59ae445ebe1535c82e19687253c,0,no_attention_no_multiscale,43,2,0.66143095
ada848fe55c3b27559012775de676961b40d7a32368c9c8a5919e5d6e385a557,ada848fe55c3b27559012775de676961b40d7a32368c9c8a5919e5d6e385a557,0,no_attention_no_multiscale,43,2,0.7607178
a698668dc2c44bfbf5aaa6b1cf009d43cba82471119a2624f573d6a2a0ae394a,a698668dc2c44bfbf5aaa6b1cf009d43cba82471119a2624f573d6a2a0ae394a,0,no_attention_no_multiscale,43,2,0.6678626
504cf37dce31c02e1c6b1e99733a67d3f08d3c9483d98f79165d2cee46add347,504cf37dce31c02e1c6b1e99733a67d3f08d3c9483d98f79165d2cee46add347,0,no_attention_no_multiscale,43,2,0.14483042
1902269e7e57107f2635fce6eb02fb789968bc5c23093a302b4b7ad9db218eb4,1902269e7e57107f2635fce6eb02fb789968bc5c23093a302b4b7ad9db218eb4,0,no_attention_no_multiscale,43,2,0.2670828
c56cfebd3456ee28a9a5ab7136fff442f274e436ec1fc606c81e3d1fefaea24e,1902269e7e57107f2635fce6eb02fb789968bc5c23093a302b4b7ad9db218eb4,0,no_attention_no_multiscale,43,2,0.27187318
23ebabab03840d54e05602665447bd00f9e794ee4a5b913f3f0422e702927258,23ebabab03840d54e05602665447bd00f9e794ee4a5b913f3f0422e702927258,0,no_attention_no_multiscale,43,2,0.3278104
6457a0d2fb6d07c823c7897683790dadcd05fe0f3d6b5794eaec0db3614d25fa,6457a0d2fb6d07c823c7897683790dadcd05fe0f3d6b5794eaec0db3614d25fa,1,no_attention_no_multiscale,43,2,0.42036125
14bf5c21f2e2bd3d8df1cd9392c49d770ff1b9de30702ea7ae7aa51095989b2b,14bf5c21f2e2bd3d8df1cd9392c49d770ff1b9de30702ea7ae7aa51095989b2b,1,no_attention_no_multiscale,43,2,0.7501802
5a9dbf470b9fee34a2f5eaa783b6e548ace139ae5202b6c900100a5e049baba1,5a9dbf470b9fee34a2f5eaa783b6e548ace139ae5202b6c900100a5e049baba1,1,no_attention_no_multiscale,43,2,0.7714398
b2947db09a9f0865c5bba5132065f048a9c10bcff08788387e778aa8d869cba6,b2947db09a9f0865c5bba5132065f048a9c10bcff08788387e778aa8d869cba6,1,no_attention_no_multiscale,43,2,0.7734641
672fe2915aed29f9bab68d43b1e27356953639bb442aec4aa5abf3c61dd3ada2,672fe2915aed29f9bab68d43b1e27356953639bb442aec4aa5abf3c61dd3ada2,1,no_attention_no_multiscale,43,2,0.6572866
8e8573f713142daa6f4405298dcea24cab9de55ec3b55f843fed097498c8268e,8e8573f713142daa6f4405298dcea24cab9de55ec3b55f843fed097498c8268e,1,no_attention_no_multiscale,43,2,0.45106816
6e1ac6b240112e9e349b67bfeb2bba25e352480890399149effcde0d3f6b8f5f,6e1ac6b240112e9e349b67bfeb2bba25e352480890399149effcde0d3f6b8f5f,1,no_attention_no_multiscale,43,2,0.8127467
6c71c752f33946a433918eaf8039299a42b2039a5a095c0e388f56e9766ac020,6c71c752f33946a433918eaf8039299a42b2039a5a095c0e388f56e9766ac020,1,no_attention_no_multiscale,43,2,0.7925038
bee7fbae3117d9c6ec199febf2621f2d3e0de2906814a8374dc6f45d0bdccde5,bee7fbae3117d9c6ec199febf2621f2d3e0de2906814a8374dc6f45d0bdccde5,1,no_attention_no_multiscale,43,2,0.74149984
d654ecae46e168daedc31ec1248a263131bfce6758d1622f0ab6f39e2a22def3,292e7ecd789514df747778a15feeb10229484e54145cdf53d4171ac7095767ed,1,no_attention_no_multiscale,43,2,0.5016245
c4c16cf7f307a18cbe12ac00017cd52b033018e22ca43c563efd8b38ebd6dfb6,c4c16cf7f307a18cbe12ac00017cd52b033018e22ca43c563efd8b38ebd6dfb6,1,no_attention_no_multiscale,43,2,0.5602654
b3746a8061ca6e8a9419d1e04a5e966bb01d15138d57b73c8695a823ca51540d,b3746a8061ca6e8a9419d1e04a5e966bb01d15138d57b73c8695a823ca51540d,1,no_attention_no_multiscale,43,2,0.43557218
9ee48c5828a8709f5ef88d68b1ebb72d39b89abdb49488d63a45eede5fbb7b04,9ee48c5828a8709f5ef88d68b1ebb72d39b89abdb49488d63a45eede5fbb7b04,1,no_attention_no_multiscale,43,2,0.7149838
855d979d8c612624fc2b4f9c12f4c72916c11f1ec2c01978ae958b147375038d,855d979d8c612624fc2b4f9c12f4c72916c11f1ec2c01978ae958b147375038d,1,no_attention_no_multiscale,43,2,0.29150328
b5652c67f6bda3449f096aefdb53a17151b4534699691a442597498151362ad4,03f0c02287ea5e6c362d4f0faf92bd5051adf16aad4e8d652255b311c0dfae80,1,no_attention_no_multiscale,43,2,0.45301732
74b93408ff406b590048dede0d5accd77ab671e9e5f2b589ed6c85335f0018b3,74b93408ff406b590048dede0d5accd77ab671e9e5f2b589ed6c85335f0018b3,1,no_attention_no_multiscale,43,2,0.4140411
107e840154e2bb1240e59ef9babc768dd600251ff4904f40304920972ff5b706,107e840154e2bb1240e59ef9babc768dd600251ff4904f40304920972ff5b706,1,no_attention_no_multiscale,43,2,0.6263937
74773d0c8f97c8872d42e776ebfd53b29635c3b80b6f888a440aab2c81fd46fe,74773d0c8f97c8872d42e776ebfd53b29635c3b80b6f888a440aab2c81fd46fe,1,no_attention_no_multiscale,43,2,0.55464333
7e9ebe5e3006d2fbe31f191b04bc1b099ceb8d289e7a45f10077df19187a9021,7e9ebe5e3006d2fbe31f191b04bc1b099ceb8d289e7a45f10077df19187a9021,1,no_attention_no_multiscale,43,2,0.7382494
37620b4b8c65c53aef47fa09e10df9ce20dcc41ebded86ec8c2e37b0a99946e4,37620b4b8c65c53aef47fa09e10df9ce20dcc41ebded86ec8c2e37b0a99946e4,1,no_attention_no_multiscale,43,2,0.6979299
69539671b91647ea6da6be1be361bc4b6872f34f9bbd3c85f1cfa5443a838320,69539671b91647ea6da6be1be361bc4b6872f34f9bbd3c85f1cfa5443a838320,1,no_attention_no_multiscale,43,2,0.7166553
ea7dc5bb1a8bbefda642a5a5ad32d5c79f6decb6f8d7a0441f0b3912d8df65d7,ea7dc5bb1a8bbefda642a5a5ad32d5c79f6decb6f8d7a0441f0b3912d8df65d7,1,no_attention_no_multiscale,43,2,0.748557
47edec7cf5074482816e0f126933dd75201afaceea91269766fd19a0e1dcbd23,47edec7cf5074482816e0f126933dd75201afaceea91269766fd19a0e1dcbd23,1,no_attention_no_multiscale,43,2,0.72150505
11e4f6ea90b720a70880fa29a68ec3eca0117758aa0d89ffa458f85687126645,11e4f6ea90b720a70880fa29a68ec3eca0117758aa0d89ffa458f85687126645,1,no_attention_no_multiscale,43,2,0.34260562
d200999060e799c7e792ab9864725f8f8c38182762b83bc27ae3e2d38e187d01,d200999060e799c7e792ab9864725f8f8c38182762b83bc27ae3e2d38e187d01,1,no_attention_no_multiscale,43,2,0.7285447
446d46ed863618f0ff04e8b2adb4f8af368a4501e14c1d265c3fe9262a73c49b,446d46ed863618f0ff04e8b2adb4f8af368a4501e14c1d265c3fe9262a73c49b,1,no_attention_no_multiscale,43,2,0.5741756
df65f1557e36230e790ffed732de9d1aa1263928c76b3d78cc69c1c0d53ad725,d200999060e799c7e792ab9864725f8f8c38182762b83bc27ae3e2d38e187d01,1,no_attention_no_multiscale,43,2,0.72808427
292e7ecd789514df747778a15feeb10229484e54145cdf53d4171ac7095767ed,292e7ecd789514df747778a15feeb10229484e54145cdf53d4171ac7095767ed,1,no_attention_no_multiscale,43,2,0.5014328
911c540a63b210ba72bd602a75c8196358e58f58a205d736184a7535abf18d9b,911c540a63b210ba72bd602a75c8196358e58f58a205d736184a7535abf18d9b,1,no_attention_no_multiscale,43,2,0.77223504
03f0c02287ea5e6c362d4f0faf92bd5051adf16aad4e8d652255b311c0dfae80,03f0c02287ea5e6c362d4f0faf92bd5051adf16aad4e8d652255b311c0dfae80,1,no_attention_no_multiscale,43,2,0.4526368
e17aa7fb2d8bf251e8fb3a885d2865ae2c62a4314f5b33c760fff27c800fc47b,e17aa7fb2d8bf251e8fb3a885d2865ae2c62a4314f5b33c760fff27c800fc47b,1,no_attention_no_multiscale,43,2,0.7560608
2f2c1f55950d6e6debb2792a17caeffa3647a9fd22078ce4c87040deebe06dde,2f2c1f55950d6e6debb2792a17caeffa3647a9fd22078ce4c87040deebe06dde,1,no_attention_no_multiscale,43,2,0.5226567
ca42889078e14150119059a5534dd2f3dc957ba0b6233732dab0613222c48b01,ca42889078e14150119059a5534dd2f3dc957ba0b6233732dab0613222c48b01,0,no_augmentation,43,2,0.22741485
4da5f26b15d55f6827b7ad2ae5e93bc89be1ce8765d1b22bef6de53f356bd801,4da5f26b15d55f6827b7ad2ae5e93bc89be1ce8765d1b22bef6de53f356bd801,0,no_augmentation,43,2,0.57226956
cef45ce59931075ef0d142d02078a7d3fba00c990fd4cf0f33ca9dc99be2362e,cef45ce59931075ef0d142d02078a7d3fba00c990fd4cf0f33ca9dc99be2362e,0,no_augmentation,43,2,0.6290095
a01e590d6ec79f518194accaab1cb2a65bcda7fd021499547ee06b2b6a85b684,a01e590d6ec79f518194accaab1cb2a65bcda7fd021499547ee06b2b6a85b684,0,no_augmentation,43,2,0.34576827
9220ddf9fcbdfe50047a49eb5b1a305f4b8be1fd34bebff120ed4f22fabb20b7,9220ddf9fcbdfe50047a49eb5b1a305f4b8be1fd34bebff120ed4f22fabb20b7,0,no_augmentation,43,2,0.28588364
1eb7cf5942ecb82b5ff0b4f2d8120376e85d5638ca2d3669a7fd6395c1fe2555,1eb7cf5942ecb82b5ff0b4f2d8120376e85d5638ca2d3669a7fd6395c1fe2555,0,no_augmentation,43,2,0.42009312
f66535630af6cfdeb2272dbb4547c6e058e4b59ae445ebe1535c82e19687253c,f66535630af6cfdeb2272dbb4547c6e058e4b59ae445ebe1535c82e19687253c,0,no_augmentation,43,2,0.616417
ada848fe55c3b27559012775de676961b40d7a32368c9c8a5919e5d6e385a557,ada848fe55c3b27559012775de676961b40d7a32368c9c8a5919e5d6e385a557,0,no_augmentation,43,2,0.8279252
a698668dc2c44bfbf5aaa6b1cf009d43cba82471119a2624f573d6a2a0ae394a,a698668dc2c44bfbf5aaa6b1cf009d43cba82471119a2624f573d6a2a0ae394a,0,no_augmentation,43,2,0.6741855
504cf37dce31c02e1c6b1e99733a67d3f08d3c9483d98f79165d2cee46add347,504cf37dce31c02e1c6b1e99733a67d3f08d3c9483d98f79165d2cee46add347,0,no_augmentation,43,2,0.18409733
1902269e7e57107f2635fce6eb02fb789968bc5c23093a302b4b7ad9db218eb4,1902269e7e57107f2635fce6eb02fb789968bc5c23093a302b4b7ad9db218eb4,0,no_augmentation,43,2,0.16825813
c56cfebd3456ee28a9a5ab7136fff442f274e436ec1fc606c81e3d1fefaea24e,1902269e7e57107f2635fce6eb02fb789968bc5c23093a302b4b7ad9db218eb4,0,no_augmentation,43,2,0.16536237
23ebabab03840d54e05602665447bd00f9e794ee4a5b913f3f0422e702927258,23ebabab03840d54e05602665447bd00f9e794ee4a5b913f3f0422e702927258,0,no_augmentation,43,2,0.39276507
6457a0d2fb6d07c823c7897683790dadcd05fe0f3d6b5794eaec0db3614d25fa,6457a0d2fb6d07c823c7897683790dadcd05fe0f3d6b5794eaec0db3614d25fa,1,no_augmentation,43,2,0.532915
14bf5c21f2e2bd3d8df1cd9392c49d770ff1b9de30702ea7ae7aa51095989b2b,14bf5c21f2e2bd3d8df1cd9392c49d770ff1b9de30702ea7ae7aa51095989b2b,1,no_augmentation,43,2,0.74423856
5a9dbf470b9fee34a2f5eaa783b6e548ace139ae5202b6c900100a5e049baba1,5a9dbf470b9fee34a2f5eaa783b6e548ace139ae5202b6c900100a5e049baba1,1,no_augmentation,43,2,0.7655629
b2947db09a9f0865c5bba5132065f048a9c10bcff08788387e778aa8d869cba6,b2947db09a9f0865c5bba5132065f048a9c10bcff08788387e778aa8d869cba6,1,no_augmentation,43,2,0.9003798
672fe2915aed29f9bab68d43b1e27356953639bb442aec4aa5abf3c61dd3ada2,672fe2915aed29f9bab68d43b1e27356953639bb442aec4aa5abf3c61dd3ada2,1,no_augmentation,43,2,0.71525085
8e8573f713142daa6f4405298dcea24cab9de55ec3b55f843fed097498c8268e,8e8573f713142daa6f4405298dcea24cab9de55ec3b55f843fed097498c8268e,1,no_augmentation,43,2,0.6572266
6e1ac6b240112e9e349b67bfeb2bba25e352480890399149effcde0d3f6b8f5f,6e1ac6b240112e9e349b67bfeb2bba25e352480890399149effcde0d3f6b8f5f,1,no_augmentation,43,2,0.9277161
6c71c752f33946a433918eaf8039299a42b2039a5a095c0e388f56e9766ac020,6c71c752f33946a433918eaf8039299a42b2039a5a095c0e388f56e9766ac020,1,no_augmentation,43,2,0.8478717
bee7fbae3117d9c6ec199febf2621f2d3e0de2906814a8374dc6f45d0bdccde5,bee7fbae3117d9c6ec199febf2621f2d3e0de2906814a8374dc6f45d0bdccde5,1,no_augmentation,43,2,0.751463
d654ecae46e168daedc31ec1248a263131bfce6758d1622f0ab6f39e2a22def3,292e7ecd789514df747778a15feeb10229484e54145cdf53d4171ac7095767ed,1,no_augmentation,43,2,0.3079141
c4c16cf7f307a18cbe12ac00017cd52b033018e22ca43c563efd8b38ebd6dfb6,c4c16cf7f307a18cbe12ac00017cd52b033018e22ca43c563efd8b38ebd6dfb6,1,no_augmentation,43,2,0.7394446
b3746a8061ca6e8a9419d1e04a5e966bb01d15138d57b73c8695a823ca51540d,b3746a8061ca6e8a9419d1e04a5e966bb01d15138d57b73c8695a823ca51540d,1,no_augmentation,43,2,0.48574528
9ee48c5828a8709f5ef88d68b1ebb72d39b89abdb49488d63a45eede5fbb7b04,9ee48c5828a8709f5ef88d68b1ebb72d39b89abdb49488d63a45eede5fbb7b04,1,no_augmentation,43,2,0.49148428
855d979d8c612624fc2b4f9c12f4c72916c11f1ec2c01978ae958b147375038d,855d979d8c612624fc2b4f9c12f4c72916c11f1ec2c01978ae958b147375038d,1,no_augmentation,43,2,0.60219234
b5652c67f6bda3449f096aefdb53a17151b4534699691a442597498151362ad4,03f0c02287ea5e6c362d4f0faf92bd5051adf16aad4e8d652255b311c0dfae80,1,no_augmentation,43,2,0.4468672
74b93408ff406b590048dede0d5accd77ab671e9e5f2b589ed6c85335f0018b3,74b93408ff406b590048dede0d5accd77ab671e9e5f2b589ed6c85335f0018b3,1,no_augmentation,43,2,0.72101724
107e840154e2bb1240e59ef9babc768dd600251ff4904f40304920972ff5b706,107e840154e2bb1240e59ef9babc768dd600251ff4904f40304920972ff5b706,1,no_augmentation,43,2,0.586285
74773d0c8f97c8872d42e776ebfd53b29635c3b80b6f888a440aab2c81fd46fe,74773d0c8f97c8872d42e776ebfd53b29635c3b80b6f888a440aab2c81fd46fe,1,no_augmentation,43,2,0.6594725
7e9ebe5e3006d2fbe31f191b04bc1b099ceb8d289e7a45f10077df19187a9021,7e9ebe5e3006d2fbe31f191b04bc1b099ceb8d289e7a45f10077df19187a9021,1,no_augmentation,43,2,0.5880029
37620b4b8c65c53aef47fa09e10df9ce20dcc41ebded86ec8c2e37b0a99946e4,37620b4b8c65c53aef47fa09e10df9ce20dcc41ebded86ec8c2e37b0a99946e4,1,no_augmentation,43,2,0.8829846
69539671b91647ea6da6be1be361bc4b6872f34f9bbd3c85f1cfa5443a838320,69539671b91647ea6da6be1be361bc4b6872f34f9bbd3c85f1cfa5443a838320,1,no_augmentation,43,2,0.8728971
ea7dc5bb1a8bbefda642a5a5ad32d5c79f6decb6f8d7a0441f0b3912d8df65d7,ea7dc5bb1a8bbefda642a5a5ad32d5c79f6decb6f8d7a0441f0b3912d8df65d7,1,no_augmentation,43,2,0.9197621
47edec7cf5074482816e0f126933dd75201afaceea91269766fd19a0e1dcbd23,47edec7cf5074482816e0f126933dd75201afaceea91269766fd19a0e1dcbd23,1,no_augmentation,43,2,0.69283855
11e4f6ea90b720a70880fa29a68ec3eca0117758aa0d89ffa458f85687126645,11e4f6ea90b720a70880fa29a68ec3eca0117758aa0d89ffa458f85687126645,1,no_augmentation,43,2,0.54905707
d200999060e799c7e792ab9864725f8f8c38182762b83bc27ae3e2d38e187d01,d200999060e799c7e792ab9864725f8f8c38182762b83bc27ae3e2d38e187d01,1,no_augmentation,43,2,0.8985771
446d46ed863618f0ff04e8b2adb4f8af368a4501e14c1d265c3fe9262a73c49b,446d46ed863618f0ff04e8b2adb4f8af368a4501e14c1d265c3fe9262a73c49b,1,no_augmentation,43,2,0.61012787
df65f1557e36230e790ffed732de9d1aa1263928c76b3d78cc69c1c0d53ad725,d200999060e799c7e792ab9864725f8f8c38182762b83bc27ae3e2d38e187d01,1,no_augmentation,43,2,0.898285
292e7ecd789514df747778a15feeb10229484e54145cdf53d4171ac7095767ed,292e7ecd789514df747778a15feeb10229484e54145cdf53d4171ac7095767ed,1,no_augmentation,43,2,0.30808583
911c540a63b210ba72bd602a75c8196358e58f58a205d736184a7535abf18d9b,911c540a63b210ba72bd602a75c8196358e58f58a205d736184a7535abf18d9b,1,no_augmentation,43,2,0.8575976
03f0c02287ea5e6c362d4f0faf92bd5051adf16aad4e8d652255b311c0dfae80,03f0c02287ea5e6c362d4f0faf92bd5051adf16aad4e8d652255b311c0dfae80,1,no_augmentation,43,2,0.44710425
e17aa7fb2d8bf251e8fb3a885d2865ae2c62a4314f5b33c760fff27c800fc47b,e17aa7fb2d8bf251e8fb3a885d2865ae2c62a4314f5b33c760fff27c800fc47b,1,no_augmentation,43,2,0.8812809
2f2c1f55950d6e6debb2792a17caeffa3647a9fd22078ce4c87040deebe06dde,2f2c1f55950d6e6debb2792a17caeffa3647a9fd22078ce4c87040deebe06dde,1,no_augmentation,43,2,0.67833126
ca42889078e14150119059a5534dd2f3dc957ba0b6233732dab0613222c48b01,ca42889078e14150119059a5534dd2f3dc957ba0b6233732dab0613222c48b01,0,plain_cnn,43,2,0.040721703
4da5f26b15d55f6827b7ad2ae5e93bc89be1ce8765d1b22bef6de53f356bd801,4da5f26b15d55f6827b7ad2ae5e93bc89be1ce8765d1b22bef6de53f356bd801,0,plain_cnn,43,2,0.5657136
cef45ce59931075ef0d142d02078a7d3fba00c990fd4cf0f33ca9dc99be2362e,cef45ce59931075ef0d142d02078a7d3fba00c990fd4cf0f33ca9dc99be2362e,0,plain_cnn,43,2,0.5819528
a01e590d6ec79f518194accaab1cb2a65bcda7fd021499547ee06b2b6a85b684,a01e590d6ec79f518194accaab1cb2a65bcda7fd021499547ee06b2b6a85b684,0,plain_cnn,43,2,0.17865753
9220ddf9fcbdfe50047a49eb5b1a305f4b8be1fd34bebff120ed4f22fabb20b7,9220ddf9fcbdfe50047a49eb5b1a305f4b8be1fd34bebff120ed4f22fabb20b7,0,plain_cnn,43,2,0.094999686
1eb7cf5942ecb82b5ff0b4f2d8120376e85d5638ca2d3669a7fd6395c1fe2555,1eb7cf5942ecb82b5ff0b4f2d8120376e85d5638ca2d3669a7fd6395c1fe2555,0,plain_cnn,43,2,0.15262319
f66535630af6cfdeb2272dbb4547c6e058e4b59ae445ebe1535c82e19687253c,f66535630af6cfdeb2272dbb4547c6e058e4b59ae445ebe1535c82e19687253c,0,plain_cnn,43,2,0.51918197
ada848fe55c3b27559012775de676961b40d7a32368c9c8a5919e5d6e385a557,ada848fe55c3b27559012775de676961b40d7a32368c9c8a5919e5d6e385a557,0,plain_cnn,43,2,0.66594845
a698668dc2c44bfbf5aaa6b1cf009d43cba82471119a2624f573d6a2a0ae394a,a698668dc2c44bfbf5aaa6b1cf009d43cba82471119a2624f573d6a2a0ae394a,0,plain_cnn,43,2,0.68164843
504cf37dce31c02e1c6b1e99733a67d3f08d3c9483d98f79165d2cee46add347,504cf37dce31c02e1c6b1e99733a67d3f08d3c9483d98f79165d2cee46add347,0,plain_cnn,43,2,0.09914132
1902269e7e57107f2635fce6eb02fb789968bc5c23093a302b4b7ad9db218eb4,1902269e7e57107f2635fce6eb02fb789968bc5c23093a302b4b7ad9db218eb4,0,plain_cnn,43,2,0.23001012
c56cfebd3456ee28a9a5ab7136fff442f274e436ec1fc606c81e3d1fefaea24e,1902269e7e57107f2635fce6eb02fb789968bc5c23093a302b4b7ad9db218eb4,0,plain_cnn,43,2,0.23776348
23ebabab03840d54e05602665447bd00f9e794ee4a5b913f3f0422e702927258,23ebabab03840d54e05602665447bd00f9e794ee4a5b913f3f0422e702927258,0,plain_cnn,43,2,0.37124285
6457a0d2fb6d07c823c7897683790dadcd05fe0f3d6b5794eaec0db3614d25fa,6457a0d2fb6d07c823c7897683790dadcd05fe0f3d6b5794eaec0db3614d25fa,1,plain_cnn,43,2,0.52594477
14bf5c21f2e2bd3d8df1cd9392c49d770ff1b9de30702ea7ae7aa51095989b2b,14bf5c21f2e2bd3d8df1cd9392c49d770ff1b9de30702ea7ae7aa51095989b2b,1,plain_cnn,43,2,0.717034
5a9dbf470b9fee34a2f5eaa783b6e548ace139ae5202b6c900100a5e049baba1,5a9dbf470b9fee34a2f5eaa783b6e548ace139ae5202b6c900100a5e049baba1,1,plain_cnn,43,2,0.71995974
b2947db09a9f0865c5bba5132065f048a9c10bcff08788387e778aa8d869cba6,b2947db09a9f0865c5bba5132065f048a9c10bcff08788387e778aa8d869cba6,1,plain_cnn,43,2,0.67629397
672fe2915aed29f9bab68d43b1e27356953639bb442aec4aa5abf3c61dd3ada2,672fe2915aed29f9bab68d43b1e27356953639bb442aec4aa5abf3c61dd3ada2,1,plain_cnn,43,2,0.69614184
8e8573f713142daa6f4405298dcea24cab9de55ec3b55f843fed097498c8268e,8e8573f713142daa6f4405298dcea24cab9de55ec3b55f843fed097498c8268e,1,plain_cnn,43,2,0.61962104
6e1ac6b240112e9e349b67bfeb2bba25e352480890399149effcde0d3f6b8f5f,6e1ac6b240112e9e349b67bfeb2bba25e352480890399149effcde0d3f6b8f5f,1,plain_cnn,43,2,0.73547506
6c71c752f33946a433918eaf8039299a42b2039a5a095c0e388f56e9766ac020,6c71c752f33946a433918eaf8039299a42b2039a5a095c0e388f56e9766ac020,1,plain_cnn,43,2,0.63982993
bee7fbae3117d9c6ec199febf2621f2d3e0de2906814a8374dc6f45d0bdccde5,bee7fbae3117d9c6ec199febf2621f2d3e0de2906814a8374dc6f45d0bdccde5,1,plain_cnn,43,2,0.65828913
d654ecae46e168daedc31ec1248a263131bfce6758d1622f0ab6f39e2a22def3,292e7ecd789514df747778a15feeb10229484e54145cdf53d4171ac7095767ed,1,plain_cnn,43,2,0.3212865
c4c16cf7f307a18cbe12ac00017cd52b033018e22ca43c563efd8b38ebd6dfb6,c4c16cf7f307a18cbe12ac00017cd52b033018e22ca43c563efd8b38ebd6dfb6,1,plain_cnn,43,2,0.39037967
b3746a8061ca6e8a9419d1e04a5e966bb01d15138d57b73c8695a823ca51540d,b3746a8061ca6e8a9419d1e04a5e966bb01d15138d57b73c8695a823ca51540d,1,plain_cnn,43,2,0.55952954
9ee48c5828a8709f5ef88d68b1ebb72d39b89abdb49488d63a45eede5fbb7b04,9ee48c5828a8709f5ef88d68b1ebb72d39b89abdb49488d63a45eede5fbb7b04,1,plain_cnn,43,2,0.61661714
855d979d8c612624fc2b4f9c12f4c72916c11f1ec2c01978ae958b147375038d,855d979d8c612624fc2b4f9c12f4c72916c11f1ec2c01978ae958b147375038d,1,plain_cnn,43,2,0.30688095
b5652c67f6bda3449f096aefdb53a17151b4534699691a442597498151362ad4,03f0c02287ea5e6c362d4f0faf92bd5051adf16aad4e8d652255b311c0dfae80,1,plain_cnn,43,2,0.47244275
74b93408ff406b590048dede0d5accd77ab671e9e5f2b589ed6c85335f0018b3,74b93408ff406b590048dede0d5accd77ab671e9e5f2b589ed6c85335f0018b3,1,plain_cnn,43,2,0.3356711
107e840154e2bb1240e59ef9babc768dd600251ff4904f40304920972ff5b706,107e840154e2bb1240e59ef9babc768dd600251ff4904f40304920972ff5b706,1,plain_cnn,43,2,0.5174346
74773d0c8f97c8872d42e776ebfd53b29635c3b80b6f888a440aab2c81fd46fe,74773d0c8f97c8872d42e776ebfd53b29635c3b80b6f888a440aab2c81fd46fe,1,plain_cnn,43,2,0.5304759
7e9ebe5e3006d2fbe31f191b04bc1b099ceb8d289e7a45f10077df19187a9021,7e9ebe5e3006d2fbe31f191b04bc1b099ceb8d289e7a45f10077df19187a9021,1,plain_cnn,43,2,0.5590894
37620b4b8c65c53aef47fa09e10df9ce20dcc41ebded86ec8c2e37b0a99946e4,37620b4b8c65c53aef47fa09e10df9ce20dcc41ebded86ec8c2e37b0a99946e4,1,plain_cnn,43,2,0.5750871
69539671b91647ea6da6be1be361bc4b6872f34f9bbd3c85f1cfa5443a838320,69539671b91647ea6da6be1be361bc4b6872f34f9bbd3c85f1cfa5443a838320,1,plain_cnn,43,2,0.6541922
ea7dc5bb1a8bbefda642a5a5ad32d5c79f6decb6f8d7a0441f0b3912d8df65d7,ea7dc5bb1a8bbefda642a5a5ad32d5c79f6decb6f8d7a0441f0b3912d8df65d7,1,plain_cnn,43,2,0.51412326
47edec7cf5074482816e0f126933dd75201afaceea91269766fd19a0e1dcbd23,47edec7cf5074482816e0f126933dd75201afaceea91269766fd19a0e1dcbd23,1,plain_cnn,43,2,0.55858743
11e4f6ea90b720a70880fa29a68ec3eca0117758aa0d89ffa458f85687126645,11e4f6ea90b720a70880fa29a68ec3eca0117758aa0d89ffa458f85687126645,1,plain_cnn,43,2,0.5377351
d200999060e799c7e792ab9864725f8f8c38182762b83bc27ae3e2d38e187d01,d200999060e799c7e792ab9864725f8f8c38182762b83bc27ae3e2d38e187d01,1,plain_cnn,43,2,0.6302682
446d46ed863618f0ff04e8b2adb4f8af368a4501e14c1d265c3fe9262a73c49b,446d46ed863618f0ff04e8b2adb4f8af368a4501e14c1d265c3fe9262a73c49b,1,plain_cnn,43,2,0.49761394
df65f1557e36230e790ffed732de9d1aa1263928c76b3d78cc69c1c0d53ad725,d200999060e799c7e792ab9864725f8f8c38182762b83bc27ae3e2d38e187d01,1,plain_cnn,43,2,0.63004696
292e7ecd789514df747778a15feeb10229484e54145cdf53d4171ac7095767ed,292e7ecd789514df747778a15feeb10229484e54145cdf53d4171ac7095767ed,1,plain_cnn,43,2,0.3310361
911c540a63b210ba72bd602a75c8196358e58f58a205d736184a7535abf18d9b,911c540a63b210ba72bd602a75c8196358e58f58a205d736184a7535abf18d9b,1,plain_cnn,43,2,0.7128843
03f0c02287ea5e6c362d4f0faf92bd5051adf16aad4e8d652255b311c0dfae80,03f0c02287ea5e6c362d4f0faf92bd5051adf16aad4e8d652255b311c0dfae80,1,plain_cnn,43,2,0.4719453
e17aa7fb2d8bf251e8fb3a885d2865ae2c62a4314f5b33c760fff27c800fc47b,e17aa7fb2d8bf251e8fb3a885d2865ae2c62a4314f5b33c760fff27c800fc47b,1,plain_cnn,43,2,0.6848638
2f2c1f55950d6e6debb2792a17caeffa3647a9fd22078ce4c87040deebe06dde,2f2c1f55950d6e6debb2792a17caeffa3647a9fd22078ce4c87040deebe06dde,1,plain_cnn,43,2,0.44697252
ca42889078e14150119059a5534dd2f3dc957ba0b6233732dab0613222c48b01,ca42889078e14150119059a5534dd2f3dc957ba0b6233732dab0613222c48b01,0,narrow_resnet_gn,43,2,0.48886022
4da5f26b15d55f6827b7ad2ae5e93bc89be1ce8765d1b22bef6de53f356bd801,4da5f26b15d55f6827b7ad2ae5e93bc89be1ce8765d1b22bef6de53f356bd801,0,narrow_resnet_gn,43,2,0.28368098
cef45ce59931075ef0d142d02078a7d3fba00c990fd4cf0f33ca9dc99be2362e,cef45ce59931075ef0d142d02078a7d3fba00c990fd4cf0f33ca9dc99be2362e,0,narrow_resnet_gn,43,2,0.28396347
a01e590d6ec79f518194accaab1cb2a65bcda7fd021499547ee06b2b6a85b684,a01e590d6ec79f518194accaab1cb2a65bcda7fd021499547ee06b2b6a85b684,0,narrow_resnet_gn,43,2,0.39342973
9220ddf9fcbdfe50047a49eb5b1a305f4b8be1fd34bebff120ed4f22fabb20b7,9220ddf9fcbdfe50047a49eb5b1a305f4b8be1fd34bebff120ed4f22fabb20b7,0,narrow_resnet_gn,43,2,0.33489847
1eb7cf5942ecb82b5ff0b4f2d8120376e85d5638ca2d3669a7fd6395c1fe2555,1eb7cf5942ecb82b5ff0b4f2d8120376e85d5638ca2d3669a7fd6395c1fe2555,0,narrow_resnet_gn,43,2,0.23293984
f66535630af6cfdeb2272dbb4547c6e058e4b59ae445ebe1535c82e19687253c,f66535630af6cfdeb2272dbb4547c6e058e4b59ae445ebe1535c82e19687253c,0,narrow_resnet_gn,43,2,0.5161798
ada848fe55c3b27559012775de676961b40d7a32368c9c8a5919e5d6e385a557,ada848fe55c3b27559012775de676961b40d7a32368c9c8a5919e5d6e385a557,0,narrow_resnet_gn,43,2,0.32898214
a698668dc2c44bfbf5aaa6b1cf009d43cba82471119a2624f573d6a2a0ae394a,a698668dc2c44bfbf5aaa6b1cf009d43cba82471119a2624f573d6a2a0ae394a,0,narrow_resnet_gn,43,2,0.45859733
504cf37dce31c02e1c6b1e99733a67d3f08d3c9483d98f79165d2cee46add347,504cf37dce31c02e1c6b1e99733a67d3f08d3c9483d98f79165d2cee46add347,0,narrow_resnet_gn,43,2,0.19656095
1902269e7e57107f2635fce6eb02fb789968bc5c23093a302b4b7ad9db218eb4,1902269e7e57107f2635fce6eb02fb789968bc5c23093a302b4b7ad9db218eb4,0,narrow_resnet_gn,43,2,0.4445115
c56cfebd3456ee28a9a5ab7136fff442f274e436ec1fc606c81e3d1fefaea24e,1902269e7e57107f2635fce6eb02fb789968bc5c23093a302b4b7ad9db218eb4,0,narrow_resnet_gn,43,2,0.43373257
23ebabab03840d54e05602665447bd00f9e794ee4a5b913f3f0422e702927258,23ebabab03840d54e05602665447bd00f9e794ee4a5b913f3f0422e702927258,0,narrow_resnet_gn,43,2,0.26327473
6457a0d2fb6d07c823c7897683790dadcd05fe0f3d6b5794eaec0db3614d25fa,6457a0d2fb6d07c823c7897683790dadcd05fe0f3d6b5794eaec0db3614d25fa,1,narrow_resnet_gn,43,2,0.49149942
14bf5c21f2e2bd3d8df1cd9392c49d770ff1b9de30702ea7ae7aa51095989b2b,14bf5c21f2e2bd3d8df1cd9392c49d770ff1b9de30702ea7ae7aa51095989b2b,1,narrow_resnet_gn,43,2,0.8171475
5a9dbf470b9fee34a2f5eaa783b6e548ace139ae5202b6c900100a5e049baba1,5a9dbf470b9fee34a2f5eaa783b6e548ace139ae5202b6c900100a5e049baba1,1,narrow_resnet_gn,43,2,0.8728687
b2947db09a9f0865c5bba5132065f048a9c10bcff08788387e778aa8d869cba6,b2947db09a9f0865c5bba5132065f048a9c10bcff08788387e778aa8d869cba6,1,narrow_resnet_gn,43,2,0.85746795
672fe2915aed29f9bab68d43b1e27356953639bb442aec4aa5abf3c61dd3ada2,672fe2915aed29f9bab68d43b1e27356953639bb442aec4aa5abf3c61dd3ada2,1,narrow_resnet_gn,43,2,0.8065012
8e8573f713142daa6f4405298dcea24cab9de55ec3b55f843fed097498c8268e,8e8573f713142daa6f4405298dcea24cab9de55ec3b55f843fed097498c8268e,1,narrow_resnet_gn,43,2,0.89259094
6e1ac6b240112e9e349b67bfeb2bba25e352480890399149effcde0d3f6b8f5f,6e1ac6b240112e9e349b67bfeb2bba25e352480890399149effcde0d3f6b8f5f,1,narrow_resnet_gn,43,2,0.7413506
6c71c752f33946a433918eaf8039299a42b2039a5a095c0e388f56e9766ac020,6c71c752f33946a433918eaf8039299a42b2039a5a095c0e388f56e9766ac020,1,narrow_resnet_gn,43,2,0.9495622
bee7fbae3117d9c6ec199febf2621f2d3e0de2906814a8374dc6f45d0bdccde5,bee7fbae3117d9c6ec199febf2621f2d3e0de2906814a8374dc6f45d0bdccde5,1,narrow_resnet_gn,43,2,0.8991629
d654ecae46e168daedc31ec1248a263131bfce6758d1622f0ab6f39e2a22def3,292e7ecd789514df747778a15feeb10229484e54145cdf53d4171ac7095767ed,1,narrow_resnet_gn,43,2,0.31862924
c4c16cf7f307a18cbe12ac00017cd52b033018e22ca43c563efd8b38ebd6dfb6,c4c16cf7f307a18cbe12ac00017cd52b033018e22ca43c563efd8b38ebd6dfb6,1,narrow_resnet_gn,43,2,0.9308812
b3746a8061ca6e8a9419d1e04a5e966bb01d15138d57b73c8695a823ca51540d,b3746a8061ca6e8a9419d1e04a5e966bb01d15138d57b73c8695a823ca51540d,1,narrow_resnet_gn,43,2,0.57727873
9ee48c5828a8709f5ef88d68b1ebb72d39b89abdb49488d63a45eede5fbb7b04,9ee48c5828a8709f5ef88d68b1ebb72d39b89abdb49488d63a45eede5fbb7b04,1,narrow_resnet_gn,43,2,0.8171519
855d979d8c612624fc2b4f9c12f4c72916c11f1ec2c01978ae958b147375038d,855d979d8c612624fc2b4f9c12f4c72916c11f1ec2c01978ae958b147375038d,1,narrow_resnet_gn,43,2,0.5823287
b5652c67f6bda3449f096aefdb53a17151b4534699691a442597498151362ad4,03f0c02287ea5e6c362d4f0faf92bd5051adf16aad4e8d652255b311c0dfae80,1,narrow_resnet_gn,43,2,0.7398349
74b93408ff406b590048dede0d5accd77ab671e9e5f2b589ed6c85335f0018b3,74b93408ff406b590048dede0d5accd77ab671e9e5f2b589ed6c85335f0018b3,1,narrow_resnet_gn,43,2,0.58327115
107e840154e2bb1240e59ef9babc768dd600251ff4904f40304920972ff5b706,107e840154e2bb1240e59ef9babc768dd600251ff4904f40304920972ff5b706,1,narrow_resnet_gn,43,2,0.76498926
74773d0c8f97c8872d42e776ebfd53b29635c3b80b6f888a440aab2c81fd46fe,74773d0c8f97c8872d42e776ebfd53b29635c3b80b6f888a440aab2c81fd46fe,1,narrow_resnet_gn,43,2,0.8285989
7e9ebe5e3006d2fbe31f191b04bc1b099ceb8d289e7a45f10077df19187a9021,7e9ebe5e3006d2fbe31f191b04bc1b099ceb8d289e7a45f10077df19187a9021,1,narrow_resnet_gn,43,2,0.84223706
37620b4b8c65c53aef47fa09e10df9ce20dcc41ebded86ec8c2e37b0a99946e4,37620b4b8c65c53aef47fa09e10df9ce20dcc41ebded86ec8c2e37b0a99946e4,1,narrow_resnet_gn,43,2,0.8758859
69539671b91647ea6da6be1be361bc4b6872f34f9bbd3c85f1cfa5443a838320,69539671b91647ea6da6be1be361bc4b6872f34f9bbd3c85f1cfa5443a838320,1,narrow_resnet_gn,43,2,0.8521582
ea7dc5bb1a8bbefda642a5a5ad32d5c79f6decb6f8d7a0441f0b3912d8df65d7,ea7dc5bb1a8bbefda642a5a5ad32d5c79f6decb6f8d7a0441f0b3912d8df65d7,1,narrow_resnet_gn,43,2,0.8804955
47edec7cf5074482816e0f126933dd75201afaceea91269766fd19a0e1dcbd23,47edec7cf5074482816e0f126933dd75201afaceea91269766fd19a0e1dcbd23,1,narrow_resnet_gn,43,2,0.8020714
11e4f6ea90b720a70880fa29a68ec3eca0117758aa0d89ffa458f85687126645,11e4f6ea90b720a70880fa29a68ec3eca0117758aa0d89ffa458f85687126645,1,narrow_resnet_gn,43,2,0.863848
d200999060e799c7e792ab9864725f8f8c38182762b83bc27ae3e2d38e187d01,d200999060e799c7e792ab9864725f8f8c38182762b83bc27ae3e2d38e187d01,1,narrow_resnet_gn,43,2,0.4299756
446d46ed863618f0ff04e8b2adb4f8af368a4501e14c1d265c3fe9262a73c49b,446d46ed863618f0ff04e8b2adb4f8af368a4501e14c1d265c3fe9262a73c49b,1,narrow_resnet_gn,43,2,0.7561465
df65f1557e36230e790ffed732de9d1aa1263928c76b3d78cc69c1c0d53ad725,d200999060e799c7e792ab9864725f8f8c38182762b83bc27ae3e2d38e187d01,1,narrow_resnet_gn,43,2,0.42822117
292e7ecd789514df747778a15feeb10229484e54145cdf53d4171ac7095767ed,292e7ecd789514df747778a15feeb10229484e54145cdf53d4171ac7095767ed,1,narrow_resnet_gn,43,2,0.31725553
911c540a63b210ba72bd602a75c8196358e58f58a205d736184a7535abf18d9b,911c540a63b210ba72bd602a75c8196358e58f58a205d736184a7535abf18d9b,1,narrow_resnet_gn,43,2,0.9016338
03f0c02287ea5e6c362d4f0faf92bd5051adf16aad4e8d652255b311c0dfae80,03f0c02287ea5e6c362d4f0faf92bd5051adf16aad4e8d652255b311c0dfae80,1,narrow_resnet_gn,43,2,0.74291354
e17aa7fb2d8bf251e8fb3a885d2865ae2c62a4314f5b33c760fff27c800fc47b,e17aa7fb2d8bf251e8fb3a885d2865ae2c62a4314f5b33c760fff27c800fc47b,1,narrow_resnet_gn,43,2,0.9302386
2f2c1f55950d6e6debb2792a17caeffa3647a9fd22078ce4c87040deebe06dde,2f2c1f55950d6e6debb2792a17caeffa3647a9fd22078ce4c87040deebe06dde,1,narrow_resnet_gn,43,2,0.5908226
550d0cb250962b4ef1a0cbf8dade59019a8a5153041d49dbfea6410b89f2de79,550d0cb250962b4ef1a0cbf8dade59019a8a5153041d49dbfea6410b89f2de79,0,full,43,3,0.7574081
16266df37b596ba5c42fb4225ae4cb15711d304d322448d8f379e0f71b73ae03,16266df37b596ba5c42fb4225ae4cb15711d304d322448d8f379e0f71b73ae03,0,full,43,3,0.028364612
87cdc2d151b003be78f52c0dc7c07c1b047f879846b8f7d96b95c39a3d62a70e,87cdc2d151b003be78f52c0dc7c07c1b047f879846b8f7d96b95c39a3d62a70e,0,full,43,3,0.024899282
019da44350c7f407f687bae7972cf5585a64977a32c8894384bc36589526e17d,019da44350c7f407f687bae7972cf5585a64977a32c8894384bc36589526e17d,0,full,43,3,0.8875387
02fc06d496bbdb0756b65e3b7fdf210a3c07d218b79e0d16eface84e5db72b89,02fc06d496bbdb0756b65e3b7fdf210a3c07d218b79e0d16eface84e5db72b89,0,full,43,3,0.09175489
4bda8fe0504ef79e0c9e3e86bb23aae41a67fc050c524ee0e18cc8f923a5da1c,4bda8fe0504ef79e0c9e3e86bb23aae41a67fc050c524ee0e18cc8f923a5da1c,0,full,43,3,0.21892187
24d646d7d0db7f6ed4fd2ce895d86acd1c879548873e89a83d72b7a148e2a8fb,24d646d7d0db7f6ed4fd2ce895d86acd1c879548873e89a83d72b7a148e2a8fb,0,full,43,3,0.4349102
3de32c152527af18060fc9a0eb01b0ede6025f1994ad3586e96c4a47c3e23898,3de32c152527af18060fc9a0eb01b0ede6025f1994ad3586e96c4a47c3e23898,0,full,43,3,0.79049927
7f2c92f25bb20cc189aa475c0e8c21ed0b70b538a33920e2fd6a3276522406f3,7f2c92f25bb20cc189aa475c0e8c21ed0b70b538a33920e2fd6a3276522406f3,0,full,43,3,0.021187862
c30f889c48513fe695a6509aa86ffa7952d40b96e13c1e84b319cf6914823e9a,3de32c152527af18060fc9a0eb01b0ede6025f1994ad3586e96c4a47c3e23898,0,full,43,3,0.7647109
1af16b025f254c861448bec4d04652b8f81a6850788d507160404fe4f14a5c4f,1af16b025f254c861448bec4d04652b8f81a6850788d507160404fe4f14a5c4f,0,full,43,3,0.9202589
987c812a794593c0a8b58f1eed8aac0cf015230fc3a1640b82cf95d91a5609c5,987c812a794593c0a8b58f1eed8aac0cf015230fc3a1640b82cf95d91a5609c5,0,full,43,3,0.042556636
eab1eeda798eb5191c4547fb06ccdb98a91b4b4536417d5aa75529cbd2897cad,eab1eeda798eb5191c4547fb06ccdb98a91b4b4536417d5aa75529cbd2897cad,0,full,43,3,0.08014082
96dc1ea3df3a481c9959598a38a12ce3ad1fe7159bb523a0c3cc7df71d2539fb,96dc1ea3df3a481c9959598a38a12ce3ad1fe7159bb523a0c3cc7df71d2539fb,0,full,43,3,0.098451436
69f020ad229e313caa6d2ba04285a8fd070c7bd45d1759c9ad22a89902c98500,69f020ad229e313caa6d2ba04285a8fd070c7bd45d1759c9ad22a89902c98500,0,full,43,3,0.05025297
e30545c15b64efcf60c0cd2b7d635d3af6d842df4753ebffd331d1363ba601ea,e30545c15b64efcf60c0cd2b7d635d3af6d842df4753ebffd331d1363ba601ea,1,full,43,3,0.12115304
8a7b8d8d0ce44d78c292dab54e953a2abb51a20a1e08ca691cea5bc3725bd729,8a7b8d8d0ce44d78c292dab54e953a2abb51a20a1e08ca691cea5bc3725bd729,1,full,43,3,0.8513311
0e73f125d639eb939b9fac62506a72251c106ac784c139c3ffcd160b58b54d03,0e73f125d639eb939b9fac62506a72251c106ac784c139c3ffcd160b58b54d03,1,full,43,3,0.0348048
329f1df4eb53b0530dcf747e4459b87e11fc5ea7c4310a090dbe01f5e925ac38,329f1df4eb53b0530dcf747e4459b87e11fc5ea7c4310a090dbe01f5e925ac38,1,full,43,3,0.9798387
665398dd64a3482917a9fc377bbcbee957e0f4bf4e48a7d49fb3c6bfcfdd73c9,665398dd64a3482917a9fc377bbcbee957e0f4bf4e48a7d49fb3c6bfcfdd73c9,1,full,43,3,0.9756276
44a9fb3b86cdeb63e8858c40ac79c109d89382cfb30fafa7eb703449c7433ada,44a9fb3b86cdeb63e8858c40ac79c109d89382cfb30fafa7eb703449c7433ada,1,full,43,3,0.9350235
917c2b80ad1d6f68ad73193c916a97ad9f0c1631bfa2279f7e1a3f4cfab69e69,917c2b80ad1d6f68ad73193c916a97ad9f0c1631bfa2279f7e1a3f4cfab69e69,1,full,43,3,0.961623
b9f9d5612381f7fcb0a7403d37521ff95c4552a276dc1afb02f2739e62a12d10,b9f9d5612381f7fcb0a7403d37521ff95c4552a276dc1afb02f2739e62a12d10,1,full,43,3,0.35115808
5aad9032ce847fbf5fbef835461e111546a72ba7e2e2b207f59845a52082ed85,5aad9032ce847fbf5fbef835461e111546a72ba7e2e2b207f59845a52082ed85,1,full,43,3,0.43363553
f8b081d13042660a736ea3535411752118892f3a03e6083f3b1e09a2c4ffea5e,f8b081d13042660a736ea3535411752118892f3a03e6083f3b1e09a2c4ffea5e,1,full,43,3,0.8830528
681e44e7111a482ff90f70efd6cdf2b884d671322604ff93c091e46b55b2064d,681e44e7111a482ff90f70efd6cdf2b884d671322604ff93c091e46b55b2064d,1,full,43,3,0.8892474
2f0019ed81ac1f1e20cb097e01ef675244c5a5c79cd53252977cf1ac511696f4,2f0019ed81ac1f1e20cb097e01ef675244c5a5c79cd53252977cf1ac511696f4,1,full,43,3,0.98756313
70fccd62038f1e8f3fcba827e8b0f332f75bc4e329d47d979515a6fbf63c607c,70fccd62038f1e8f3fcba827e8b0f332f75bc4e329d47d979515a6fbf63c607c,1,full,43,3,0.9772266
078b62143609978eff9ee30251ed34d52c9e799ca00d04fdf166ff0d2d7644ba,078b62143609978eff9ee30251ed34d52c9e799ca00d04fdf166ff0d2d7644ba,1,full,43,3,0.99173284
adbda2cd245abb1f50d6fc13b63018dc3d585ae06229465743f8da20dd011023,adbda2cd245abb1f50d6fc13b63018dc3d585ae06229465743f8da20dd011023,1,full,43,3,0.9643885
254ec0b2133af0acfddca8c448b694d23d062f985daf388d05ced2f269372966,254ec0b2133af0acfddca8c448b694d23d062f985daf388d05ced2f269372966,1,full,43,3,0.96269494
caf1bb9b61f8ce8b71c6d7283ed913e49686befe54572e9371c99680b62e8190,caf1bb9b61f8ce8b71c6d7283ed913e49686befe54572e9371c99680b62e8190,1,full,43,3,0.9568965
536ae010b72dec062b3a689b3915910694c732a12098ef5bdc10ebe81b7477f3,536ae010b72dec062b3a689b3915910694c732a12098ef5bdc10ebe81b7477f3,1,full,43,3,0.98811823
c626d3b0cbc6ba8ea7e9049da47367c61b054c32f61809d3752c3e734d5062e9,c626d3b0cbc6ba8ea7e9049da47367c61b054c32f61809d3752c3e734d5062e9,1,full,43,3,0.84452504
a734d21670a7344e01b0dec42fc76147cd87a3d4bdf41f56aae6ee1f91aa32b9,a734d21670a7344e01b0dec42fc76147cd87a3d4bdf41f56aae6ee1f91aa32b9,1,full,43,3,0.68135726
bb28460f798cf3c1437974cff9208b3a5d3adc72304da42e7ddbb2232cf0117a,bb28460f798cf3c1437974cff9208b3a5d3adc72304da42e7ddbb2232cf0117a,1,full,43,3,0.13593191
d1a91e77cf6f1ebf0127b7f8154ce032b9b1aa2a79156f123da382c49d536320,d1a91e77cf6f1ebf0127b7f8154ce032b9b1aa2a79156f123da382c49d536320,1,full,43,3,0.9861588
8fd29c26253f5b732202ec57a7031eb06ca6a2bd426f107e00973ddc713f628a,8fd29c26253f5b732202ec57a7031eb06ca6a2bd426f107e00973ddc713f628a,1,full,43,3,0.117287226
d372be321de1f98feb43f054912464cb4f983b8a24ef0376036ea2c8ec122b41,d372be321de1f98feb43f054912464cb4f983b8a24ef0376036ea2c8ec122b41,1,full,43,3,0.8846183
207b091128fc623231f1f7b9e0cc5fb1c112ef55d8d14933de01a634a07cbb7e,207b091128fc623231f1f7b9e0cc5fb1c112ef55d8d14933de01a634a07cbb7e,1,full,43,3,0.70537263
48e14956e775a971778412f5edbc26f87ed3ae651aeca48fc069294f6dcc166c,48e14956e775a971778412f5edbc26f87ed3ae651aeca48fc069294f6dcc166c,1,full,43,3,0.11327738
a72f7ff6699463e309b867152937536c79c3a8e1ebe62553c6fcdaa1a07c304a,a72f7ff6699463e309b867152937536c79c3a8e1ebe62553c6fcdaa1a07c304a,1,full,43,3,0.37649783
6f5d6cc12ba22d7a4d7fe85d4d5df6e22060234401ce415fe7a8577a2c61071f,6f5d6cc12ba22d7a4d7fe85d4d5df6e22060234401ce415fe7a8577a2c61071f,1,full,43,3,0.9446669
550d0cb250962b4ef1a0cbf8dade59019a8a5153041d49dbfea6410b89f2de79,550d0cb250962b4ef1a0cbf8dade59019a8a5153041d49dbfea6410b89f2de79,0,no_attention,43,3,0.653597
16266df37b596ba5c42fb4225ae4cb15711d304d322448d8f379e0f71b73ae03,16266df37b596ba5c42fb4225ae4cb15711d304d322448d8f379e0f71b73ae03,0,no_attention,43,3,0.11081894
87cdc2d151b003be78f52c0dc7c07c1b047f879846b8f7d96b95c39a3d62a70e,87cdc2d151b003be78f52c0dc7c07c1b047f879846b8f7d96b95c39a3d62a70e,0,no_attention,43,3,0.064682305
019da44350c7f407f687bae7972cf5585a64977a32c8894384bc36589526e17d,019da44350c7f407f687bae7972cf5585a64977a32c8894384bc36589526e17d,0,no_attention,43,3,0.7101164
02fc06d496bbdb0756b65e3b7fdf210a3c07d218b79e0d16eface84e5db72b89,02fc06d496bbdb0756b65e3b7fdf210a3c07d218b79e0d16eface84e5db72b89,0,no_attention,43,3,0.15784577
4bda8fe0504ef79e0c9e3e86bb23aae41a67fc050c524ee0e18cc8f923a5da1c,4bda8fe0504ef79e0c9e3e86bb23aae41a67fc050c524ee0e18cc8f923a5da1c,0,no_attention,43,3,0.696686
24d646d7d0db7f6ed4fd2ce895d86acd1c879548873e89a83d72b7a148e2a8fb,24d646d7d0db7f6ed4fd2ce895d86acd1c879548873e89a83d72b7a148e2a8fb,0,no_attention,43,3,0.5322459
3de32c152527af18060fc9a0eb01b0ede6025f1994ad3586e96c4a47c3e23898,3de32c152527af18060fc9a0eb01b0ede6025f1994ad3586e96c4a47c3e23898,0,no_attention,43,3,0.87671643
7f2c92f25bb20cc189aa475c0e8c21ed0b70b538a33920e2fd6a3276522406f3,7f2c92f25bb20cc189aa475c0e8c21ed0b70b538a33920e2fd6a3276522406f3,0,no_attention,43,3,0.10187634
c30f889c48513fe695a6509aa86ffa7952d40b96e13c1e84b319cf6914823e9a,3de32c152527af18060fc9a0eb01b0ede6025f1994ad3586e96c4a47c3e23898,0,no_attention,43,3,0.8813545
1af16b025f254c861448bec4d04652b8f81a6850788d507160404fe4f14a5c4f,1af16b025f254c861448bec4d04652b8f81a6850788d507160404fe4f14a5c4f,0,no_attention,43,3,0.89499164
987c812a794593c0a8b58f1eed8aac0cf015230fc3a1640b82cf95d91a5609c5,987c812a794593c0a8b58f1eed8aac0cf015230fc3a1640b82cf95d91a5609c5,0,no_attention,43,3,0.06247403
eab1eeda798eb5191c4547fb06ccdb98a91b4b4536417d5aa75529cbd2897cad,eab1eeda798eb5191c4547fb06ccdb98a91b4b4536417d5aa75529cbd2897cad,0,no_attention,43,3,0.2726225
96dc1ea3df3a481c9959598a38a12ce3ad1fe7159bb523a0c3cc7df71d2539fb,96dc1ea3df3a481c9959598a38a12ce3ad1fe7159bb523a0c3cc7df71d2539fb,0,no_attention,43,3,0.19606805
69f020ad229e313caa6d2ba04285a8fd070c7bd45d1759c9ad22a89902c98500,69f020ad229e313caa6d2ba04285a8fd070c7bd45d1759c9ad22a89902c98500,0,no_attention,43,3,0.09926678
e30545c15b64efcf60c0cd2b7d635d3af6d842df4753ebffd331d1363ba601ea,e30545c15b64efcf60c0cd2b7d635d3af6d842df4753ebffd331d1363ba601ea,1,no_attention,43,3,0.17920047
8a7b8d8d0ce44d78c292dab54e953a2abb51a20a1e08ca691cea5bc3725bd729,8a7b8d8d0ce44d78c292dab54e953a2abb51a20a1e08ca691cea5bc3725bd729,1,no_attention,43,3,0.8387321
0e73f125d639eb939b9fac62506a72251c106ac784c139c3ffcd160b58b54d03,0e73f125d639eb939b9fac62506a72251c106ac784c139c3ffcd160b58b54d03,1,no_attention,43,3,0.119321726
329f1df4eb53b0530dcf747e4459b87e11fc5ea7c4310a090dbe01f5e925ac38,329f1df4eb53b0530dcf747e4459b87e11fc5ea7c4310a090dbe01f5e925ac38,1,no_attention,43,3,0.9549505
665398dd64a3482917a9fc377bbcbee957e0f4bf4e48a7d49fb3c6bfcfdd73c9,665398dd64a3482917a9fc377bbcbee957e0f4bf4e48a7d49fb3c6bfcfdd73c9,1,no_attention,43,3,0.9761721
44a9fb3b86cdeb63e8858c40ac79c109d89382cfb30fafa7eb703449c7433ada,44a9fb3b86cdeb63e8858c40ac79c109d89382cfb30fafa7eb703449c7433ada,1,no_attention,43,3,0.8434139
917c2b80ad1d6f68ad73193c916a97ad9f0c1631bfa2279f7e1a3f4cfab69e69,917c2b80ad1d6f68ad73193c916a97ad9f0c1631bfa2279f7e1a3f4cfab69e69,1,no_attention,43,3,0.8957869
b9f9d5612381f7fcb0a7403d37521ff95c4552a276dc1afb02f2739e62a12d10,b9f9d5612381f7fcb0a7403d37521ff95c4552a276dc1afb02f2739e62a12d10,1,no_attention,43,3,0.24934383
5aad9032ce847fbf5fbef835461e111546a72ba7e2e2b207f59845a52082ed85,5aad9032ce847fbf5fbef835461e111546a72ba7e2e2b207f59845a52082ed85,1,no_attention,43,3,0.7973127
f8b081d13042660a736ea3535411752118892f3a03e6083f3b1e09a2c4ffea5e,f8b081d13042660a736ea3535411752118892f3a03e6083f3b1e09a2c4ffea5e,1,no_attention,43,3,0.61132205
681e44e7111a482ff90f70efd6cdf2b884d671322604ff93c091e46b55b2064d,681e44e7111a482ff90f70efd6cdf2b884d671322604ff93c091e46b55b2064d,1,no_attention,43,3,0.83684784
2f0019ed81ac1f1e20cb097e01ef675244c5a5c79cd53252977cf1ac511696f4,2f0019ed81ac1f1e20cb097e01ef675244c5a5c79cd53252977cf1ac511696f4,1,no_attention,43,3,0.9335519
70fccd62038f1e8f3fcba827e8b0f332f75bc4e329d47d979515a6fbf63c607c,70fccd62038f1e8f3fcba827e8b0f332f75bc4e329d47d979515a6fbf63c607c,1,no_attention,43,3,0.9426117
078b62143609978eff9ee30251ed34d52c9e799ca00d04fdf166ff0d2d7644ba,078b62143609978eff9ee30251ed34d52c9e799ca00d04fdf166ff0d2d7644ba,1,no_attention,43,3,0.9720366
adbda2cd245abb1f50d6fc13b63018dc3d585ae06229465743f8da20dd011023,adbda2cd245abb1f50d6fc13b63018dc3d585ae06229465743f8da20dd011023,1,no_attention,43,3,0.96279705
254ec0b2133af0acfddca8c448b694d23d062f985daf388d05ced2f269372966,254ec0b2133af0acfddca8c448b694d23d062f985daf388d05ced2f269372966,1,no_attention,43,3,0.93475276
caf1bb9b61f8ce8b71c6d7283ed913e49686befe54572e9371c99680b62e8190,caf1bb9b61f8ce8b71c6d7283ed913e49686befe54572e9371c99680b62e8190,1,no_attention,43,3,0.9150947
536ae010b72dec062b3a689b3915910694c732a12098ef5bdc10ebe81b7477f3,536ae010b72dec062b3a689b3915910694c732a12098ef5bdc10ebe81b7477f3,1,no_attention,43,3,0.95452225
c626d3b0cbc6ba8ea7e9049da47367c61b054c32f61809d3752c3e734d5062e9,c626d3b0cbc6ba8ea7e9049da47367c61b054c32f61809d3752c3e734d5062e9,1,no_attention,43,3,0.6621843
a734d21670a7344e01b0dec42fc76147cd87a3d4bdf41f56aae6ee1f91aa32b9,a734d21670a7344e01b0dec42fc76147cd87a3d4bdf41f56aae6ee1f91aa32b9,1,no_attention,43,3,0.5423565
bb28460f798cf3c1437974cff9208b3a5d3adc72304da42e7ddbb2232cf0117a,bb28460f798cf3c1437974cff9208b3a5d3adc72304da42e7ddbb2232cf0117a,1,no_attention,43,3,0.5271861
d1a91e77cf6f1ebf0127b7f8154ce032b9b1aa2a79156f123da382c49d536320,d1a91e77cf6f1ebf0127b7f8154ce032b9b1aa2a79156f123da382c49d536320,1,no_attention,43,3,0.97247994
8fd29c26253f5b732202ec57a7031eb06ca6a2bd426f107e00973ddc713f628a,8fd29c26253f5b732202ec57a7031eb06ca6a2bd426f107e00973ddc713f628a,1,no_attention,43,3,0.392636
d372be321de1f98feb43f054912464cb4f983b8a24ef0376036ea2c8ec122b41,d372be321de1f98feb43f054912464cb4f983b8a24ef0376036ea2c8ec122b41,1,no_attention,43,3,0.9158756
207b091128fc623231f1f7b9e0cc5fb1c112ef55d8d14933de01a634a07cbb7e,207b091128fc623231f1f7b9e0cc5fb1c112ef55d8d14933de01a634a07cbb7e,1,no_attention,43,3,0.5504382
48e14956e775a971778412f5edbc26f87ed3ae651aeca48fc069294f6dcc166c,48e14956e775a971778412f5edbc26f87ed3ae651aeca48fc069294f6dcc166c,1,no_attention,43,3,0.20715882
a72f7ff6699463e309b867152937536c79c3a8e1ebe62553c6fcdaa1a07c304a,a72f7ff6699463e309b867152937536c79c3a8e1ebe62553c6fcdaa1a07c304a,1,no_attention,43,3,0.22673061
6f5d6cc12ba22d7a4d7fe85d4d5df6e22060234401ce415fe7a8577a2c61071f,6f5d6cc12ba22d7a4d7fe85d4d5df6e22060234401ce415fe7a8577a2c61071f,1,no_attention,43,3,0.91797644
550d0cb250962b4ef1a0cbf8dade59019a8a5153041d49dbfea6410b89f2de79,550d0cb250962b4ef1a0cbf8dade59019a8a5153041d49dbfea6410b89f2de79,0,no_multiscale,43,3,0.86554617
16266df37b596ba5c42fb4225ae4cb15711d304d322448d8f379e0f71b73ae03,16266df37b596ba5c42fb4225ae4cb15711d304d322448d8f379e0f71b73ae03,0,no_multiscale,43,3,0.34069887
87cdc2d151b003be78f52c0dc7c07c1b047f879846b8f7d96b95c39a3d62a70e,87cdc2d151b003be78f52c0dc7c07c1b047f879846b8f7d96b95c39a3d62a70e,0,no_multiscale,43,3,0.16708812
019da44350c7f407f687bae7972cf5585a64977a32c8894384bc36589526e17d,019da44350c7f407f687bae7972cf5585a64977a32c8894384bc36589526e17d,0,no_multiscale,43,3,0.89271146
02fc06d496bbdb0756b65e3b7fdf210a3c07d218b79e0d16eface84e5db72b89,02fc06d496bbdb0756b65e3b7fdf210a3c07d218b79e0d16eface84e5db72b89,0,no_multiscale,43,3,0.5098211
4bda8fe0504ef79e0c9e3e86bb23aae41a67fc050c524ee0e18cc8f923a5da1c,4bda8fe0504ef79e0c9e3e86bb23aae41a67fc050c524ee0e18cc8f923a5da1c,0,no_multiscale,43,3,0.51418257
24d646d7d0db7f6ed4fd2ce895d86acd1c879548873e89a83d72b7a148e2a8fb,24d646d7d0db7f6ed4fd2ce895d86acd1c879548873e89a83d72b7a148e2a8fb,0,no_multiscale,43,3,0.6205136
3de32c152527af18060fc9a0eb01b0ede6025f1994ad3586e96c4a47c3e23898,3de32c152527af18060fc9a0eb01b0ede6025f1994ad3586e96c4a47c3e23898,0,no_multiscale,43,3,0.82074565
7f2c92f25bb20cc189aa475c0e8c21ed0b70b538a33920e2fd6a3276522406f3,7f2c92f25bb20cc189aa475c0e8c21ed0b70b538a33920e2fd6a3276522406f3,0,no_multiscale,43,3,0.14338303
c30f889c48513fe695a6509aa86ffa7952d40b96e13c1e84b319cf6914823e9a,3de32c152527af18060fc9a0eb01b0ede6025f1994ad3586e96c4a47c3e23898,0,no_multiscale,43,3,0.8283833
1af16b025f254c861448bec4d04652b8f81a6850788d507160404fe4f14a5c4f,1af16b025f254c861448bec4d04652b8f81a6850788d507160404fe4f14a5c4f,0,no_multiscale,43,3,0.8683728
987c812a794593c0a8b58f1eed8aac0cf015230fc3a1640b82cf95d91a5609c5,987c812a794593c0a8b58f1eed8aac0cf015230fc3a1640b82cf95d91a5609c5,0,no_multiscale,43,3,0.16540119
eab1eeda798eb5191c4547fb06ccdb98a91b4b4536417d5aa75529cbd2897cad,eab1eeda798eb5191c4547fb06ccdb98a91b4b4536417d5aa75529cbd2897cad,0,no_multiscale,43,3,0.3361737
96dc1ea3df3a481c9959598a38a12ce3ad1fe7159bb523a0c3cc7df71d2539fb,96dc1ea3df3a481c9959598a38a12ce3ad1fe7159bb523a0c3cc7df71d2539fb,0,no_multiscale,43,3,0.25948906
69f020ad229e313caa6d2ba04285a8fd070c7bd45d1759c9ad22a89902c98500,69f020ad229e313caa6d2ba04285a8fd070c7bd45d1759c9ad22a89902c98500,0,no_multiscale,43,3,0.3892969
e30545c15b64efcf60c0cd2b7d635d3af6d842df4753ebffd331d1363ba601ea,e30545c15b64efcf60c0cd2b7d635d3af6d842df4753ebffd331d1363ba601ea,1,no_multiscale,43,3,0.29143572
8a7b8d8d0ce44d78c292dab54e953a2abb51a20a1e08ca691cea5bc3725bd729,8a7b8d8d0ce44d78c292dab54e953a2abb51a20a1e08ca691cea5bc3725bd729,1,no_multiscale,43,3,0.8121431
0e73f125d639eb939b9fac62506a72251c106ac784c139c3ffcd160b58b54d03,0e73f125d639eb939b9fac62506a72251c106ac784c139c3ffcd160b58b54d03,1,no_multiscale,43,3,0.34316927
329f1df4eb53b0530dcf747e4459b87e11fc5ea7c4310a090dbe01f5e925ac38,329f1df4eb53b0530dcf747e4459b87e11fc5ea7c4310a090dbe01f5e925ac38,1,no_multiscale,43,3,0.91972315
665398dd64a3482917a9fc377bbcbee957e0f4bf4e48a7d49fb3c6bfcfdd73c9,665398dd64a3482917a9fc377bbcbee957e0f4bf4e48a7d49fb3c6bfcfdd73c9,1,no_multiscale,43,3,0.9261954
44a9fb3b86cdeb63e8858c40ac79c109d89382cfb30fafa7eb703449c7433ada,44a9fb3b86cdeb63e8858c40ac79c109d89382cfb30fafa7eb703449c7433ada,1,no_multiscale,43,3,0.7960033
917c2b80ad1d6f68ad73193c916a97ad9f0c1631bfa2279f7e1a3f4cfab69e69,917c2b80ad1d6f68ad73193c916a97ad9f0c1631bfa2279f7e1a3f4cfab69e69,1,no_multiscale,43,3,0.8718977
b9f9d5612381f7fcb0a7403d37521ff95c4552a276dc1afb02f2739e62a12d10,b9f9d5612381f7fcb0a7403d37521ff95c4552a276dc1afb02f2739e62a12d10,1,no_multiscale,43,3,0.544427
5aad9032ce847fbf5fbef835461e111546a72ba7e2e2b207f59845a52082ed85,5aad9032ce847fbf5fbef835461e111546a72ba7e2e2b207f59845a52082ed85,1,no_multiscale,43,3,0.7783221
f8b081d13042660a736ea3535411752118892f3a03e6083f3b1e09a2c4ffea5e,f8b081d13042660a736ea3535411752118892f3a03e6083f3b1e09a2c4ffea5e,1,no_multiscale,43,3,0.771819
681e44e7111a482ff90f70efd6cdf2b884d671322604ff93c091e46b55b2064d,681e44e7111a482ff90f70efd6cdf2b884d671322604ff93c091e46b55b2064d,1,no_multiscale,43,3,0.89461863
2f0019ed81ac1f1e20cb097e01ef675244c5a5c79cd53252977cf1ac511696f4,2f0019ed81ac1f1e20cb097e01ef675244c5a5c79cd53252977cf1ac511696f4,1,no_multiscale,43,3,0.93324614
70fccd62038f1e8f3fcba827e8b0f332f75bc4e329d47d979515a6fbf63c607c,70fccd62038f1e8f3fcba827e8b0f332f75bc4e329d47d979515a6fbf63c607c,1,no_multiscale,43,3,0.90924627
078b62143609978eff9ee30251ed34d52c9e799ca00d04fdf166ff0d2d7644ba,078b62143609978eff9ee30251ed34d52c9e799ca00d04fdf166ff0d2d7644ba,1,no_multiscale,43,3,0.9556096
adbda2cd245abb1f50d6fc13b63018dc3d585ae06229465743f8da20dd011023,adbda2cd245abb1f50d6fc13b63018dc3d585ae06229465743f8da20dd011023,1,no_multiscale,43,3,0.9043758
254ec0b2133af0acfddca8c448b694d23d062f985daf388d05ced2f269372966,254ec0b2133af0acfddca8c448b694d23d062f985daf388d05ced2f269372966,1,no_multiscale,43,3,0.8723064
caf1bb9b61f8ce8b71c6d7283ed913e49686befe54572e9371c99680b62e8190,caf1bb9b61f8ce8b71c6d7283ed913e49686befe54572e9371c99680b62e8190,1,no_multiscale,43,3,0.89028347
536ae010b72dec062b3a689b3915910694c732a12098ef5bdc10ebe81b7477f3,536ae010b72dec062b3a689b3915910694c732a12098ef5bdc10ebe81b7477f3,1,no_multiscale,43,3,0.9275855
c626d3b0cbc6ba8ea7e9049da47367c61b054c32f61809d3752c3e734d5062e9,c626d3b0cbc6ba8ea7e9049da47367c61b054c32f61809d3752c3e734d5062e9,1,no_multiscale,43,3,0.79956836
a734d21670a7344e01b0dec42fc76147cd87a3d4bdf41f56aae6ee1f91aa32b9,a734d21670a7344e01b0dec42fc76147cd87a3d4bdf41f56aae6ee1f91aa32b9,1,no_multiscale,43,3,0.6521131
bb28460f798cf3c1437974cff9208b3a5d3adc72304da42e7ddbb2232cf0117a,bb28460f798cf3c1437974cff9208b3a5d3adc72304da42e7ddbb2232cf0117a,1,no_multiscale,43,3,0.47721314
d1a91e77cf6f1ebf0127b7f8154ce032b9b1aa2a79156f123da382c49d536320,d1a91e77cf6f1ebf0127b7f8154ce032b9b1aa2a79156f123da382c49d536320,1,no_multiscale,43,3,0.93014044
8fd29c26253f5b732202ec57a7031eb06ca6a2bd426f107e00973ddc713f628a,8fd29c26253f5b732202ec57a7031eb06ca6a2bd426f107e00973ddc713f628a,1,no_multiscale,43,3,0.4843519
d372be321de1f98feb43f054912464cb4f983b8a24ef0376036ea2c8ec122b41,d372be321de1f98feb43f054912464cb4f983b8a24ef0376036ea2c8ec122b41,1,no_multiscale,43,3,0.8431292
207b091128fc623231f1f7b9e0cc5fb1c112ef55d8d14933de01a634a07cbb7e,207b091128fc623231f1f7b9e0cc5fb1c112ef55d8d14933de01a634a07cbb7e,1,no_multiscale,43,3,0.7218899
48e14956e775a971778412f5edbc26f87ed3ae651aeca48fc069294f6dcc166c,48e14956e775a971778412f5edbc26f87ed3ae651aeca48fc069294f6dcc166c,1,no_multiscale,43,3,0.43318647
a72f7ff6699463e309b867152937536c79c3a8e1ebe62553c6fcdaa1a07c304a,a72f7ff6699463e309b867152937536c79c3a8e1ebe62553c6fcdaa1a07c304a,1,no_multiscale,43,3,0.5160397
6f5d6cc12ba22d7a4d7fe85d4d5df6e22060234401ce415fe7a8577a2c61071f,6f5d6cc12ba22d7a4d7fe85d4d5df6e22060234401ce415fe7a8577a2c61071f,1,no_multiscale,43,3,0.86300564
550d0cb250962b4ef1a0cbf8dade59019a8a5153041d49dbfea6410b89f2de79,550d0cb250962b4ef1a0cbf8dade59019a8a5153041d49dbfea6410b89f2de79,0,no_attention_no_multiscale,43,3,0.18863526
16266df37b596ba5c42fb4225ae4cb15711d304d322448d8f379e0f71b73ae03,16266df37b596ba5c42fb4225ae4cb15711d304d322448d8f379e0f71b73ae03,0,no_attention_no_multiscale,43,3,0.014316735
87cdc2d151b003be78f52c0dc7c07c1b047f879846b8f7d96b95c39a3d62a70e,87cdc2d151b003be78f52c0dc7c07c1b047f879846b8f7d96b95c39a3d62a70e,0,no_attention_no_multiscale,43,3,0.015673304
019da44350c7f407f687bae7972cf5585a64977a32c8894384bc36589526e17d,019da44350c7f407f687bae7972cf5585a64977a32c8894384bc36589526e17d,0,no_attention_no_multiscale,43,3,0.72111785
02fc06d496bbdb0756b65e3b7fdf210a3c07d218b79e0d16eface84e5db72b89,02fc06d496bbdb0756b65e3b7fdf210a3c07d218b79e0d16eface84e5db72b89,0,no_attention_no_multiscale,43,3,0.050919168
4bda8fe0504ef79e0c9e3e86bb23aae41a67fc050c524ee0e18cc8f923a5da1c,4bda8fe0504ef79e0c9e3e86bb23aae41a67fc050c524ee0e18cc8f923a5da1c,0,no_attention_no_multiscale,43,3,0.23512955
24d646d7d0db7f6ed4fd2ce895d86acd1c879548873e89a83d72b7a148e2a8fb,24d646d7d0db7f6ed4fd2ce895d86acd1c879548873e89a83d72b7a148e2a8fb,0,no_attention_no_multiscale,43,3,0.3899948
3de32c152527af18060fc9a0eb01b0ede6025f1994ad3586e96c4a47c3e23898,3de32c152527af18060fc9a0eb01b0ede6025f1994ad3586e96c4a47c3e23898,0,no_attention_no_multiscale,43,3,0.662115
7f2c92f25bb20cc189aa475c0e8c21ed0b70b538a33920e2fd6a3276522406f3,7f2c92f25bb20cc189aa475c0e8c21ed0b70b538a33920e2fd6a3276522406f3,0,no_attention_no_multiscale,43,3,0.06283598
c30f889c48513fe695a6509aa86ffa7952d40b96e13c1e84b319cf6914823e9a,3de32c152527af18060fc9a0eb01b0ede6025f1994ad3586e96c4a47c3e23898,0,no_attention_no_multiscale,43,3,0.6904335
1af16b025f254c861448bec4d04652b8f81a6850788d507160404fe4f14a5c4f,1af16b025f254c861448bec4d04652b8f81a6850788d507160404fe4f14a5c4f,0,no_attention_no_multiscale,43,3,0.96414953
987c812a794593c0a8b58f1eed8aac0cf015230fc3a1640b82cf95d91a5609c5,987c812a794593c0a8b58f1eed8aac0cf015230fc3a1640b82cf95d91a5609c5,0,no_attention_no_multiscale,43,3,0.037450984
eab1eeda798eb5191c4547fb06ccdb98a91b4b4536417d5aa75529cbd2897cad,eab1eeda798eb5191c4547fb06ccdb98a91b4b4536417d5aa75529cbd2897cad,0,no_attention_no_multiscale,43,3,0.05771721
96dc1ea3df3a481c9959598a38a12ce3ad1fe7159bb523a0c3cc7df71d2539fb,96dc1ea3df3a481c9959598a38a12ce3ad1fe7159bb523a0c3cc7df71d2539fb,0,no_attention_no_multiscale,43,3,0.075138904
69f020ad229e313caa6d2ba04285a8fd070c7bd45d1759c9ad22a89902c98500,69f020ad229e313caa6d2ba04285a8fd070c7bd45d1759c9ad22a89902c98500,0,no_attention_no_multiscale,43,3,0.07349546
e30545c15b64efcf60c0cd2b7d635d3af6d842df4753ebffd331d1363ba601ea,e30545c15b64efcf60c0cd2b7d635d3af6d842df4753ebffd331d1363ba601ea,1,no_attention_no_multiscale,43,3,0.12889194
8a7b8d8d0ce44d78c292dab54e953a2abb51a20a1e08ca691cea5bc3725bd729,8a7b8d8d0ce44d78c292dab54e953a2abb51a20a1e08ca691cea5bc3725bd729,1,no_attention_no_multiscale,43,3,0.9276315
0e73f125d639eb939b9fac62506a72251c106ac784c139c3ffcd160b58b54d03,0e73f125d639eb939b9fac62506a72251c106ac784c139c3ffcd160b58b54d03,1,no_attention_no_multiscale,43,3,0.11753199
329f1df4eb53b0530dcf747e4459b87e11fc5ea7c4310a090dbe01f5e925ac38,329f1df4eb53b0530dcf747e4459b87e11fc5ea7c4310a090dbe01f5e925ac38,1,no_attention_no_multiscale,43,3,0.9709273
665398dd64a3482917a9fc377bbcbee957e0f4bf4e48a7d49fb3c6bfcfdd73c9,665398dd64a3482917a9fc377bbcbee957e0f4bf4e48a7d49fb3c6bfcfdd73c9,1,no_attention_no_multiscale,43,3,0.99040926
44a9fb3b86cdeb63e8858c40ac79c109d89382cfb30fafa7eb703449c7433ada,44a9fb3b86cdeb63e8858c40ac79c109d89382cfb30fafa7eb703449c7433ada,1,no_attention_no_multiscale,43,3,0.9079948
917c2b80ad1d6f68ad73193c916a97ad9f0c1631bfa2279f7e1a3f4cfab69e69,917c2b80ad1d6f68ad73193c916a97ad9f0c1631bfa2279f7e1a3f4cfab69e69,1,no_attention_no_multiscale,43,3,0.8866663
b9f9d5612381f7fcb0a7403d37521ff95c4552a276dc1afb02f2739e62a12d10,b9f9d5612381f7fcb0a7403d37521ff95c4552a276dc1afb02f2739e62a12d10,1,no_attention_no_multiscale,43,3,0.084808916
5aad9032ce847fbf5fbef835461e111546a72ba7e2e2b207f59845a52082ed85,5aad9032ce847fbf5fbef835461e111546a72ba7e2e2b207f59845a52082ed85,1,no_attention_no_multiscale,43,3,0.5995592
f8b081d13042660a736ea3535411752118892f3a03e6083f3b1e09a2c4ffea5e,f8b081d13042660a736ea3535411752118892f3a03e6083f3b1e09a2c4ffea5e,1,no_attention_no_multiscale,43,3,0.5389035
681e44e7111a482ff90f70efd6cdf2b884d671322604ff93c091e46b55b2064d,681e44e7111a482ff90f70efd6cdf2b884d671322604ff93c091e46b55b2064d,1,no_attention_no_multiscale,43,3,0.9444863
2f0019ed81ac1f1e20cb097e01ef675244c5a5c79cd53252977cf1ac511696f4,2f0019ed81ac1f1e20cb097e01ef675244c5a5c79cd53252977cf1ac511696f4,1,no_attention_no_multiscale,43,3,0.9605269
70fccd62038f1e8f3fcba827e8b0f332f75bc4e329d47d979515a6fbf63c607c,70fccd62038f1e8f3fcba827e8b0f332f75bc4e329d47d979515a6fbf63c607c,1,no_attention_no_multiscale,43,3,0.98307055
078b62143609978eff9ee30251ed34d52c9e799ca00d04fdf166ff0d2d7644ba,078b62143609978eff9ee30251ed34d52c9e799ca00d04fdf166ff0d2d7644ba,1,no_attention_no_multiscale,43,3,0.9872457
adbda2cd245abb1f50d6fc13b63018dc3d585ae06229465743f8da20dd011023,adbda2cd245abb1f50d6fc13b63018dc3d585ae06229465743f8da20dd011023,1,no_attention_no_multiscale,43,3,0.99002683
254ec0b2133af0acfddca8c448b694d23d062f985daf388d05ced2f269372966,254ec0b2133af0acfddca8c448b694d23d062f985daf388d05ced2f269372966,1,no_attention_no_multiscale,43,3,0.94330376
caf1bb9b61f8ce8b71c6d7283ed913e49686befe54572e9371c99680b62e8190,caf1bb9b61f8ce8b71c6d7283ed913e49686befe54572e9371c99680b62e8190,1,no_attention_no_multiscale,43,3,0.97657555
536ae010b72dec062b3a689b3915910694c732a12098ef5bdc10ebe81b7477f3,536ae010b72dec062b3a689b3915910694c732a12098ef5bdc10ebe81b7477f3,1,no_attention_no_multiscale,43,3,0.9834864
c626d3b0cbc6ba8ea7e9049da47367c61b054c32f61809d3752c3e734d5062e9,c626d3b0cbc6ba8ea7e9049da47367c61b054c32f61809d3752c3e734d5062e9,1,no_attention_no_multiscale,43,3,0.8649654
a734d21670a7344e01b0dec42fc76147cd87a3d4bdf41f56aae6ee1f91aa32b9,a734d21670a7344e01b0dec42fc76147cd87a3d4bdf41f56aae6ee1f91aa32b9,1,no_attention_no_multiscale,43,3,0.75556076
bb28460f798cf3c1437974cff9208b3a5d3adc72304da42e7ddbb2232cf0117a,bb28460f798cf3c1437974cff9208b3a5d3adc72304da42e7ddbb2232cf0117a,1,no_attention_no_multiscale,43,3,0.47052738
d1a91e77cf6f1ebf0127b7f8154ce032b9b1aa2a79156f123da382c49d536320,d1a91e77cf6f1ebf0127b7f8154ce032b9b1aa2a79156f123da382c49d536320,1,no_attention_no_multiscale,43,3,0.97135484
8fd29c26253f5b732202ec57a7031eb06ca6a2bd426f107e00973ddc713f628a,8fd29c26253f5b732202ec57a7031eb06ca6a2bd426f107e00973ddc713f628a,1,no_attention_no_multiscale,43,3,0.07081388
d372be321de1f98feb43f054912464cb4f983b8a24ef0376036ea2c8ec122b41,d372be321de1f98feb43f054912464cb4f983b8a24ef0376036ea2c8ec122b41,1,no_attention_no_multiscale,43,3,0.98604834
207b091128fc623231f1f7b9e0cc5fb1c112ef55d8d14933de01a634a07cbb7e,207b091128fc623231f1f7b9e0cc5fb1c112ef55d8d14933de01a634a07cbb7e,1,no_attention_no_multiscale,43,3,0.6225872
48e14956e775a971778412f5edbc26f87ed3ae651aeca48fc069294f6dcc166c,48e14956e775a971778412f5edbc26f87ed3ae651aeca48fc069294f6dcc166c,1,no_attention_no_multiscale,43,3,0.11210202
a72f7ff6699463e309b867152937536c79c3a8e1ebe62553c6fcdaa1a07c304a,a72f7ff6699463e309b867152937536c79c3a8e1ebe62553c6fcdaa1a07c304a,1,no_attention_no_multiscale,43,3,0.22509715
6f5d6cc12ba22d7a4d7fe85d4d5df6e22060234401ce415fe7a8577a2c61071f,6f5d6cc12ba22d7a4d7fe85d4d5df6e22060234401ce415fe7a8577a2c61071f,1,no_attention_no_multiscale,43,3,0.8673061
550d0cb250962b4ef1a0cbf8dade59019a8a5153041d49dbfea6410b89f2de79,550d0cb250962b4ef1a0cbf8dade59019a8a5153041d49dbfea6410b89f2de79,0,no_augmentation,43,3,0.59153193
16266df37b596ba5c42fb4225ae4cb15711d304d322448d8f379e0f71b73ae03,16266df37b596ba5c42fb4225ae4cb15711d304d322448d8f379e0f71b73ae03,0,no_augmentation,43,3,0.8968543
87cdc2d151b003be78f52c0dc7c07c1b047f879846b8f7d96b95c39a3d62a70e,87cdc2d151b003be78f52c0dc7c07c1b047f879846b8f7d96b95c39a3d62a70e,0,no_augmentation,43,3,0.08755407
019da44350c7f407f687bae7972cf5585a64977a32c8894384bc36589526e17d,019da44350c7f407f687bae7972cf5585a64977a32c8894384bc36589526e17d,0,no_augmentation,43,3,0.95515394
02fc06d496bbdb0756b65e3b7fdf210a3c07d218b79e0d16eface84e5db72b89,02fc06d496bbdb0756b65e3b7fdf210a3c07d218b79e0d16eface84e5db72b89,0,no_augmentation,43,3,0.9415647
4bda8fe0504ef79e0c9e3e86bb23aae41a67fc050c524ee0e18cc8f923a5da1c,4bda8fe0504ef79e0c9e3e86bb23aae41a67fc050c524ee0e18cc8f923a5da1c,0,no_augmentation,43,3,0.79344356
24d646d7d0db7f6ed4fd2ce895d86acd1c879548873e89a83d72b7a148e2a8fb,24d646d7d0db7f6ed4fd2ce895d86acd1c879548873e89a83d72b7a148e2a8fb,0,no_augmentation,43,3,0.29547158
3de32c152527af18060fc9a0eb01b0ede6025f1994ad3586e96c4a47c3e23898,3de32c152527af18060fc9a0eb01b0ede6025f1994ad3586e96c4a47c3e23898,0,no_augmentation,43,3,0.96946454
7f2c92f25bb20cc189aa475c0e8c21ed0b70b538a33920e2fd6a3276522406f3,7f2c92f25bb20cc189aa475c0e8c21ed0b70b538a33920e2fd6a3276522406f3,0,no_augmentation,43,3,0.018275507
c30f889c48513fe695a6509aa86ffa7952d40b96e13c1e84b319cf6914823e9a,3de32c152527af18060fc9a0eb01b0ede6025f1994ad3586e96c4a47c3e23898,0,no_augmentation,43,3,0.9662058
1af16b025f254c861448bec4d04652b8f81a6850788d507160404fe4f14a5c4f,1af16b025f254c861448bec4d04652b8f81a6850788d507160404fe4f14a5c4f,0,no_augmentation,43,3,0.7702906
987c812a794593c0a8b58f1eed8aac0cf015230fc3a1640b82cf95d91a5609c5,987c812a794593c0a8b58f1eed8aac0cf015230fc3a1640b82cf95d91a5609c5,0,no_augmentation,43,3,0.045344274
eab1eeda798eb5191c4547fb06ccdb98a91b4b4536417d5aa75529cbd2897cad,eab1eeda798eb5191c4547fb06ccdb98a91b4b4536417d5aa75529cbd2897cad,0,no_augmentation,43,3,0.01616347
96dc1ea3df3a481c9959598a38a12ce3ad1fe7159bb523a0c3cc7df71d2539fb,96dc1ea3df3a481c9959598a38a12ce3ad1fe7159bb523a0c3cc7df71d2539fb,0,no_augmentation,43,3,0.044859488
69f020ad229e313caa6d2ba04285a8fd070c7bd45d1759c9ad22a89902c98500,69f020ad229e313caa6d2ba04285a8fd070c7bd45d1759c9ad22a89902c98500,0,no_augmentation,43,3,0.069517195
e30545c15b64efcf60c0cd2b7d635d3af6d842df4753ebffd331d1363ba601ea,e30545c15b64efcf60c0cd2b7d635d3af6d842df4753ebffd331d1363ba601ea,1,no_augmentation,43,3,0.115906805
8a7b8d8d0ce44d78c292dab54e953a2abb51a20a1e08ca691cea5bc3725bd729,8a7b8d8d0ce44d78c292dab54e953a2abb51a20a1e08ca691cea5bc3725bd729,1,no_augmentation,43,3,0.92774355
0e73f125d639eb939b9fac62506a72251c106ac784c139c3ffcd160b58b54d03,0e73f125d639eb939b9fac62506a72251c106ac784c139c3ffcd160b58b54d03,1,no_augmentation,43,3,0.3610524
329f1df4eb53b0530dcf747e4459b87e11fc5ea7c4310a090dbe01f5e925ac38,329f1df4eb53b0530dcf747e4459b87e11fc5ea7c4310a090dbe01f5e925ac38,1,no_augmentation,43,3,0.97880906
665398dd64a3482917a9fc377bbcbee957e0f4bf4e48a7d49fb3c6bfcfdd73c9,665398dd64a3482917a9fc377bbcbee957e0f4bf4e48a7d49fb3c6bfcfdd73c9,1,no_augmentation,43,3,0.96385443
44a9fb3b86cdeb63e8858c40ac79c109d89382cfb30fafa7eb703449c7433ada,44a9fb3b86cdeb63e8858c40ac79c109d89382cfb30fafa7eb703449c7433ada,1,no_augmentation,43,3,0.9706937
917c2b80ad1d6f68ad73193c916a97ad9f0c1631bfa2279f7e1a3f4cfab69e69,917c2b80ad1d6f68ad73193c916a97ad9f0c1631bfa2279f7e1a3f4cfab69e69,1,no_augmentation,43,3,0.9601711
b9f9d5612381f7fcb0a7403d37521ff95c4552a276dc1afb02f2739e62a12d10,b9f9d5612381f7fcb0a7403d37521ff95c4552a276dc1afb02f2739e62a12d10,1,no_augmentation,43,3,0.20926076
5aad9032ce847fbf5fbef835461e111546a72ba7e2e2b207f59845a52082ed85,5aad9032ce847fbf5fbef835461e111546a72ba7e2e2b207f59845a52082ed85,1,no_augmentation,43,3,0.97203314
f8b081d13042660a736ea3535411752118892f3a03e6083f3b1e09a2c4ffea5e,f8b081d13042660a736ea3535411752118892f3a03e6083f3b1e09a2c4ffea5e,1,no_augmentation,43,3,0.44884846
681e44e7111a482ff90f70efd6cdf2b884d671322604ff93c091e46b55b2064d,681e44e7111a482ff90f70efd6cdf2b884d671322604ff93c091e46b55b2064d,1,no_augmentation,43,3,0.88346213
2f0019ed81ac1f1e20cb097e01ef675244c5a5c79cd53252977cf1ac511696f4,2f0019ed81ac1f1e20cb097e01ef675244c5a5c79cd53252977cf1ac511696f4,1,no_augmentation,43,3,0.98193467
70fccd62038f1e8f3fcba827e8b0f332f75bc4e329d47d979515a6fbf63c607c,70fccd62038f1e8f3fcba827e8b0f332f75bc4e329d47d979515a6fbf63c607c,1,no_augmentation,43,3,0.9596789
078b62143609978eff9ee30251ed34d52c9e799ca00d04fdf166ff0d2d7644ba,078b62143609978eff9ee30251ed34d52c9e799ca00d04fdf166ff0d2d7644ba,1,no_augmentation,43,3,0.9721234
adbda2cd245abb1f50d6fc13b63018dc3d585ae06229465743f8da20dd011023,adbda2cd245abb1f50d6fc13b63018dc3d585ae06229465743f8da20dd011023,1,no_augmentation,43,3,0.94972324
254ec0b2133af0acfddca8c448b694d23d062f985daf388d05ced2f269372966,254ec0b2133af0acfddca8c448b694d23d062f985daf388d05ced2f269372966,1,no_augmentation,43,3,0.9560696
caf1bb9b61f8ce8b71c6d7283ed913e49686befe54572e9371c99680b62e8190,caf1bb9b61f8ce8b71c6d7283ed913e49686befe54572e9371c99680b62e8190,1,no_augmentation,43,3,0.97175795
536ae010b72dec062b3a689b3915910694c732a12098ef5bdc10ebe81b7477f3,536ae010b72dec062b3a689b3915910694c732a12098ef5bdc10ebe81b7477f3,1,no_augmentation,43,3,0.9696241
c626d3b0cbc6ba8ea7e9049da47367c61b054c32f61809d3752c3e734d5062e9,c626d3b0cbc6ba8ea7e9049da47367c61b054c32f61809d3752c3e734d5062e9,1,no_augmentation,43,3,0.8848166
a734d21670a7344e01b0dec42fc76147cd87a3d4bdf41f56aae6ee1f91aa32b9,a734d21670a7344e01b0dec42fc76147cd87a3d4bdf41f56aae6ee1f91aa32b9,1,no_augmentation,43,3,0.9463686
bb28460f798cf3c1437974cff9208b3a5d3adc72304da42e7ddbb2232cf0117a,bb28460f798cf3c1437974cff9208b3a5d3adc72304da42e7ddbb2232cf0117a,1,no_augmentation,43,3,0.3960251
d1a91e77cf6f1ebf0127b7f8154ce032b9b1aa2a79156f123da382c49d536320,d1a91e77cf6f1ebf0127b7f8154ce032b9b1aa2a79156f123da382c49d536320,1,no_augmentation,43,3,0.97285795
8fd29c26253f5b732202ec57a7031eb06ca6a2bd426f107e00973ddc713f628a,8fd29c26253f5b732202ec57a7031eb06ca6a2bd426f107e00973ddc713f628a,1,no_augmentation,43,3,0.118018776
d372be321de1f98feb43f054912464cb4f983b8a24ef0376036ea2c8ec122b41,d372be321de1f98feb43f054912464cb4f983b8a24ef0376036ea2c8ec122b41,1,no_augmentation,43,3,0.92996633
207b091128fc623231f1f7b9e0cc5fb1c112ef55d8d14933de01a634a07cbb7e,207b091128fc623231f1f7b9e0cc5fb1c112ef55d8d14933de01a634a07cbb7e,1,no_augmentation,43,3,0.9457685
48e14956e775a971778412f5edbc26f87ed3ae651aeca48fc069294f6dcc166c,48e14956e775a971778412f5edbc26f87ed3ae651aeca48fc069294f6dcc166c,1,no_augmentation,43,3,0.60221034
a72f7ff6699463e309b867152937536c79c3a8e1ebe62553c6fcdaa1a07c304a,a72f7ff6699463e309b867152937536c79c3a8e1ebe62553c6fcdaa1a07c304a,1,no_augmentation,43,3,0.847621
6f5d6cc12ba22d7a4d7fe85d4d5df6e22060234401ce415fe7a8577a2c61071f,6f5d6cc12ba22d7a4d7fe85d4d5df6e22060234401ce415fe7a8577a2c61071f,1,no_augmentation,43,3,0.9298445
550d0cb250962b4ef1a0cbf8dade59019a8a5153041d49dbfea6410b89f2de79,550d0cb250962b4ef1a0cbf8dade59019a8a5153041d49dbfea6410b89f2de79,0,plain_cnn,43,3,0.77281815
16266df37b596ba5c42fb4225ae4cb15711d304d322448d8f379e0f71b73ae03,16266df37b596ba5c42fb4225ae4cb15711d304d322448d8f379e0f71b73ae03,0,plain_cnn,43,3,0.64501584
87cdc2d151b003be78f52c0dc7c07c1b047f879846b8f7d96b95c39a3d62a70e,87cdc2d151b003be78f52c0dc7c07c1b047f879846b8f7d96b95c39a3d62a70e,0,plain_cnn,43,3,0.25949004
019da44350c7f407f687bae7972cf5585a64977a32c8894384bc36589526e17d,019da44350c7f407f687bae7972cf5585a64977a32c8894384bc36589526e17d,0,plain_cnn,43,3,0.7760989
02fc06d496bbdb0756b65e3b7fdf210a3c07d218b79e0d16eface84e5db72b89,02fc06d496bbdb0756b65e3b7fdf210a3c07d218b79e0d16eface84e5db72b89,0,plain_cnn,43,3,0.6971358
4bda8fe0504ef79e0c9e3e86bb23aae41a67fc050c524ee0e18cc8f923a5da1c,4bda8fe0504ef79e0c9e3e86bb23aae41a67fc050c524ee0e18cc8f923a5da1c,0,plain_cnn,43,3,0.47346842
24d646d7d0db7f6ed4fd2ce895d86acd1c879548873e89a83d72b7a148e2a8fb,24d646d7d0db7f6ed4fd2ce895d86acd1c879548873e89a83d72b7a148e2a8fb,0,plain_cnn,43,3,0.6934419
3de32c152527af18060fc9a0eb01b0ede6025f1994ad3586e96c4a47c3e23898,3de32c152527af18060fc9a0eb01b0ede6025f1994ad3586e96c4a47c3e23898,0,plain_cnn,43,3,0.594486
7f2c92f25bb20cc189aa475c0e8c21ed0b70b538a33920e2fd6a3276522406f3,7f2c92f25bb20cc189aa475c0e8c21ed0b70b538a33920e2fd6a3276522406f3,0,plain_cnn,43,3,0.16045862
c30f889c48513fe695a6509aa86ffa7952d40b96e13c1e84b319cf6914823e9a,3de32c152527af18060fc9a0eb01b0ede6025f1994ad3586e96c4a47c3e23898,0,plain_cnn,43,3,0.60549897
1af16b025f254c861448bec4d04652b8f81a6850788d507160404fe4f14a5c4f,1af16b025f254c861448bec4d04652b8f81a6850788d507160404fe4f14a5c4f,0,plain_cnn,43,3,0.7763993
987c812a794593c0a8b58f1eed8aac0cf015230fc3a1640b82cf95d91a5609c5,987c812a794593c0a8b58f1eed8aac0cf015230fc3a1640b82cf95d91a5609c5,0,plain_cnn,43,3,0.3280412
eab1eeda798eb5191c4547fb06ccdb98a91b4b4536417d5aa75529cbd2897cad,eab1eeda798eb5191c4547fb06ccdb98a91b4b4536417d5aa75529cbd2897cad,0,plain_cnn,43,3,0.31682932
96dc1ea3df3a481c9959598a38a12ce3ad1fe7159bb523a0c3cc7df71d2539fb,96dc1ea3df3a481c9959598a38a12ce3ad1fe7159bb523a0c3cc7df71d2539fb,0,plain_cnn,43,3,0.095439516
69f020ad229e313caa6d2ba04285a8fd070c7bd45d1759c9ad22a89902c98500,69f020ad229e313caa6d2ba04285a8fd070c7bd45d1759c9ad22a89902c98500,0,plain_cnn,43,3,0.2509284
e30545c15b64efcf60c0cd2b7d635d3af6d842df4753ebffd331d1363ba601ea,e30545c15b64efcf60c0cd2b7d635d3af6d842df4753ebffd331d1363ba601ea,1,plain_cnn,43,3,0.3237604
8a7b8d8d0ce44d78c292dab54e953a2abb51a20a1e08ca691cea5bc3725bd729,8a7b8d8d0ce44d78c292dab54e953a2abb51a20a1e08ca691cea5bc3725bd729,1,plain_cnn,43,3,0.7613982
0e73f125d639eb939b9fac62506a72251c106ac784c139c3ffcd160b58b54d03,0e73f125d639eb939b9fac62506a72251c106ac784c139c3ffcd160b58b54d03,1,plain_cnn,43,3,0.3985911
329f1df4eb53b0530dcf747e4459b87e11fc5ea7c4310a090dbe01f5e925ac38,329f1df4eb53b0530dcf747e4459b87e11fc5ea7c4310a090dbe01f5e925ac38,1,plain_cnn,43,3,0.7839004
665398dd64a3482917a9fc377bbcbee957e0f4bf4e48a7d49fb3c6bfcfdd73c9,665398dd64a3482917a9fc377bbcbee957e0f4bf4e48a7d49fb3c6bfcfdd73c9,1,plain_cnn,43,3,0.8208803
44a9fb3b86cdeb63e8858c40ac79c109d89382cfb30fafa7eb703449c7433ada,44a9fb3b86cdeb63e8858c40ac79c109d89382cfb30fafa7eb703449c7433ada,1,plain_cnn,43,3,0.64920473
917c2b80ad1d6f68ad73193c916a97ad9f0c1631bfa2279f7e1a3f4cfab69e69,917c2b80ad1d6f68ad73193c916a97ad9f0c1631bfa2279f7e1a3f4cfab69e69,1,plain_cnn,43,3,0.60559183
b9f9d5612381f7fcb0a7403d37521ff95c4552a276dc1afb02f2739e62a12d10,b9f9d5612381f7fcb0a7403d37521ff95c4552a276dc1afb02f2739e62a12d10,1,plain_cnn,43,3,0.68366754
5aad9032ce847fbf5fbef835461e111546a72ba7e2e2b207f59845a52082ed85,5aad9032ce847fbf5fbef835461e111546a72ba7e2e2b207f59845a52082ed85,1,plain_cnn,43,3,0.79299605
f8b081d13042660a736ea3535411752118892f3a03e6083f3b1e09a2c4ffea5e,f8b081d13042660a736ea3535411752118892f3a03e6083f3b1e09a2c4ffea5e,1,plain_cnn,43,3,0.5842644
681e44e7111a482ff90f70efd6cdf2b884d671322604ff93c091e46b55b2064d,681e44e7111a482ff90f70efd6cdf2b884d671322604ff93c091e46b55b2064d,1,plain_cnn,43,3,0.74719584
2f0019ed81ac1f1e20cb097e01ef675244c5a5c79cd53252977cf1ac511696f4,2f0019ed81ac1f1e20cb097e01ef675244c5a5c79cd53252977cf1ac511696f4,1,plain_cnn,43,3,0.77371055
70fccd62038f1e8f3fcba827e8b0f332f75bc4e329d47d979515a6fbf63c607c,70fccd62038f1e8f3fcba827e8b0f332f75bc4e329d47d979515a6fbf63c607c,1,plain_cnn,43,3,0.7677226
078b62143609978eff9ee30251ed34d52c9e799ca00d04fdf166ff0d2d7644ba,078b62143609978eff9ee30251ed34d52c9e799ca00d04fdf166ff0d2d7644ba,1,plain_cnn,43,3,0.8270161
adbda2cd245abb1f50d6fc13b63018dc3d585ae06229465743f8da20dd011023,adbda2cd245abb1f50d6fc13b63018dc3d585ae06229465743f8da20dd011023,1,plain_cnn,43,3,0.7684041
254ec0b2133af0acfddca8c448b694d23d062f985daf388d05ced2f269372966,254ec0b2133af0acfddca8c448b694d23d062f985daf388d05ced2f269372966,1,plain_cnn,43,3,0.6853858
caf1bb9b61f8ce8b71c6d7283ed913e49686befe54572e9371c99680b62e8190,caf1bb9b61f8ce8b71c6d7283ed913e49686befe54572e9371c99680b62e8190,1,plain_cnn,43,3,0.78759146
536ae010b72dec062b3a689b3915910694c732a12098ef5bdc10ebe81b7477f3,536ae010b72dec062b3a689b3915910694c732a12098ef5bdc10ebe81b7477f3,1,plain_cnn,43,3,0.7839557
c626d3b0cbc6ba8ea7e9049da47367c61b054c32f61809d3752c3e734d5062e9,c626d3b0cbc6ba8ea7e9049da47367c61b054c32f61809d3752c3e734d5062e9,1,plain_cnn,43,3,0.55986035
a734d21670a7344e01b0dec42fc76147cd87a3d4bdf41f56aae6ee1f91aa32b9,a734d21670a7344e01b0dec42fc76147cd87a3d4bdf41f56aae6ee1f91aa32b9,1,plain_cnn,43,3,0.43272746
bb28460f798cf3c1437974cff9208b3a5d3adc72304da42e7ddbb2232cf0117a,bb28460f798cf3c1437974cff9208b3a5d3adc72304da42e7ddbb2232cf0117a,1,plain_cnn,43,3,0.56234276
d1a91e77cf6f1ebf0127b7f8154ce032b9b1aa2a79156f123da382c49d536320,d1a91e77cf6f1ebf0127b7f8154ce032b9b1aa2a79156f123da382c49d536320,1,plain_cnn,43,3,0.76606303
8fd29c26253f5b732202ec57a7031eb06ca6a2bd426f107e00973ddc713f628a,8fd29c26253f5b732202ec57a7031eb06ca6a2bd426f107e00973ddc713f628a,1,plain_cnn,43,3,0.75743777
d372be321de1f98feb43f054912464cb4f983b8a24ef0376036ea2c8ec122b41,d372be321de1f98feb43f054912464cb4f983b8a24ef0376036ea2c8ec122b41,1,plain_cnn,43,3,0.82746154
207b091128fc623231f1f7b9e0cc5fb1c112ef55d8d14933de01a634a07cbb7e,207b091128fc623231f1f7b9e0cc5fb1c112ef55d8d14933de01a634a07cbb7e,1,plain_cnn,43,3,0.4156206
48e14956e775a971778412f5edbc26f87ed3ae651aeca48fc069294f6dcc166c,48e14956e775a971778412f5edbc26f87ed3ae651aeca48fc069294f6dcc166c,1,plain_cnn,43,3,0.5806413
a72f7ff6699463e309b867152937536c79c3a8e1ebe62553c6fcdaa1a07c304a,a72f7ff6699463e309b867152937536c79c3a8e1ebe62553c6fcdaa1a07c304a,1,plain_cnn,43,3,0.42627564
6f5d6cc12ba22d7a4d7fe85d4d5df6e22060234401ce415fe7a8577a2c61071f,6f5d6cc12ba22d7a4d7fe85d4d5df6e22060234401ce415fe7a8577a2c61071f,1,plain_cnn,43,3,0.77556396
550d0cb250962b4ef1a0cbf8dade59019a8a5153041d49dbfea6410b89f2de79,550d0cb250962b4ef1a0cbf8dade59019a8a5153041d49dbfea6410b89f2de79,0,narrow_resnet_gn,43,3,0.22032738
16266df37b596ba5c42fb4225ae4cb15711d304d322448d8f379e0f71b73ae03,16266df37b596ba5c42fb4225ae4cb15711d304d322448d8f379e0f71b73ae03,0,narrow_resnet_gn,43,3,0.0092446
87cdc2d151b003be78f52c0dc7c07c1b047f879846b8f7d96b95c39a3d62a70e,87cdc2d151b003be78f52c0dc7c07c1b047f879846b8f7d96b95c39a3d62a70e,0,narrow_resnet_gn,43,3,0.030096397
019da44350c7f407f687bae7972cf5585a64977a32c8894384bc36589526e17d,019da44350c7f407f687bae7972cf5585a64977a32c8894384bc36589526e17d,0,narrow_resnet_gn,43,3,0.96288955
02fc06d496bbdb0756b65e3b7fdf210a3c07d218b79e0d16eface84e5db72b89,02fc06d496bbdb0756b65e3b7fdf210a3c07d218b79e0d16eface84e5db72b89,0,narrow_resnet_gn,43,3,0.6380378
4bda8fe0504ef79e0c9e3e86bb23aae41a67fc050c524ee0e18cc8f923a5da1c,4bda8fe0504ef79e0c9e3e86bb23aae41a67fc050c524ee0e18cc8f923a5da1c,0,narrow_resnet_gn,43,3,0.97417635
24d646d7d0db7f6ed4fd2ce895d86acd1c879548873e89a83d72b7a148e2a8fb,24d646d7d0db7f6ed4fd2ce895d86acd1c879548873e89a83d72b7a148e2a8fb,0,narrow_resnet_gn,43,3,0.97019815
3de32c152527af18060fc9a0eb01b0ede6025f1994ad3586e96c4a47c3e23898,3de32c152527af18060fc9a0eb01b0ede6025f1994ad3586e96c4a47c3e23898,0,narrow_resnet_gn,43,3,0.959975
7f2c92f25bb20cc189aa475c0e8c21ed0b70b538a33920e2fd6a3276522406f3,7f2c92f25bb20cc189aa475c0e8c21ed0b70b538a33920e2fd6a3276522406f3,0,narrow_resnet_gn,43,3,0.012287301
c30f889c48513fe695a6509aa86ffa7952d40b96e13c1e84b319cf6914823e9a,3de32c152527af18060fc9a0eb01b0ede6025f1994ad3586e96c4a47c3e23898,0,narrow_resnet_gn,43,3,0.95668346
1af16b025f254c861448bec4d04652b8f81a6850788d507160404fe4f14a5c4f,1af16b025f254c861448bec4d04652b8f81a6850788d507160404fe4f14a5c4f,0,narrow_resnet_gn,43,3,0.9785469
987c812a794593c0a8b58f1eed8aac0cf015230fc3a1640b82cf95d91a5609c5,987c812a794593c0a8b58f1eed8aac0cf015230fc3a1640b82cf95d91a5609c5,0,narrow_resnet_gn,43,3,0.05999163
eab1eeda798eb5191c4547fb06ccdb98a91b4b4536417d5aa75529cbd2897cad,eab1eeda798eb5191c4547fb06ccdb98a91b4b4536417d5aa75529cbd2897cad,0,narrow_resnet_gn,43,3,0.058036346
96dc1ea3df3a481c9959598a38a12ce3ad1fe7159bb523a0c3cc7df71d2539fb,96dc1ea3df3a481c9959598a38a12ce3ad1fe7159bb523a0c3cc7df71d2539fb,0,narrow_resnet_gn,43,3,0.25331768
69f020ad229e313caa6d2ba04285a8fd070c7bd45d1759c9ad22a89902c98500,69f020ad229e313caa6d2ba04285a8fd070c7bd45d1759c9ad22a89902c98500,0,narrow_resnet_gn,43,3,0.9649466
e30545c15b64efcf60c0cd2b7d635d3af6d842df4753ebffd331d1363ba601ea,e30545c15b64efcf60c0cd2b7d635d3af6d842df4753ebffd331d1363ba601ea,1,narrow_resnet_gn,43,3,0.012032504
8a7b8d8d0ce44d78c292dab54e953a2abb51a20a1e08ca691cea5bc3725bd729,8a7b8d8d0ce44d78c292dab54e953a2abb51a20a1e08ca691cea5bc3725bd729,1,narrow_resnet_gn,43,3,0.9628382
0e73f125d639eb939b9fac62506a72251c106ac784c139c3ffcd160b58b54d03,0e73f125d639eb939b9fac62506a72251c106ac784c139c3ffcd160b58b54d03,1,narrow_resnet_gn,43,3,0.026399383
329f1df4eb53b0530dcf747e4459b87e11fc5ea7c4310a090dbe01f5e925ac38,329f1df4eb53b0530dcf747e4459b87e11fc5ea7c4310a090dbe01f5e925ac38,1,narrow_resnet_gn,43,3,0.98018813
665398dd64a3482917a9fc377bbcbee957e0f4bf4e48a7d49fb3c6bfcfdd73c9,665398dd64a3482917a9fc377bbcbee957e0f4bf4e48a7d49fb3c6bfcfdd73c9,1,narrow_resnet_gn,43,3,0.9673866
44a9fb3b86cdeb63e8858c40ac79c109d89382cfb30fafa7eb703449c7433ada,44a9fb3b86cdeb63e8858c40ac79c109d89382cfb30fafa7eb703449c7433ada,1,narrow_resnet_gn,43,3,0.977684
917c2b80ad1d6f68ad73193c916a97ad9f0c1631bfa2279f7e1a3f4cfab69e69,917c2b80ad1d6f68ad73193c916a97ad9f0c1631bfa2279f7e1a3f4cfab69e69,1,narrow_resnet_gn,43,3,0.9733463
b9f9d5612381f7fcb0a7403d37521ff95c4552a276dc1afb02f2739e62a12d10,b9f9d5612381f7fcb0a7403d37521ff95c4552a276dc1afb02f2739e62a12d10,1,narrow_resnet_gn,43,3,0.022335598
5aad9032ce847fbf5fbef835461e111546a72ba7e2e2b207f59845a52082ed85,5aad9032ce847fbf5fbef835461e111546a72ba7e2e2b207f59845a52082ed85,1,narrow_resnet_gn,43,3,0.9543228
f8b081d13042660a736ea3535411752118892f3a03e6083f3b1e09a2c4ffea5e,f8b081d13042660a736ea3535411752118892f3a03e6083f3b1e09a2c4ffea5e,1,narrow_resnet_gn,43,3,0.9658801
681e44e7111a482ff90f70efd6cdf2b884d671322604ff93c091e46b55b2064d,681e44e7111a482ff90f70efd6cdf2b884d671322604ff93c091e46b55b2064d,1,narrow_resnet_gn,43,3,0.9762066
2f0019ed81ac1f1e20cb097e01ef675244c5a5c79cd53252977cf1ac511696f4,2f0019ed81ac1f1e20cb097e01ef675244c5a5c79cd53252977cf1ac511696f4,1,narrow_resnet_gn,43,3,0.9818986
70fccd62038f1e8f3fcba827e8b0f332f75bc4e329d47d979515a6fbf63c607c,70fccd62038f1e8f3fcba827e8b0f332f75bc4e329d47d979515a6fbf63c607c,1,narrow_resnet_gn,43,3,0.97636217
078b62143609978eff9ee30251ed34d52c9e799ca00d04fdf166ff0d2d7644ba,078b62143609978eff9ee30251ed34d52c9e799ca00d04fdf166ff0d2d7644ba,1,narrow_resnet_gn,43,3,0.97546536
adbda2cd245abb1f50d6fc13b63018dc3d585ae06229465743f8da20dd011023,adbda2cd245abb1f50d6fc13b63018dc3d585ae06229465743f8da20dd011023,1,narrow_resnet_gn,43,3,0.967539
254ec0b2133af0acfddca8c448b694d23d062f985daf388d05ced2f269372966,254ec0b2133af0acfddca8c448b694d23d062f985daf388d05ced2f269372966,1,narrow_resnet_gn,43,3,0.9702523
caf1bb9b61f8ce8b71c6d7283ed913e49686befe54572e9371c99680b62e8190,caf1bb9b61f8ce8b71c6d7283ed913e49686befe54572e9371c99680b62e8190,1,narrow_resnet_gn,43,3,0.9837636
536ae010b72dec062b3a689b3915910694c732a12098ef5bdc10ebe81b7477f3,536ae010b72dec062b3a689b3915910694c732a12098ef5bdc10ebe81b7477f3,1,narrow_resnet_gn,43,3,0.9687501
c626d3b0cbc6ba8ea7e9049da47367c61b054c32f61809d3752c3e734d5062e9,c626d3b0cbc6ba8ea7e9049da47367c61b054c32f61809d3752c3e734d5062e9,1,narrow_resnet_gn,43,3,0.976154
a734d21670a7344e01b0dec42fc76147cd87a3d4bdf41f56aae6ee1f91aa32b9,a734d21670a7344e01b0dec42fc76147cd87a3d4bdf41f56aae6ee1f91aa32b9,1,narrow_resnet_gn,43,3,0.95789945
bb28460f798cf3c1437974cff9208b3a5d3adc72304da42e7ddbb2232cf0117a,bb28460f798cf3c1437974cff9208b3a5d3adc72304da42e7ddbb2232cf0117a,1,narrow_resnet_gn,43,3,0.93342406
d1a91e77cf6f1ebf0127b7f8154ce032b9b1aa2a79156f123da382c49d536320,d1a91e77cf6f1ebf0127b7f8154ce032b9b1aa2a79156f123da382c49d536320,1,narrow_resnet_gn,43,3,0.97600126
8fd29c26253f5b732202ec57a7031eb06ca6a2bd426f107e00973ddc713f628a,8fd29c26253f5b732202ec57a7031eb06ca6a2bd426f107e00973ddc713f628a,1,narrow_resnet_gn,43,3,0.9318736
d372be321de1f98feb43f054912464cb4f983b8a24ef0376036ea2c8ec122b41,d372be321de1f98feb43f054912464cb4f983b8a24ef0376036ea2c8ec122b41,1,narrow_resnet_gn,43,3,0.9694671
207b091128fc623231f1f7b9e0cc5fb1c112ef55d8d14933de01a634a07cbb7e,207b091128fc623231f1f7b9e0cc5fb1c112ef55d8d14933de01a634a07cbb7e,1,narrow_resnet_gn,43,3,0.06737175
48e14956e775a971778412f5edbc26f87ed3ae651aeca48fc069294f6dcc166c,48e14956e775a971778412f5edbc26f87ed3ae651aeca48fc069294f6dcc166c,1,narrow_resnet_gn,43,3,0.9295276
a72f7ff6699463e309b867152937536c79c3a8e1ebe62553c6fcdaa1a07c304a,a72f7ff6699463e309b867152937536c79c3a8e1ebe62553c6fcdaa1a07c304a,1,narrow_resnet_gn,43,3,0.43518203
6f5d6cc12ba22d7a4d7fe85d4d5df6e22060234401ce415fe7a8577a2c61071f,6f5d6cc12ba22d7a4d7fe85d4d5df6e22060234401ce415fe7a8577a2c61071f,1,narrow_resnet_gn,43,3,0.97436905
34eeb369fff52f1ad84bba5d77da167a26ca5249293e3910bb04e8af2bf2ba25,34eeb369fff52f1ad84bba5d77da167a26ca5249293e3910bb04e8af2bf2ba25,0,full,43,4,0.31367907
e4a8a1984d9693e70d8335a1c8c77a39a68f684b5661ac2edc34f8e971dd88f1,e4a8a1984d9693e70d8335a1c8c77a39a68f684b5661ac2edc34f8e971dd88f1,0,full,43,4,0.37152475
1aef7dac4e05e817a3496f6a49b890c9f2fc84b3afcda460c74f76723e09851e,1aef7dac4e05e817a3496f6a49b890c9f2fc84b3afcda460c74f76723e09851e,0,full,43,4,0.57087475
90c4faafd845360cbfd09f19632147497b4b04463ee87ae31d991f20e6ca6ed0,90c4faafd845360cbfd09f19632147497b4b04463ee87ae31d991f20e6ca6ed0,0,full,43,4,0.5914473
cce8e87b4fb59d8c79ae90de643a8203db5e0e0a73b4bb42effe9c2517f6fa01,cce8e87b4fb59d8c79ae90de643a8203db5e0e0a73b4bb42effe9c2517f6fa01,0,full,43,4,0.31779975
2ed39cc6daa76227fef121e3687cd919552874410cad3b708ad363313a942626,2ed39cc6daa76227fef121e3687cd919552874410cad3b708ad363313a942626,0,full,43,4,0.3120182
09393b70fcb61a1299bad46fd256c97f665e2830c41f528825d78823aa77afcb,09393b70fcb61a1299bad46fd256c97f665e2830c41f528825d78823aa77afcb,0,full,43,4,0.34860978
fe24370b7fbad1d4671832b0132f589ae94191d04a324806374726cbb9553a9a,fe24370b7fbad1d4671832b0132f589ae94191d04a324806374726cbb9553a9a,0,full,43,4,0.38654464
2696e7062b07582af40cc808c1d7ec35909b89548d5f99f2ed8d7f97e45374f9,2696e7062b07582af40cc808c1d7ec35909b89548d5f99f2ed8d7f97e45374f9,0,full,43,4,0.38058206
83aaaf100259fad75d3cae0d1f0acedff5a3718d7d1db32062bd1cd3aac86688,34eeb369fff52f1ad84bba5d77da167a26ca5249293e3910bb04e8af2bf2ba25,0,full,43,4,0.30993494
9fed845a58f23ea75c16c2f89d701ca68c7780565f94dd913a3fc2fd8e01b9cd,9fed845a58f23ea75c16c2f89d701ca68c7780565f94dd913a3fc2fd8e01b9cd,0,full,43,4,0.4135546
683f3845f5e1a3e4b1f8fead91bc8f1f840f7e6724d34d9ea393e0b71d86d220,683f3845f5e1a3e4b1f8fead91bc8f1f840f7e6724d34d9ea393e0b71d86d220,0,full,43,4,0.44650152
b139e0fcae28ad639ed2540074d7cf1ed36ef82ad840c1cf598128f4f55b6f94,2ed39cc6daa76227fef121e3687cd919552874410cad3b708ad363313a942626,0,full,43,4,0.32183772
6af768514c2ab6b4609d28567d61ed8a7c5ffc020422713a7be95efdb8512f6a,6af768514c2ab6b4609d28567d61ed8a7c5ffc020422713a7be95efdb8512f6a,0,full,43,4,0.30741423
91ec708e6345187e7e6cb79d8f506804299539768c93c40dad9b190d53558a60,91ec708e6345187e7e6cb79d8f506804299539768c93c40dad9b190d53558a60,0,full,43,4,0.55497426
4b28a53817d0da69153d71be73ea818aaa6ac48f65a8dd2a5d84a6225fa0f94a,4b28a53817d0da69153d71be73ea818aaa6ac48f65a8dd2a5d84a6225fa0f94a,0,full,43,4,0.4039211
af848889102601facd1b908c76d3cbf1ac5bb5681300d7e5a97893261e5d4a11,af848889102601facd1b908c76d3cbf1ac5bb5681300d7e5a97893261e5d4a11,0,full,43,4,0.6290031
bdce5afee31c171c25454a01878f49a2bb1d2887df3eee350399b383513f8cae,bdce5afee31c171c25454a01878f49a2bb1d2887df3eee350399b383513f8cae,0,full,43,4,0.48134047
81fe68a9e2fc315e9710282f606a670778130998e1390a3144d9bf5b31bd4065,81fe68a9e2fc315e9710282f606a670778130998e1390a3144d9bf5b31bd4065,0,full,43,4,0.30723366
b12ea55157f26c262502f57f8eb5ab13ef9aeac065eed940af6c87d362ad9300,b12ea55157f26c262502f57f8eb5ab13ef9aeac065eed940af6c87d362ad9300,0,full,43,4,0.33928087
d6c7145cffa1d9b450905160ed7b9b4579c864eb77395fc69813e5e6b74e495d,d6c7145cffa1d9b450905160ed7b9b4579c864eb77395fc69813e5e6b74e495d,1,full,43,4,0.60420483
bd342fb9cbae0aaced0b790162fd2173c66f2b4d4548d7c8f56c07a655cdfa2f,bd342fb9cbae0aaced0b790162fd2173c66f2b4d4548d7c8f56c07a655cdfa2f,1,full,43,4,0.5163567
8dc2f105b420d03e79f318c43a9bc8b63105f57cd452b4de3ab53998ee2c0013,4b500751557f10159179da0bf35abdbd125e04d552884e8115db912c31f440e5,1,full,43,4,0.33607286
ec29cdff7047d7ea62b34c125bfb4d183e75d1102f79ea2672f3383533776599,ec29cdff7047d7ea62b34c125bfb4d183e75d1102f79ea2672f3383533776599,1,full,43,4,0.35003918
1698e358015b2ecda49464781e87202cb625b72cfe0d2bc1e392f949afad6345,1698e358015b2ecda49464781e87202cb625b72cfe0d2bc1e392f949afad6345,1,full,43,4,0.37769946
56562a6e44ee836f84a036e2e76a09f7d302082181f58852651d2c48646ccc2a,56562a6e44ee836f84a036e2e76a09f7d302082181f58852651d2c48646ccc2a,1,full,43,4,0.59813035
dfa19f73a09806cff5b8b3570e9ac156041cf5c4972375230d5bb22c82540be9,dfa19f73a09806cff5b8b3570e9ac156041cf5c4972375230d5bb22c82540be9,1,full,43,4,0.5771996
a645b290ac12124164b9b27be07bbe9f4d5a44e51a551a6ca26321867a0006e9,a645b290ac12124164b9b27be07bbe9f4d5a44e51a551a6ca26321867a0006e9,1,full,43,4,0.7287053
4b500751557f10159179da0bf35abdbd125e04d552884e8115db912c31f440e5,4b500751557f10159179da0bf35abdbd125e04d552884e8115db912c31f440e5,1,full,43,4,0.3365688
78e97d3de70b032f0d206a290be5a6f5b64f7e058d60e0ef0331a2f58438a43e,78e97d3de70b032f0d206a290be5a6f5b64f7e058d60e0ef0331a2f58438a43e,1,full,43,4,0.622608
cd7814cfd9f4006cc37117d886dabdeb8ae27fcdbd9248592df88b6f54fd5bd5,cd7814cfd9f4006cc37117d886dabdeb8ae27fcdbd9248592df88b6f54fd5bd5,1,full,43,4,0.34064302
4833565f53ed51543091352a222ac98b1c6096441861c9c035127a80fd460257,4833565f53ed51543091352a222ac98b1c6096441861c9c035127a80fd460257,1,full,43,4,0.55061436
1945a41778e1fcf8341500525e443c5347977c28baf26a0ced32f99534edd898,1945a41778e1fcf8341500525e443c5347977c28baf26a0ced32f99534edd898,1,full,43,4,0.5871637
6f83510d9f035d7a17efffccb9603239c49ba14dce10dbe0e25a3358e63a2ffb,6f83510d9f035d7a17efffccb9603239c49ba14dce10dbe0e25a3358e63a2ffb,1,full,43,4,0.5993299
976659c77cc9b2679e77eb492592dfd66045319538e6f68604e0027b237cc949,976659c77cc9b2679e77eb492592dfd66045319538e6f68604e0027b237cc949,1,full,43,4,0.5272028
664d62c750b5c76bce37e6b7496f70a9195a139c893da9e2487cf441bd622dda,664d62c750b5c76bce37e6b7496f70a9195a139c893da9e2487cf441bd622dda,1,full,43,4,0.6337939
7b410517b5262c81b8cbd2a606b2b730e4aa41b2f4c405c406d0ab497a375fad,7b410517b5262c81b8cbd2a606b2b730e4aa41b2f4c405c406d0ab497a375fad,1,full,43,4,0.5463144
e47b451baa75405ff12a9ec02887a268755b304791cb8555636959ac66bba7c7,3e71fcc3f8a78e780596bbec3dc14e6e087e8d2f9a9eafdf54aa98995bf96af2,1,full,43,4,0.381025
c6f1bb114ffc0594d49c3991aec03ef53c6d44506cd552baad1020f821d80648,c6f1bb114ffc0594d49c3991aec03ef53c6d44506cd552baad1020f821d80648,1,full,43,4,0.4495605
a9ad252451dd83369e64751c361e0394fe0f2c117c56915ca089ba9683fffdab,a9ad252451dd83369e64751c361e0394fe0f2c117c56915ca089ba9683fffdab,1,full,43,4,0.52188885
89810c9f9da51413829ef3ab0355af8a0dcce6507f1a0a77b0c4a5c7563a9e86,89810c9f9da51413829ef3ab0355af8a0dcce6507f1a0a77b0c4a5c7563a9e86,1,full,43,4,0.6467888
0da7ca18162b012c5e65e29a6521df3c090a0070342516591883801876f8a8de,0da7ca18162b012c5e65e29a6521df3c090a0070342516591883801876f8a8de,1,full,43,4,0.4442245
543e00753b2ae3a42b97e68ca83e94c7ea945e6736e6e1d7dd26808a5dad0e8b,543e00753b2ae3a42b97e68ca83e94c7ea945e6736e6e1d7dd26808a5dad0e8b,1,full,43,4,0.58614916
67778117c04d9ef5410e5521de74b72c8e3085491ba75d99bd2109762a058efe,67778117c04d9ef5410e5521de74b72c8e3085491ba75d99bd2109762a058efe,1,full,43,4,0.5693468
41ba1713a0172bdfc63c74f78b33b7fe084c29f647de8fc56d71675df288615f,41ba1713a0172bdfc63c74f78b33b7fe084c29f647de8fc56d71675df288615f,1,full,43,4,0.7369838
3e71fcc3f8a78e780596bbec3dc14e6e087e8d2f9a9eafdf54aa98995bf96af2,3e71fcc3f8a78e780596bbec3dc14e6e087e8d2f9a9eafdf54aa98995bf96af2,1,full,43,4,0.38718638
34eeb369fff52f1ad84bba5d77da167a26ca5249293e3910bb04e8af2bf2ba25,34eeb369fff52f1ad84bba5d77da167a26ca5249293e3910bb04e8af2bf2ba25,0,no_attention,43,4,0.026000582
e4a8a1984d9693e70d8335a1c8c77a39a68f684b5661ac2edc34f8e971dd88f1,e4a8a1984d9693e70d8335a1c8c77a39a68f684b5661ac2edc34f8e971dd88f1,0,no_attention,43,4,0.30607036
1aef7dac4e05e817a3496f6a49b890c9f2fc84b3afcda460c74f76723e09851e,1aef7dac4e05e817a3496f6a49b890c9f2fc84b3afcda460c74f76723e09851e,0,no_attention,43,4,0.8003429
90c4faafd845360cbfd09f19632147497b4b04463ee87ae31d991f20e6ca6ed0,90c4faafd845360cbfd09f19632147497b4b04463ee87ae31d991f20e6ca6ed0,0,no_attention,43,4,0.45051512
cce8e87b4fb59d8c79ae90de643a8203db5e0e0a73b4bb42effe9c2517f6fa01,cce8e87b4fb59d8c79ae90de643a8203db5e0e0a73b4bb42effe9c2517f6fa01,0,no_attention,43,4,0.035239004
2ed39cc6daa76227fef121e3687cd919552874410cad3b708ad363313a942626,2ed39cc6daa76227fef121e3687cd919552874410cad3b708ad363313a942626,0,no_attention,43,4,0.03773936
09393b70fcb61a1299bad46fd256c97f665e2830c41f528825d78823aa77afcb,09393b70fcb61a1299bad46fd256c97f665e2830c41f528825d78823aa77afcb,0,no_attention,43,4,0.278922
fe24370b7fbad1d4671832b0132f589ae94191d04a324806374726cbb9553a9a,fe24370b7fbad1d4671832b0132f589ae94191d04a324806374726cbb9553a9a,0,no_attention,43,4,0.48074317
2696e7062b07582af40cc808c1d7ec35909b89548d5f99f2ed8d7f97e45374f9,2696e7062b07582af40cc808c1d7ec35909b89548d5f99f2ed8d7f97e45374f9,0,no_attention,43,4,0.08501651
83aaaf100259fad75d3cae0d1f0acedff5a3718d7d1db32062bd1cd3aac86688,34eeb369fff52f1ad84bba5d77da167a26ca5249293e3910bb04e8af2bf2ba25,0,no_attention,43,4,0.025934272
9fed845a58f23ea75c16c2f89d701ca68c7780565f94dd913a3fc2fd8e01b9cd,9fed845a58f23ea75c16c2f89d701ca68c7780565f94dd913a3fc2fd8e01b9cd,0,no_attention,43,4,0.10237133
683f3845f5e1a3e4b1f8fead91bc8f1f840f7e6724d34d9ea393e0b71d86d220,683f3845f5e1a3e4b1f8fead91bc8f1f840f7e6724d34d9ea393e0b71d86d220,0,no_attention,43,4,0.6619029
b139e0fcae28ad639ed2540074d7cf1ed36ef82ad840c1cf598128f4f55b6f94,2ed39cc6daa76227fef121e3687cd919552874410cad3b708ad363313a942626,0,no_attention,43,4,0.04669142
6af768514c2ab6b4609d28567d61ed8a7c5ffc020422713a7be95efdb8512f6a,6af768514c2ab6b4609d28567d61ed8a7c5ffc020422713a7be95efdb8512f6a,0,no_attention,43,4,0.16423921
91ec708e6345187e7e6cb79d8f506804299539768c93c40dad9b190d53558a60,91ec708e6345187e7e6cb79d8f506804299539768c93c40dad9b190d53558a60,0,no_attention,43,4,0.43132237
4b28a53817d0da69153d71be73ea818aaa6ac48f65a8dd2a5d84a6225fa0f94a,4b28a53817d0da69153d71be73ea818aaa6ac48f65a8dd2a5d84a6225fa0f94a,0,no_attention,43,4,0.31294087
af848889102601facd1b908c76d3cbf1ac5bb5681300d7e5a97893261e5d4a11,af848889102601facd1b908c76d3cbf1ac5bb5681300d7e5a97893261e5d4a11,0,no_attention,43,4,0.880354
bdce5afee31c171c25454a01878f49a2bb1d2887df3eee350399b383513f8cae,bdce5afee31c171c25454a01878f49a2bb1d2887df3eee350399b383513f8cae,0,no_attention,43,4,0.29040793
81fe68a9e2fc315e9710282f606a670778130998e1390a3144d9bf5b31bd4065,81fe68a9e2fc315e9710282f606a670778130998e1390a3144d9bf5b31bd4065,0,no_attention,43,4,0.09194344
b12ea55157f26c262502f57f8eb5ab13ef9aeac065eed940af6c87d362ad9300,b12ea55157f26c262502f57f8eb5ab13ef9aeac065eed940af6c87d362ad9300,0,no_attention,43,4,0.06848643
d6c7145cffa1d9b450905160ed7b9b4579c864eb77395fc69813e5e6b74e495d,d6c7145cffa1d9b450905160ed7b9b4579c864eb77395fc69813e5e6b74e495d,1,no_attention,43,4,0.749355
bd342fb9cbae0aaced0b790162fd2173c66f2b4d4548d7c8f56c07a655cdfa2f,bd342fb9cbae0aaced0b790162fd2173c66f2b4d4548d7c8f56c07a655cdfa2f,1,no_attention,43,4,0.4331619
8dc2f105b420d03e79f318c43a9bc8b63105f57cd452b4de3ab53998ee2c0013,4b500751557f10159179da0bf35abdbd125e04d552884e8115db912c31f440e5,1,no_attention,43,4,0.36806956
ec29cdff7047d7ea62b34c125bfb4d183e75d1102f79ea2672f3383533776599,ec29cdff7047d7ea62b34c125bfb4d183e75d1102f79ea2672f3383533776599,1,no_attention,43,4,0.5858767
1698e358015b2ecda49464781e87202cb625b72cfe0d2bc1e392f949afad6345,1698e358015b2ecda49464781e87202cb625b72cfe0d2bc1e392f949afad6345,1,no_attention,43,4,0.66445863
56562a6e44ee836f84a036e2e76a09f7d302082181f58852651d2c48646ccc2a,56562a6e44ee836f84a036e2e76a09f7d302082181f58852651d2c48646ccc2a,1,no_attention,43,4,0.59904313
dfa19f73a09806cff5b8b3570e9ac156041cf5c4972375230d5bb22c82540be9,dfa19f73a09806cff5b8b3570e9ac156041cf5c4972375230d5bb22c82540be9,1,no_attention,43,4,0.94140863
a645b290ac12124164b9b27be07bbe9f4d5a44e51a551a6ca26321867a0006e9,a645b290ac12124164b9b27be07bbe9f4d5a44e51a551a6ca26321867a0006e9,1,no_attention,43,4,0.58660316
4b500751557f10159179da0bf35abdbd125e04d552884e8115db912c31f440e5,4b500751557f10159179da0bf35abdbd125e04d552884e8115db912c31f440e5,1,no_attention,43,4,0.3357483
78e97d3de70b032f0d206a290be5a6f5b64f7e058d60e0ef0331a2f58438a43e,78e97d3de70b032f0d206a290be5a6f5b64f7e058d60e0ef0331a2f58438a43e,1,no_attention,43,4,0.27105927
cd7814cfd9f4006cc37117d886dabdeb8ae27fcdbd9248592df88b6f54fd5bd5,cd7814cfd9f4006cc37117d886dabdeb8ae27fcdbd9248592df88b6f54fd5bd5,1,no_attention,43,4,0.79194343
4833565f53ed51543091352a222ac98b1c6096441861c9c035127a80fd460257,4833565f53ed51543091352a222ac98b1c6096441861c9c035127a80fd460257,1,no_attention,43,4,0.39132595
1945a41778e1fcf8341500525e443c5347977c28baf26a0ced32f99534edd898,1945a41778e1fcf8341500525e443c5347977c28baf26a0ced32f99534edd898,1,no_attention,43,4,0.88486314
6f83510d9f035d7a17efffccb9603239c49ba14dce10dbe0e25a3358e63a2ffb,6f83510d9f035d7a17efffccb9603239c49ba14dce10dbe0e25a3358e63a2ffb,1,no_attention,43,4,0.8527333
976659c77cc9b2679e77eb492592dfd66045319538e6f68604e0027b237cc949,976659c77cc9b2679e77eb492592dfd66045319538e6f68604e0027b237cc949,1,no_attention,43,4,0.23467083
664d62c750b5c76bce37e6b7496f70a9195a139c893da9e2487cf441bd622dda,664d62c750b5c76bce37e6b7496f70a9195a139c893da9e2487cf441bd622dda,1,no_attention,43,4,0.77741647
7b410517b5262c81b8cbd2a606b2b730e4aa41b2f4c405c406d0ab497a375fad,7b410517b5262c81b8cbd2a606b2b730e4aa41b2f4c405c406d0ab497a375fad,1,no_attention,43,4,0.8889344
e47b451baa75405ff12a9ec02887a268755b304791cb8555636959ac66bba7c7,3e71fcc3f8a78e780596bbec3dc14e6e087e8d2f9a9eafdf54aa98995bf96af2,1,no_attention,43,4,0.4795543
c6f1bb114ffc0594d49c3991aec03ef53c6d44506cd552baad1020f821d80648,c6f1bb114ffc0594d49c3991aec03ef53c6d44506cd552baad1020f821d80648,1,no_attention,43,4,0.73158866
a9ad252451dd83369e64751c361e0394fe0f2c117c56915ca089ba9683fffdab,a9ad252451dd83369e64751c361e0394fe0f2c117c56915ca089ba9683fffdab,1,no_attention,43,4,0.80549866
89810c9f9da51413829ef3ab0355af8a0dcce6507f1a0a77b0c4a5c7563a9e86,89810c9f9da51413829ef3ab0355af8a0dcce6507f1a0a77b0c4a5c7563a9e86,1,no_attention,43,4,0.5716439
0da7ca18162b012c5e65e29a6521df3c090a0070342516591883801876f8a8de,0da7ca18162b012c5e65e29a6521df3c090a0070342516591883801876f8a8de,1,no_attention,43,4,0.8930291
543e00753b2ae3a42b97e68ca83e94c7ea945e6736e6e1d7dd26808a5dad0e8b,543e00753b2ae3a42b97e68ca83e94c7ea945e6736e6e1d7dd26808a5dad0e8b,1,no_attention,43,4,0.87380344
67778117c04d9ef5410e5521de74b72c8e3085491ba75d99bd2109762a058efe,67778117c04d9ef5410e5521de74b72c8e3085491ba75d99bd2109762a058efe,1,no_attention,43,4,0.86853087
41ba1713a0172bdfc63c74f78b33b7fe084c29f647de8fc56d71675df288615f,41ba1713a0172bdfc63c74f78b33b7fe084c29f647de8fc56d71675df288615f,1,no_attention,43,4,0.85515124
3e71fcc3f8a78e780596bbec3dc14e6e087e8d2f9a9eafdf54aa98995bf96af2,3e71fcc3f8a78e780596bbec3dc14e6e087e8d2f9a9eafdf54aa98995bf96af2,1,no_attention,43,4,0.46765947
34eeb369fff52f1ad84bba5d77da167a26ca5249293e3910bb04e8af2bf2ba25,34eeb369fff52f1ad84bba5d77da167a26ca5249293e3910bb04e8af2bf2ba25,0,no_multiscale,43,4,0.018046206
e4a8a1984d9693e70d8335a1c8c77a39a68f684b5661ac2edc34f8e971dd88f1,e4a8a1984d9693e70d8335a1c8c77a39a68f684b5661ac2edc34f8e971dd88f1,0,no_multiscale,43,4,0.19659266
1aef7dac4e05e817a3496f6a49b890c9f2fc84b3afcda460c74f76723e09851e,1aef7dac4e05e817a3496f6a49b890c9f2fc84b3afcda460c74f76723e09851e,0,no_multiscale,43,4,0.56055224
90c4faafd845360cbfd09f19632147497b4b04463ee87ae31d991f20e6ca6ed0,90c4faafd845360cbfd09f19632147497b4b04463ee87ae31d991f20e6ca6ed0,0,no_multiscale,43,4,0.63045645
cce8e87b4fb59d8c79ae90de643a8203db5e0e0a73b4bb42effe9c2517f6fa01,cce8e87b4fb59d8c79ae90de643a8203db5e0e0a73b4bb42effe9c2517f6fa01,0,no_multiscale,43,4,0.03113381
2ed39cc6daa76227fef121e3687cd919552874410cad3b708ad363313a942626,2ed39cc6daa76227fef121e3687cd919552874410cad3b708ad363313a942626,0,no_multiscale,43,4,0.04436536
09393b70fcb61a1299bad46fd256c97f665e2830c41f528825d78823aa77afcb,09393b70fcb61a1299bad46fd256c97f665e2830c41f528825d78823aa77afcb,0,no_multiscale,43,4,0.18764615
fe24370b7fbad1d4671832b0132f589ae94191d04a324806374726cbb9553a9a,fe24370b7fbad1d4671832b0132f589ae94191d04a324806374726cbb9553a9a,0,no_multiscale,43,4,0.089252494
2696e7062b07582af40cc808c1d7ec35909b89548d5f99f2ed8d7f97e45374f9,2696e7062b07582af40cc808c1d7ec35909b89548d5f99f2ed8d7f97e45374f9,0,no_multiscale,43,4,0.13792491
83aaaf100259fad75d3cae0d1f0acedff5a3718d7d1db32062bd1cd3aac86688,34eeb369fff52f1ad84bba5d77da167a26ca5249293e3910bb04e8af2bf2ba25,0,no_multiscale,43,4,0.017284244
9fed845a58f23ea75c16c2f89d701ca68c7780565f94dd913a3fc2fd8e01b9cd,9fed845a58f23ea75c16c2f89d701ca68c7780565f94dd913a3fc2fd8e01b9cd,0,no_multiscale,43,4,0.04383855
683f3845f5e1a3e4b1f8fead91bc8f1f840f7e6724d34d9ea393e0b71d86d220,683f3845f5e1a3e4b1f8fead91bc8f1f840f7e6724d34d9ea393e0b71d86d220,0,no_multiscale,43,4,0.5640837
b139e0fcae28ad639ed2540074d7cf1ed36ef82ad840c1cf598128f4f55b6f94,2ed39cc6daa76227fef121e3687cd919552874410cad3b708ad363313a942626,0,no_multiscale,43,4,0.053325307
6af768514c2ab6b4609d28567d61ed8a7c5ffc020422713a7be95efdb8512f6a,6af768514c2ab6b4609d28567d61ed8a7c5ffc020422713a7be95efdb8512f6a,0,no_multiscale,43,4,0.043027535
91ec708e6345187e7e6cb79d8f506804299539768c93c40dad9b190d53558a60,91ec708e6345187e7e6cb79d8f506804299539768c93c40dad9b190d53558a60,0,no_multiscale,43,4,0.6787236
4b28a53817d0da69153d71be73ea818aaa6ac48f65a8dd2a5d84a6225fa0f94a,4b28a53817d0da69153d71be73ea818aaa6ac48f65a8dd2a5d84a6225fa0f94a,0,no_multiscale,43,4,0.15132079
af848889102601facd1b908c76d3cbf1ac5bb5681300d7e5a97893261e5d4a11,af848889102601facd1b908c76d3cbf1ac5bb5681300d7e5a97893261e5d4a11,0,no_multiscale,43,4,0.73444504
bdce5afee31c171c25454a01878f49a2bb1d2887df3eee350399b383513f8cae,bdce5afee31c171c25454a01878f49a2bb1d2887df3eee350399b383513f8cae,0,no_multiscale,43,4,0.24494763
81fe68a9e2fc315e9710282f606a670778130998e1390a3144d9bf5b31bd4065,81fe68a9e2fc315e9710282f606a670778130998e1390a3144d9bf5b31bd4065,0,no_multiscale,43,4,0.038181935
b12ea55157f26c262502f57f8eb5ab13ef9aeac065eed940af6c87d362ad9300,b12ea55157f26c262502f57f8eb5ab13ef9aeac065eed940af6c87d362ad9300,0,no_multiscale,43,4,0.052247666
d6c7145cffa1d9b450905160ed7b9b4579c864eb77395fc69813e5e6b74e495d,d6c7145cffa1d9b450905160ed7b9b4579c864eb77395fc69813e5e6b74e495d,1,no_multiscale,43,4,0.8546364
bd342fb9cbae0aaced0b790162fd2173c66f2b4d4548d7c8f56c07a655cdfa2f,bd342fb9cbae0aaced0b790162fd2173c66f2b4d4548d7c8f56c07a655cdfa2f,1,no_multiscale,43,4,0.74000514
8dc2f105b420d03e79f318c43a9bc8b63105f57cd452b4de3ab53998ee2c0013,4b500751557f10159179da0bf35abdbd125e04d552884e8115db912c31f440e5,1,no_multiscale,43,4,0.33921552
ec29cdff7047d7ea62b34c125bfb4d183e75d1102f79ea2672f3383533776599,ec29cdff7047d7ea62b34c125bfb4d183e75d1102f79ea2672f3383533776599,1,no_multiscale,43,4,0.8478299
1698e358015b2ecda49464781e87202cb625b72cfe0d2bc1e392f949afad6345,1698e358015b2ecda49464781e87202cb625b72cfe0d2bc1e392f949afad6345,1,no_multiscale,43,4,0.7715622
56562a6e44ee836f84a036e2e76a09f7d302082181f58852651d2c48646ccc2a,56562a6e44ee836f84a036e2e76a09f7d302082181f58852651d2c48646ccc2a,1,no_multiscale,43,4,0.5521348
dfa19f73a09806cff5b8b3570e9ac156041cf5c4972375230d5bb22c82540be9,dfa19f73a09806cff5b8b3570e9ac156041cf5c4972375230d5bb22c82540be9,1,no_multiscale,43,4,0.95566505
a645b290ac12124164b9b27be07bbe9f4d5a44e51a551a6ca26321867a0006e9,a645b290ac12124164b9b27be07bbe9f4d5a44e51a551a6ca26321867a0006e9,1,no_multiscale,43,4,0.8947818
4b500751557f10159179da0bf35abdbd125e04d552884e8115db912c31f440e5,4b500751557f10159179da0bf35abdbd125e04d552884e8115db912c31f440e5,1,no_multiscale,43,4,0.27282962
78e97d3de70b032f0d206a290be5a6f5b64f7e058d60e0ef0331a2f58438a43e,78e97d3de70b032f0d206a290be5a6f5b64f7e058d60e0ef0331a2f58438a43e,1,no_multiscale,43,4,0.5353095
cd7814cfd9f4006cc37117d886dabdeb8ae27fcdbd9248592df88b6f54fd5bd5,cd7814cfd9f4006cc37117d886dabdeb8ae27fcdbd9248592df88b6f54fd5bd5,1,no_multiscale,43,4,0.8988959
4833565f53ed51543091352a222ac98b1c6096441861c9c035127a80fd460257,4833565f53ed51543091352a222ac98b1c6096441861c9c035127a80fd460257,1,no_multiscale,43,4,0.46330622
1945a41778e1fcf8341500525e443c5347977c28baf26a0ced32f99534edd898,1945a41778e1fcf8341500525e443c5347977c28baf26a0ced32f99534edd898,1,no_multiscale,43,4,0.83308214
6f83510d9f035d7a17efffccb9603239c49ba14dce10dbe0e25a3358e63a2ffb,6f83510d9f035d7a17efffccb9603239c49ba14dce10dbe0e25a3358e63a2ffb,1,no_multiscale,43,4,0.913491
976659c77cc9b2679e77eb492592dfd66045319538e6f68604e0027b237cc949,976659c77cc9b2679e77eb492592dfd66045319538e6f68604e0027b237cc949,1,no_multiscale,43,4,0.048702996
664d62c750b5c76bce37e6b7496f70a9195a139c893da9e2487cf441bd622dda,664d62c750b5c76bce37e6b7496f70a9195a139c893da9e2487cf441bd622dda,1,no_multiscale,43,4,0.8320919
7b410517b5262c81b8cbd2a606b2b730e4aa41b2f4c405c406d0ab497a375fad,7b410517b5262c81b8cbd2a606b2b730e4aa41b2f4c405c406d0ab497a375fad,1,no_multiscale,43,4,0.87816215
e47b451baa75405ff12a9ec02887a268755b304791cb8555636959ac66bba7c7,3e71fcc3f8a78e780596bbec3dc14e6e087e8d2f9a9eafdf54aa98995bf96af2,1,no_multiscale,43,4,0.773708
c6f1bb114ffc0594d49c3991aec03ef53c6d44506cd552baad1020f821d80648,c6f1bb114ffc0594d49c3991aec03ef53c6d44506cd552baad1020f821d80648,1,no_multiscale,43,4,0.82670397
a9ad252451dd83369e64751c361e0394fe0f2c117c56915ca089ba9683fffdab,a9ad252451dd83369e64751c361e0394fe0f2c117c56915ca089ba9683fffdab,1,no_multiscale,43,4,0.81941885
89810c9f9da51413829ef3ab0355af8a0dcce6507f1a0a77b0c4a5c7563a9e86,89810c9f9da51413829ef3ab0355af8a0dcce6507f1a0a77b0c4a5c7563a9e86,1,no_multiscale,43,4,0.7397152
0da7ca18162b012c5e65e29a6521df3c090a0070342516591883801876f8a8de,0da7ca18162b012c5e65e29a6521df3c090a0070342516591883801876f8a8de,1,no_multiscale,43,4,0.8962816
543e00753b2ae3a42b97e68ca83e94c7ea945e6736e6e1d7dd26808a5dad0e8b,543e00753b2ae3a42b97e68ca83e94c7ea945e6736e6e1d7dd26808a5dad0e8b,1,no_multiscale,43,4,0.8665067
67778117c04d9ef5410e5521de74b72c8e3085491ba75d99bd2109762a058efe,67778117c04d9ef5410e5521de74b72c8e3085491ba75d99bd2109762a058efe,1,no_multiscale,43,4,0.9332512
41ba1713a0172bdfc63c74f78b33b7fe084c29f647de8fc56d71675df288615f,41ba1713a0172bdfc63c74f78b33b7fe084c29f647de8fc56d71675df288615f,1,no_multiscale,43,4,0.8162685
3e71fcc3f8a78e780596bbec3dc14e6e087e8d2f9a9eafdf54aa98995bf96af2,3e71fcc3f8a78e780596bbec3dc14e6e087e8d2f9a9eafdf54aa98995bf96af2,1,no_multiscale,43,4,0.7608059
34eeb369fff52f1ad84bba5d77da167a26ca5249293e3910bb04e8af2bf2ba25,34eeb369fff52f1ad84bba5d77da167a26ca5249293e3910bb04e8af2bf2ba25,0,no_attention_no_multiscale,43,4,0.016762983
e4a8a1984d9693e70d8335a1c8c77a39a68f684b5661ac2edc34f8e971dd88f1,e4a8a1984d9693e70d8335a1c8c77a39a68f684b5661ac2edc34f8e971dd88f1,0,no_attention_no_multiscale,43,4,0.04253113
1aef7dac4e05e817a3496f6a49b890c9f2fc84b3afcda460c74f76723e09851e,1aef7dac4e05e817a3496f6a49b890c9f2fc84b3afcda460c74f76723e09851e,0,no_attention_no_multiscale,43,4,0.8987738
90c4faafd845360cbfd09f19632147497b4b04463ee87ae31d991f20e6ca6ed0,90c4faafd845360cbfd09f19632147497b4b04463ee87ae31d991f20e6ca6ed0,0,no_attention_no_multiscale,43,4,0.38247475
cce8e87b4fb59d8c79ae90de643a8203db5e0e0a73b4bb42effe9c2517f6fa01,cce8e87b4fb59d8c79ae90de643a8203db5e0e0a73b4bb42effe9c2517f6fa01,0,no_attention_no_multiscale,43,4,0.020479336
2ed39cc6daa76227fef121e3687cd919552874410cad3b708ad363313a942626,2ed39cc6daa76227fef121e3687cd919552874410cad3b708ad363313a942626,0,no_attention_no_multiscale,43,4,0.02803831
09393b70fcb61a1299bad46fd256c97f665e2830c41f528825d78823aa77afcb,09393b70fcb61a1299bad46fd256c97f665e2830c41f528825d78823aa77afcb,0,no_attention_no_multiscale,43,4,0.49062636
fe24370b7fbad1d4671832b0132f589ae94191d04a324806374726cbb9553a9a,fe24370b7fbad1d4671832b0132f589ae94191d04a324806374726cbb9553a9a,0,no_attention_no_multiscale,43,4,0.82275736
2696e7062b07582af40cc808c1d7ec35909b89548d5f99f2ed8d7f97e45374f9,2696e7062b07582af40cc808c1d7ec35909b89548d5f99f2ed8d7f97e45374f9,0,no_attention_no_multiscale,43,4,0.03474077
83aaaf100259fad75d3cae0d1f0acedff5a3718d7d1db32062bd1cd3aac86688,34eeb369fff52f1ad84bba5d77da167a26ca5249293e3910bb04e8af2bf2ba25,0,no_attention_no_multiscale,43,4,0.016266607
9fed845a58f23ea75c16c2f89d701ca68c7780565f94dd913a3fc2fd8e01b9cd,9fed845a58f23ea75c16c2f89d701ca68c7780565f94dd913a3fc2fd8e01b9cd,0,no_attention_no_multiscale,43,4,0.04320216
683f3845f5e1a3e4b1f8fead91bc8f1f840f7e6724d34d9ea393e0b71d86d220,683f3845f5e1a3e4b1f8fead91bc8f1f840f7e6724d34d9ea393e0b71d86d220,0,no_attention_no_multiscale,43,4,0.53389806
b139e0fcae28ad639ed2540074d7cf1ed36ef82ad840c1cf598128f4f55b6f94,2ed39cc6daa76227fef121e3687cd919552874410cad3b708ad363313a942626,0,no_attention_no_multiscale,43,4,0.037206415
6af768514c2ab6b4609d28567d61ed8a7c5ffc020422713a7be95efdb8512f6a,6af768514c2ab6b4609d28567d61ed8a7c5ffc020422713a7be95efdb8512f6a,0,no_attention_no_multiscale,43,4,0.056347914
91ec708e6345187e7e6cb79d8f506804299539768c93c40dad9b190d53558a60,91ec708e6345187e7e6cb79d8f506804299539768c93c40dad9b190d53558a60,0,no_attention_no_multiscale,43,4,0.7162184
4b28a53817d0da69153d71be73ea818aaa6ac48f65a8dd2a5d84a6225fa0f94a,4b28a53817d0da69153d71be73ea818aaa6ac48f65a8dd2a5d84a6225fa0f94a,0,no_attention_no_multiscale,43,4,0.071940355
af848889102601facd1b908c76d3cbf1ac5bb5681300d7e5a97893261e5d4a11,af848889102601facd1b908c76d3cbf1ac5bb5681300d7e5a97893261e5d4a11,0,no_attention_no_multiscale,43,4,0.85763896
bdce5afee31c171c25454a01878f49a2bb1d2887df3eee350399b383513f8cae,bdce5afee31c171c25454a01878f49a2bb1d2887df3eee350399b383513f8cae,0,no_attention_no_multiscale,43,4,0.3756162
81fe68a9e2fc315e9710282f606a670778130998e1390a3144d9bf5b31bd4065,81fe68a9e2fc315e9710282f606a670778130998e1390a3144d9bf5b31bd4065,0,no_attention_no_multiscale,43,4,0.029948207
b12ea55157f26c262502f57f8eb5ab13ef9aeac065eed940af6c87d362ad9300,b12ea55157f26c262502f57f8eb5ab13ef9aeac065eed940af6c87d362ad9300,0,no_attention_no_multiscale,43,4,0.02664453
d6c7145cffa1d9b450905160ed7b9b4579c864eb77395fc69813e5e6b74e495d,d6c7145cffa1d9b450905160ed7b9b4579c864eb77395fc69813e5e6b74e495d,1,no_attention_no_multiscale,43,4,0.85081494
bd342fb9cbae0aaced0b790162fd2173c66f2b4d4548d7c8f56c07a655cdfa2f,bd342fb9cbae0aaced0b790162fd2173c66f2b4d4548d7c8f56c07a655cdfa2f,1,no_attention_no_multiscale,43,4,0.627586
8dc2f105b420d03e79f318c43a9bc8b63105f57cd452b4de3ab53998ee2c0013,4b500751557f10159179da0bf35abdbd125e04d552884e8115db912c31f440e5,1,no_attention_no_multiscale,43,4,0.37341517
ec29cdff7047d7ea62b34c125bfb4d183e75d1102f79ea2672f3383533776599,ec29cdff7047d7ea62b34c125bfb4d183e75d1102f79ea2672f3383533776599,1,no_attention_no_multiscale,43,4,0.85655254
1698e358015b2ecda49464781e87202cb625b72cfe0d2bc1e392f949afad6345,1698e358015b2ecda49464781e87202cb625b72cfe0d2bc1e392f949afad6345,1,no_attention_no_multiscale,43,4,0.48815206
56562a6e44ee836f84a036e2e76a09f7d302082181f58852651d2c48646ccc2a,56562a6e44ee836f84a036e2e76a09f7d302082181f58852651d2c48646ccc2a,1,no_attention_no_multiscale,43,4,0.45961604
dfa19f73a09806cff5b8b3570e9ac156041cf5c4972375230d5bb22c82540be9,dfa19f73a09806cff5b8b3570e9ac156041cf5c4972375230d5bb22c82540be9,1,no_attention_no_multiscale,43,4,0.9765312
a645b290ac12124164b9b27be07bbe9f4d5a44e51a551a6ca26321867a0006e9,a645b290ac12124164b9b27be07bbe9f4d5a44e51a551a6ca26321867a0006e9,1,no_attention_no_multiscale,43,4,0.6591944
4b500751557f10159179da0bf35abdbd125e04d552884e8115db912c31f440e5,4b500751557f10159179da0bf35abdbd125e04d552884e8115db912c31f440e5,1,no_attention_no_multiscale,43,4,0.30506372
78e97d3de70b032f0d206a290be5a6f5b64f7e058d60e0ef0331a2f58438a43e,78e97d3de70b032f0d206a290be5a6f5b64f7e058d60e0ef0331a2f58438a43e,1,no_attention_no_multiscale,43,4,0.30611813
cd7814cfd9f4006cc37117d886dabdeb8ae27fcdbd9248592df88b6f54fd5bd5,cd7814cfd9f4006cc37117d886dabdeb8ae27fcdbd9248592df88b6f54fd5bd5,1,no_attention_no_multiscale,43,4,0.8365479
4833565f53ed51543091352a222ac98b1c6096441861c9c035127a80fd460257,4833565f53ed51543091352a222ac98b1c6096441861c9c035127a80fd460257,1,no_attention_no_multiscale,43,4,0.58449775
1945a41778e1fcf8341500525e443c5347977c28baf26a0ced32f99534edd898,1945a41778e1fcf8341500525e443c5347977c28baf26a0ced32f99534edd898,1,no_attention_no_multiscale,43,4,0.93476486
6f83510d9f035d7a17efffccb9603239c49ba14dce10dbe0e25a3358e63a2ffb,6f83510d9f035d7a17efffccb9603239c49ba14dce10dbe0e25a3358e63a2ffb,1,no_attention_no_multiscale,43,4,0.90346503
976659c77cc9b2679e77eb492592dfd66045319538e6f68604e0027b237cc949,976659c77cc9b2679e77eb492592dfd66045319538e6f68604e0027b237cc949,1,no_attention_no_multiscale,43,4,0.07463713
664d62c750b5c76bce37e6b7496f70a9195a139c893da9e2487cf441bd622dda,664d62c750b5c76bce37e6b7496f70a9195a139c893da9e2487cf441bd622dda,1,no_attention_no_multiscale,43,4,0.9264295
7b410517b5262c81b8cbd2a606b2b730e4aa41b2f4c405c406d0ab497a375fad,7b410517b5262c81b8cbd2a606b2b730e4aa41b2f4c405c406d0ab497a375fad,1,no_attention_no_multiscale,43,4,0.92834574
e47b451baa75405ff12a9ec02887a268755b304791cb8555636959ac66bba7c7,3e71fcc3f8a78e780596bbec3dc14e6e087e8d2f9a9eafdf54aa98995bf96af2,1,no_attention_no_multiscale,43,4,0.7375453
c6f1bb114ffc0594d49c3991aec03ef53c6d44506cd552baad1020f821d80648,c6f1bb114ffc0594d49c3991aec03ef53c6d44506cd552baad1020f821d80648,1,no_attention_no_multiscale,43,4,0.889077
a9ad252451dd83369e64751c361e0394fe0f2c117c56915ca089ba9683fffdab,a9ad252451dd83369e64751c361e0394fe0f2c117c56915ca089ba9683fffdab,1,no_attention_no_multiscale,43,4,0.8910631
89810c9f9da51413829ef3ab0355af8a0dcce6507f1a0a77b0c4a5c7563a9e86,89810c9f9da51413829ef3ab0355af8a0dcce6507f1a0a77b0c4a5c7563a9e86,1,no_attention_no_multiscale,43,4,0.6407354
0da7ca18162b012c5e65e29a6521df3c090a0070342516591883801876f8a8de,0da7ca18162b012c5e65e29a6521df3c090a0070342516591883801876f8a8de,1,no_attention_no_multiscale,43,4,0.92587113
543e00753b2ae3a42b97e68ca83e94c7ea945e6736e6e1d7dd26808a5dad0e8b,543e00753b2ae3a42b97e68ca83e94c7ea945e6736e6e1d7dd26808a5dad0e8b,1,no_attention_no_multiscale,43,4,0.8985972
67778117c04d9ef5410e5521de74b72c8e3085491ba75d99bd2109762a058efe,67778117c04d9ef5410e5521de74b72c8e3085491ba75d99bd2109762a058efe,1,no_attention_no_multiscale,43,4,0.91575754
41ba1713a0172bdfc63c74f78b33b7fe084c29f647de8fc56d71675df288615f,41ba1713a0172bdfc63c74f78b33b7fe084c29f647de8fc56d71675df288615f,1,no_attention_no_multiscale,43,4,0.93153864
3e71fcc3f8a78e780596bbec3dc14e6e087e8d2f9a9eafdf54aa98995bf96af2,3e71fcc3f8a78e780596bbec3dc14e6e087e8d2f9a9eafdf54aa98995bf96af2,1,no_attention_no_multiscale,43,4,0.6867596
34eeb369fff52f1ad84bba5d77da167a26ca5249293e3910bb04e8af2bf2ba25,34eeb369fff52f1ad84bba5d77da167a26ca5249293e3910bb04e8af2bf2ba25,0,no_augmentation,43,4,0.20127548
e4a8a1984d9693e70d8335a1c8c77a39a68f684b5661ac2edc34f8e971dd88f1,e4a8a1984d9693e70d8335a1c8c77a39a68f684b5661ac2edc34f8e971dd88f1,0,no_augmentation,43,4,0.4215391
1aef7dac4e05e817a3496f6a49b890c9f2fc84b3afcda460c74f76723e09851e,1aef7dac4e05e817a3496f6a49b890c9f2fc84b3afcda460c74f76723e09851e,0,no_augmentation,43,4,0.66061
90c4faafd845360cbfd09f19632147497b4b04463ee87ae31d991f20e6ca6ed0,90c4faafd845360cbfd09f19632147497b4b04463ee87ae31d991f20e6ca6ed0,0,no_augmentation,43,4,0.6958421
cce8e87b4fb59d8c79ae90de643a8203db5e0e0a73b4bb42effe9c2517f6fa01,cce8e87b4fb59d8c79ae90de643a8203db5e0e0a73b4bb42effe9c2517f6fa01,0,no_augmentation,43,4,0.22606242
2ed39cc6daa76227fef121e3687cd919552874410cad3b708ad363313a942626,2ed39cc6daa76227fef121e3687cd919552874410cad3b708ad363313a942626,0,no_augmentation,43,4,0.38913152
09393b70fcb61a1299bad46fd256c97f665e2830c41f528825d78823aa77afcb,09393b70fcb61a1299bad46fd256c97f665e2830c41f528825d78823aa77afcb,0,no_augmentation,43,4,0.3644378
fe24370b7fbad1d4671832b0132f589ae94191d04a324806374726cbb9553a9a,fe24370b7fbad1d4671832b0132f589ae94191d04a324806374726cbb9553a9a,0,no_augmentation,43,4,0.38228965
2696e7062b07582af40cc808c1d7ec35909b89548d5f99f2ed8d7f97e45374f9,2696e7062b07582af40cc808c1d7ec35909b89548d5f99f2ed8d7f97e45374f9,0,no_augmentation,43,4,0.44947967
83aaaf100259fad75d3cae0d1f0acedff5a3718d7d1db32062bd1cd3aac86688,34eeb369fff52f1ad84bba5d77da167a26ca5249293e3910bb04e8af2bf2ba25,0,no_augmentation,43,4,0.19541095
9fed845a58f23ea75c16c2f89d701ca68c7780565f94dd913a3fc2fd8e01b9cd,9fed845a58f23ea75c16c2f89d701ca68c7780565f94dd913a3fc2fd8e01b9cd,0,no_augmentation,43,4,0.4483579
683f3845f5e1a3e4b1f8fead91bc8f1f840f7e6724d34d9ea393e0b71d86d220,683f3845f5e1a3e4b1f8fead91bc8f1f840f7e6724d34d9ea393e0b71d86d220,0,no_augmentation,43,4,0.5291444
b139e0fcae28ad639ed2540074d7cf1ed36ef82ad840c1cf598128f4f55b6f94,2ed39cc6daa76227fef121e3687cd919552874410cad3b708ad363313a942626,0,no_augmentation,43,4,0.4028582
6af768514c2ab6b4609d28567d61ed8a7c5ffc020422713a7be95efdb8512f6a,6af768514c2ab6b4609d28567d61ed8a7c5ffc020422713a7be95efdb8512f6a,0,no_augmentation,43,4,0.29107982
91ec708e6345187e7e6cb79d8f506804299539768c93c40dad9b190d53558a60,91ec708e6345187e7e6cb79d8f506804299539768c93c40dad9b190d53558a60,0,no_augmentation,43,4,0.78233737
4b28a53817d0da69153d71be73ea818aaa6ac48f65a8dd2a5d84a6225fa0f94a,4b28a53817d0da69153d71be73ea818aaa6ac48f65a8dd2a5d84a6225fa0f94a,0,no_augmentation,43,4,0.45209336
af848889102601facd1b908c76d3cbf1ac5bb5681300d7e5a97893261e5d4a11,af848889102601facd1b908c76d3cbf1ac5bb5681300d7e5a97893261e5d4a11,0,no_augmentation,43,4,0.6701126
bdce5afee31c171c25454a01878f49a2bb1d2887df3eee350399b383513f8cae,bdce5afee31c171c25454a01878f49a2bb1d2887df3eee350399b383513f8cae,0,no_augmentation,43,4,0.72626835
81fe68a9e2fc315e9710282f606a670778130998e1390a3144d9bf5b31bd4065,81fe68a9e2fc315e9710282f606a670778130998e1390a3144d9bf5b31bd4065,0,no_augmentation,43,4,0.24421735
b12ea55157f26c262502f57f8eb5ab13ef9aeac065eed940af6c87d362ad9300,b12ea55157f26c262502f57f8eb5ab13ef9aeac065eed940af6c87d362ad9300,0,no_augmentation,43,4,0.2815352
d6c7145cffa1d9b450905160ed7b9b4579c864eb77395fc69813e5e6b74e495d,d6c7145cffa1d9b450905160ed7b9b4579c864eb77395fc69813e5e6b74e495d,1,no_augmentation,43,4,0.70361996
bd342fb9cbae0aaced0b790162fd2173c66f2b4d4548d7c8f56c07a655cdfa2f,bd342fb9cbae0aaced0b790162fd2173c66f2b4d4548d7c8f56c07a655cdfa2f,1,no_augmentation,43,4,0.76533306
8dc2f105b420d03e79f318c43a9bc8b63105f57cd452b4de3ab53998ee2c0013,4b500751557f10159179da0bf35abdbd125e04d552884e8115db912c31f440e5,1,no_augmentation,43,4,0.31692216
ec29cdff7047d7ea62b34c125bfb4d183e75d1102f79ea2672f3383533776599,ec29cdff7047d7ea62b34c125bfb4d183e75d1102f79ea2672f3383533776599,1,no_augmentation,43,4,0.35983595
1698e358015b2ecda49464781e87202cb625b72cfe0d2bc1e392f949afad6345,1698e358015b2ecda49464781e87202cb625b72cfe0d2bc1e392f949afad6345,1,no_augmentation,43,4,0.371584
56562a6e44ee836f84a036e2e76a09f7d302082181f58852651d2c48646ccc2a,56562a6e44ee836f84a036e2e76a09f7d302082181f58852651d2c48646ccc2a,1,no_augmentation,43,4,0.8571244
dfa19f73a09806cff5b8b3570e9ac156041cf5c4972375230d5bb22c82540be9,dfa19f73a09806cff5b8b3570e9ac156041cf5c4972375230d5bb22c82540be9,1,no_augmentation,43,4,0.77015746
a645b290ac12124164b9b27be07bbe9f4d5a44e51a551a6ca26321867a0006e9,a645b290ac12124164b9b27be07bbe9f4d5a44e51a551a6ca26321867a0006e9,1,no_augmentation,43,4,0.87608534
4b500751557f10159179da0bf35abdbd125e04d552884e8115db912c31f440e5,4b500751557f10159179da0bf35abdbd125e04d552884e8115db912c31f440e5,1,no_augmentation,43,4,0.31745622
78e97d3de70b032f0d206a290be5a6f5b64f7e058d60e0ef0331a2f58438a43e,78e97d3de70b032f0d206a290be5a6f5b64f7e058d60e0ef0331a2f58438a43e,1,no_augmentation,43,4,0.773662
cd7814cfd9f4006cc37117d886dabdeb8ae27fcdbd9248592df88b6f54fd5bd5,cd7814cfd9f4006cc37117d886dabdeb8ae27fcdbd9248592df88b6f54fd5bd5,1,no_augmentation,43,4,0.44949514
4833565f53ed51543091352a222ac98b1c6096441861c9c035127a80fd460257,4833565f53ed51543091352a222ac98b1c6096441861c9c035127a80fd460257,1,no_augmentation,43,4,0.8074592
1945a41778e1fcf8341500525e443c5347977c28baf26a0ced32f99534edd898,1945a41778e1fcf8341500525e443c5347977c28baf26a0ced32f99534edd898,1,no_augmentation,43,4,0.6693621
6f83510d9f035d7a17efffccb9603239c49ba14dce10dbe0e25a3358e63a2ffb,6f83510d9f035d7a17efffccb9603239c49ba14dce10dbe0e25a3358e63a2ffb,1,no_augmentation,43,4,0.774404
976659c77cc9b2679e77eb492592dfd66045319538e6f68604e0027b237cc949,976659c77cc9b2679e77eb492592dfd66045319538e6f68604e0027b237cc949,1,no_augmentation,43,4,0.6483756
664d62c750b5c76bce37e6b7496f70a9195a139c893da9e2487cf441bd622dda,664d62c750b5c76bce37e6b7496f70a9195a139c893da9e2487cf441bd622dda,1,no_augmentation,43,4,0.7640803
7b410517b5262c81b8cbd2a606b2b730e4aa41b2f4c405c406d0ab497a375fad,7b410517b5262c81b8cbd2a606b2b730e4aa41b2f4c405c406d0ab497a375fad,1,no_augmentation,43,4,0.6093093
e47b451baa75405ff12a9ec02887a268755b304791cb8555636959ac66bba7c7,3e71fcc3f8a78e780596bbec3dc14e6e087e8d2f9a9eafdf54aa98995bf96af2,1,no_augmentation,43,4,0.36683783
c6f1bb114ffc0594d49c3991aec03ef53c6d44506cd552baad1020f821d80648,c6f1bb114ffc0594d49c3991aec03ef53c6d44506cd552baad1020f821d80648,1,no_augmentation,43,4,0.6112951
a9ad252451dd83369e64751c361e0394fe0f2c117c56915ca089ba9683fffdab,a9ad252451dd83369e64751c361e0394fe0f2c117c56915ca089ba9683fffdab,1,no_augmentation,43,4,0.6125125
89810c9f9da51413829ef3ab0355af8a0dcce6507f1a0a77b0c4a5c7563a9e86,89810c9f9da51413829ef3ab0355af8a0dcce6507f1a0a77b0c4a5c7563a9e86,1,no_augmentation,43,4,0.71610236
0da7ca18162b012c5e65e29a6521df3c090a0070342516591883801876f8a8de,0da7ca18162b012c5e65e29a6521df3c090a0070342516591883801876f8a8de,1,no_augmentation,43,4,0.5536484
543e00753b2ae3a42b97e68ca83e94c7ea945e6736e6e1d7dd26808a5dad0e8b,543e00753b2ae3a42b97e68ca83e94c7ea945e6736e6e1d7dd26808a5dad0e8b,1,no_augmentation,43,4,0.72686124
67778117c04d9ef5410e5521de74b72c8e3085491ba75d99bd2109762a058efe,67778117c04d9ef5410e5521de74b72c8e3085491ba75d99bd2109762a058efe,1,no_augmentation,43,4,0.59291595
41ba1713a0172bdfc63c74f78b33b7fe084c29f647de8fc56d71675df288615f,41ba1713a0172bdfc63c74f78b33b7fe084c29f647de8fc56d71675df288615f,1,no_augmentation,43,4,0.9195574
3e71fcc3f8a78e780596bbec3dc14e6e087e8d2f9a9eafdf54aa98995bf96af2,3e71fcc3f8a78e780596bbec3dc14e6e087e8d2f9a9eafdf54aa98995bf96af2,1,no_augmentation,43,4,0.37300465
34eeb369fff52f1ad84bba5d77da167a26ca5249293e3910bb04e8af2bf2ba25,34eeb369fff52f1ad84bba5d77da167a26ca5249293e3910bb04e8af2bf2ba25,0,plain_cnn,43,4,0.062096994
e4a8a1984d9693e70d8335a1c8c77a39a68f684b5661ac2edc34f8e971dd88f1,e4a8a1984d9693e70d8335a1c8c77a39a68f684b5661ac2edc34f8e971dd88f1,0,plain_cnn,43,4,0.04437751
1aef7dac4e05e817a3496f6a49b890c9f2fc84b3afcda460c74f76723e09851e,1aef7dac4e05e817a3496f6a49b890c9f2fc84b3afcda460c74f76723e09851e,0,plain_cnn,43,4,0.7648527
90c4faafd845360cbfd09f19632147497b4b04463ee87ae31d991f20e6ca6ed0,90c4faafd845360cbfd09f19632147497b4b04463ee87ae31d991f20e6ca6ed0,0,plain_cnn,43,4,0.48831955
cce8e87b4fb59d8c79ae90de643a8203db5e0e0a73b4bb42effe9c2517f6fa01,cce8e87b4fb59d8c79ae90de643a8203db5e0e0a73b4bb42effe9c2517f6fa01,0,plain_cnn,43,4,0.016208338
2ed39cc6daa76227fef121e3687cd919552874410cad3b708ad363313a942626,2ed39cc6daa76227fef121e3687cd919552874410cad3b708ad363313a942626,0,plain_cnn,43,4,0.06847561
09393b70fcb61a1299bad46fd256c97f665e2830c41f528825d78823aa77afcb,09393b70fcb61a1299bad46fd256c97f665e2830c41f528825d78823aa77afcb,0,plain_cnn,43,4,0.053003848
fe24370b7fbad1d4671832b0132f589ae94191d04a324806374726cbb9553a9a,fe24370b7fbad1d4671832b0132f589ae94191d04a324806374726cbb9553a9a,0,plain_cnn,43,4,0.030170083
2696e7062b07582af40cc808c1d7ec35909b89548d5f99f2ed8d7f97e45374f9,2696e7062b07582af40cc808c1d7ec35909b89548d5f99f2ed8d7f97e45374f9,0,plain_cnn,43,4,0.08892345
83aaaf100259fad75d3cae0d1f0acedff5a3718d7d1db32062bd1cd3aac86688,34eeb369fff52f1ad84bba5d77da167a26ca5249293e3910bb04e8af2bf2ba25,0,plain_cnn,43,4,0.059801713
9fed845a58f23ea75c16c2f89d701ca68c7780565f94dd913a3fc2fd8e01b9cd,9fed845a58f23ea75c16c2f89d701ca68c7780565f94dd913a3fc2fd8e01b9cd,0,plain_cnn,43,4,0.07305818
683f3845f5e1a3e4b1f8fead91bc8f1f840f7e6724d34d9ea393e0b71d86d220,683f3845f5e1a3e4b1f8fead91bc8f1f840f7e6724d34d9ea393e0b71d86d220,0,plain_cnn,43,4,0.52904093
b139e0fcae28ad639ed2540074d7cf1ed36ef82ad840c1cf598128f4f55b6f94,2ed39cc6daa76227fef121e3687cd919552874410cad3b708ad363313a942626,0,plain_cnn,43,4,0.09349468
6af768514c2ab6b4609d28567d61ed8a7c5ffc020422713a7be95efdb8512f6a,6af768514c2ab6b4609d28567d61ed8a7c5ffc020422713a7be95efdb8512f6a,0,plain_cnn,43,4,0.117590144
91ec708e6345187e7e6cb79d8f506804299539768c93c40dad9b190d53558a60,91ec708e6345187e7e6cb79d8f506804299539768c93c40dad9b190d53558a60,0,plain_cnn,43,4,0.19062227
4b28a53817d0da69153d71be73ea818aaa6ac48f65a8dd2a5d84a6225fa0f94a,4b28a53817d0da69153d71be73ea818aaa6ac48f65a8dd2a5d84a6225fa0f94a,0,plain_cnn,43,4,0.41648903
af848889102601facd1b908c76d3cbf1ac5bb5681300d7e5a97893261e5d4a11,af848889102601facd1b908c76d3cbf1ac5bb5681300d7e5a97893261e5d4a11,0,plain_cnn,43,4,0.69001585
bdce5afee31c171c25454a01878f49a2bb1d2887df3eee350399b383513f8cae,bdce5afee31c171c25454a01878f49a2bb1d2887df3eee350399b383513f8cae,0,plain_cnn,43,4,0.36324272
81fe68a9e2fc315e9710282f606a670778130998e1390a3144d9bf5b31bd4065,81fe68a9e2fc315e9710282f606a670778130998e1390a3144d9bf5b31bd4065,0,plain_cnn,43,4,0.042301714
b12ea55157f26c262502f57f8eb5ab13ef9aeac065eed940af6c87d362ad9300,b12ea55157f26c262502f57f8eb5ab13ef9aeac065eed940af6c87d362ad9300,0,plain_cnn,43,4,0.055022627
d6c7145cffa1d9b450905160ed7b9b4579c864eb77395fc69813e5e6b74e495d,d6c7145cffa1d9b450905160ed7b9b4579c864eb77395fc69813e5e6b74e495d,1,plain_cnn,43,4,0.8498445
bd342fb9cbae0aaced0b790162fd2173c66f2b4d4548d7c8f56c07a655cdfa2f,bd342fb9cbae0aaced0b790162fd2173c66f2b4d4548d7c8f56c07a655cdfa2f,1,plain_cnn,43,4,0.5819965
8dc2f105b420d03e79f318c43a9bc8b63105f57cd452b4de3ab53998ee2c0013,4b500751557f10159179da0bf35abdbd125e04d552884e8115db912c31f440e5,1,plain_cnn,43,4,0.34868938
ec29cdff7047d7ea62b34c125bfb4d183e75d1102f79ea2672f3383533776599,ec29cdff7047d7ea62b34c125bfb4d183e75d1102f79ea2672f3383533776599,1,plain_cnn,43,4,0.15553032
1698e358015b2ecda49464781e87202cb625b72cfe0d2bc1e392f949afad6345,1698e358015b2ecda49464781e87202cb625b72cfe0d2bc1e392f949afad6345,1,plain_cnn,43,4,0.23599844
56562a6e44ee836f84a036e2e76a09f7d302082181f58852651d2c48646ccc2a,56562a6e44ee836f84a036e2e76a09f7d302082181f58852651d2c48646ccc2a,1,plain_cnn,43,4,0.40535465
dfa19f73a09806cff5b8b3570e9ac156041cf5c4972375230d5bb22c82540be9,dfa19f73a09806cff5b8b3570e9ac156041cf5c4972375230d5bb22c82540be9,1,plain_cnn,43,4,0.91740876
a645b290ac12124164b9b27be07bbe9f4d5a44e51a551a6ca26321867a0006e9,a645b290ac12124164b9b27be07bbe9f4d5a44e51a551a6ca26321867a0006e9,1,plain_cnn,43,4,0.76547194
4b500751557f10159179da0bf35abdbd125e04d552884e8115db912c31f440e5,4b500751557f10159179da0bf35abdbd125e04d552884e8115db912c31f440e5,1,plain_cnn,43,4,0.3393317
78e97d3de70b032f0d206a290be5a6f5b64f7e058d60e0ef0331a2f58438a43e,78e97d3de70b032f0d206a290be5a6f5b64f7e058d60e0ef0331a2f58438a43e,1,plain_cnn,43,4,0.32516056
cd7814cfd9f4006cc37117d886dabdeb8ae27fcdbd9248592df88b6f54fd5bd5,cd7814cfd9f4006cc37117d886dabdeb8ae27fcdbd9248592df88b6f54fd5bd5,1,plain_cnn,43,4,0.78225654
4833565f53ed51543091352a222ac98b1c6096441861c9c035127a80fd460257,4833565f53ed51543091352a222ac98b1c6096441861c9c035127a80fd460257,1,plain_cnn,43,4,0.16617969
1945a41778e1fcf8341500525e443c5347977c28baf26a0ced32f99534edd898,1945a41778e1fcf8341500525e443c5347977c28baf26a0ced32f99534edd898,1,plain_cnn,43,4,0.86358666
6f83510d9f035d7a17efffccb9603239c49ba14dce10dbe0e25a3358e63a2ffb,6f83510d9f035d7a17efffccb9603239c49ba14dce10dbe0e25a3358e63a2ffb,1,plain_cnn,43,4,0.86992854
976659c77cc9b2679e77eb492592dfd66045319538e6f68604e0027b237cc949,976659c77cc9b2679e77eb492592dfd66045319538e6f68604e0027b237cc949,1,plain_cnn,43,4,0.50654215
664d62c750b5c76bce37e6b7496f70a9195a139c893da9e2487cf441bd622dda,664d62c750b5c76bce37e6b7496f70a9195a139c893da9e2487cf441bd622dda,1,plain_cnn,43,4,0.48897776
7b410517b5262c81b8cbd2a606b2b730e4aa41b2f4c405c406d0ab497a375fad,7b410517b5262c81b8cbd2a606b2b730e4aa41b2f4c405c406d0ab497a375fad,1,plain_cnn,43,4,0.865773
e47b451baa75405ff12a9ec02887a268755b304791cb8555636959ac66bba7c7,3e71fcc3f8a78e780596bbec3dc14e6e087e8d2f9a9eafdf54aa98995bf96af2,1,plain_cnn,43,4,0.60382706
c6f1bb114ffc0594d49c3991aec03ef53c6d44506cd552baad1020f821d80648,c6f1bb114ffc0594d49c3991aec03ef53c6d44506cd552baad1020f821d80648,1,plain_cnn,43,4,0.66012174
a9ad252451dd83369e64751c361e0394fe0f2c117c56915ca089ba9683fffdab,a9ad252451dd83369e64751c361e0394fe0f2c117c56915ca089ba9683fffdab,1,plain_cnn,43,4,0.89362395
89810c9f9da51413829ef3ab0355af8a0dcce6507f1a0a77b0c4a5c7563a9e86,89810c9f9da51413829ef3ab0355af8a0dcce6507f1a0a77b0c4a5c7563a9e86,1,plain_cnn,43,4,0.4030606
0da7ca18162b012c5e65e29a6521df3c090a0070342516591883801876f8a8de,0da7ca18162b012c5e65e29a6521df3c090a0070342516591883801876f8a8de,1,plain_cnn,43,4,0.84644955
543e00753b2ae3a42b97e68ca83e94c7ea945e6736e6e1d7dd26808a5dad0e8b,543e00753b2ae3a42b97e68ca83e94c7ea945e6736e6e1d7dd26808a5dad0e8b,1,plain_cnn,43,4,0.80748206
67778117c04d9ef5410e5521de74b72c8e3085491ba75d99bd2109762a058efe,67778117c04d9ef5410e5521de74b72c8e3085491ba75d99bd2109762a058efe,1,plain_cnn,43,4,0.6197538
41ba1713a0172bdfc63c74f78b33b7fe084c29f647de8fc56d71675df288615f,41ba1713a0172bdfc63c74f78b33b7fe084c29f647de8fc56d71675df288615f,1,plain_cnn,43,4,0.78662187
3e71fcc3f8a78e780596bbec3dc14e6e087e8d2f9a9eafdf54aa98995bf96af2,3e71fcc3f8a78e780596bbec3dc14e6e087e8d2f9a9eafdf54aa98995bf96af2,1,plain_cnn,43,4,0.61655545
34eeb369fff52f1ad84bba5d77da167a26ca5249293e3910bb04e8af2bf2ba25,34eeb369fff52f1ad84bba5d77da167a26ca5249293e3910bb04e8af2bf2ba25,0,narrow_resnet_gn,43,4,0.0035622418
e4a8a1984d9693e70d8335a1c8c77a39a68f684b5661ac2edc34f8e971dd88f1,e4a8a1984d9693e70d8335a1c8c77a39a68f684b5661ac2edc34f8e971dd88f1,0,narrow_resnet_gn,43,4,0.069169864
1aef7dac4e05e817a3496f6a49b890c9f2fc84b3afcda460c74f76723e09851e,1aef7dac4e05e817a3496f6a49b890c9f2fc84b3afcda460c74f76723e09851e,0,narrow_resnet_gn,43,4,0.9782762
90c4faafd845360cbfd09f19632147497b4b04463ee87ae31d991f20e6ca6ed0,90c4faafd845360cbfd09f19632147497b4b04463ee87ae31d991f20e6ca6ed0,0,narrow_resnet_gn,43,4,0.04394331
cce8e87b4fb59d8c79ae90de643a8203db5e0e0a73b4bb42effe9c2517f6fa01,cce8e87b4fb59d8c79ae90de643a8203db5e0e0a73b4bb42effe9c2517f6fa01,0,narrow_resnet_gn,43,4,0.013126378
2ed39cc6daa76227fef121e3687cd919552874410cad3b708ad363313a942626,2ed39cc6daa76227fef121e3687cd919552874410cad3b708ad363313a942626,0,narrow_resnet_gn,43,4,0.009596106
09393b70fcb61a1299bad46fd256c97f665e2830c41f528825d78823aa77afcb,09393b70fcb61a1299bad46fd256c97f665e2830c41f528825d78823aa77afcb,0,narrow_resnet_gn,43,4,0.13387433
fe24370b7fbad1d4671832b0132f589ae94191d04a324806374726cbb9553a9a,fe24370b7fbad1d4671832b0132f589ae94191d04a324806374726cbb9553a9a,0,narrow_resnet_gn,43,4,0.27562314
2696e7062b07582af40cc808c1d7ec35909b89548d5f99f2ed8d7f97e45374f9,2696e7062b07582af40cc808c1d7ec35909b89548d5f99f2ed8d7f97e45374f9,0,narrow_resnet_gn,43,4,0.0043429406
83aaaf100259fad75d3cae0d1f0acedff5a3718d7d1db32062bd1cd3aac86688,34eeb369fff52f1ad84bba5d77da167a26ca5249293e3910bb04e8af2bf2ba25,0,narrow_resnet_gn,43,4,0.0034170728
9fed845a58f23ea75c16c2f89d701ca68c7780565f94dd913a3fc2fd8e01b9cd,9fed845a58f23ea75c16c2f89d701ca68c7780565f94dd913a3fc2fd8e01b9cd,0,narrow_resnet_gn,43,4,0.028013334
683f3845f5e1a3e4b1f8fead91bc8f1f840f7e6724d34d9ea393e0b71d86d220,683f3845f5e1a3e4b1f8fead91bc8f1f840f7e6724d34d9ea393e0b71d86d220,0,narrow_resnet_gn,43,4,0.9189386
b139e0fcae28ad639ed2540074d7cf1ed36ef82ad840c1cf598128f4f55b6f94,2ed39cc6daa76227fef121e3687cd919552874410cad3b708ad363313a942626,0,narrow_resnet_gn,43,4,0.024661304
6af768514c2ab6b4609d28567d61ed8a7c5ffc020422713a7be95efdb8512f6a,6af768514c2ab6b4609d28567d61ed8a7c5ffc020422713a7be95efdb8512f6a,0,narrow_resnet_gn,43,4,0.011674708
91ec708e6345187e7e6cb79d8f506804299539768c93c40dad9b190d53558a60,91ec708e6345187e7e6cb79d8f506804299539768c93c40dad9b190d53558a60,0,narrow_resnet_gn,43,4,0.036535423
4b28a53817d0da69153d71be73ea818aaa6ac48f65a8dd2a5d84a6225fa0f94a,4b28a53817d0da69153d71be73ea818aaa6ac48f65a8dd2a5d84a6225fa0f94a,0,narrow_resnet_gn,43,4,0.005418698
af848889102601facd1b908c76d3cbf1ac5bb5681300d7e5a97893261e5d4a11,af848889102601facd1b908c76d3cbf1ac5bb5681300d7e5a97893261e5d4a11,0,narrow_resnet_gn,43,4,0.8748445
bdce5afee31c171c25454a01878f49a2bb1d2887df3eee350399b383513f8cae,bdce5afee31c171c25454a01878f49a2bb1d2887df3eee350399b383513f8cae,0,narrow_resnet_gn,43,4,0.004902869
81fe68a9e2fc315e9710282f606a670778130998e1390a3144d9bf5b31bd4065,81fe68a9e2fc315e9710282f606a670778130998e1390a3144d9bf5b31bd4065,0,narrow_resnet_gn,43,4,0.017089235
b12ea55157f26c262502f57f8eb5ab13ef9aeac065eed940af6c87d362ad9300,b12ea55157f26c262502f57f8eb5ab13ef9aeac065eed940af6c87d362ad9300,0,narrow_resnet_gn,43,4,0.0025494935
d6c7145cffa1d9b450905160ed7b9b4579c864eb77395fc69813e5e6b74e495d,d6c7145cffa1d9b450905160ed7b9b4579c864eb77395fc69813e5e6b74e495d,1,narrow_resnet_gn,43,4,0.85527086
bd342fb9cbae0aaced0b790162fd2173c66f2b4d4548d7c8f56c07a655cdfa2f,bd342fb9cbae0aaced0b790162fd2173c66f2b4d4548d7c8f56c07a655cdfa2f,1,narrow_resnet_gn,43,4,0.7571613
8dc2f105b420d03e79f318c43a9bc8b63105f57cd452b4de3ab53998ee2c0013,4b500751557f10159179da0bf35abdbd125e04d552884e8115db912c31f440e5,1,narrow_resnet_gn,43,4,0.8840063
ec29cdff7047d7ea62b34c125bfb4d183e75d1102f79ea2672f3383533776599,ec29cdff7047d7ea62b34c125bfb4d183e75d1102f79ea2672f3383533776599,1,narrow_resnet_gn,43,4,0.8906052
1698e358015b2ecda49464781e87202cb625b72cfe0d2bc1e392f949afad6345,1698e358015b2ecda49464781e87202cb625b72cfe0d2bc1e392f949afad6345,1,narrow_resnet_gn,43,4,0.25472185
56562a6e44ee836f84a036e2e76a09f7d302082181f58852651d2c48646ccc2a,56562a6e44ee836f84a036e2e76a09f7d302082181f58852651d2c48646ccc2a,1,narrow_resnet_gn,43,4,0.007496874
dfa19f73a09806cff5b8b3570e9ac156041cf5c4972375230d5bb22c82540be9,dfa19f73a09806cff5b8b3570e9ac156041cf5c4972375230d5bb22c82540be9,1,narrow_resnet_gn,43,4,0.8388106
a645b290ac12124164b9b27be07bbe9f4d5a44e51a551a6ca26321867a0006e9,a645b290ac12124164b9b27be07bbe9f4d5a44e51a551a6ca26321867a0006e9,1,narrow_resnet_gn,43,4,0.9564151
4b500751557f10159179da0bf35abdbd125e04d552884e8115db912c31f440e5,4b500751557f10159179da0bf35abdbd125e04d552884e8115db912c31f440e5,1,narrow_resnet_gn,43,4,0.88325244
78e97d3de70b032f0d206a290be5a6f5b64f7e058d60e0ef0331a2f58438a43e,78e97d3de70b032f0d206a290be5a6f5b64f7e058d60e0ef0331a2f58438a43e,1,narrow_resnet_gn,43,4,0.10743284
cd7814cfd9f4006cc37117d886dabdeb8ae27fcdbd9248592df88b6f54fd5bd5,cd7814cfd9f4006cc37117d886dabdeb8ae27fcdbd9248592df88b6f54fd5bd5,1,narrow_resnet_gn,43,4,0.9260017
4833565f53ed51543091352a222ac98b1c6096441861c9c035127a80fd460257,4833565f53ed51543091352a222ac98b1c6096441861c9c035127a80fd460257,1,narrow_resnet_gn,43,4,0.026562577
1945a41778e1fcf8341500525e443c5347977c28baf26a0ced32f99534edd898,1945a41778e1fcf8341500525e443c5347977c28baf26a0ced32f99534edd898,1,narrow_resnet_gn,43,4,0.97669536
6f83510d9f035d7a17efffccb9603239c49ba14dce10dbe0e25a3358e63a2ffb,6f83510d9f035d7a17efffccb9603239c49ba14dce10dbe0e25a3358e63a2ffb,1,narrow_resnet_gn,43,4,0.92365795
976659c77cc9b2679e77eb492592dfd66045319538e6f68604e0027b237cc949,976659c77cc9b2679e77eb492592dfd66045319538e6f68604e0027b237cc949,1,narrow_resnet_gn,43,4,0.020304007
664d62c750b5c76bce37e6b7496f70a9195a139c893da9e2487cf441bd622dda,664d62c750b5c76bce37e6b7496f70a9195a139c893da9e2487cf441bd622dda,1,narrow_resnet_gn,43,4,0.85958344
7b410517b5262c81b8cbd2a606b2b730e4aa41b2f4c405c406d0ab497a375fad,7b410517b5262c81b8cbd2a606b2b730e4aa41b2f4c405c406d0ab497a375fad,1,narrow_resnet_gn,43,4,0.9613401
e47b451baa75405ff12a9ec02887a268755b304791cb8555636959ac66bba7c7,3e71fcc3f8a78e780596bbec3dc14e6e087e8d2f9a9eafdf54aa98995bf96af2,1,narrow_resnet_gn,43,4,0.9004085
c6f1bb114ffc0594d49c3991aec03ef53c6d44506cd552baad1020f821d80648,c6f1bb114ffc0594d49c3991aec03ef53c6d44506cd552baad1020f821d80648,1,narrow_resnet_gn,43,4,0.88667345
a9ad252451dd83369e64751c361e0394fe0f2c117c56915ca089ba9683fffdab,a9ad252451dd83369e64751c361e0394fe0f2c117c56915ca089ba9683fffdab,1,narrow_resnet_gn,43,4,0.47568968
89810c9f9da51413829ef3ab0355af8a0dcce6507f1a0a77b0c4a5c7563a9e86,89810c9f9da51413829ef3ab0355af8a0dcce6507f1a0a77b0c4a5c7563a9e86,1,narrow_resnet_gn,43,4,0.94292235
0da7ca18162b012c5e65e29a6521df3c090a0070342516591883801876f8a8de,0da7ca18162b012c5e65e29a6521df3c090a0070342516591883801876f8a8de,1,narrow_resnet_gn,43,4,0.931964
543e00753b2ae3a42b97e68ca83e94c7ea945e6736e6e1d7dd26808a5dad0e8b,543e00753b2ae3a42b97e68ca83e94c7ea945e6736e6e1d7dd26808a5dad0e8b,1,narrow_resnet_gn,43,4,0.9511214
67778117c04d9ef5410e5521de74b72c8e3085491ba75d99bd2109762a058efe,67778117c04d9ef5410e5521de74b72c8e3085491ba75d99bd2109762a058efe,1,narrow_resnet_gn,43,4,0.947679
41ba1713a0172bdfc63c74f78b33b7fe084c29f647de8fc56d71675df288615f,41ba1713a0172bdfc63c74f78b33b7fe084c29f647de8fc56d71675df288615f,1,narrow_resnet_gn,43,4,0.928642
3e71fcc3f8a78e780596bbec3dc14e6e087e8d2f9a9eafdf54aa98995bf96af2,3e71fcc3f8a78e780596bbec3dc14e6e087e8d2f9a9eafdf54aa98995bf96af2,1,narrow_resnet_gn,43,4,0.90124285
4f32eb2f6b3971b9fb5e331b16ebeba8aeca02becbe749e9b95936fe340dbc92,4f32eb2f6b3971b9fb5e331b16ebeba8aeca02becbe749e9b95936fe340dbc92,0,full,44,0,0.01630491
11fcbc10ab7e3890752d6a32b8de515b57952b63cccbf6ada00c3ae2da823e58,11fcbc10ab7e3890752d6a32b8de515b57952b63cccbf6ada00c3ae2da823e58,0,full,44,0,0.021967078
69cde100d8dad52331dbbda9ca626fc949c9eef87ca4ebf9382b1b9789ac277e,69cde100d8dad52331dbbda9ca626fc949c9eef87ca4ebf9382b1b9789ac277e,0,full,44,0,0.50437844
2e2dad5d3461106137a6841bba1f19176be2ab0e51a7b673e8a68bd2d9f698e4,2e2dad5d3461106137a6841bba1f19176be2ab0e51a7b673e8a68bd2d9f698e4,0,full,44,0,0.016502269
451abc50aa05888273efbe1c2559bb9d2d200fb87912af9d8635fe993b87d58e,451abc50aa05888273efbe1c2559bb9d2d200fb87912af9d8635fe993b87d58e,0,full,44,0,0.261967
b2745f58e72fd5e4069aa2595a8ac8571833d2159b4e0266881e9768a16affce,b2745f58e72fd5e4069aa2595a8ac8571833d2159b4e0266881e9768a16affce,0,full,44,0,0.25593516
314303a089cd03a3d3bebf93f68982465fc8a3fb2a866737d64d8f374ee90a3f,314303a089cd03a3d3bebf93f68982465fc8a3fb2a866737d64d8f374ee90a3f,0,full,44,0,0.026304988
422860947a7370673e9f10d40c9b27be86a1afd1bbf8382eafc38af114139d64,422860947a7370673e9f10d40c9b27be86a1afd1bbf8382eafc38af114139d64,0,full,44,0,0.8181651
6d4e0c545f93c3ab169b47a935b7f21690246488827c8cdb3c023e97bd52333b,6d4e0c545f93c3ab169b47a935b7f21690246488827c8cdb3c023e97bd52333b,0,full,44,0,0.046372946
3a31dc475b21cd0f059f05699ddad612215751f0755ee0317c78677a6f658542,2e2dad5d3461106137a6841bba1f19176be2ab0e51a7b673e8a68bd2d9f698e4,0,full,44,0,0.018145183
a939efe53e12508636806a0548de0774a363805f3c1c1cf6f57182fb15f6213d,a939efe53e12508636806a0548de0774a363805f3c1c1cf6f57182fb15f6213d,0,full,44,0,0.020218812
8c27b2140d87c2f4ca36dc1d15f414c3851f55819fddcea3b7882df3151ac5a6,8c27b2140d87c2f4ca36dc1d15f414c3851f55819fddcea3b7882df3151ac5a6,0,full,44,0,0.043493066
55391a8799e783597b1bd4c53b3b72c6ad20f1ef5fb2634151f26d218bdc1dab,55391a8799e783597b1bd4c53b3b72c6ad20f1ef5fb2634151f26d218bdc1dab,0,full,44,0,0.36711687
9ca4ac0807a3bbd0826a06396a8c0ecbfa9bbb6489ff43bed97a42284eb4478c,6849ea8acf8659b60e837c2d45f4431f833dbf95efa93a350942018e926c3133,0,full,44,0,0.14352064
6849ea8acf8659b60e837c2d45f4431f833dbf95efa93a350942018e926c3133,6849ea8acf8659b60e837c2d45f4431f833dbf95efa93a350942018e926c3133,0,full,44,0,0.12583244
9125bf84b896351de12f641319c42697532aa1a486a398d6e9401acab313dd11,9125bf84b896351de12f641319c42697532aa1a486a398d6e9401acab313dd11,0,full,44,0,0.031575374
d5cbbe1256c58cf25d79245cce21faee2e7e67d9c063c3cda3003e748d058873,d5cbbe1256c58cf25d79245cce21faee2e7e67d9c063c3cda3003e748d058873,0,full,44,0,0.4368074
c8e9a8b3f39810f2735091058c0e39a02ca5370c60e86b71770288c7185b3fbc,c8e9a8b3f39810f2735091058c0e39a02ca5370c60e86b71770288c7185b3fbc,0,full,44,0,0.3815169
8c3352a9324857878735861a8276959d46f0c050e75eee8db1e0da7e383ca9a6,8c3352a9324857878735861a8276959d46f0c050e75eee8db1e0da7e383ca9a6,0,full,44,0,0.06128509
9fdd39966afd42eb860930159d7ccdc00e55ed54540478ff367f07f9f6eedbc4,9fdd39966afd42eb860930159d7ccdc00e55ed54540478ff367f07f9f6eedbc4,0,full,44,0,0.0130028725
c538789cd768bbf8bdafd3a4a130e463f0884af9e619531d829e4187d30b08b2,c538789cd768bbf8bdafd3a4a130e463f0884af9e619531d829e4187d30b08b2,0,full,44,0,0.32561097
cdb365489d1dbf33a11d323602812a70572e4096b4e4ab466558b6f2828b2f05,11fcbc10ab7e3890752d6a32b8de515b57952b63cccbf6ada00c3ae2da823e58,0,full,44,0,0.021628674
8ae4ddcf7ac3dcf56f0398a821dfaabe2667af908eb3b5522759b707cf3bbecd,4f32eb2f6b3971b9fb5e331b16ebeba8aeca02becbe749e9b95936fe340dbc92,0,full,44,0,0.014535846
d2c5fa3041f75490b0e39bc99aa8a0dcae1ad09935b20758fe4d73ae9e58581f,d2c5fa3041f75490b0e39bc99aa8a0dcae1ad09935b20758fe4d73ae9e58581f,0,full,44,0,0.024394456
174f6b1339f3388fd728daf11bfb700a914610a67bc43498ebd6e30ba4066671,174f6b1339f3388fd728daf11bfb700a914610a67bc43498ebd6e30ba4066671,1,full,44,0,0.9703747
e65196e57bfd4c7219cf47b8ad7d499c70a0d8e86ea443944e6faa6447e74e75,e65196e57bfd4c7219cf47b8ad7d499c70a0d8e86ea443944e6faa6447e74e75,1,full,44,0,0.91828
ebf52743e53a6c0f3d9648a0eaa600ee8b1afb0c758dfa83a49b45ad8852933d,ebf52743e53a6c0f3d9648a0eaa600ee8b1afb0c758dfa83a49b45ad8852933d,1,full,44,0,0.8178314
948659a58aa090fea9f4e54c0c7d13cc5a3e10afb8de705c2e3b9699a6e7d98e,948659a58aa090fea9f4e54c0c7d13cc5a3e10afb8de705c2e3b9699a6e7d98e,1,full,44,0,0.6764746
a5e234d76031e70468a449f62a7b79b1a736d1c987ebe8c17ffa0c1c1d61983f,a5e234d76031e70468a449f62a7b79b1a736d1c987ebe8c17ffa0c1c1d61983f,1,full,44,0,0.915818
35a85607e878f71298a48027dd27c67c1dc264b6d02f6396bb73601a2e60fa93,35a85607e878f71298a48027dd27c67c1dc264b6d02f6396bb73601a2e60fa93,1,full,44,0,0.9844342
1e2adee64d6c09c9ed31a05ad463ad803ca8e4b5163f7764753595f0d15241cd,1e2adee64d6c09c9ed31a05ad463ad803ca8e4b5163f7764753595f0d15241cd,1,full,44,0,0.9486703
4c4af743766a62e14e2ae1574ee830f224e8414d4ab32780ed3c944b3dc0539c,4c4af743766a62e14e2ae1574ee830f224e8414d4ab32780ed3c944b3dc0539c,1,full,44,0,0.6685112
cc2def01cb2188f2259d52542f05b9d6c76fc11db28268ba2c61ca2fd4f46854,cc2def01cb2188f2259d52542f05b9d6c76fc11db28268ba2c61ca2fd4f46854,1,full,44,0,0.5777114
66c14a914a8d149d4c415d36fcb7607883eadf549c938a8f5a3647b10c66c81c,66c14a914a8d149d4c415d36fcb7607883eadf549c938a8f5a3647b10c66c81c,1,full,44,0,0.9309625
e053ec244029604025f96ede330578d3dd50e9641e4ef8364e61b5f9cbde33f4,e053ec244029604025f96ede330578d3dd50e9641e4ef8364e61b5f9cbde33f4,1,full,44,0,0.032879736
ba7c85d72891460c0c32f51ed8d504725d9dda15e3113101de475e6c66e53758,ba7c85d72891460c0c32f51ed8d504725d9dda15e3113101de475e6c66e53758,1,full,44,0,0.5963825
0a75a892bc44b017df86771ab2715c5bdd8bb08b1aa019061f6690d8cd1b9861,0a75a892bc44b017df86771ab2715c5bdd8bb08b1aa019061f6690d8cd1b9861,1,full,44,0,0.88424057
c6af3a9d8e4547cb522bd945a82a7cfebf121b93fe7f50299dec705348fe36c3,c6af3a9d8e4547cb522bd945a82a7cfebf121b93fe7f50299dec705348fe36c3,1,full,44,0,0.9702584
7c2aa4a53c65298f5547d4782c6cb9664113aa34ef5141a7028d18270cf092ee,7c2aa4a53c65298f5547d4782c6cb9664113aa34ef5141a7028d18270cf092ee,1,full,44,0,0.017150437
fa5259c7cdf1f53bccde7f6d6d68b3b3dc711df9d6ff00ca583ea1607179d3d7,fa5259c7cdf1f53bccde7f6d6d68b3b3dc711df9d6ff00ca583ea1607179d3d7,1,full,44,0,0.9361055
5e7eca14b014e04c8fbeb72cb2b5662f79b07e0ea57ce3f1c33d8efa1b5c937f,5e7eca14b014e04c8fbeb72cb2b5662f79b07e0ea57ce3f1c33d8efa1b5c937f,1,full,44,0,0.91561216
72191fa7f5b2152dac4de294b17bb39aa06f68db47db9663438d1bfd4bf8c91c,72191fa7f5b2152dac4de294b17bb39aa06f68db47db9663438d1bfd4bf8c91c,1,full,44,0,0.88262016
21ae5635ab2eeb4023aefda84a22d6f1e81aeaf32fcf51cb5285a65156b1c4aa,21ae5635ab2eeb4023aefda84a22d6f1e81aeaf32fcf51cb5285a65156b1c4aa,1,full,44,0,0.9680923
9abf4ad7a7aa95cfbcc7e45b99700eef849af5219dd4c189da1538f068582913,9abf4ad7a7aa95cfbcc7e45b99700eef849af5219dd4c189da1538f068582913,1,full,44,0,0.9610513
83aa22fb808a463ea27c21ac8706381c25c3aba0c7b79fdc3569fdad0abe4a26,83aa22fb808a463ea27c21ac8706381c25c3aba0c7b79fdc3569fdad0abe4a26,1,full,44,0,0.93172646
4f32eb2f6b3971b9fb5e331b16ebeba8aeca02becbe749e9b95936fe340dbc92,4f32eb2f6b3971b9fb5e331b16ebeba8aeca02becbe749e9b95936fe340dbc92,0,no_attention,44,0,0.009173025
11fcbc10ab7e3890752d6a32b8de515b57952b63cccbf6ada00c3ae2da823e58,11fcbc10ab7e3890752d6a32b8de515b57952b63cccbf6ada00c3ae2da823e58,0,no_attention,44,0,0.06550634
69cde100d8dad52331dbbda9ca626fc949c9eef87ca4ebf9382b1b9789ac277e,69cde100d8dad52331dbbda9ca626fc949c9eef87ca4ebf9382b1b9789ac277e,0,no_attention,44,0,0.2834203
2e2dad5d3461106137a6841bba1f19176be2ab0e51a7b673e8a68bd2d9f698e4,2e2dad5d3461106137a6841bba1f19176be2ab0e51a7b673e8a68bd2d9f698e4,0,no_attention,44,0,0.010834412
451abc50aa05888273efbe1c2559bb9d2d200fb87912af9d8635fe993b87d58e,451abc50aa05888273efbe1c2559bb9d2d200fb87912af9d8635fe993b87d58e,0,no_attention,44,0,0.037074815
b2745f58e72fd5e4069aa2595a8ac8571833d2159b4e0266881e9768a16affce,b2745f58e72fd5e4069aa2595a8ac8571833d2159b4e0266881e9768a16affce,0,no_attention,44,0,0.34642145
314303a089cd03a3d3bebf93f68982465fc8a3fb2a866737d64d8f374ee90a3f,314303a089cd03a3d3bebf93f68982465fc8a3fb2a866737d64d8f374ee90a3f,0,no_attention,44,0,0.22672874
422860947a7370673e9f10d40c9b27be86a1afd1bbf8382eafc38af114139d64,422860947a7370673e9f10d40c9b27be86a1afd1bbf8382eafc38af114139d64,0,no_attention,44,0,0.02144836
6d4e0c545f93c3ab169b47a935b7f21690246488827c8cdb3c023e97bd52333b,6d4e0c545f93c3ab169b47a935b7f21690246488827c8cdb3c023e97bd52333b,0,no_attention,44,0,0.25874066
3a31dc475b21cd0f059f05699ddad612215751f0755ee0317c78677a6f658542,2e2dad5d3461106137a6841bba1f19176be2ab0e51a7b673e8a68bd2d9f698e4,0,no_attention,44,0,0.008506998
a939efe53e12508636806a0548de0774a363805f3c1c1cf6f57182fb15f6213d,a939efe53e12508636806a0548de0774a363805f3c1c1cf6f57182fb15f6213d,0,no_attention,44,0,0.007463589
8c27b2140d87c2f4ca36dc1d15f414c3851f55819fddcea3b7882df3151ac5a6,8c27b2140d87c2f4ca36dc1d15f414c3851f55819fddcea3b7882df3151ac5a6,0,no_attention,44,0,0.006827317
55391a8799e783597b1bd4c53b3b72c6ad20f1ef5fb2634151f26d218bdc1dab,55391a8799e783597b1bd4c53b3b72c6ad20f1ef5fb2634151f26d218bdc1dab,0,no_attention,44,0,0.63608897
9ca4ac0807a3bbd0826a06396a8c0ecbfa9bbb6489ff43bed97a42284eb4478c,6849ea8acf8659b60e837c2d45f4431f833dbf95efa93a350942018e926c3133,0,no_attention,44,0,0.04971425
6849ea8acf8659b60e837c2d45f4431f833dbf95efa93a350942018e926c3133,6849ea8acf8659b60e837c2d45f4431f833dbf95efa93a350942018e926c3133,0,no_attention,44,0,0.04185092
9125bf84b896351de12f641319c42697532aa1a486a398d6e9401acab313dd11,9125bf84b896351de12f641319c42697532aa1a486a398d6e9401acab313dd11,0,no_attention,44,0,0.036669582
d5cbbe1256c58cf25d79245cce21faee2e7e67d9c063c3cda3003e748d058873,d5cbbe1256c58cf25d79245cce21faee2e7e67d9c063c3cda3003e748d058873,0,no_attention,44,0,0.49963582
c8e9a8b3f39810f2735091058c0e39a02ca5370c60e86b71770288c7185b3fbc,c8e9a8b3f39810f2735091058c0e39a02ca5370c60e86b71770288c7185b3fbc,0,no_attention,44,0,0.22250965
8c3352a9324857878735861a8276959d46f0c050e75eee8db1e0da7e383ca9a6,8c3352a9324857878735861a8276959d46f0c050e75eee8db1e0da7e383ca9a6,0,no_attention,44,0,0.0027991924
9fdd39966afd42eb860930159d7ccdc00e55ed54540478ff367f07f9f6eedbc4,9fdd39966afd42eb860930159d7ccdc00e55ed54540478ff367f07f9f6eedbc4,0,no_attention,44,0,0.010110463
c538789cd768bbf8bdafd3a4a130e463f0884af9e619531d829e4187d30b08b2,c538789cd768bbf8bdafd3a4a130e463f0884af9e619531d829e4187d30b08b2,0,no_attention,44,0,0.04565114
cdb365489d1dbf33a11d323602812a70572e4096b4e4ab466558b6f2828b2f05,11fcbc10ab7e3890752d6a32b8de515b57952b63cccbf6ada00c3ae2da823e58,0,no_attention,44,0,0.06726214
8ae4ddcf7ac3dcf56f0398a821dfaabe2667af908eb3b5522759b707cf3bbecd,4f32eb2f6b3971b9fb5e331b16ebeba8aeca02becbe749e9b95936fe340dbc92,0,no_attention,44,0,0.008981039
d2c5fa3041f75490b0e39bc99aa8a0dcae1ad09935b20758fe4d73ae9e58581f,d2c5fa3041f75490b0e39bc99aa8a0dcae1ad09935b20758fe4d73ae9e58581f,0,no_attention,44,0,0.014372377
174f6b1339f3388fd728daf11bfb700a914610a67bc43498ebd6e30ba4066671,174f6b1339f3388fd728daf11bfb700a914610a67bc43498ebd6e30ba4066671,1,no_attention,44,0,0.9841494
e65196e57bfd4c7219cf47b8ad7d499c70a0d8e86ea443944e6faa6447e74e75,e65196e57bfd4c7219cf47b8ad7d499c70a0d8e86ea443944e6faa6447e74e75,1,no_attention,44,0,0.9940122
ebf52743e53a6c0f3d9648a0eaa600ee8b1afb0c758dfa83a49b45ad8852933d,ebf52743e53a6c0f3d9648a0eaa600ee8b1afb0c758dfa83a49b45ad8852933d,1,no_attention,44,0,0.81928754
948659a58aa090fea9f4e54c0c7d13cc5a3e10afb8de705c2e3b9699a6e7d98e,948659a58aa090fea9f4e54c0c7d13cc5a3e10afb8de705c2e3b9699a6e7d98e,1,no_attention,44,0,0.0071217055
a5e234d76031e70468a449f62a7b79b1a736d1c987ebe8c17ffa0c1c1d61983f,a5e234d76031e70468a449f62a7b79b1a736d1c987ebe8c17ffa0c1c1d61983f,1,no_attention,44,0,0.67095536
35a85607e878f71298a48027dd27c67c1dc264b6d02f6396bb73601a2e60fa93,35a85607e878f71298a48027dd27c67c1dc264b6d02f6396bb73601a2e60fa93,1,no_attention,44,0,0.9233701
1e2adee64d6c09c9ed31a05ad463ad803ca8e4b5163f7764753595f0d15241cd,1e2adee64d6c09c9ed31a05ad463ad803ca8e4b5163f7764753595f0d15241cd,1,no_attention,44,0,0.67425483
4c4af743766a62e14e2ae1574ee830f224e8414d4ab32780ed3c944b3dc0539c,4c4af743766a62e14e2ae1574ee830f224e8414d4ab32780ed3c944b3dc0539c,1,no_attention,44,0,0.9376257
cc2def01cb2188f2259d52542f05b9d6c76fc11db28268ba2c61ca2fd4f46854,cc2def01cb2188f2259d52542f05b9d6c76fc11db28268ba2c61ca2fd4f46854,1,no_attention,44,0,0.8484638
66c14a914a8d149d4c415d36fcb7607883eadf549c938a8f5a3647b10c66c81c,66c14a914a8d149d4c415d36fcb7607883eadf549c938a8f5a3647b10c66c81c,1,no_attention,44,0,0.9663647
e053ec244029604025f96ede330578d3dd50e9641e4ef8364e61b5f9cbde33f4,e053ec244029604025f96ede330578d3dd50e9641e4ef8364e61b5f9cbde33f4,1,no_attention,44,0,0.03383281
ba7c85d72891460c0c32f51ed8d504725d9dda15e3113101de475e6c66e53758,ba7c85d72891460c0c32f51ed8d504725d9dda15e3113101de475e6c66e53758,1,no_attention,44,0,0.95196205
0a75a892bc44b017df86771ab2715c5bdd8bb08b1aa019061f6690d8cd1b9861,0a75a892bc44b017df86771ab2715c5bdd8bb08b1aa019061f6690d8cd1b9861,1,no_attention,44,0,0.93707436
c6af3a9d8e4547cb522bd945a82a7cfebf121b93fe7f50299dec705348fe36c3,c6af3a9d8e4547cb522bd945a82a7cfebf121b93fe7f50299dec705348fe36c3,1,no_attention,44,0,0.9927275
7c2aa4a53c65298f5547d4782c6cb9664113aa34ef5141a7028d18270cf092ee,7c2aa4a53c65298f5547d4782c6cb9664113aa34ef5141a7028d18270cf092ee,1,no_attention,44,0,0.04797478
fa5259c7cdf1f53bccde7f6d6d68b3b3dc711df9d6ff00ca583ea1607179d3d7,fa5259c7cdf1f53bccde7f6d6d68b3b3dc711df9d6ff00ca583ea1607179d3d7,1,no_attention,44,0,0.98695904
5e7eca14b014e04c8fbeb72cb2b5662f79b07e0ea57ce3f1c33d8efa1b5c937f,5e7eca14b014e04c8fbeb72cb2b5662f79b07e0ea57ce3f1c33d8efa1b5c937f,1,no_attention,44,0,0.97327304
72191fa7f5b2152dac4de294b17bb39aa06f68db47db9663438d1bfd4bf8c91c,72191fa7f5b2152dac4de294b17bb39aa06f68db47db9663438d1bfd4bf8c91c,1,no_attention,44,0,0.76485413
21ae5635ab2eeb4023aefda84a22d6f1e81aeaf32fcf51cb5285a65156b1c4aa,21ae5635ab2eeb4023aefda84a22d6f1e81aeaf32fcf51cb5285a65156b1c4aa,1,no_attention,44,0,0.9816969
9abf4ad7a7aa95cfbcc7e45b99700eef849af5219dd4c189da1538f068582913,9abf4ad7a7aa95cfbcc7e45b99700eef849af5219dd4c189da1538f068582913,1,no_attention,44,0,0.13467357
83aa22fb808a463ea27c21ac8706381c25c3aba0c7b79fdc3569fdad0abe4a26,83aa22fb808a463ea27c21ac8706381c25c3aba0c7b79fdc3569fdad0abe4a26,1,no_attention,44,0,0.97432107
4f32eb2f6b3971b9fb5e331b16ebeba8aeca02becbe749e9b95936fe340dbc92,4f32eb2f6b3971b9fb5e331b16ebeba8aeca02becbe749e9b95936fe340dbc92,0,no_multiscale,44,0,0.013740027
11fcbc10ab7e3890752d6a32b8de515b57952b63cccbf6ada00c3ae2da823e58,11fcbc10ab7e3890752d6a32b8de515b57952b63cccbf6ada00c3ae2da823e58,0,no_multiscale,44,0,0.020384887
69cde100d8dad52331dbbda9ca626fc949c9eef87ca4ebf9382b1b9789ac277e,69cde100d8dad52331dbbda9ca626fc949c9eef87ca4ebf9382b1b9789ac277e,0,no_multiscale,44,0,0.21218865
2e2dad5d3461106137a6841bba1f19176be2ab0e51a7b673e8a68bd2d9f698e4,2e2dad5d3461106137a6841bba1f19176be2ab0e51a7b673e8a68bd2d9f698e4,0,no_multiscale,44,0,0.02289364
451abc50aa05888273efbe1c2559bb9d2d200fb87912af9d8635fe993b87d58e,451abc50aa05888273efbe1c2559bb9d2d200fb87912af9d8635fe993b87d58e,0,no_multiscale,44,0,0.45202225
b2745f58e72fd5e4069aa2595a8ac8571833d2159b4e0266881e9768a16affce,b2745f58e72fd5e4069aa2595a8ac8571833d2159b4e0266881e9768a16affce,0,no_multiscale,44,0,0.14389384
314303a089cd03a3d3bebf93f68982465fc8a3fb2a866737d64d8f374ee90a3f,314303a089cd03a3d3bebf93f68982465fc8a3fb2a866737d64d8f374ee90a3f,0,no_multiscale,44,0,0.3779715
422860947a7370673e9f10d40c9b27be86a1afd1bbf8382eafc38af114139d64,422860947a7370673e9f10d40c9b27be86a1afd1bbf8382eafc38af114139d64,0,no_multiscale,44,0,0.43460032
6d4e0c545f93c3ab169b47a935b7f21690246488827c8cdb3c023e97bd52333b,6d4e0c545f93c3ab169b47a935b7f21690246488827c8cdb3c023e97bd52333b,0,no_multiscale,44,0,0.03547036
3a31dc475b21cd0f059f05699ddad612215751f0755ee0317c78677a6f658542,2e2dad5d3461106137a6841bba1f19176be2ab0e51a7b673e8a68bd2d9f698e4,0,no_multiscale,44,0,0.021137236
a939efe53e12508636806a0548de0774a363805f3c1c1cf6f57182fb15f6213d,a939efe53e12508636806a0548de0774a363805f3c1c1cf6f57182fb15f6213d,0,no_multiscale,44,0,0.023359165
8c27b2140d87c2f4ca36dc1d15f414c3851f55819fddcea3b7882df3151ac5a6,8c27b2140d87c2f4ca36dc1d15f414c3851f55819fddcea3b7882df3151ac5a6,0,no_multiscale,44,0,0.015459161
55391a8799e783597b1bd4c53b3b72c6ad20f1ef5fb2634151f26d218bdc1dab,55391a8799e783597b1bd4c53b3b72c6ad20f1ef5fb2634151f26d218bdc1dab,0,no_multiscale,44,0,0.15624818
9ca4ac0807a3bbd0826a06396a8c0ecbfa9bbb6489ff43bed97a42284eb4478c,6849ea8acf8659b60e837c2d45f4431f833dbf95efa93a350942018e926c3133,0,no_multiscale,44,0,0.1460341
6849ea8acf8659b60e837c2d45f4431f833dbf95efa93a350942018e926c3133,6849ea8acf8659b60e837c2d45f4431f833dbf95efa93a350942018e926c3133,0,no_multiscale,44,0,0.14987664
9125bf84b896351de12f641319c42697532aa1a486a398d6e9401acab313dd11,9125bf84b896351de12f641319c42697532aa1a486a398d6e9401acab313dd11,0,no_multiscale,44,0,0.044175763
d5cbbe1256c58cf25d79245cce21faee2e7e67d9c063c3cda3003e748d058873,d5cbbe1256c58cf25d79245cce21faee2e7e67d9c063c3cda3003e748d058873,0,no_multiscale,44,0,0.5335568
c8e9a8b3f39810f2735091058c0e39a02ca5370c60e86b71770288c7185b3fbc,c8e9a8b3f39810f2735091058c0e39a02ca5370c60e86b71770288c7185b3fbc,0,no_multiscale,44,0,0.06534653
8c3352a9324857878735861a8276959d46f0c050e75eee8db1e0da7e383ca9a6,8c3352a9324857878735861a8276959d46f0c050e75eee8db1e0da7e383ca9a6,0,no_multiscale,44,0,0.88846403
9fdd39966afd42eb860930159d7ccdc00e55ed54540478ff367f07f9f6eedbc4,9fdd39966afd42eb860930159d7ccdc00e55ed54540478ff367f07f9f6eedbc4,0,no_multiscale,44,0,0.018430207
c538789cd768bbf8bdafd3a4a130e463f0884af9e619531d829e4187d30b08b2,c538789cd768bbf8bdafd3a4a130e463f0884af9e619531d829e4187d30b08b2,0,no_multiscale,44,0,0.05059731
cdb365489d1dbf33a11d323602812a70572e4096b4e4ab466558b6f2828b2f05,11fcbc10ab7e3890752d6a32b8de515b57952b63cccbf6ada00c3ae2da823e58,0,no_multiscale,44,0,0.02047885
8ae4ddcf7ac3dcf56f0398a821dfaabe2667af908eb3b5522759b707cf3bbecd,4f32eb2f6b3971b9fb5e331b16ebeba8aeca02becbe749e9b95936fe340dbc92,0,no_multiscale,44,0,0.013314057
d2c5fa3041f75490b0e39bc99aa8a0dcae1ad09935b20758fe4d73ae9e58581f,d2c5fa3041f75490b0e39bc99aa8a0dcae1ad09935b20758fe4d73ae9e58581f,0,no_multiscale,44,0,0.024371505
174f6b1339f3388fd728daf11bfb700a914610a67bc43498ebd6e30ba4066671,174f6b1339f3388fd728daf11bfb700a914610a67bc43498ebd6e30ba4066671,1,no_multiscale,44,0,0.95684975
e65196e57bfd4c7219cf47b8ad7d499c70a0d8e86ea443944e6faa6447e74e75,e65196e57bfd4c7219cf47b8ad7d499c70a0d8e86ea443944e6faa6447e74e75,1,no_multiscale,44,0,0.92691994
ebf52743e53a6c0f3d9648a0eaa600ee8b1afb0c758dfa83a49b45ad8852933d,ebf52743e53a6c0f3d9648a0eaa600ee8b1afb0c758dfa83a49b45ad8852933d,1,no_multiscale,44,0,0.9217329
948659a58aa090fea9f4e54c0c7d13cc5a3e10afb8de705c2e3b9699a6e7d98e,948659a58aa090fea9f4e54c0c7d13cc5a3e10afb8de705c2e3b9699a6e7d98e,1,no_multiscale,44,0,0.16253273
a5e234d76031e70468a449f62a7b79b1a736d1c987ebe8c17ffa0c1c1d61983f,a5e234d76031e70468a449f62a7b79b1a736d1c987ebe8c17ffa0c1c1d61983f,1,no_multiscale,44,0,0.91103715
35a85607e878f71298a48027dd27c67c1dc264b6d02f6396bb73601a2e60fa93,35a85607e878f71298a48027dd27c67c1dc264b6d02f6396bb73601a2e60fa93,1,no_multiscale,44,0,0.93547124
1e2adee64d6c09c9ed31a05ad463ad803ca8e4b5163f7764753595f0d15241cd,1e2adee64d6c09c9ed31a05ad463ad803ca8e4b5163f7764753595f0d15241cd,1,no_multiscale,44,0,0.93934005
4c4af743766a62e14e2ae1574ee830f224e8414d4ab32780ed3c944b3dc0539c,4c4af743766a62e14e2ae1574ee830f224e8414d4ab32780ed3c944b3dc0539c,1,no_multiscale,44,0,0.73172754
cc2def01cb2188f2259d52542f05b9d6c76fc11db28268ba2c61ca2fd4f46854,cc2def01cb2188f2259d52542f05b9d6c76fc11db28268ba2c61ca2fd4f46854,1,no_multiscale,44,0,0.8582951
66c14a914a8d149d4c415d36fcb7607883eadf549c938a8f5a3647b10c66c81c,66c14a914a8d149d4c415d36fcb7607883eadf549c938a8f5a3647b10c66c81c,1,no_multiscale,44,0,0.96187997
e053ec244029604025f96ede330578d3dd50e9641e4ef8364e61b5f9cbde33f4,e053ec244029604025f96ede330578d3dd50e9641e4ef8364e61b5f9cbde33f4,1,no_multiscale,44,0,0.021968875
ba7c85d72891460c0c32f51ed8d504725d9dda15e3113101de475e6c66e53758,ba7c85d72891460c0c32f51ed8d504725d9dda15e3113101de475e6c66e53758,1,no_multiscale,44,0,0.66221505
0a75a892bc44b017df86771ab2715c5bdd8bb08b1aa019061f6690d8cd1b9861,0a75a892bc44b017df86771ab2715c5bdd8bb08b1aa019061f6690d8cd1b9861,1,no_multiscale,44,0,0.95893586
c6af3a9d8e4547cb522bd945a82a7cfebf121b93fe7f50299dec705348fe36c3,c6af3a9d8e4547cb522bd945a82a7cfebf121b93fe7f50299dec705348fe36c3,1,no_multiscale,44,0,0.96667516
7c2aa4a53c65298f5547d4782c6cb9664113aa34ef5141a7028d18270cf092ee,7c2aa4a53c65298f5547d4782c6cb9664113aa34ef5141a7028d18270cf092ee,1,no_multiscale,44,0,0.065868944
fa5259c7cdf1f53bccde7f6d6d68b3b3dc711df9d6ff00ca583ea1607179d3d7,fa5259c7cdf1f53bccde7f6d6d68b3b3dc711df9d6ff00ca583ea1607179d3d7,1,no_multiscale,44,0,0.85758626
5e7eca14b014e04c8fbeb72cb2b5662f79b07e0ea57ce3f1c33d8efa1b5c937f,5e7eca14b014e04c8fbeb72cb2b5662f79b07e0ea57ce3f1c33d8efa1b5c937f,1,no_multiscale,44,0,0.9059137
72191fa7f5b2152dac4de294b17bb39aa06f68db47db9663438d1bfd4bf8c91c,72191fa7f5b2152dac4de294b17bb39aa06f68db47db9663438d1bfd4bf8c91c,1,no_multiscale,44,0,0.8063662
21ae5635ab2eeb4023aefda84a22d6f1e81aeaf32fcf51cb5285a65156b1c4aa,21ae5635ab2eeb4023aefda84a22d6f1e81aeaf32fcf51cb5285a65156b1c4aa,1,no_multiscale,44,0,0.9821117
9abf4ad7a7aa95cfbcc7e45b99700eef849af5219dd4c189da1538f068582913,9abf4ad7a7aa95cfbcc7e45b99700eef849af5219dd4c189da1538f068582913,1,no_multiscale,44,0,0.9638986
83aa22fb808a463ea27c21ac8706381c25c3aba0c7b79fdc3569fdad0abe4a26,83aa22fb808a463ea27c21ac8706381c25c3aba0c7b79fdc3569fdad0abe4a26,1,no_multiscale,44,0,0.9429782
4f32eb2f6b3971b9fb5e331b16ebeba8aeca02becbe749e9b95936fe340dbc92,4f32eb2f6b3971b9fb5e331b16ebeba8aeca02becbe749e9b95936fe340dbc92,0,no_attention_no_multiscale,44,0,0.022934075
11fcbc10ab7e3890752d6a32b8de515b57952b63cccbf6ada00c3ae2da823e58,11fcbc10ab7e3890752d6a32b8de515b57952b63cccbf6ada00c3ae2da823e58,0,no_attention_no_multiscale,44,0,0.078868255
69cde100d8dad52331dbbda9ca626fc949c9eef87ca4ebf9382b1b9789ac277e,69cde100d8dad52331dbbda9ca626fc949c9eef87ca4ebf9382b1b9789ac277e,0,no_attention_no_multiscale,44,0,0.60748243
2e2dad5d3461106137a6841bba1f19176be2ab0e51a7b673e8a68bd2d9f698e4,2e2dad5d3461106137a6841bba1f19176be2ab0e51a7b673e8a68bd2d9f698e4,0,no_attention_no_multiscale,44,0,0.04901744
451abc50aa05888273efbe1c2559bb9d2d200fb87912af9d8635fe993b87d58e,451abc50aa05888273efbe1c2559bb9d2d200fb87912af9d8635fe993b87d58e,0,no_attention_no_multiscale,44,0,0.43392467
b2745f58e72fd5e4069aa2595a8ac8571833d2159b4e0266881e9768a16affce,b2745f58e72fd5e4069aa2595a8ac8571833d2159b4e0266881e9768a16affce,0,no_attention_no_multiscale,44,0,0.09028417
314303a089cd03a3d3bebf93f68982465fc8a3fb2a866737d64d8f374ee90a3f,314303a089cd03a3d3bebf93f68982465fc8a3fb2a866737d64d8f374ee90a3f,0,no_attention_no_multiscale,44,0,0.057233296
422860947a7370673e9f10d40c9b27be86a1afd1bbf8382eafc38af114139d64,422860947a7370673e9f10d40c9b27be86a1afd1bbf8382eafc38af114139d64,0,no_attention_no_multiscale,44,0,0.48912382
6d4e0c545f93c3ab169b47a935b7f21690246488827c8cdb3c023e97bd52333b,6d4e0c545f93c3ab169b47a935b7f21690246488827c8cdb3c023e97bd52333b,0,no_attention_no_multiscale,44,0,0.031337664
3a31dc475b21cd0f059f05699ddad612215751f0755ee0317c78677a6f658542,2e2dad5d3461106137a6841bba1f19176be2ab0e51a7b673e8a68bd2d9f698e4,0,no_attention_no_multiscale,44,0,0.041272335
a939efe53e12508636806a0548de0774a363805f3c1c1cf6f57182fb15f6213d,a939efe53e12508636806a0548de0774a363805f3c1c1cf6f57182fb15f6213d,0,no_attention_no_multiscale,44,0,0.026782876
8c27b2140d87c2f4ca36dc1d15f414c3851f55819fddcea3b7882df3151ac5a6,8c27b2140d87c2f4ca36dc1d15f414c3851f55819fddcea3b7882df3151ac5a6,0,no_attention_no_multiscale,44,0,0.012809777
55391a8799e783597b1bd4c53b3b72c6ad20f1ef5fb2634151f26d218bdc1dab,55391a8799e783597b1bd4c53b3b72c6ad20f1ef5fb2634151f26d218bdc1dab,0,no_attention_no_multiscale,44,0,0.61300117
9ca4ac0807a3bbd0826a06396a8c0ecbfa9bbb6489ff43bed97a42284eb4478c,6849ea8acf8659b60e837c2d45f4431f833dbf95efa93a350942018e926c3133,0,no_attention_no_multiscale,44,0,0.19800091
6849ea8acf8659b60e837c2d45f4431f833dbf95efa93a350942018e926c3133,6849ea8acf8659b60e837c2d45f4431f833dbf95efa93a350942018e926c3133,0,no_attention_no_multiscale,44,0,0.17712915
9125bf84b896351de12f641319c42697532aa1a486a398d6e9401acab313dd11,9125bf84b896351de12f641319c42697532aa1a486a398d6e9401acab313dd11,0,no_attention_no_multiscale,44,0,0.078918286
d5cbbe1256c58cf25d79245cce21faee2e7e67d9c063c3cda3003e748d058873,d5cbbe1256c58cf25d79245cce21faee2e7e67d9c063c3cda3003e748d058873,0,no_attention_no_multiscale,44,0,0.6765598
c8e9a8b3f39810f2735091058c0e39a02ca5370c60e86b71770288c7185b3fbc,c8e9a8b3f39810f2735091058c0e39a02ca5370c60e86b71770288c7185b3fbc,0,no_attention_no_multiscale,44,0,0.122626714
8c3352a9324857878735861a8276959d46f0c050e75eee8db1e0da7e383ca9a6,8c3352a9324857878735861a8276959d46f0c050e75eee8db1e0da7e383ca9a6,0,no_attention_no_multiscale,44,0,0.006348443
9fdd39966afd42eb860930159d7ccdc00e55ed54540478ff367f07f9f6eedbc4,9fdd39966afd42eb860930159d7ccdc00e55ed54540478ff367f07f9f6eedbc4,0,no_attention_no_multiscale,44,0,0.015468468
c538789cd768bbf8bdafd3a4a130e463f0884af9e619531d829e4187d30b08b2,c538789cd768bbf8bdafd3a4a130e463f0884af9e619531d829e4187d30b08b2,0,no_attention_no_multiscale,44,0,0.07323149
cdb365489d1dbf33a11d323602812a70572e4096b4e4ab466558b6f2828b2f05,11fcbc10ab7e3890752d6a32b8de515b57952b63cccbf6ada00c3ae2da823e58,0,no_attention_no_multiscale,44,0,0.07611717
8ae4ddcf7ac3dcf56f0398a821dfaabe2667af908eb3b5522759b707cf3bbecd,4f32eb2f6b3971b9fb5e331b16ebeba8aeca02becbe749e9b95936fe340dbc92,0,no_attention_no_multiscale,44,0,0.020823158
d2c5fa3041f75490b0e39bc99aa8a0dcae1ad09935b20758fe4d73ae9e58581f,d2c5fa3041f75490b0e39bc99aa8a0dcae1ad09935b20758fe4d73ae9e58581f,0,no_attention_no_multiscale,44,0,0.0051387525
174f6b1339f3388fd728daf11bfb700a914610a67bc43498ebd6e30ba4066671,174f6b1339f3388fd728daf11bfb700a914610a67bc43498ebd6e30ba4066671,1,no_attention_no_multiscale,44,0,0.9686642
e65196e57bfd4c7219cf47b8ad7d499c70a0d8e86ea443944e6faa6447e74e75,e65196e57bfd4c7219cf47b8ad7d499c70a0d8e86ea443944e6faa6447e74e75,1,no_attention_no_multiscale,44,0,0.9255396
ebf52743e53a6c0f3d9648a0eaa600ee8b1afb0c758dfa83a49b45ad8852933d,ebf52743e53a6c0f3d9648a0eaa600ee8b1afb0c758dfa83a49b45ad8852933d,1,no_attention_no_multiscale,44,0,0.7349722
948659a58aa090fea9f4e54c0c7d13cc5a3e10afb8de705c2e3b9699a6e7d98e,948659a58aa090fea9f4e54c0c7d13cc5a3e10afb8de705c2e3b9699a6e7d98e,1,no_attention_no_multiscale,44,0,0.044536397
a5e234d76031e70468a449f62a7b79b1a736d1c987ebe8c17ffa0c1c1d61983f,a5e234d76031e70468a449f62a7b79b1a736d1c987ebe8c17ffa0c1c1d61983f,1,no_attention_no_multiscale,44,0,0.8347382
35a85607e878f71298a48027dd27c67c1dc264b6d02f6396bb73601a2e60fa93,35a85607e878f71298a48027dd27c67c1dc264b6d02f6396bb73601a2e60fa93,1,no_attention_no_multiscale,44,0,0.9297379
1e2adee64d6c09c9ed31a05ad463ad803ca8e4b5163f7764753595f0d15241cd,1e2adee64d6c09c9ed31a05ad463ad803ca8e4b5163f7764753595f0d15241cd,1,no_attention_no_multiscale,44,0,0.7852549
4c4af743766a62e14e2ae1574ee830f224e8414d4ab32780ed3c944b3dc0539c,4c4af743766a62e14e2ae1574ee830f224e8414d4ab32780ed3c944b3dc0539c,1,no_attention_no_multiscale,44,0,0.652353
cc2def01cb2188f2259d52542f05b9d6c76fc11db28268ba2c61ca2fd4f46854,cc2def01cb2188f2259d52542f05b9d6c76fc11db28268ba2c61ca2fd4f46854,1,no_attention_no_multiscale,44,0,0.542839
66c14a914a8d149d4c415d36fcb7607883eadf549c938a8f5a3647b10c66c81c,66c14a914a8d149d4c415d36fcb7607883eadf549c938a8f5a3647b10c66c81c,1,no_attention_no_multiscale,44,0,0.96413755
e053ec244029604025f96ede330578d3dd50e9641e4ef8364e61b5f9cbde33f4,e053ec244029604025f96ede330578d3dd50e9641e4ef8364e61b5f9cbde33f4,1,no_attention_no_multiscale,44,0,0.1038906
ba7c85d72891460c0c32f51ed8d504725d9dda15e3113101de475e6c66e53758,ba7c85d72891460c0c32f51ed8d504725d9dda15e3113101de475e6c66e53758,1,no_attention_no_multiscale,44,0,0.72503585
0a75a892bc44b017df86771ab2715c5bdd8bb08b1aa019061f6690d8cd1b9861,0a75a892bc44b017df86771ab2715c5bdd8bb08b1aa019061f6690d8cd1b9861,1,no_attention_no_multiscale,44,0,0.767084
c6af3a9d8e4547cb522bd945a82a7cfebf121b93fe7f50299dec705348fe36c3,c6af3a9d8e4547cb522bd945a82a7cfebf121b93fe7f50299dec705348fe36c3,1,no_attention_no_multiscale,44,0,0.97685415
7c2aa4a53c65298f5547d4782c6cb9664113aa34ef5141a7028d18270cf092ee,7c2aa4a53c65298f5547d4782c6cb9664113aa34ef5141a7028d18270cf092ee,1,no_attention_no_multiscale,44,0,0.042041775
fa5259c7cdf1f53bccde7f6d6d68b3b3dc711df9d6ff00ca583ea1607179d3d7,fa5259c7cdf1f53bccde7f6d6d68b3b3dc711df9d6ff00ca583ea1607179d3d7,1,no_attention_no_multiscale,44,0,0.86263233
5e7eca14b014e04c8fbeb72cb2b5662f79b07e0ea57ce3f1c33d8efa1b5c937f,5e7eca14b014e04c8fbeb72cb2b5662f79b07e0ea57ce3f1c33d8efa1b5c937f,1,no_attention_no_multiscale,44,0,0.705783
72191fa7f5b2152dac4de294b17bb39aa06f68db47db9663438d1bfd4bf8c91c,72191fa7f5b2152dac4de294b17bb39aa06f68db47db9663438d1bfd4bf8c91c,1,no_attention_no_multiscale,44,0,0.94332093
21ae5635ab2eeb4023aefda84a22d6f1e81aeaf32fcf51cb5285a65156b1c4aa,21ae5635ab2eeb4023aefda84a22d6f1e81aeaf32fcf51cb5285a65156b1c4aa,1,no_attention_no_multiscale,44,0,0.9482518
9abf4ad7a7aa95cfbcc7e45b99700eef849af5219dd4c189da1538f068582913,9abf4ad7a7aa95cfbcc7e45b99700eef849af5219dd4c189da1538f068582913,1,no_attention_no_multiscale,44,0,0.93404096
83aa22fb808a463ea27c21ac8706381c25c3aba0c7b79fdc3569fdad0abe4a26,83aa22fb808a463ea27c21ac8706381c25c3aba0c7b79fdc3569fdad0abe4a26,1,no_attention_no_multiscale,44,0,0.6888844
4f32eb2f6b3971b9fb5e331b16ebeba8aeca02becbe749e9b95936fe340dbc92,4f32eb2f6b3971b9fb5e331b16ebeba8aeca02becbe749e9b95936fe340dbc92,0,no_augmentation,44,0,0.005236568
11fcbc10ab7e3890752d6a32b8de515b57952b63cccbf6ada00c3ae2da823e58,11fcbc10ab7e3890752d6a32b8de515b57952b63cccbf6ada00c3ae2da823e58,0,no_augmentation,44,0,0.013839146
69cde100d8dad52331dbbda9ca626fc949c9eef87ca4ebf9382b1b9789ac277e,69cde100d8dad52331dbbda9ca626fc949c9eef87ca4ebf9382b1b9789ac277e,0,no_augmentation,44,0,0.8900835
2e2dad5d3461106137a6841bba1f19176be2ab0e51a7b673e8a68bd2d9f698e4,2e2dad5d3461106137a6841bba1f19176be2ab0e51a7b673e8a68bd2d9f698e4,0,no_augmentation,44,0,0.09885131
451abc50aa05888273efbe1c2559bb9d2d200fb87912af9d8635fe993b87d58e,451abc50aa05888273efbe1c2559bb9d2d200fb87912af9d8635fe993b87d58e,0,no_augmentation,44,0,0.89981323
b2745f58e72fd5e4069aa2595a8ac8571833d2159b4e0266881e9768a16affce,b2745f58e72fd5e4069aa2595a8ac8571833d2159b4e0266881e9768a16affce,0,no_augmentation,44,0,0.014939759
314303a089cd03a3d3bebf93f68982465fc8a3fb2a866737d64d8f374ee90a3f,314303a089cd03a3d3bebf93f68982465fc8a3fb2a866737d64d8f374ee90a3f,0,no_augmentation,44,0,0.010123863
422860947a7370673e9f10d40c9b27be86a1afd1bbf8382eafc38af114139d64,422860947a7370673e9f10d40c9b27be86a1afd1bbf8382eafc38af114139d64,0,no_augmentation,44,0,0.3737287
6d4e0c545f93c3ab169b47a935b7f21690246488827c8cdb3c023e97bd52333b,6d4e0c545f93c3ab169b47a935b7f21690246488827c8cdb3c023e97bd52333b,0,no_augmentation,44,0,0.4378451
3a31dc475b21cd0f059f05699ddad612215751f0755ee0317c78677a6f658542,2e2dad5d3461106137a6841bba1f19176be2ab0e51a7b673e8a68bd2d9f698e4,0,no_augmentation,44,0,0.08456105
a939efe53e12508636806a0548de0774a363805f3c1c1cf6f57182fb15f6213d,a939efe53e12508636806a0548de0774a363805f3c1c1cf6f57182fb15f6213d,0,no_augmentation,44,0,0.005900621
8c27b2140d87c2f4ca36dc1d15f414c3851f55819fddcea3b7882df3151ac5a6,8c27b2140d87c2f4ca36dc1d15f414c3851f55819fddcea3b7882df3151ac5a6,0,no_augmentation,44,0,0.00893885
55391a8799e783597b1bd4c53b3b72c6ad20f1ef5fb2634151f26d218bdc1dab,55391a8799e783597b1bd4c53b3b72c6ad20f1ef5fb2634151f26d218bdc1dab,0,no_augmentation,44,0,0.13350758
9ca4ac0807a3bbd0826a06396a8c0ecbfa9bbb6489ff43bed97a42284eb4478c,6849ea8acf8659b60e837c2d45f4431f833dbf95efa93a350942018e926c3133,0,no_augmentation,44,0,0.01634755
6849ea8acf8659b60e837c2d45f4431f833dbf95efa93a350942018e926c3133,6849ea8acf8659b60e837c2d45f4431f833dbf95efa93a350942018e926c3133,0,no_augmentation,44,0,0.01565023
9125bf84b896351de12f641319c42697532aa1a486a398d6e9401acab313dd11,9125bf84b896351de12f641319c42697532aa1a486a398d6e9401acab313dd11,0,no_augmentation,44,0,0.031191168
d5cbbe1256c58cf25d79245cce21faee2e7e67d9c063c3cda3003e748d058873,d5cbbe1256c58cf25d79245cce21faee2e7e67d9c063c3cda3003e748d058873,0,no_augmentation,44,0,0.8989489
c8e9a8b3f39810f2735091058c0e39a02ca5370c60e86b71770288c7185b3fbc,c8e9a8b3f39810f2735091058c0e39a02ca5370c60e86b71770288c7185b3fbc,0,no_augmentation,44,0,0.6271143
8c3352a9324857878735861a8276959d46f0c050e75eee8db1e0da7e383ca9a6,8c3352a9324857878735861a8276959d46f0c050e75eee8db1e0da7e383ca9a6,0,no_augmentation,44,0,0.013841071
9fdd39966afd42eb860930159d7ccdc00e55ed54540478ff367f07f9f6eedbc4,9fdd39966afd42eb860930159d7ccdc00e55ed54540478ff367f07f9f6eedbc4,0,no_augmentation,44,0,0.033583965
c538789cd768bbf8bdafd3a4a130e463f0884af9e619531d829e4187d30b08b2,c538789cd768bbf8bdafd3a4a130e463f0884af9e619531d829e4187d30b08b2,0,no_augmentation,44,0,0.25670487
cdb365489d1dbf33a11d323602812a70572e4096b4e4ab466558b6f2828b2f05,11fcbc10ab7e3890752d6a32b8de515b57952b63cccbf6ada00c3ae2da823e58,0,no_augmentation,44,0,0.015308706
8ae4ddcf7ac3dcf56f0398a821dfaabe2667af908eb3b5522759b707cf3bbecd,4f32eb2f6b3971b9fb5e331b16ebeba8aeca02becbe749e9b95936fe340dbc92,0,no_augmentation,44,0,0.0050015966
d2c5fa3041f75490b0e39bc99aa8a0dcae1ad09935b20758fe4d73ae9e58581f,d2c5fa3041f75490b0e39bc99aa8a0dcae1ad09935b20758fe4d73ae9e58581f,0,no_augmentation,44,0,0.0542493
174f6b1339f3388fd728daf11bfb700a914610a67bc43498ebd6e30ba4066671,174f6b1339f3388fd728daf11bfb700a914610a67bc43498ebd6e30ba4066671,1,no_augmentation,44,0,0.9762339
e65196e57bfd4c7219cf47b8ad7d499c70a0d8e86ea443944e6faa6447e74e75,e65196e57bfd4c7219cf47b8ad7d499c70a0d8e86ea443944e6faa6447e74e75,1,no_augmentation,44,0,0.96510893
ebf52743e53a6c0f3d9648a0eaa600ee8b1afb0c758dfa83a49b45ad8852933d,ebf52743e53a6c0f3d9648a0eaa600ee8b1afb0c758dfa83a49b45ad8852933d,1,no_augmentation,44,0,0.1269247
948659a58aa090fea9f4e54c0c7d13cc5a3e10afb8de705c2e3b9699a6e7d98e,948659a58aa090fea9f4e54c0c7d13cc5a3e10afb8de705c2e3b9699a6e7d98e,1,no_augmentation,44,0,0.008193434
a5e234d76031e70468a449f62a7b79b1a736d1c987ebe8c17ffa0c1c1d61983f,a5e234d76031e70468a449f62a7b79b1a736d1c987ebe8c17ffa0c1c1d61983f,1,no_augmentation,44,0,0.97919536
35a85607e878f71298a48027dd27c67c1dc264b6d02f6396bb73601a2e60fa93,35a85607e878f71298a48027dd27c67c1dc264b6d02f6396bb73601a2e60fa93,1,no_augmentation,44,0,0.96013784
1e2adee64d6c09c9ed31a05ad463ad803ca8e4b5163f7764753595f0d15241cd,1e2adee64d6c09c9ed31a05ad463ad803ca8e4b5163f7764753595f0d15241cd,1,no_augmentation,44,0,0.8884556
4c4af743766a62e14e2ae1574ee830f224e8414d4ab32780ed3c944b3dc0539c,4c4af743766a62e14e2ae1574ee830f224e8414d4ab32780ed3c944b3dc0539c,1,no_augmentation,44,0,0.79284257
cc2def01cb2188f2259d52542f05b9d6c76fc11db28268ba2c61ca2fd4f46854,cc2def01cb2188f2259d52542f05b9d6c76fc11db28268ba2c61ca2fd4f46854,1,no_augmentation,44,0,0.6545462
66c14a914a8d149d4c415d36fcb7607883eadf549c938a8f5a3647b10c66c81c,66c14a914a8d149d4c415d36fcb7607883eadf549c938a8f5a3647b10c66c81c,1,no_augmentation,44,0,0.9587042
e053ec244029604025f96ede330578d3dd50e9641e4ef8364e61b5f9cbde33f4,e053ec244029604025f96ede330578d3dd50e9641e4ef8364e61b5f9cbde33f4,1,no_augmentation,44,0,0.011741131
ba7c85d72891460c0c32f51ed8d504725d9dda15e3113101de475e6c66e53758,ba7c85d72891460c0c32f51ed8d504725d9dda15e3113101de475e6c66e53758,1,no_augmentation,44,0,0.76294595
0a75a892bc44b017df86771ab2715c5bdd8bb08b1aa019061f6690d8cd1b9861,0a75a892bc44b017df86771ab2715c5bdd8bb08b1aa019061f6690d8cd1b9861,1,no_augmentation,44,0,0.9168473
c6af3a9d8e4547cb522bd945a82a7cfebf121b93fe7f50299dec705348fe36c3,c6af3a9d8e4547cb522bd945a82a7cfebf121b93fe7f50299dec705348fe36c3,1,no_augmentation,44,0,0.97406477
7c2aa4a53c65298f5547d4782c6cb9664113aa34ef5141a7028d18270cf092ee,7c2aa4a53c65298f5547d4782c6cb9664113aa34ef5141a7028d18270cf092ee,1,no_augmentation,44,0,0.0073542735
fa5259c7cdf1f53bccde7f6d6d68b3b3dc711df9d6ff00ca583ea1607179d3d7,fa5259c7cdf1f53bccde7f6d6d68b3b3dc711df9d6ff00ca583ea1607179d3d7,1,no_augmentation,44,0,0.4925028
5e7eca14b014e04c8fbeb72cb2b5662f79b07e0ea57ce3f1c33d8efa1b5c937f,5e7eca14b014e04c8fbeb72cb2b5662f79b07e0ea57ce3f1c33d8efa1b5c937f,1,no_augmentation,44,0,0.83987504
72191fa7f5b2152dac4de294b17bb39aa06f68db47db9663438d1bfd4bf8c91c,72191fa7f5b2152dac4de294b17bb39aa06f68db47db9663438d1bfd4bf8c91c,1,no_augmentation,44,0,0.9489241
21ae5635ab2eeb4023aefda84a22d6f1e81aeaf32fcf51cb5285a65156b1c4aa,21ae5635ab2eeb4023aefda84a22d6f1e81aeaf32fcf51cb5285a65156b1c4aa,1,no_augmentation,44,0,0.96221185
9abf4ad7a7aa95cfbcc7e45b99700eef849af5219dd4c189da1538f068582913,9abf4ad7a7aa95cfbcc7e45b99700eef849af5219dd4c189da1538f068582913,1,no_augmentation,44,0,0.98023695
83aa22fb808a463ea27c21ac8706381c25c3aba0c7b79fdc3569fdad0abe4a26,83aa22fb808a463ea27c21ac8706381c25c3aba0c7b79fdc3569fdad0abe4a26,1,no_augmentation,44,0,0.9407854
4f32eb2f6b3971b9fb5e331b16ebeba8aeca02becbe749e9b95936fe340dbc92,4f32eb2f6b3971b9fb5e331b16ebeba8aeca02becbe749e9b95936fe340dbc92,0,plain_cnn,44,0,0.0031599158
11fcbc10ab7e3890752d6a32b8de515b57952b63cccbf6ada00c3ae2da823e58,11fcbc10ab7e3890752d6a32b8de515b57952b63cccbf6ada00c3ae2da823e58,0,plain_cnn,44,0,0.0049967365
69cde100d8dad52331dbbda9ca626fc949c9eef87ca4ebf9382b1b9789ac277e,69cde100d8dad52331dbbda9ca626fc949c9eef87ca4ebf9382b1b9789ac277e,0,plain_cnn,44,0,0.023211116
2e2dad5d3461106137a6841bba1f19176be2ab0e51a7b673e8a68bd2d9f698e4,2e2dad5d3461106137a6841bba1f19176be2ab0e51a7b673e8a68bd2d9f698e4,0,plain_cnn,44,0,0.03535699
451abc50aa05888273efbe1c2559bb9d2d200fb87912af9d8635fe993b87d58e,451abc50aa05888273efbe1c2559bb9d2d200fb87912af9d8635fe993b87d58e,0,plain_cnn,44,0,0.10205571
b2745f58e72fd5e4069aa2595a8ac8571833d2159b4e0266881e9768a16affce,b2745f58e72fd5e4069aa2595a8ac8571833d2159b4e0266881e9768a16affce,0,plain_cnn,44,0,0.0077489596
314303a089cd03a3d3bebf93f68982465fc8a3fb2a866737d64d8f374ee90a3f,314303a089cd03a3d3bebf93f68982465fc8a3fb2a866737d64d8f374ee90a3f,0,plain_cnn,44,0,0.021773675
422860947a7370673e9f10d40c9b27be86a1afd1bbf8382eafc38af114139d64,422860947a7370673e9f10d40c9b27be86a1afd1bbf8382eafc38af114139d64,0,plain_cnn,44,0,0.21241044
6d4e0c545f93c3ab169b47a935b7f21690246488827c8cdb3c023e97bd52333b,6d4e0c545f93c3ab169b47a935b7f21690246488827c8cdb3c023e97bd52333b,0,plain_cnn,44,0,0.061981473
3a31dc475b21cd0f059f05699ddad612215751f0755ee0317c78677a6f658542,2e2dad5d3461106137a6841bba1f19176be2ab0e51a7b673e8a68bd2d9f698e4,0,plain_cnn,44,0,0.039680965
a939efe53e12508636806a0548de0774a363805f3c1c1cf6f57182fb15f6213d,a939efe53e12508636806a0548de0774a363805f3c1c1cf6f57182fb15f6213d,0,plain_cnn,44,0,0.013057904
8c27b2140d87c2f4ca36dc1d15f414c3851f55819fddcea3b7882df3151ac5a6,8c27b2140d87c2f4ca36dc1d15f414c3851f55819fddcea3b7882df3151ac5a6,0,plain_cnn,44,0,0.0220635
55391a8799e783597b1bd4c53b3b72c6ad20f1ef5fb2634151f26d218bdc1dab,55391a8799e783597b1bd4c53b3b72c6ad20f1ef5fb2634151f26d218bdc1dab,0,plain_cnn,44,0,0.2522942
9ca4ac0807a3bbd0826a06396a8c0ecbfa9bbb6489ff43bed97a42284eb4478c,6849ea8acf8659b60e837c2d45f4431f833dbf95efa93a350942018e926c3133,0,plain_cnn,44,0,0.30034444
6849ea8acf8659b60e837c2d45f4431f833dbf95efa93a350942018e926c3133,6849ea8acf8659b60e837c2d45f4431f833dbf95efa93a350942018e926c3133,0,plain_cnn,44,0,0.29690906
9125bf84b896351de12f641319c42697532aa1a486a398d6e9401acab313dd11,9125bf84b896351de12f641319c42697532aa1a486a398d6e9401acab313dd11,0,plain_cnn,44,0,0.01636049
d5cbbe1256c58cf25d79245cce21faee2e7e67d9c063c3cda3003e748d058873,d5cbbe1256c58cf25d79245cce21faee2e7e67d9c063c3cda3003e748d058873,0,plain_cnn,44,0,0.24701825
c8e9a8b3f39810f2735091058c0e39a02ca5370c60e86b71770288c7185b3fbc,c8e9a8b3f39810f2735091058c0e39a02ca5370c60e86b71770288c7185b3fbc,0,plain_cnn,44,0,0.30403078
8c3352a9324857878735861a8276959d46f0c050e75eee8db1e0da7e383ca9a6,8c3352a9324857878735861a8276959d46f0c050e75eee8db1e0da7e383ca9a6,0,plain_cnn,44,0,0.09043955
9fdd39966afd42eb860930159d7ccdc00e55ed54540478ff367f07f9f6eedbc4,9fdd39966afd42eb860930159d7ccdc00e55ed54540478ff367f07f9f6eedbc4,0,plain_cnn,44,0,0.011938613
c538789cd768bbf8bdafd3a4a130e463f0884af9e619531d829e4187d30b08b2,c538789cd768bbf8bdafd3a4a130e463f0884af9e619531d829e4187d30b08b2,0,plain_cnn,44,0,0.1278956
cdb365489d1dbf33a11d323602812a70572e4096b4e4ab466558b6f2828b2f05,11fcbc10ab7e3890752d6a32b8de515b57952b63cccbf6ada00c3ae2da823e58,0,plain_cnn,44,0,0.0049644993
8ae4ddcf7ac3dcf56f0398a821dfaabe2667af908eb3b5522759b707cf3bbecd,4f32eb2f6b3971b9fb5e331b16ebeba8aeca02becbe749e9b95936fe340dbc92,0,plain_cnn,44,0,0.00292313
d2c5fa3041f75490b0e39bc99aa8a0dcae1ad09935b20758fe4d73ae9e58581f,d2c5fa3041f75490b0e39bc99aa8a0dcae1ad09935b20758fe4d73ae9e58581f,0,plain_cnn,44,0,0.010700106
174f6b1339f3388fd728daf11bfb700a914610a67bc43498ebd6e30ba4066671,174f6b1339f3388fd728daf11bfb700a914610a67bc43498ebd6e30ba4066671,1,plain_cnn,44,0,0.88654757
e65196e57bfd4c7219cf47b8ad7d499c70a0d8e86ea443944e6faa6447e74e75,e65196e57bfd4c7219cf47b8ad7d499c70a0d8e86ea443944e6faa6447e74e75,1,plain_cnn,44,0,0.78773373
ebf52743e53a6c0f3d9648a0eaa600ee8b1afb0c758dfa83a49b45ad8852933d,ebf52743e53a6c0f3d9648a0eaa600ee8b1afb0c758dfa83a49b45ad8852933d,1,plain_cnn,44,0,0.64948875
948659a58aa090fea9f4e54c0c7d13cc5a3e10afb8de705c2e3b9699a6e7d98e,948659a58aa090fea9f4e54c0c7d13cc5a3e10afb8de705c2e3b9699a6e7d98e,1,plain_cnn,44,0,0.016173976
a5e234d76031e70468a449f62a7b79b1a736d1c987ebe8c17ffa0c1c1d61983f,a5e234d76031e70468a449f62a7b79b1a736d1c987ebe8c17ffa0c1c1d61983f,1,plain_cnn,44,0,0.8326737
35a85607e878f71298a48027dd27c67c1dc264b6d02f6396bb73601a2e60fa93,35a85607e878f71298a48027dd27c67c1dc264b6d02f6396bb73601a2e60fa93,1,plain_cnn,44,0,0.4823355
1e2adee64d6c09c9ed31a05ad463ad803ca8e4b5163f7764753595f0d15241cd,1e2adee64d6c09c9ed31a05ad463ad803ca8e4b5163f7764753595f0d15241cd,1,plain_cnn,44,0,0.86487985
4c4af743766a62e14e2ae1574ee830f224e8414d4ab32780ed3c944b3dc0539c,4c4af743766a62e14e2ae1574ee830f224e8414d4ab32780ed3c944b3dc0539c,1,plain_cnn,44,0,0.085985705
cc2def01cb2188f2259d52542f05b9d6c76fc11db28268ba2c61ca2fd4f46854,cc2def01cb2188f2259d52542f05b9d6c76fc11db28268ba2c61ca2fd4f46854,1,plain_cnn,44,0,0.47355822
66c14a914a8d149d4c415d36fcb7607883eadf549c938a8f5a3647b10c66c81c,66c14a914a8d149d4c415d36fcb7607883eadf549c938a8f5a3647b10c66c81c,1,plain_cnn,44,0,0.8625694
e053ec244029604025f96ede330578d3dd50e9641e4ef8364e61b5f9cbde33f4,e053ec244029604025f96ede330578d3dd50e9641e4ef8364e61b5f9cbde33f4,1,plain_cnn,44,0,0.13158092
ba7c85d72891460c0c32f51ed8d504725d9dda15e3113101de475e6c66e53758,ba7c85d72891460c0c32f51ed8d504725d9dda15e3113101de475e6c66e53758,1,plain_cnn,44,0,0.20917273
0a75a892bc44b017df86771ab2715c5bdd8bb08b1aa019061f6690d8cd1b9861,0a75a892bc44b017df86771ab2715c5bdd8bb08b1aa019061f6690d8cd1b9861,1,plain_cnn,44,0,0.89357305
c6af3a9d8e4547cb522bd945a82a7cfebf121b93fe7f50299dec705348fe36c3,c6af3a9d8e4547cb522bd945a82a7cfebf121b93fe7f50299dec705348fe36c3,1,plain_cnn,44,0,0.9059257
7c2aa4a53c65298f5547d4782c6cb9664113aa34ef5141a7028d18270cf092ee,7c2aa4a53c65298f5547d4782c6cb9664113aa34ef5141a7028d18270cf092ee,1,plain_cnn,44,0,0.015721668
fa5259c7cdf1f53bccde7f6d6d68b3b3dc711df9d6ff00ca583ea1607179d3d7,fa5259c7cdf1f53bccde7f6d6d68b3b3dc711df9d6ff00ca583ea1607179d3d7,1,plain_cnn,44,0,0.3318007
5e7eca14b014e04c8fbeb72cb2b5662f79b07e0ea57ce3f1c33d8efa1b5c937f,5e7eca14b014e04c8fbeb72cb2b5662f79b07e0ea57ce3f1c33d8efa1b5c937f,1,plain_cnn,44,0,0.48228288
72191fa7f5b2152dac4de294b17bb39aa06f68db47db9663438d1bfd4bf8c91c,72191fa7f5b2152dac4de294b17bb39aa06f68db47db9663438d1bfd4bf8c91c,1,plain_cnn,44,0,0.8423226
21ae5635ab2eeb4023aefda84a22d6f1e81aeaf32fcf51cb5285a65156b1c4aa,21ae5635ab2eeb4023aefda84a22d6f1e81aeaf32fcf51cb5285a65156b1c4aa,1,plain_cnn,44,0,0.85366845
9abf4ad7a7aa95cfbcc7e45b99700eef849af5219dd4c189da1538f068582913,9abf4ad7a7aa95cfbcc7e45b99700eef849af5219dd4c189da1538f068582913,1,plain_cnn,44,0,0.63335705
83aa22fb808a463ea27c21ac8706381c25c3aba0c7b79fdc3569fdad0abe4a26,83aa22fb808a463ea27c21ac8706381c25c3aba0c7b79fdc3569fdad0abe4a26,1,plain_cnn,44,0,0.64662236
4f32eb2f6b3971b9fb5e331b16ebeba8aeca02becbe749e9b95936fe340dbc92,4f32eb2f6b3971b9fb5e331b16ebeba8aeca02becbe749e9b95936fe340dbc92,0,narrow_resnet_gn,44,0,0.16045423
11fcbc10ab7e3890752d6a32b8de515b57952b63cccbf6ada00c3ae2da823e58,11fcbc10ab7e3890752d6a32b8de515b57952b63cccbf6ada00c3ae2da823e58,0,narrow_resnet_gn,44,0,0.08100394
69cde100d8dad52331dbbda9ca626fc949c9eef87ca4ebf9382b1b9789ac277e,69cde100d8dad52331dbbda9ca626fc949c9eef87ca4ebf9382b1b9789ac277e,0,narrow_resnet_gn,44,0,0.055556938
2e2dad5d3461106137a6841bba1f19176be2ab0e51a7b673e8a68bd2d9f698e4,2e2dad5d3461106137a6841bba1f19176be2ab0e51a7b673e8a68bd2d9f698e4,0,narrow_resnet_gn,44,0,0.34962407
451abc50aa05888273efbe1c2559bb9d2d200fb87912af9d8635fe993b87d58e,451abc50aa05888273efbe1c2559bb9d2d200fb87912af9d8635fe993b87d58e,0,narrow_resnet_gn,44,0,0.8413023
b2745f58e72fd5e4069aa2595a8ac8571833d2159b4e0266881e9768a16affce,b2745f58e72fd5e4069aa2595a8ac8571833d2159b4e0266881e9768a16affce,0,narrow_resnet_gn,44,0,0.25085092
314303a089cd03a3d3bebf93f68982465fc8a3fb2a866737d64d8f374ee90a3f,314303a089cd03a3d3bebf93f68982465fc8a3fb2a866737d64d8f374ee90a3f,0,narrow_resnet_gn,44,0,0.0552111
422860947a7370673e9f10d40c9b27be86a1afd1bbf8382eafc38af114139d64,422860947a7370673e9f10d40c9b27be86a1afd1bbf8382eafc38af114139d64,0,narrow_resnet_gn,44,0,0.56911534
6d4e0c545f93c3ab169b47a935b7f21690246488827c8cdb3c023e97bd52333b,6d4e0c545f93c3ab169b47a935b7f21690246488827c8cdb3c023e97bd52333b,0,narrow_resnet_gn,44,0,0.73613834
3a31dc475b21cd0f059f05699ddad612215751f0755ee0317c78677a6f658542,2e2dad5d3461106137a6841bba1f19176be2ab0e51a7b673e8a68bd2d9f698e4,0,narrow_resnet_gn,44,0,0.30506548
a939efe53e12508636806a0548de0774a363805f3c1c1cf6f57182fb15f6213d,a939efe53e12508636806a0548de0774a363805f3c1c1cf6f57182fb15f6213d,0,narrow_resnet_gn,44,0,0.00407672
8c27b2140d87c2f4ca36dc1d15f414c3851f55819fddcea3b7882df3151ac5a6,8c27b2140d87c2f4ca36dc1d15f414c3851f55819fddcea3b7882df3151ac5a6,0,narrow_resnet_gn,44,0,0.061475407
55391a8799e783597b1bd4c53b3b72c6ad20f1ef5fb2634151f26d218bdc1dab,55391a8799e783597b1bd4c53b3b72c6ad20f1ef5fb2634151f26d218bdc1dab,0,narrow_resnet_gn,44,0,0.8581126
9ca4ac0807a3bbd0826a06396a8c0ecbfa9bbb6489ff43bed97a42284eb4478c,6849ea8acf8659b60e837c2d45f4431f833dbf95efa93a350942018e926c3133,0,narrow_resnet_gn,44,0,0.7997067
6849ea8acf8659b60e837c2d45f4431f833dbf95efa93a350942018e926c3133,6849ea8acf8659b60e837c2d45f4431f833dbf95efa93a350942018e926c3133,0,narrow_resnet_gn,44,0,0.77613044
9125bf84b896351de12f641319c42697532aa1a486a398d6e9401acab313dd11,9125bf84b896351de12f641319c42697532aa1a486a398d6e9401acab313dd11,0,narrow_resnet_gn,44,0,0.79572713
d5cbbe1256c58cf25d79245cce21faee2e7e67d9c063c3cda3003e748d058873,d5cbbe1256c58cf25d79245cce21faee2e7e67d9c063c3cda3003e748d058873,0,narrow_resnet_gn,44,0,0.6832435
c8e9a8b3f39810f2735091058c0e39a02ca5370c60e86b71770288c7185b3fbc,c8e9a8b3f39810f2735091058c0e39a02ca5370c60e86b71770288c7185b3fbc,0,narrow_resnet_gn,44,0,0.96477795
8c3352a9324857878735861a8276959d46f0c050e75eee8db1e0da7e383ca9a6,8c3352a9324857878735861a8276959d46f0c050e75eee8db1e0da7e383ca9a6,0,narrow_resnet_gn,44,0,0.0024774547
9fdd39966afd42eb860930159d7ccdc00e55ed54540478ff367f07f9f6eedbc4,9fdd39966afd42eb860930159d7ccdc00e55ed54540478ff367f07f9f6eedbc4,0,narrow_resnet_gn,44,0,0.13087948
c538789cd768bbf8bdafd3a4a130e463f0884af9e619531d829e4187d30b08b2,c538789cd768bbf8bdafd3a4a130e463f0884af9e619531d829e4187d30b08b2,0,narrow_resnet_gn,44,0,0.7971521
cdb365489d1dbf33a11d323602812a70572e4096b4e4ab466558b6f2828b2f05,11fcbc10ab7e3890752d6a32b8de515b57952b63cccbf6ada00c3ae2da823e58,0,narrow_resnet_gn,44,0,0.08284673
8ae4ddcf7ac3dcf56f0398a821dfaabe2667af908eb3b5522759b707cf3bbecd,4f32eb2f6b3971b9fb5e331b16ebeba8aeca02becbe749e9b95936fe340dbc92,0,narrow_resnet_gn,44,0,0.1899237
d2c5fa3041f75490b0e39bc99aa8a0dcae1ad09935b20758fe4d73ae9e58581f,d2c5fa3041f75490b0e39bc99aa8a0dcae1ad09935b20758fe4d73ae9e58581f,0,narrow_resnet_gn,44,0,0.0045479396
174f6b1339f3388fd728daf11bfb700a914610a67bc43498ebd6e30ba4066671,174f6b1339f3388fd728daf11bfb700a914610a67bc43498ebd6e30ba4066671,1,narrow_resnet_gn,44,0,0.98507994
e65196e57bfd4c7219cf47b8ad7d499c70a0d8e86ea443944e6faa6447e74e75,e65196e57bfd4c7219cf47b8ad7d499c70a0d8e86ea443944e6faa6447e74e75,1,narrow_resnet_gn,44,0,0.98398215
ebf52743e53a6c0f3d9648a0eaa600ee8b1afb0c758dfa83a49b45ad8852933d,ebf52743e53a6c0f3d9648a0eaa600ee8b1afb0c758dfa83a49b45ad8852933d,1,narrow_resnet_gn,44,0,0.5324566
948659a58aa090fea9f4e54c0c7d13cc5a3e10afb8de705c2e3b9699a6e7d98e,948659a58aa090fea9f4e54c0c7d13cc5a3e10afb8de705c2e3b9699a6e7d98e,1,narrow_resnet_gn,44,0,0.005718045
a5e234d76031e70468a449f62a7b79b1a736d1c987ebe8c17ffa0c1c1d61983f,a5e234d76031e70468a449f62a7b79b1a736d1c987ebe8c17ffa0c1c1d61983f,1,narrow_resnet_gn,44,0,0.98250556
35a85607e878f71298a48027dd27c67c1dc264b6d02f6396bb73601a2e60fa93,35a85607e878f71298a48027dd27c67c1dc264b6d02f6396bb73601a2e60fa93,1,narrow_resnet_gn,44,0,0.97562534
1e2adee64d6c09c9ed31a05ad463ad803ca8e4b5163f7764753595f0d15241cd,1e2adee64d6c09c9ed31a05ad463ad803ca8e4b5163f7764753595f0d15241cd,1,narrow_resnet_gn,44,0,0.9814036
4c4af743766a62e14e2ae1574ee830f224e8414d4ab32780ed3c944b3dc0539c,4c4af743766a62e14e2ae1574ee830f224e8414d4ab32780ed3c944b3dc0539c,1,narrow_resnet_gn,44,0,0.98658097
cc2def01cb2188f2259d52542f05b9d6c76fc11db28268ba2c61ca2fd4f46854,cc2def01cb2188f2259d52542f05b9d6c76fc11db28268ba2c61ca2fd4f46854,1,narrow_resnet_gn,44,0,0.9346407
66c14a914a8d149d4c415d36fcb7607883eadf549c938a8f5a3647b10c66c81c,66c14a914a8d149d4c415d36fcb7607883eadf549c938a8f5a3647b10c66c81c,1,narrow_resnet_gn,44,0,0.9516498
e053ec244029604025f96ede330578d3dd50e9641e4ef8364e61b5f9cbde33f4,e053ec244029604025f96ede330578d3dd50e9641e4ef8364e61b5f9cbde33f4,1,narrow_resnet_gn,44,0,0.373148
ba7c85d72891460c0c32f51ed8d504725d9dda15e3113101de475e6c66e53758,ba7c85d72891460c0c32f51ed8d504725d9dda15e3113101de475e6c66e53758,1,narrow_resnet_gn,44,0,0.97706455
0a75a892bc44b017df86771ab2715c5bdd8bb08b1aa019061f6690d8cd1b9861,0a75a892bc44b017df86771ab2715c5bdd8bb08b1aa019061f6690d8cd1b9861,1,narrow_resnet_gn,44,0,0.9809715
c6af3a9d8e4547cb522bd945a82a7cfebf121b93fe7f50299dec705348fe36c3,c6af3a9d8e4547cb522bd945a82a7cfebf121b93fe7f50299dec705348fe36c3,1,narrow_resnet_gn,44,0,0.98104686
7c2aa4a53c65298f5547d4782c6cb9664113aa34ef5141a7028d18270cf092ee,7c2aa4a53c65298f5547d4782c6cb9664113aa34ef5141a7028d18270cf092ee,1,narrow_resnet_gn,44,0,0.8654032
fa5259c7cdf1f53bccde7f6d6d68b3b3dc711df9d6ff00ca583ea1607179d3d7,fa5259c7cdf1f53bccde7f6d6d68b3b3dc711df9d6ff00ca583ea1607179d3d7,1,narrow_resnet_gn,44,0,0.97856116
5e7eca14b014e04c8fbeb72cb2b5662f79b07e0ea57ce3f1c33d8efa1b5c937f,5e7eca14b014e04c8fbeb72cb2b5662f79b07e0ea57ce3f1c33d8efa1b5c937f,1,narrow_resnet_gn,44,0,0.9389824
72191fa7f5b2152dac4de294b17bb39aa06f68db47db9663438d1bfd4bf8c91c,72191fa7f5b2152dac4de294b17bb39aa06f68db47db9663438d1bfd4bf8c91c,1,narrow_resnet_gn,44,0,0.95676476
21ae5635ab2eeb4023aefda84a22d6f1e81aeaf32fcf51cb5285a65156b1c4aa,21ae5635ab2eeb4023aefda84a22d6f1e81aeaf32fcf51cb5285a65156b1c4aa,1,narrow_resnet_gn,44,0,0.9451282
9abf4ad7a7aa95cfbcc7e45b99700eef849af5219dd4c189da1538f068582913,9abf4ad7a7aa95cfbcc7e45b99700eef849af5219dd4c189da1538f068582913,1,narrow_resnet_gn,44,0,0.33066642
83aa22fb808a463ea27c21ac8706381c25c3aba0c7b79fdc3569fdad0abe4a26,83aa22fb808a463ea27c21ac8706381c25c3aba0c7b79fdc3569fdad0abe4a26,1,narrow_resnet_gn,44,0,0.9504656
431754be1638a610ffe6109396a1be83fe84be89b319a9468c7702b7ac1cc451,431754be1638a610ffe6109396a1be83fe84be89b319a9468c7702b7ac1cc451,0,full,44,1,0.9710561
61883bfab06bd929d96b99d4cd26106c446d2e909ced077d4420d887aabc3aef,61883bfab06bd929d96b99d4cd26106c446d2e909ced077d4420d887aabc3aef,0,full,44,1,0.017882071
912f80d8f29184808e113f3e9770527dbaf7b490b4f4f27c69b015d174cb381a,912f80d8f29184808e113f3e9770527dbaf7b490b4f4f27c69b015d174cb381a,0,full,44,1,0.03982009
971af0cc2d7eb4517c91e7ea90797e8ef92a6a3095581b4a235ef89a45ad9aa4,971af0cc2d7eb4517c91e7ea90797e8ef92a6a3095581b4a235ef89a45ad9aa4,0,full,44,1,0.0068357475
a991b7a12ed71214ee0120e45a25dc86e2af553186f857b5e72ad67280d8a67e,a991b7a12ed71214ee0120e45a25dc86e2af553186f857b5e72ad67280d8a67e,0,full,44,1,0.8005206
0198278fba06be5fee3f79b739acc5269c3f1bd2c4ca7c999af3ec7845b1db18,0198278fba06be5fee3f79b739acc5269c3f1bd2c4ca7c999af3ec7845b1db18,0,full,44,1,0.011486537
bdf2d8df20ce58b5dea1b6ce1ff839246c08bafd79dfd004f771582588818afc,0198278fba06be5fee3f79b739acc5269c3f1bd2c4ca7c999af3ec7845b1db18,0,full,44,1,0.010794197
68919dfe7ceaa406c0bfc2169b9c4dde4bbdc16924bac60dff531798a2e5b80c,68919dfe7ceaa406c0bfc2169b9c4dde4bbdc16924bac60dff531798a2e5b80c,0,full,44,1,0.017882222
6bad7d1585147284f24fc35d752cd3f50dce273de2c4693881704b962524f627,6bad7d1585147284f24fc35d752cd3f50dce273de2c4693881704b962524f627,0,full,44,1,0.013760274
84496f2b562de7b5ffab87ee4e24c778c46e69df2c6a934aa6b4af6eed65575e,0198278fba06be5fee3f79b739acc5269c3f1bd2c4ca7c999af3ec7845b1db18,0,full,44,1,0.010857478
79bff1fc200032db892a2bd9343a55322495903f39d07ab4d25df451ec37703e,79bff1fc200032db892a2bd9343a55322495903f39d07ab4d25df451ec37703e,0,full,44,1,0.035995845
fe2f2e15fbef31937a7350eda86d06b7efe35058104c8f17688f0506f83bb4ca,fe2f2e15fbef31937a7350eda86d06b7efe35058104c8f17688f0506f83bb4ca,0,full,44,1,0.05469493
7dc5473174aec3ca64789d8d27423520862e2e51a761cb1afd593b6971209437,03d5e5c31d9cb551d8e72ad20ee33ef851d7dc57431e19739286f84f8ee5aae7,0,full,44,1,0.009851042
3652939af3cbf768ff328bff19516311327782dd22d50300000e22ae6165926a,3652939af3cbf768ff328bff19516311327782dd22d50300000e22ae6165926a,0,full,44,1,0.8784156
03d5e5c31d9cb551d8e72ad20ee33ef851d7dc57431e19739286f84f8ee5aae7,03d5e5c31d9cb551d8e72ad20ee33ef851d7dc57431e19739286f84f8ee5aae7,0,full,44,1,0.011273491
dcc6ad68dcf64338d943273c43b66e9dc03f5aac2a7d5dd1e2dc57ab0cabf219,dcc6ad68dcf64338d943273c43b66e9dc03f5aac2a7d5dd1e2dc57ab0cabf219,1,full,44,1,0.97478604
6d968dde7850cb6817e1e97667e3b30d17deb0084fdb32fa466b3d30ab5b169a,6d968dde7850cb6817e1e97667e3b30d17deb0084fdb32fa466b3d30ab5b169a,1,full,44,1,0.033506192
324e1fd6887615bbf9df92946ff501fe5261ec0aa18bc0d1d7fbefeb3a4c2de0,324e1fd6887615bbf9df92946ff501fe5261ec0aa18bc0d1d7fbefeb3a4c2de0,1,full,44,1,0.903374
02d44c020cf4c1cd89ed4d99993d51a579549e2766ae4492c5d714bfd34f1038,02d44c020cf4c1cd89ed4d99993d51a579549e2766ae4492c5d714bfd34f1038,1,full,44,1,0.022162968
2e4022fe7fc53cf77d62062f18e14f5ec77c5547aeefa8b7a119c531a7b7881f,2e4022fe7fc53cf77d62062f18e14f5ec77c5547aeefa8b7a119c531a7b7881f,1,full,44,1,0.9855122
d8ca4bf52dd8bfd65a1c7c7287a0dd292bbe91ed0ccef71d5b327b80e4802939,d8ca4bf52dd8bfd65a1c7c7287a0dd292bbe91ed0ccef71d5b327b80e4802939,1,full,44,1,0.94414294
148fc8d2e5f5425e1305b90f17abeecc0be0f939c72a38bdedc2239b5dd74575,148fc8d2e5f5425e1305b90f17abeecc0be0f939c72a38bdedc2239b5dd74575,1,full,44,1,0.17878358
85219c6f49438e2d908c77982d59a335d805971a4410f96bf793efa844b2a340,85219c6f49438e2d908c77982d59a335d805971a4410f96bf793efa844b2a340,1,full,44,1,0.99059886
beb26a21459fe7faa6b3ead6bffab7048069b39d9c8f44fcdd371f6a8fc7cc8c,beb26a21459fe7faa6b3ead6bffab7048069b39d9c8f44fcdd371f6a8fc7cc8c,1,full,44,1,0.06505241
e4b5fb431fa83fe3325066eb759c81db20f475ced435bd84861ea127e8c70826,a556fb53ec82b61ce9b867242f0089c12a4e826a461322e87afe93c5a536b93e,1,full,44,1,0.95038843
9ced31742602b954a0f27c4af431f52b61b194b39f32ab94d3442ac50cffcada,9ced31742602b954a0f27c4af431f52b61b194b39f32ab94d3442ac50cffcada,1,full,44,1,0.97992814
959996f9fe085b2b9492407c9c980e67949d6604f8916380d498a29ce777c481,959996f9fe085b2b9492407c9c980e67949d6604f8916380d498a29ce777c481,1,full,44,1,0.8140906
4f79af97ec4fbfc7351cf3701e43ab63ff4dfe692acf75c53a5ead6c689e3148,4f79af97ec4fbfc7351cf3701e43ab63ff4dfe692acf75c53a5ead6c689e3148,1,full,44,1,0.97429866
1a60d983296b4d7d88bdf016ec3acdf6928f4db711a3ea5526b312c1dddbc2ba,1a60d983296b4d7d88bdf016ec3acdf6928f4db711a3ea5526b312c1dddbc2ba,1,full,44,1,0.9493118
cb8f53c3357a4a0e42872730b58542f2383e40fde7aecef167621531ce6734c2,cb8f53c3357a4a0e42872730b58542f2383e40fde7aecef167621531ce6734c2,1,full,44,1,0.037906215
47f67e38e8ed23e7e9aa76825d01d8736c7ef0739f02f22f8a63fab50996a2b7,47f67e38e8ed23e7e9aa76825d01d8736c7ef0739f02f22f8a63fab50996a2b7,1,full,44,1,0.09319409
6b41ec7a12d3954aab0892e618d76036efb4a9977a9a0a639d39aac312bd1e66,6b41ec7a12d3954aab0892e618d76036efb4a9977a9a0a639d39aac312bd1e66,1,full,44,1,0.9878513
5627ef7310a2d5775b2633f1fbf4eaa77ed8bc83a83e663fed0e7810f833b7e9,5627ef7310a2d5775b2633f1fbf4eaa77ed8bc83a83e663fed0e7810f833b7e9,1,full,44,1,0.018264517
e43b07477fc18ff7c82de9ad21f3ac0197faf33625ed1259e39e98652f1f6d3c,1eade1774cc1953e749e172027e573e028bab9a2a2ab71c687c9d75d60b72312,1,full,44,1,0.9121936
4d8dbdef0dbc0e730a06c85a85e95e1fddb41fd583e3b6419745374b200e7406,4d8dbdef0dbc0e730a06c85a85e95e1fddb41fd583e3b6419745374b200e7406,1,full,44,1,0.98256105
c6038b3142be4c883f7aee8c7b99566d35b57612dc1fe9c7e7e20295a90c1c04,c6038b3142be4c883f7aee8c7b99566d35b57612dc1fe9c7e7e20295a90c1c04,1,full,44,1,0.93188345
0d0bde27497b77e34d1be0d7f48501d37676e4645879150da9926071fbf8d195,0d0bde27497b77e34d1be0d7f48501d37676e4645879150da9926071fbf8d195,1,full,44,1,0.97252077
ef4f79a4f41ee093e86efc8363be6a29f59de2e9eed4eb05a58b0727bb94f55a,ef4f79a4f41ee093e86efc8363be6a29f59de2e9eed4eb05a58b0727bb94f55a,1,full,44,1,0.012646305
e68aa817460ae3a1d648bf9d62d1725f616de5f901238fc2ae7e685b5bbe6a36,e68aa817460ae3a1d648bf9d62d1725f616de5f901238fc2ae7e685b5bbe6a36,1,full,44,1,0.058433272
c69d93e782d3db7bb23a8b8bee55c7f96129f0123ea9b0848c4470be404bc933,c69d93e782d3db7bb23a8b8bee55c7f96129f0123ea9b0848c4470be404bc933,1,full,44,1,0.6411627
dcd0739408b5a9221b27f36b6167c546a23ec289c6efde3f211915a16099a189,735cbef9552a14d7b4a3f84398a094d8eef2c0c9101b3f51c2f077b896ad4856,1,full,44,1,0.014899188
05394b1956b374ffad3400486aa171fd7261b32d705ee855a81907d6a623c6f5,05394b1956b374ffad3400486aa171fd7261b32d705ee855a81907d6a623c6f5,1,full,44,1,0.3667006
735cbef9552a14d7b4a3f84398a094d8eef2c0c9101b3f51c2f077b896ad4856,735cbef9552a14d7b4a3f84398a094d8eef2c0c9101b3f51c2f077b896ad4856,1,full,44,1,0.026789097
b9e261090ae1fa4c62061db4f5b31bde6197d95d693a43cff7492ce90be584d8,b9e261090ae1fa4c62061db4f5b31bde6197d95d693a43cff7492ce90be584d8,1,full,44,1,0.98088235
1eade1774cc1953e749e172027e573e028bab9a2a2ab71c687c9d75d60b72312,1eade1774cc1953e749e172027e573e028bab9a2a2ab71c687c9d75d60b72312,1,full,44,1,0.91172415
670808c5e5ca6952dec91dafc3dfdb9c9851e9e07feb3bcf7b0d5698900736f0,670808c5e5ca6952dec91dafc3dfdb9c9851e9e07feb3bcf7b0d5698900736f0,1,full,44,1,0.96877575
22a67d35823acd63be6dca107cbdb4bb73ebb4cc230e0f5c19d7fc1d6f761879,22a67d35823acd63be6dca107cbdb4bb73ebb4cc230e0f5c19d7fc1d6f761879,1,full,44,1,0.6479456
a556fb53ec82b61ce9b867242f0089c12a4e826a461322e87afe93c5a536b93e,a556fb53ec82b61ce9b867242f0089c12a4e826a461322e87afe93c5a536b93e,1,full,44,1,0.94898254
8d9ab3324ee861c253f8572fb3ced7e7b84feb21a633895def7e850ae74ff349,8d9ab3324ee861c253f8572fb3ced7e7b84feb21a633895def7e850ae74ff349,1,full,44,1,0.9709371
431754be1638a610ffe6109396a1be83fe84be89b319a9468c7702b7ac1cc451,431754be1638a610ffe6109396a1be83fe84be89b319a9468c7702b7ac1cc451,0,no_attention,44,1,0.97312015
61883bfab06bd929d96b99d4cd26106c446d2e909ced077d4420d887aabc3aef,61883bfab06bd929d96b99d4cd26106c446d2e909ced077d4420d887aabc3aef,0,no_attention,44,1,0.012579961
912f80d8f29184808e113f3e9770527dbaf7b490b4f4f27c69b015d174cb381a,912f80d8f29184808e113f3e9770527dbaf7b490b4f4f27c69b015d174cb381a,0,no_attention,44,1,0.2744749
971af0cc2d7eb4517c91e7ea90797e8ef92a6a3095581b4a235ef89a45ad9aa4,971af0cc2d7eb4517c91e7ea90797e8ef92a6a3095581b4a235ef89a45ad9aa4,0,no_attention,44,1,0.003070752
a991b7a12ed71214ee0120e45a25dc86e2af553186f857b5e72ad67280d8a67e,a991b7a12ed71214ee0120e45a25dc86e2af553186f857b5e72ad67280d8a67e,0,no_attention,44,1,0.1157473
0198278fba06be5fee3f79b739acc5269c3f1bd2c4ca7c999af3ec7845b1db18,0198278fba06be5fee3f79b739acc5269c3f1bd2c4ca7c999af3ec7845b1db18,0,no_attention,44,1,0.0050665922
bdf2d8df20ce58b5dea1b6ce1ff839246c08bafd79dfd004f771582588818afc,0198278fba06be5fee3f79b739acc5269c3f1bd2c4ca7c999af3ec7845b1db18,0,no_attention,44,1,0.0070254602
68919dfe7ceaa406c0bfc2169b9c4dde4bbdc16924bac60dff531798a2e5b80c,68919dfe7ceaa406c0bfc2169b9c4dde4bbdc16924bac60dff531798a2e5b80c,0,no_attention,44,1,0.5412188
6bad7d1585147284f24fc35d752cd3f50dce273de2c4693881704b962524f627,6bad7d1585147284f24fc35d752cd3f50dce273de2c4693881704b962524f627,0,no_attention,44,1,0.0026104208
84496f2b562de7b5ffab87ee4e24c778c46e69df2c6a934aa6b4af6eed65575e,0198278fba06be5fee3f79b739acc5269c3f1bd2c4ca7c999af3ec7845b1db18,0,no_attention,44,1,0.0084263785
79bff1fc200032db892a2bd9343a55322495903f39d07ab4d25df451ec37703e,79bff1fc200032db892a2bd9343a55322495903f39d07ab4d25df451ec37703e,0,no_attention,44,1,0.001466666
fe2f2e15fbef31937a7350eda86d06b7efe35058104c8f17688f0506f83bb4ca,fe2f2e15fbef31937a7350eda86d06b7efe35058104c8f17688f0506f83bb4ca,0,no_attention,44,1,0.0076987864
7dc5473174aec3ca64789d8d27423520862e2e51a761cb1afd593b6971209437,03d5e5c31d9cb551d8e72ad20ee33ef851d7dc57431e19739286f84f8ee5aae7,0,no_attention,44,1,0.026169827
3652939af3cbf768ff328bff19516311327782dd22d50300000e22ae6165926a,3652939af3cbf768ff328bff19516311327782dd22d50300000e22ae6165926a,0,no_attention,44,1,0.808237
03d5e5c31d9cb551d8e72ad20ee33ef851d7dc57431e19739286f84f8ee5aae7,03d5e5c31d9cb551d8e72ad20ee33ef851d7dc57431e19739286f84f8ee5aae7,0,no_attention,44,1,0.038830772
dcc6ad68dcf64338d943273c43b66e9dc03f5aac2a7d5dd1e2dc57ab0cabf219,dcc6ad68dcf64338d943273c43b66e9dc03f5aac2a7d5dd1e2dc57ab0cabf219,1,no_attention,44,1,0.82814777
6d968dde7850cb6817e1e97667e3b30d17deb0084fdb32fa466b3d30ab5b169a,6d968dde7850cb6817e1e97667e3b30d17deb0084fdb32fa466b3d30ab5b169a,1,no_attention,44,1,0.66578853
324e1fd6887615bbf9df92946ff501fe5261ec0aa18bc0d1d7fbefeb3a4c2de0,324e1fd6887615bbf9df92946ff501fe5261ec0aa18bc0d1d7fbefeb3a4c2de0,1,no_attention,44,1,0.93073523
02d44c020cf4c1cd89ed4d99993d51a579549e2766ae4492c5d714bfd34f1038,02d44c020cf4c1cd89ed4d99993d51a579549e2766ae4492c5d714bfd34f1038,1,no_attention,44,1,0.04440491
2e4022fe7fc53cf77d62062f18e14f5ec77c5547aeefa8b7a119c531a7b7881f,2e4022fe7fc53cf77d62062f18e14f5ec77c5547aeefa8b7a119c531a7b7881f,1,no_attention,44,1,0.9673474
d8ca4bf52dd8bfd65a1c7c7287a0dd292bbe91ed0ccef71d5b327b80e4802939,d8ca4bf52dd8bfd65a1c7c7287a0dd292bbe91ed0ccef71d5b327b80e4802939,1,no_attention,44,1,0.12197107
148fc8d2e5f5425e1305b90f17abeecc0be0f939c72a38bdedc2239b5dd74575,148fc8d2e5f5425e1305b90f17abeecc0be0f939c72a38bdedc2239b5dd74575,1,no_attention,44,1,0.119100615
85219c6f49438e2d908c77982d59a335d805971a4410f96bf793efa844b2a340,85219c6f49438e2d908c77982d59a335d805971a4410f96bf793efa844b2a340,1,no_attention,44,1,0.98093367
beb26a21459fe7faa6b3ead6bffab7048069b39d9c8f44fcdd371f6a8fc7cc8c,beb26a21459fe7faa6b3ead6bffab7048069b39d9c8f44fcdd371f6a8fc7cc8c,1,no_attention,44,1,0.01429368
e4b5fb431fa83fe3325066eb759c81db20f475ced435bd84861ea127e8c70826,a556fb53ec82b61ce9b867242f0089c12a4e826a461322e87afe93c5a536b93e,1,no_attention,44,1,0.86691725
9ced31742602b954a0f27c4af431f52b61b194b39f32ab94d3442ac50cffcada,9ced31742602b954a0f27c4af431f52b61b194b39f32ab94d3442ac50cffcada,1,no_attention,44,1,0.79725283
959996f9fe085b2b9492407c9c980e67949d6604f8916380d498a29ce777c481,959996f9fe085b2b9492407c9c980e67949d6604f8916380d498a29ce777c481,1,no_attention,44,1,0.9725776
4f79af97ec4fbfc7351cf3701e43ab63ff4dfe692acf75c53a5ead6c689e3148,4f79af97ec4fbfc7351cf3701e43ab63ff4dfe692acf75c53a5ead6c689e3148,1,no_attention,44,1,0.95610934
1a60d983296b4d7d88bdf016ec3acdf6928f4db711a3ea5526b312c1dddbc2ba,1a60d983296b4d7d88bdf016ec3acdf6928f4db711a3ea5526b312c1dddbc2ba,1,no_attention,44,1,0.9504742
cb8f53c3357a4a0e42872730b58542f2383e40fde7aecef167621531ce6734c2,cb8f53c3357a4a0e42872730b58542f2383e40fde7aecef167621531ce6734c2,1,no_attention,44,1,0.12818399
47f67e38e8ed23e7e9aa76825d01d8736c7ef0739f02f22f8a63fab50996a2b7,47f67e38e8ed23e7e9aa76825d01d8736c7ef0739f02f22f8a63fab50996a2b7,1,no_attention,44,1,0.08080153
6b41ec7a12d3954aab0892e618d76036efb4a9977a9a0a639d39aac312bd1e66,6b41ec7a12d3954aab0892e618d76036efb4a9977a9a0a639d39aac312bd1e66,1,no_attention,44,1,0.9241135
5627ef7310a2d5775b2633f1fbf4eaa77ed8bc83a83e663fed0e7810f833b7e9,5627ef7310a2d5775b2633f1fbf4eaa77ed8bc83a83e663fed0e7810f833b7e9,1,no_attention,44,1,0.07596583
e43b07477fc18ff7c82de9ad21f3ac0197faf33625ed1259e39e98652f1f6d3c,1eade1774cc1953e749e172027e573e028bab9a2a2ab71c687c9d75d60b72312,1,no_attention,44,1,0.2441282
4d8dbdef0dbc0e730a06c85a85e95e1fddb41fd583e3b6419745374b200e7406,4d8dbdef0dbc0e730a06c85a85e95e1fddb41fd583e3b6419745374b200e7406,1,no_attention,44,1,0.9856747
c6038b3142be4c883f7aee8c7b99566d35b57612dc1fe9c7e7e20295a90c1c04,c6038b3142be4c883f7aee8c7b99566d35b57612dc1fe9c7e7e20295a90c1c04,1,no_attention,44,1,0.31761783
0d0bde27497b77e34d1be0d7f48501d37676e4645879150da9926071fbf8d195,0d0bde27497b77e34d1be0d7f48501d37676e4645879150da9926071fbf8d195,1,no_attention,44,1,0.81630516
ef4f79a4f41ee093e86efc8363be6a29f59de2e9eed4eb05a58b0727bb94f55a,ef4f79a4f41ee093e86efc8363be6a29f59de2e9eed4eb05a58b0727bb94f55a,1,no_attention,44,1,0.03786145
e68aa817460ae3a1d648bf9d62d1725f616de5f901238fc2ae7e685b5bbe6a36,e68aa817460ae3a1d648bf9d62d1725f616de5f901238fc2ae7e685b5bbe6a36,1,no_attention,44,1,0.09109112
c69d93e782d3db7bb23a8b8bee55c7f96129f0123ea9b0848c4470be404bc933,c69d93e782d3db7bb23a8b8bee55c7f96129f0123ea9b0848c4470be404bc933,1,no_attention,44,1,0.73446363
dcd0739408b5a9221b27f36b6167c546a23ec289c6efde3f211915a16099a189,735cbef9552a14d7b4a3f84398a094d8eef2c0c9101b3f51c2f077b896ad4856,1,no_attention,44,1,0.062170994
05394b1956b374ffad3400486aa171fd7261b32d705ee855a81907d6a623c6f5,05394b1956b374ffad3400486aa171fd7261b32d705ee855a81907d6a623c6f5,1,no_attention,44,1,0.0038525155
735cbef9552a14d7b4a3f84398a094d8eef2c0c9101b3f51c2f077b896ad4856,735cbef9552a14d7b4a3f84398a094d8eef2c0c9101b3f51c2f077b896ad4856,1,no_attention,44,1,0.01861663
b9e261090ae1fa4c62061db4f5b31bde6197d95d693a43cff7492ce90be584d8,b9e261090ae1fa4c62061db4f5b31bde6197d95d693a43cff7492ce90be584d8,1,no_attention,44,1,0.66724193
1eade1774cc1953e749e172027e573e028bab9a2a2ab71c687c9d75d60b72312,1eade1774cc1953e749e172027e573e028bab9a2a2ab71c687c9d75d60b72312,1,no_attention,44,1,0.24793434
670808c5e5ca6952dec91dafc3dfdb9c9851e9e07feb3bcf7b0d5698900736f0,670808c5e5ca6952dec91dafc3dfdb9c9851e9e07feb3bcf7b0d5698900736f0,1,no_attention,44,1,0.97356355
22a67d35823acd63be6dca107cbdb4bb73ebb4cc230e0f5c19d7fc1d6f761879,22a67d35823acd63be6dca107cbdb4bb73ebb4cc230e0f5c19d7fc1d6f761879,1,no_attention,44,1,0.086580485
a556fb53ec82b61ce9b867242f0089c12a4e826a461322e87afe93c5a536b93e,a556fb53ec82b61ce9b867242f0089c12a4e826a461322e87afe93c5a536b93e,1,no_attention,44,1,0.8656131
8d9ab3324ee861c253f8572fb3ced7e7b84feb21a633895def7e850ae74ff349,8d9ab3324ee861c253f8572fb3ced7e7b84feb21a633895def7e850ae74ff349,1,no_attention,44,1,0.94874567
431754be1638a610ffe6109396a1be83fe84be89b319a9468c7702b7ac1cc451,431754be1638a610ffe6109396a1be83fe84be89b319a9468c7702b7ac1cc451,0,no_multiscale,44,1,0.88470215
61883bfab06bd929d96b99d4cd26106c446d2e909ced077d4420d887aabc3aef,61883bfab06bd929d96b99d4cd26106c446d2e909ced077d4420d887aabc3aef,0,no_multiscale,44,1,0.029754426
912f80d8f29184808e113f3e9770527dbaf7b490b4f4f27c69b015d174cb381a,912f80d8f29184808e113f3e9770527dbaf7b490b4f4f27c69b015d174cb381a,0,no_multiscale,44,1,0.80077887
971af0cc2d7eb4517c91e7ea90797e8ef92a6a3095581b4a235ef89a45ad9aa4,971af0cc2d7eb4517c91e7ea90797e8ef92a6a3095581b4a235ef89a45ad9aa4,0,no_multiscale,44,1,0.008933859
a991b7a12ed71214ee0120e45a25dc86e2af553186f857b5e72ad67280d8a67e,a991b7a12ed71214ee0120e45a25dc86e2af553186f857b5e72ad67280d8a67e,0,no_multiscale,44,1,0.9009223
0198278fba06be5fee3f79b739acc5269c3f1bd2c4ca7c999af3ec7845b1db18,0198278fba06be5fee3f79b739acc5269c3f1bd2c4ca7c999af3ec7845b1db18,0,no_multiscale,44,1,0.11300095
bdf2d8df20ce58b5dea1b6ce1ff839246c08bafd79dfd004f771582588818afc,0198278fba06be5fee3f79b739acc5269c3f1bd2c4ca7c999af3ec7845b1db18,0,no_multiscale,44,1,0.20295842
68919dfe7ceaa406c0bfc2169b9c4dde4bbdc16924bac60dff531798a2e5b80c,68919dfe7ceaa406c0bfc2169b9c4dde4bbdc16924bac60dff531798a2e5b80c,0,no_multiscale,44,1,0.014219492
6bad7d1585147284f24fc35d752cd3f50dce273de2c4693881704b962524f627,6bad7d1585147284f24fc35d752cd3f50dce273de2c4693881704b962524f627,0,no_multiscale,44,1,0.019927954
84496f2b562de7b5ffab87ee4e24c778c46e69df2c6a934aa6b4af6eed65575e,0198278fba06be5fee3f79b739acc5269c3f1bd2c4ca7c999af3ec7845b1db18,0,no_multiscale,44,1,0.2754189
79bff1fc200032db892a2bd9343a55322495903f39d07ab4d25df451ec37703e,79bff1fc200032db892a2bd9343a55322495903f39d07ab4d25df451ec37703e,0,no_multiscale,44,1,0.023680847
fe2f2e15fbef31937a7350eda86d06b7efe35058104c8f17688f0506f83bb4ca,fe2f2e15fbef31937a7350eda86d06b7efe35058104c8f17688f0506f83bb4ca,0,no_multiscale,44,1,0.03347565
7dc5473174aec3ca64789d8d27423520862e2e51a761cb1afd593b6971209437,03d5e5c31d9cb551d8e72ad20ee33ef851d7dc57431e19739286f84f8ee5aae7,0,no_multiscale,44,1,0.79601115
3652939af3cbf768ff328bff19516311327782dd22d50300000e22ae6165926a,3652939af3cbf768ff328bff19516311327782dd22d50300000e22ae6165926a,0,no_multiscale,44,1,0.9045996
03d5e5c31d9cb551d8e72ad20ee33ef851d7dc57431e19739286f84f8ee5aae7,03d5e5c31d9cb551d8e72ad20ee33ef851d7dc57431e19739286f84f8ee5aae7,0,no_multiscale,44,1,0.83677614
dcc6ad68dcf64338d943273c43b66e9dc03f5aac2a7d5dd1e2dc57ab0cabf219,dcc6ad68dcf64338d943273c43b66e9dc03f5aac2a7d5dd1e2dc57ab0cabf219,1,no_multiscale,44,1,0.9438458
6d968dde7850cb6817e1e97667e3b30d17deb0084fdb32fa466b3d30ab5b169a,6d968dde7850cb6817e1e97667e3b30d17deb0084fdb32fa466b3d30ab5b169a,1,no_multiscale,44,1,0.41272783
324e1fd6887615bbf9df92946ff501fe5261ec0aa18bc0d1d7fbefeb3a4c2de0,324e1fd6887615bbf9df92946ff501fe5261ec0aa18bc0d1d7fbefeb3a4c2de0,1,no_multiscale,44,1,0.915042
02d44c020cf4c1cd89ed4d99993d51a579549e2766ae4492c5d714bfd34f1038,02d44c020cf4c1cd89ed4d99993d51a579549e2766ae4492c5d714bfd34f1038,1,no_multiscale,44,1,0.019815523
2e4022fe7fc53cf77d62062f18e14f5ec77c5547aeefa8b7a119c531a7b7881f,2e4022fe7fc53cf77d62062f18e14f5ec77c5547aeefa8b7a119c531a7b7881f,1,no_multiscale,44,1,0.99138653
d8ca4bf52dd8bfd65a1c7c7287a0dd292bbe91ed0ccef71d5b327b80e4802939,d8ca4bf52dd8bfd65a1c7c7287a0dd292bbe91ed0ccef71d5b327b80e4802939,1,no_multiscale,44,1,0.9824724
148fc8d2e5f5425e1305b90f17abeecc0be0f939c72a38bdedc2239b5dd74575,148fc8d2e5f5425e1305b90f17abeecc0be0f939c72a38bdedc2239b5dd74575,1,no_multiscale,44,1,0.23081705
85219c6f49438e2d908c77982d59a335d805971a4410f96bf793efa844b2a340,85219c6f49438e2d908c77982d59a335d805971a4410f96bf793efa844b2a340,1,no_multiscale,44,1,0.991662
beb26a21459fe7faa6b3ead6bffab7048069b39d9c8f44fcdd371f6a8fc7cc8c,beb26a21459fe7faa6b3ead6bffab7048069b39d9c8f44fcdd371f6a8fc7cc8c,1,no_multiscale,44,1,0.59069055
e4b5fb431fa83fe3325066eb759c81db20f475ced435bd84861ea127e8c70826,a556fb53ec82b61ce9b867242f0089c12a4e826a461322e87afe93c5a536b93e,1,no_multiscale,44,1,0.9665756
9ced31742602b954a0f27c4af431f52b61b194b39f32ab94d3442ac50cffcada,9ced31742602b954a0f27c4af431f52b61b194b39f32ab94d3442ac50cffcada,1,no_multiscale,44,1,0.9800703
959996f9fe085b2b9492407c9c980e67949d6604f8916380d498a29ce777c481,959996f9fe085b2b9492407c9c980e67949d6604f8916380d498a29ce777c481,1,no_multiscale,44,1,0.94784516
4f79af97ec4fbfc7351cf3701e43ab63ff4dfe692acf75c53a5ead6c689e3148,4f79af97ec4fbfc7351cf3701e43ab63ff4dfe692acf75c53a5ead6c689e3148,1,no_multiscale,44,1,0.9618608
1a60d983296b4d7d88bdf016ec3acdf6928f4db711a3ea5526b312c1dddbc2ba,1a60d983296b4d7d88bdf016ec3acdf6928f4db711a3ea5526b312c1dddbc2ba,1,no_multiscale,44,1,0.9507236
cb8f53c3357a4a0e42872730b58542f2383e40fde7aecef167621531ce6734c2,cb8f53c3357a4a0e42872730b58542f2383e40fde7aecef167621531ce6734c2,1,no_multiscale,44,1,0.025399042
47f67e38e8ed23e7e9aa76825d01d8736c7ef0739f02f22f8a63fab50996a2b7,47f67e38e8ed23e7e9aa76825d01d8736c7ef0739f02f22f8a63fab50996a2b7,1,no_multiscale,44,1,0.038046762
6b41ec7a12d3954aab0892e618d76036efb4a9977a9a0a639d39aac312bd1e66,6b41ec7a12d3954aab0892e618d76036efb4a9977a9a0a639d39aac312bd1e66,1,no_multiscale,44,1,0.98813653
5627ef7310a2d5775b2633f1fbf4eaa77ed8bc83a83e663fed0e7810f833b7e9,5627ef7310a2d5775b2633f1fbf4eaa77ed8bc83a83e663fed0e7810f833b7e9,1,no_multiscale,44,1,0.79559946
e43b07477fc18ff7c82de9ad21f3ac0197faf33625ed1259e39e98652f1f6d3c,1eade1774cc1953e749e172027e573e028bab9a2a2ab71c687c9d75d60b72312,1,no_multiscale,44,1,0.90515107
4d8dbdef0dbc0e730a06c85a85e95e1fddb41fd583e3b6419745374b200e7406,4d8dbdef0dbc0e730a06c85a85e95e1fddb41fd583e3b6419745374b200e7406,1,no_multiscale,44,1,0.968782
c6038b3142be4c883f7aee8c7b99566d35b57612dc1fe9c7e7e20295a90c1c04,c6038b3142be4c883f7aee8c7b99566d35b57612dc1fe9c7e7e20295a90c1c04,1,no_multiscale,44,1,0.9371472
0d0bde27497b77e34d1be0d7f48501d37676e4645879150da9926071fbf8d195,0d0bde27497b77e34d1be0d7f48501d37676e4645879150da9926071fbf8d195,1,no_multiscale,44,1,0.9837536
ef4f79a4f41ee093e86efc8363be6a29f59de2e9eed4eb05a58b0727bb94f55a,ef4f79a4f41ee093e86efc8363be6a29f59de2e9eed4eb05a58b0727bb94f55a,1,no_multiscale,44,1,0.008594306
e68aa817460ae3a1d648bf9d62d1725f616de5f901238fc2ae7e685b5bbe6a36,e68aa817460ae3a1d648bf9d62d1725f616de5f901238fc2ae7e685b5bbe6a36,1,no_multiscale,44,1,0.056423493
c69d93e782d3db7bb23a8b8bee55c7f96129f0123ea9b0848c4470be404bc933,c69d93e782d3db7bb23a8b8bee55c7f96129f0123ea9b0848c4470be404bc933,1,no_multiscale,44,1,0.95275265
dcd0739408b5a9221b27f36b6167c546a23ec289c6efde3f211915a16099a189,735cbef9552a14d7b4a3f84398a094d8eef2c0c9101b3f51c2f077b896ad4856,1,no_multiscale,44,1,0.012655694
05394b1956b374ffad3400486aa171fd7261b32d705ee855a81907d6a623c6f5,05394b1956b374ffad3400486aa171fd7261b32d705ee855a81907d6a623c6f5,1,no_multiscale,44,1,0.036079615
735cbef9552a14d7b4a3f84398a094d8eef2c0c9101b3f51c2f077b896ad4856,735cbef9552a14d7b4a3f84398a094d8eef2c0c9101b3f51c2f077b896ad4856,1,no_multiscale,44,1,0.025350284
b9e261090ae1fa4c62061db4f5b31bde6197d95d693a43cff7492ce90be584d8,b9e261090ae1fa4c62061db4f5b31bde6197d95d693a43cff7492ce90be584d8,1,no_multiscale,44,1,0.96190166
1eade1774cc1953e749e172027e573e028bab9a2a2ab71c687c9d75d60b72312,1eade1774cc1953e749e172027e573e028bab9a2a2ab71c687c9d75d60b72312,1,no_multiscale,44,1,0.90501523
670808c5e5ca6952dec91dafc3dfdb9c9851e9e07feb3bcf7b0d5698900736f0,670808c5e5ca6952dec91dafc3dfdb9c9851e9e07feb3bcf7b0d5698900736f0,1,no_multiscale,44,1,0.99312097
22a67d35823acd63be6dca107cbdb4bb73ebb4cc230e0f5c19d7fc1d6f761879,22a67d35823acd63be6dca107cbdb4bb73ebb4cc230e0f5c19d7fc1d6f761879,1,no_multiscale,44,1,0.5200736
a556fb53ec82b61ce9b867242f0089c12a4e826a461322e87afe93c5a536b93e,a556fb53ec82b61ce9b867242f0089c12a4e826a461322e87afe93c5a536b93e,1,no_multiscale,44,1,0.9660234
8d9ab3324ee861c253f8572fb3ced7e7b84feb21a633895def7e850ae74ff349,8d9ab3324ee861c253f8572fb3ced7e7b84feb21a633895def7e850ae74ff349,1,no_multiscale,44,1,0.98245597
431754be1638a610ffe6109396a1be83fe84be89b319a9468c7702b7ac1cc451,431754be1638a610ffe6109396a1be83fe84be89b319a9468c7702b7ac1cc451,0,no_attention_no_multiscale,44,1,0.88015217
61883bfab06bd929d96b99d4cd26106c446d2e909ced077d4420d887aabc3aef,61883bfab06bd929d96b99d4cd26106c446d2e909ced077d4420d887aabc3aef,0,no_attention_no_multiscale,44,1,0.6087857
912f80d8f29184808e113f3e9770527dbaf7b490b4f4f27c69b015d174cb381a,912f80d8f29184808e113f3e9770527dbaf7b490b4f4f27c69b015d174cb381a,0,no_attention_no_multiscale,44,1,0.80706096
971af0cc2d7eb4517c91e7ea90797e8ef92a6a3095581b4a235ef89a45ad9aa4,971af0cc2d7eb4517c91e7ea90797e8ef92a6a3095581b4a235ef89a45ad9aa4,0,no_attention_no_multiscale,44,1,0.0807403
a991b7a12ed71214ee0120e45a25dc86e2af553186f857b5e72ad67280d8a67e,a991b7a12ed71214ee0120e45a25dc86e2af553186f857b5e72ad67280d8a67e,0,no_attention_no_multiscale,44,1,0.78165054
0198278fba06be5fee3f79b739acc5269c3f1bd2c4ca7c999af3ec7845b1db18,0198278fba06be5fee3f79b739acc5269c3f1bd2c4ca7c999af3ec7845b1db18,0,no_attention_no_multiscale,44,1,0.14924115
bdf2d8df20ce58b5dea1b6ce1ff839246c08bafd79dfd004f771582588818afc,0198278fba06be5fee3f79b739acc5269c3f1bd2c4ca7c999af3ec7845b1db18,0,no_attention_no_multiscale,44,1,0.12641963
68919dfe7ceaa406c0bfc2169b9c4dde4bbdc16924bac60dff531798a2e5b80c,68919dfe7ceaa406c0bfc2169b9c4dde4bbdc16924bac60dff531798a2e5b80c,0,no_attention_no_multiscale,44,1,0.56921995
6bad7d1585147284f24fc35d752cd3f50dce273de2c4693881704b962524f627,6bad7d1585147284f24fc35d752cd3f50dce273de2c4693881704b962524f627,0,no_attention_no_multiscale,44,1,0.1256331
84496f2b562de7b5ffab87ee4e24c778c46e69df2c6a934aa6b4af6eed65575e,0198278fba06be5fee3f79b739acc5269c3f1bd2c4ca7c999af3ec7845b1db18,0,no_attention_no_multiscale,44,1,0.15368928
79bff1fc200032db892a2bd9343a55322495903f39d07ab4d25df451ec37703e,79bff1fc200032db892a2bd9343a55322495903f39d07ab4d25df451ec37703e,0,no_attention_no_multiscale,44,1,0.1760663
fe2f2e15fbef31937a7350eda86d06b7efe35058104c8f17688f0506f83bb4ca,fe2f2e15fbef31937a7350eda86d06b7efe35058104c8f17688f0506f83bb4ca,0,no_attention_no_multiscale,44,1,0.2938217
7dc5473174aec3ca64789d8d27423520862e2e51a761cb1afd593b6971209437,03d5e5c31d9cb551d8e72ad20ee33ef851d7dc57431e19739286f84f8ee5aae7,0,no_attention_no_multiscale,44,1,0.16492563
3652939af3cbf768ff328bff19516311327782dd22d50300000e22ae6165926a,3652939af3cbf768ff328bff19516311327782dd22d50300000e22ae6165926a,0,no_attention_no_multiscale,44,1,0.71592826
03d5e5c31d9cb551d8e72ad20ee33ef851d7dc57431e19739286f84f8ee5aae7,03d5e5c31d9cb551d8e72ad20ee33ef851d7dc57431e19739286f84f8ee5aae7,0,no_attention_no_multiscale,44,1,0.19422223
dcc6ad68dcf64338d943273c43b66e9dc03f5aac2a7d5dd1e2dc57ab0cabf219,dcc6ad68dcf64338d943273c43b66e9dc03f5aac2a7d5dd1e2dc57ab0cabf219,1,no_attention_no_multiscale,44,1,0.87874794
6d968dde7850cb6817e1e97667e3b30d17deb0084fdb32fa466b3d30ab5b169a,6d968dde7850cb6817e1e97667e3b30d17deb0084fdb32fa466b3d30ab5b169a,1,no_attention_no_multiscale,44,1,0.4953704
324e1fd6887615bbf9df92946ff501fe5261ec0aa18bc0d1d7fbefeb3a4c2de0,324e1fd6887615bbf9df92946ff501fe5261ec0aa18bc0d1d7fbefeb3a4c2de0,1,no_attention_no_multiscale,44,1,0.7181826
02d44c020cf4c1cd89ed4d99993d51a579549e2766ae4492c5d714bfd34f1038,02d44c020cf4c1cd89ed4d99993d51a579549e2766ae4492c5d714bfd34f1038,1,no_attention_no_multiscale,44,1,0.41170844
2e4022fe7fc53cf77d62062f18e14f5ec77c5547aeefa8b7a119c531a7b7881f,2e4022fe7fc53cf77d62062f18e14f5ec77c5547aeefa8b7a119c531a7b7881f,1,no_attention_no_multiscale,44,1,0.90026546
d8ca4bf52dd8bfd65a1c7c7287a0dd292bbe91ed0ccef71d5b327b80e4802939,d8ca4bf52dd8bfd65a1c7c7287a0dd292bbe91ed0ccef71d5b327b80e4802939,1,no_attention_no_multiscale,44,1,0.87045133
148fc8d2e5f5425e1305b90f17abeecc0be0f939c72a38bdedc2239b5dd74575,148fc8d2e5f5425e1305b90f17abeecc0be0f939c72a38bdedc2239b5dd74575,1,no_attention_no_multiscale,44,1,0.551998
85219c6f49438e2d908c77982d59a335d805971a4410f96bf793efa844b2a340,85219c6f49438e2d908c77982d59a335d805971a4410f96bf793efa844b2a340,1,no_attention_no_multiscale,44,1,0.8775788
beb26a21459fe7faa6b3ead6bffab7048069b39d9c8f44fcdd371f6a8fc7cc8c,beb26a21459fe7faa6b3ead6bffab7048069b39d9c8f44fcdd371f6a8fc7cc8c,1,no_attention_no_multiscale,44,1,0.27244124
e4b5fb431fa83fe3325066eb759c81db20f475ced435bd84861ea127e8c70826,a556fb53ec82b61ce9b867242f0089c12a4e826a461322e87afe93c5a536b93e,1,no_attention_no_multiscale,44,1,0.8237557
9ced31742602b954a0f27c4af431f52b61b194b39f32ab94d3442ac50cffcada,9ced31742602b954a0f27c4af431f52b61b194b39f32ab94d3442ac50cffcada,1,no_attention_no_multiscale,44,1,0.836352
959996f9fe085b2b9492407c9c980e67949d6604f8916380d498a29ce777c481,959996f9fe085b2b9492407c9c980e67949d6604f8916380d498a29ce777c481,1,no_attention_no_multiscale,44,1,0.6660858
4f79af97ec4fbfc7351cf3701e43ab63ff4dfe692acf75c53a5ead6c689e3148,4f79af97ec4fbfc7351cf3701e43ab63ff4dfe692acf75c53a5ead6c689e3148,1,no_attention_no_multiscale,44,1,0.6544996
1a60d983296b4d7d88bdf016ec3acdf6928f4db711a3ea5526b312c1dddbc2ba,1a60d983296b4d7d88bdf016ec3acdf6928f4db711a3ea5526b312c1dddbc2ba,1,no_attention_no_multiscale,44,1,0.6185158
cb8f53c3357a4a0e42872730b58542f2383e40fde7aecef167621531ce6734c2,cb8f53c3357a4a0e42872730b58542f2383e40fde7aecef167621531ce6734c2,1,no_attention_no_multiscale,44,1,0.4765105
47f67e38e8ed23e7e9aa76825d01d8736c7ef0739f02f22f8a63fab50996a2b7,47f67e38e8ed23e7e9aa76825d01d8736c7ef0739f02f22f8a63fab50996a2b7,1,no_attention_no_multiscale,44,1,0.3104577
6b41ec7a12d3954aab0892e618d76036efb4a9977a9a0a639d39aac312bd1e66,6b41ec7a12d3954aab0892e618d76036efb4a9977a9a0a639d39aac312bd1e66,1,no_attention_no_multiscale,44,1,0.8677615
5627ef7310a2d5775b2633f1fbf4eaa77ed8bc83a83e663fed0e7810f833b7e9,5627ef7310a2d5775b2633f1fbf4eaa77ed8bc83a83e663fed0e7810f833b7e9,1,no_attention_no_multiscale,44,1,0.5934591
e43b07477fc18ff7c82de9ad21f3ac0197faf33625ed1259e39e98652f1f6d3c,1eade1774cc1953e749e172027e573e028bab9a2a2ab71c687c9d75d60b72312,1,no_attention_no_multiscale,44,1,0.24098326
4d8dbdef0dbc0e730a06c85a85e95e1fddb41fd583e3b6419745374b200e7406,4d8dbdef0dbc0e730a06c85a85e95e1fddb41fd583e3b6419745374b200e7406,1,no_attention_no_multiscale,44,1,0.75689083
c6038b3142be4c883f7aee8c7b99566d35b57612dc1fe9c7e7e20295a90c1c04,c6038b3142be4c883f7aee8c7b99566d35b57612dc1fe9c7e7e20295a90c1c04,1,no_attention_no_multiscale,44,1,0.5760161
0d0bde27497b77e34d1be0d7f48501d37676e4645879150da9926071fbf8d195,0d0bde27497b77e34d1be0d7f48501d37676e4645879150da9926071fbf8d195,1,no_attention_no_multiscale,44,1,0.90876824
ef4f79a4f41ee093e86efc8363be6a29f59de2e9eed4eb05a58b0727bb94f55a,ef4f79a4f41ee093e86efc8363be6a29f59de2e9eed4eb05a58b0727bb94f55a,1,no_attention_no_multiscale,44,1,0.71650535
e68aa817460ae3a1d648bf9d62d1725f616de5f901238fc2ae7e685b5bbe6a36,e68aa817460ae3a1d648bf9d62d1725f616de5f901238fc2ae7e685b5bbe6a36,1,no_attention_no_multiscale,44,1,0.7933211
c69d93e782d3db7bb23a8b8bee55c7f96129f0123ea9b0848c4470be404bc933,c69d93e782d3db7bb23a8b8bee55c7f96129f0123ea9b0848c4470be404bc933,1,no_attention_no_multiscale,44,1,0.76880217
dcd0739408b5a9221b27f36b6167c546a23ec289c6efde3f211915a16099a189,735cbef9552a14d7b4a3f84398a094d8eef2c0c9101b3f51c2f077b896ad4856,1,no_attention_no_multiscale,44,1,0.37058163
05394b1956b374ffad3400486aa171fd7261b32d705ee855a81907d6a623c6f5,05394b1956b374ffad3400486aa171fd7261b32d705ee855a81907d6a623c6f5,1,no_attention_no_multiscale,44,1,0.16300094
735cbef9552a14d7b4a3f84398a094d8eef2c0c9101b3f51c2f077b896ad4856,735cbef9552a14d7b4a3f84398a094d8eef2c0c9101b3f51c2f077b896ad4856,1,no_attention_no_multiscale,44,1,0.2555041
b9e261090ae1fa4c62061db4f5b31bde6197d95d693a43cff7492ce90be584d8,b9e261090ae1fa4c62061db4f5b31bde6197d95d693a43cff7492ce90be584d8,1,no_attention_no_multiscale,44,1,0.8734463
1eade1774cc1953e749e172027e573e028bab9a2a2ab71c687c9d75d60b72312,1eade1774cc1953e749e172027e573e028bab9a2a2ab71c687c9d75d60b72312,1,no_attention_no_multiscale,44,1,0.2408587
670808c5e5ca6952dec91dafc3dfdb9c9851e9e07feb3bcf7b0d5698900736f0,670808c5e5ca6952dec91dafc3dfdb9c9851e9e07feb3bcf7b0d5698900736f0,1,no_attention_no_multiscale,44,1,0.8346817
22a67d35823acd63be6dca107cbdb4bb73ebb4cc230e0f5c19d7fc1d6f761879,22a67d35823acd63be6dca107cbdb4bb73ebb4cc230e0f5c19d7fc1d6f761879,1,no_attention_no_multiscale,44,1,0.19171302
a556fb53ec82b61ce9b867242f0089c12a4e826a461322e87afe93c5a536b93e,a556fb53ec82b61ce9b867242f0089c12a4e826a461322e87afe93c5a536b93e,1,no_attention_no_multiscale,44,1,0.8231599
8d9ab3324ee861c253f8572fb3ced7e7b84feb21a633895def7e850ae74ff349,8d9ab3324ee861c253f8572fb3ced7e7b84feb21a633895def7e850ae74ff349,1,no_attention_no_multiscale,44,1,0.7957685
431754be1638a610ffe6109396a1be83fe84be89b319a9468c7702b7ac1cc451,431754be1638a610ffe6109396a1be83fe84be89b319a9468c7702b7ac1cc451,0,no_augmentation,44,1,0.96679026
61883bfab06bd929d96b99d4cd26106c446d2e909ced077d4420d887aabc3aef,61883bfab06bd929d96b99d4cd26106c446d2e909ced077d4420d887aabc3aef,0,no_augmentation,44,1,0.009676648
912f80d8f29184808e113f3e9770527dbaf7b490b4f4f27c69b015d174cb381a,912f80d8f29184808e113f3e9770527dbaf7b490b4f4f27c69b015d174cb381a,0,no_augmentation,44,1,0.84040767
971af0cc2d7eb4517c91e7ea90797e8ef92a6a3095581b4a235ef89a45ad9aa4,971af0cc2d7eb4517c91e7ea90797e8ef92a6a3095581b4a235ef89a45ad9aa4,0,no_augmentation,44,1,0.022727098
a991b7a12ed71214ee0120e45a25dc86e2af553186f857b5e72ad67280d8a67e,a991b7a12ed71214ee0120e45a25dc86e2af553186f857b5e72ad67280d8a67e,0,no_augmentation,44,1,0.69647855
0198278fba06be5fee3f79b739acc5269c3f1bd2c4ca7c999af3ec7845b1db18,0198278fba06be5fee3f79b739acc5269c3f1bd2c4ca7c999af3ec7845b1db18,0,no_augmentation,44,1,0.2148024
bdf2d8df20ce58b5dea1b6ce1ff839246c08bafd79dfd004f771582588818afc,0198278fba06be5fee3f79b739acc5269c3f1bd2c4ca7c999af3ec7845b1db18,0,no_augmentation,44,1,0.1265308
68919dfe7ceaa406c0bfc2169b9c4dde4bbdc16924bac60dff531798a2e5b80c,68919dfe7ceaa406c0bfc2169b9c4dde4bbdc16924bac60dff531798a2e5b80c,0,no_augmentation,44,1,0.17826357
6bad7d1585147284f24fc35d752cd3f50dce273de2c4693881704b962524f627,6bad7d1585147284f24fc35d752cd3f50dce273de2c4693881704b962524f627,0,no_augmentation,44,1,0.025735812
84496f2b562de7b5ffab87ee4e24c778c46e69df2c6a934aa6b4af6eed65575e,0198278fba06be5fee3f79b739acc5269c3f1bd2c4ca7c999af3ec7845b1db18,0,no_augmentation,44,1,0.19364208
79bff1fc200032db892a2bd9343a55322495903f39d07ab4d25df451ec37703e,79bff1fc200032db892a2bd9343a55322495903f39d07ab4d25df451ec37703e,0,no_augmentation,44,1,0.025488727
fe2f2e15fbef31937a7350eda86d06b7efe35058104c8f17688f0506f83bb4ca,fe2f2e15fbef31937a7350eda86d06b7efe35058104c8f17688f0506f83bb4ca,0,no_augmentation,44,1,0.01973457
7dc5473174aec3ca64789d8d27423520862e2e51a761cb1afd593b6971209437,03d5e5c31d9cb551d8e72ad20ee33ef851d7dc57431e19739286f84f8ee5aae7,0,no_augmentation,44,1,0.01884458
3652939af3cbf768ff328bff19516311327782dd22d50300000e22ae6165926a,3652939af3cbf768ff328bff19516311327782dd22d50300000e22ae6165926a,0,no_augmentation,44,1,0.9395434
03d5e5c31d9cb551d8e72ad20ee33ef851d7dc57431e19739286f84f8ee5aae7,03d5e5c31d9cb551d8e72ad20ee33ef851d7dc57431e19739286f84f8ee5aae7,0,no_augmentation,44,1,0.02230535
dcc6ad68dcf64338d943273c43b66e9dc03f5aac2a7d5dd1e2dc57ab0cabf219,dcc6ad68dcf64338d943273c43b66e9dc03f5aac2a7d5dd1e2dc57ab0cabf219,1,no_augmentation,44,1,0.9372142
6d968dde7850cb6817e1e97667e3b30d17deb0084fdb32fa466b3d30ab5b169a,6d968dde7850cb6817e1e97667e3b30d17deb0084fdb32fa466b3d30ab5b169a,1,no_augmentation,44,1,0.44694856
324e1fd6887615bbf9df92946ff501fe5261ec0aa18bc0d1d7fbefeb3a4c2de0,324e1fd6887615bbf9df92946ff501fe5261ec0aa18bc0d1d7fbefeb3a4c2de0,1,no_augmentation,44,1,0.07550657
02d44c020cf4c1cd89ed4d99993d51a579549e2766ae4492c5d714bfd34f1038,02d44c020cf4c1cd89ed4d99993d51a579549e2766ae4492c5d714bfd34f1038,1,no_augmentation,44,1,0.08641079
2e4022fe7fc53cf77d62062f18e14f5ec77c5547aeefa8b7a119c531a7b7881f,2e4022fe7fc53cf77d62062f18e14f5ec77c5547aeefa8b7a119c531a7b7881f,1,no_augmentation,44,1,0.8756241
d8ca4bf52dd8bfd65a1c7c7287a0dd292bbe91ed0ccef71d5b327b80e4802939,d8ca4bf52dd8bfd65a1c7c7287a0dd292bbe91ed0ccef71d5b327b80e4802939,1,no_augmentation,44,1,0.74070424
148fc8d2e5f5425e1305b90f17abeecc0be0f939c72a38bdedc2239b5dd74575,148fc8d2e5f5425e1305b90f17abeecc0be0f939c72a38bdedc2239b5dd74575,1,no_augmentation,44,1,0.061452005
85219c6f49438e2d908c77982d59a335d805971a4410f96bf793efa844b2a340,85219c6f49438e2d908c77982d59a335d805971a4410f96bf793efa844b2a340,1,no_augmentation,44,1,0.9855509
beb26a21459fe7faa6b3ead6bffab7048069b39d9c8f44fcdd371f6a8fc7cc8c,beb26a21459fe7faa6b3ead6bffab7048069b39d9c8f44fcdd371f6a8fc7cc8c,1,no_augmentation,44,1,0.058862373
e4b5fb431fa83fe3325066eb759c81db20f475ced435bd84861ea127e8c70826,a556fb53ec82b61ce9b867242f0089c12a4e826a461322e87afe93c5a536b93e,1,no_augmentation,44,1,0.95747095
9ced31742602b954a0f27c4af431f52b61b194b39f32ab94d3442ac50cffcada,9ced31742602b954a0f27c4af431f52b61b194b39f32ab94d3442ac50cffcada,1,no_augmentation,44,1,0.32286063
959996f9fe085b2b9492407c9c980e67949d6604f8916380d498a29ce777c481,959996f9fe085b2b9492407c9c980e67949d6604f8916380d498a29ce777c481,1,no_augmentation,44,1,0.8714907
4f79af97ec4fbfc7351cf3701e43ab63ff4dfe692acf75c53a5ead6c689e3148,4f79af97ec4fbfc7351cf3701e43ab63ff4dfe692acf75c53a5ead6c689e3148,1,no_augmentation,44,1,0.8888116
1a60d983296b4d7d88bdf016ec3acdf6928f4db711a3ea5526b312c1dddbc2ba,1a60d983296b4d7d88bdf016ec3acdf6928f4db711a3ea5526b312c1dddbc2ba,1,no_augmentation,44,1,0.84183973
cb8f53c3357a4a0e42872730b58542f2383e40fde7aecef167621531ce6734c2,cb8f53c3357a4a0e42872730b58542f2383e40fde7aecef167621531ce6734c2,1,no_augmentation,44,1,0.02571731
47f67e38e8ed23e7e9aa76825d01d8736c7ef0739f02f22f8a63fab50996a2b7,47f67e38e8ed23e7e9aa76825d01d8736c7ef0739f02f22f8a63fab50996a2b7,1,no_augmentation,44,1,0.08573858
6b41ec7a12d3954aab0892e618d76036efb4a9977a9a0a639d39aac312bd1e66,6b41ec7a12d3954aab0892e618d76036efb4a9977a9a0a639d39aac312bd1e66,1,no_augmentation,44,1,0.46793532
5627ef7310a2d5775b2633f1fbf4eaa77ed8bc83a83e663fed0e7810f833b7e9,5627ef7310a2d5775b2633f1fbf4eaa77ed8bc83a83e663fed0e7810f833b7e9,1,no_augmentation,44,1,0.117179535
e43b07477fc18ff7c82de9ad21f3ac0197faf33625ed1259e39e98652f1f6d3c,1eade1774cc1953e749e172027e573e028bab9a2a2ab71c687c9d75d60b72312,1,no_augmentation,44,1,0.20965914
4d8dbdef0dbc0e730a06c85a85e95e1fddb41fd583e3b6419745374b200e7406,4d8dbdef0dbc0e730a06c85a85e95e1fddb41fd583e3b6419745374b200e7406,1,no_augmentation,44,1,0.95036775
c6038b3142be4c883f7aee8c7b99566d35b57612dc1fe9c7e7e20295a90c1c04,c6038b3142be4c883f7aee8c7b99566d35b57612dc1fe9c7e7e20295a90c1c04,1,no_augmentation,44,1,0.76248866
0d0bde27497b77e34d1be0d7f48501d37676e4645879150da9926071fbf8d195,0d0bde27497b77e34d1be0d7f48501d37676e4645879150da9926071fbf8d195,1,no_augmentation,44,1,0.96548235
ef4f79a4f41ee093e86efc8363be6a29f59de2e9eed4eb05a58b0727bb94f55a,ef4f79a4f41ee093e86efc8363be6a29f59de2e9eed4eb05a58b0727bb94f55a,1,no_augmentation,44,1,0.23065543
e68aa817460ae3a1d648bf9d62d1725f616de5f901238fc2ae7e685b5bbe6a36,e68aa817460ae3a1d648bf9d62d1725f616de5f901238fc2ae7e685b5bbe6a36,1,no_augmentation,44,1,0.77608716
c69d93e782d3db7bb23a8b8bee55c7f96129f0123ea9b0848c4470be404bc933,c69d93e782d3db7bb23a8b8bee55c7f96129f0123ea9b0848c4470be404bc933,1,no_augmentation,44,1,0.7712725
dcd0739408b5a9221b27f36b6167c546a23ec289c6efde3f211915a16099a189,735cbef9552a14d7b4a3f84398a094d8eef2c0c9101b3f51c2f077b896ad4856,1,no_augmentation,44,1,0.033020873
05394b1956b374ffad3400486aa171fd7261b32d705ee855a81907d6a623c6f5,05394b1956b374ffad3400486aa171fd7261b32d705ee855a81907d6a623c6f5,1,no_augmentation,44,1,0.04695319
735cbef9552a14d7b4a3f84398a094d8eef2c0c9101b3f51c2f077b896ad4856,735cbef9552a14d7b4a3f84398a094d8eef2c0c9101b3f51c2f077b896ad4856,1,no_augmentation,44,1,0.101551026
b9e261090ae1fa4c62061db4f5b31bde6197d95d693a43cff7492ce90be584d8,b9e261090ae1fa4c62061db4f5b31bde6197d95d693a43cff7492ce90be584d8,1,no_augmentation,44,1,0.7748055
1eade1774cc1953e749e172027e573e028bab9a2a2ab71c687c9d75d60b72312,1eade1774cc1953e749e172027e573e028bab9a2a2ab71c687c9d75d60b72312,1,no_augmentation,44,1,0.20754522
670808c5e5ca6952dec91dafc3dfdb9c9851e9e07feb3bcf7b0d5698900736f0,670808c5e5ca6952dec91dafc3dfdb9c9851e9e07feb3bcf7b0d5698900736f0,1,no_augmentation,44,1,0.7475187
22a67d35823acd63be6dca107cbdb4bb73ebb4cc230e0f5c19d7fc1d6f761879,22a67d35823acd63be6dca107cbdb4bb73ebb4cc230e0f5c19d7fc1d6f761879,1,no_augmentation,44,1,0.05232148
a556fb53ec82b61ce9b867242f0089c12a4e826a461322e87afe93c5a536b93e,a556fb53ec82b61ce9b867242f0089c12a4e826a461322e87afe93c5a536b93e,1,no_augmentation,44,1,0.95464134
8d9ab3324ee861c253f8572fb3ced7e7b84feb21a633895def7e850ae74ff349,8d9ab3324ee861c253f8572fb3ced7e7b84feb21a633895def7e850ae74ff349,1,no_augmentation,44,1,0.96035886
431754be1638a610ffe6109396a1be83fe84be89b319a9468c7702b7ac1cc451,431754be1638a610ffe6109396a1be83fe84be89b319a9468c7702b7ac1cc451,0,plain_cnn,44,1,0.9367653
61883bfab06bd929d96b99d4cd26106c446d2e909ced077d4420d887aabc3aef,61883bfab06bd929d96b99d4cd26106c446d2e909ced077d4420d887aabc3aef,0,plain_cnn,44,1,0.11672891
912f80d8f29184808e113f3e9770527dbaf7b490b4f4f27c69b015d174cb381a,912f80d8f29184808e113f3e9770527dbaf7b490b4f4f27c69b015d174cb381a,0,plain_cnn,44,1,0.46413788
971af0cc2d7eb4517c91e7ea90797e8ef92a6a3095581b4a235ef89a45ad9aa4,971af0cc2d7eb4517c91e7ea90797e8ef92a6a3095581b4a235ef89a45ad9aa4,0,plain_cnn,44,1,0.025379803
a991b7a12ed71214ee0120e45a25dc86e2af553186f857b5e72ad67280d8a67e,a991b7a12ed71214ee0120e45a25dc86e2af553186f857b5e72ad67280d8a67e,0,plain_cnn,44,1,0.53334653
0198278fba06be5fee3f79b739acc5269c3f1bd2c4ca7c999af3ec7845b1db18,0198278fba06be5fee3f79b739acc5269c3f1bd2c4ca7c999af3ec7845b1db18,0,plain_cnn,44,1,0.03681466
bdf2d8df20ce58b5dea1b6ce1ff839246c08bafd79dfd004f771582588818afc,0198278fba06be5fee3f79b739acc5269c3f1bd2c4ca7c999af3ec7845b1db18,0,plain_cnn,44,1,0.0344292
68919dfe7ceaa406c0bfc2169b9c4dde4bbdc16924bac60dff531798a2e5b80c,68919dfe7ceaa406c0bfc2169b9c4dde4bbdc16924bac60dff531798a2e5b80c,0,plain_cnn,44,1,0.27627885
6bad7d1585147284f24fc35d752cd3f50dce273de2c4693881704b962524f627,6bad7d1585147284f24fc35d752cd3f50dce273de2c4693881704b962524f627,0,plain_cnn,44,1,0.031790797
84496f2b562de7b5ffab87ee4e24c778c46e69df2c6a934aa6b4af6eed65575e,0198278fba06be5fee3f79b739acc5269c3f1bd2c4ca7c999af3ec7845b1db18,0,plain_cnn,44,1,0.071574524
79bff1fc200032db892a2bd9343a55322495903f39d07ab4d25df451ec37703e,79bff1fc200032db892a2bd9343a55322495903f39d07ab4d25df451ec37703e,0,plain_cnn,44,1,0.022388019
fe2f2e15fbef31937a7350eda86d06b7efe35058104c8f17688f0506f83bb4ca,fe2f2e15fbef31937a7350eda86d06b7efe35058104c8f17688f0506f83bb4ca,0,plain_cnn,44,1,0.012304443
7dc5473174aec3ca64789d8d27423520862e2e51a761cb1afd593b6971209437,03d5e5c31d9cb551d8e72ad20ee33ef851d7dc57431e19739286f84f8ee5aae7,0,plain_cnn,44,1,0.06739266
3652939af3cbf768ff328bff19516311327782dd22d50300000e22ae6165926a,3652939af3cbf768ff328bff19516311327782dd22d50300000e22ae6165926a,0,plain_cnn,44,1,0.58885
03d5e5c31d9cb551d8e72ad20ee33ef851d7dc57431e19739286f84f8ee5aae7,03d5e5c31d9cb551d8e72ad20ee33ef851d7dc57431e19739286f84f8ee5aae7,0,plain_cnn,44,1,0.09090284
dcc6ad68dcf64338d943273c43b66e9dc03f5aac2a7d5dd1e2dc57ab0cabf219,dcc6ad68dcf64338d943273c43b66e9dc03f5aac2a7d5dd1e2dc57ab0cabf219,1,plain_cnn,44,1,0.8648424
6d968dde7850cb6817e1e97667e3b30d17deb0084fdb32fa466b3d30ab5b169a,6d968dde7850cb6817e1e97667e3b30d17deb0084fdb32fa466b3d30ab5b169a,1,plain_cnn,44,1,0.74875367
324e1fd6887615bbf9df92946ff501fe5261ec0aa18bc0d1d7fbefeb3a4c2de0,324e1fd6887615bbf9df92946ff501fe5261ec0aa18bc0d1d7fbefeb3a4c2de0,1,plain_cnn,44,1,0.7171867
02d44c020cf4c1cd89ed4d99993d51a579549e2766ae4492c5d714bfd34f1038,02d44c020cf4c1cd89ed4d99993d51a579549e2766ae4492c5d714bfd34f1038,1,plain_cnn,44,1,0.6935609
2e4022fe7fc53cf77d62062f18e14f5ec77c5547aeefa8b7a119c531a7b7881f,2e4022fe7fc53cf77d62062f18e14f5ec77c5547aeefa8b7a119c531a7b7881f,1,plain_cnn,44,1,0.9460602
d8ca4bf52dd8bfd65a1c7c7287a0dd292bbe91ed0ccef71d5b327b80e4802939,d8ca4bf52dd8bfd65a1c7c7287a0dd292bbe91ed0ccef71d5b327b80e4802939,1,plain_cnn,44,1,0.80407846
148fc8d2e5f5425e1305b90f17abeecc0be0f939c72a38bdedc2239b5dd74575,148fc8d2e5f5425e1305b90f17abeecc0be0f939c72a38bdedc2239b5dd74575,1,plain_cnn,44,1,0.051899783
85219c6f49438e2d908c77982d59a335d805971a4410f96bf793efa844b2a340,85219c6f49438e2d908c77982d59a335d805971a4410f96bf793efa844b2a340,1,plain_cnn,44,1,0.93455833
beb26a21459fe7faa6b3ead6bffab7048069b39d9c8f44fcdd371f6a8fc7cc8c,beb26a21459fe7faa6b3ead6bffab7048069b39d9c8f44fcdd371f6a8fc7cc8c,1,plain_cnn,44,1,0.23278515
e4b5fb431fa83fe3325066eb759c81db20f475ced435bd84861ea127e8c70826,a556fb53ec82b61ce9b867242f0089c12a4e826a461322e87afe93c5a536b93e,1,plain_cnn,44,1,0.96267736
9ced31742602b954a0f27c4af431f52b61b194b39f32ab94d3442ac50cffcada,9ced31742602b954a0f27c4af431f52b61b194b39f32ab94d3442ac50cffcada,1,plain_cnn,44,1,0.9417957
959996f9fe085b2b9492407c9c980e67949d6604f8916380d498a29ce777c481,959996f9fe085b2b9492407c9c980e67949d6604f8916380d498a29ce777c481,1,plain_cnn,44,1,0.98263687
4f79af97ec4fbfc7351cf3701e43ab63ff4dfe692acf75c53a5ead6c689e3148,4f79af97ec4fbfc7351cf3701e43ab63ff4dfe692acf75c53a5ead6c689e3148,1,plain_cnn,44,1,0.9816395
1a60d983296b4d7d88bdf016ec3acdf6928f4db711a3ea5526b312c1dddbc2ba,1a60d983296b4d7d88bdf016ec3acdf6928f4db711a3ea5526b312c1dddbc2ba,1,plain_cnn,44,1,0.8578106
cb8f53c3357a4a0e42872730b58542f2383e40fde7aecef167621531ce6734c2,cb8f53c3357a4a0e42872730b58542f2383e40fde7aecef167621531ce6734c2,1,plain_cnn,44,1,0.21608163
47f67e38e8ed23e7e9aa76825d01d8736c7ef0739f02f22f8a63fab50996a2b7,47f67e38e8ed23e7e9aa76825d01d8736c7ef0739f02f22f8a63fab50996a2b7,1,plain_cnn,44,1,0.06927983
6b41ec7a12d3954aab0892e618d76036efb4a9977a9a0a639d39aac312bd1e66,6b41ec7a12d3954aab0892e618d76036efb4a9977a9a0a639d39aac312bd1e66,1,plain_cnn,44,1,0.9562756
5627ef7310a2d5775b2633f1fbf4eaa77ed8bc83a83e663fed0e7810f833b7e9,5627ef7310a2d5775b2633f1fbf4eaa77ed8bc83a83e663fed0e7810f833b7e9,1,plain_cnn,44,1,0.76570964
e43b07477fc18ff7c82de9ad21f3ac0197faf33625ed1259e39e98652f1f6d3c,1eade1774cc1953e749e172027e573e028bab9a2a2ab71c687c9d75d60b72312,1,plain_cnn,44,1,0.30549783
4d8dbdef0dbc0e730a06c85a85e95e1fddb41fd583e3b6419745374b200e7406,4d8dbdef0dbc0e730a06c85a85e95e1fddb41fd583e3b6419745374b200e7406,1,plain_cnn,44,1,0.9824906
c6038b3142be4c883f7aee8c7b99566d35b57612dc1fe9c7e7e20295a90c1c04,c6038b3142be4c883f7aee8c7b99566d35b57612dc1fe9c7e7e20295a90c1c04,1,plain_cnn,44,1,0.9217205
0d0bde27497b77e34d1be0d7f48501d37676e4645879150da9926071fbf8d195,0d0bde27497b77e34d1be0d7f48501d37676e4645879150da9926071fbf8d195,1,plain_cnn,44,1,0.9276918
ef4f79a4f41ee093e86efc8363be6a29f59de2e9eed4eb05a58b0727bb94f55a,ef4f79a4f41ee093e86efc8363be6a29f59de2e9eed4eb05a58b0727bb94f55a,1,plain_cnn,44,1,0.2812006
e68aa817460ae3a1d648bf9d62d1725f616de5f901238fc2ae7e685b5bbe6a36,e68aa817460ae3a1d648bf9d62d1725f616de5f901238fc2ae7e685b5bbe6a36,1,plain_cnn,44,1,0.77347934
c69d93e782d3db7bb23a8b8bee55c7f96129f0123ea9b0848c4470be404bc933,c69d93e782d3db7bb23a8b8bee55c7f96129f0123ea9b0848c4470be404bc933,1,plain_cnn,44,1,0.68981606
dcd0739408b5a9221b27f36b6167c546a23ec289c6efde3f211915a16099a189,735cbef9552a14d7b4a3f84398a094d8eef2c0c9101b3f51c2f077b896ad4856,1,plain_cnn,44,1,0.6532344
05394b1956b374ffad3400486aa171fd7261b32d705ee855a81907d6a623c6f5,05394b1956b374ffad3400486aa171fd7261b32d705ee855a81907d6a623c6f5,1,plain_cnn,44,1,0.04275404
735cbef9552a14d7b4a3f84398a094d8eef2c0c9101b3f51c2f077b896ad4856,735cbef9552a14d7b4a3f84398a094d8eef2c0c9101b3f51c2f077b896ad4856,1,plain_cnn,44,1,0.64534235
b9e261090ae1fa4c62061db4f5b31bde6197d95d693a43cff7492ce90be584d8,b9e261090ae1fa4c62061db4f5b31bde6197d95d693a43cff7492ce90be584d8,1,plain_cnn,44,1,0.6287719
1eade1774cc1953e749e172027e573e028bab9a2a2ab71c687c9d75d60b72312,1eade1774cc1953e749e172027e573e028bab9a2a2ab71c687c9d75d60b72312,1,plain_cnn,44,1,0.3042677
670808c5e5ca6952dec91dafc3dfdb9c9851e9e07feb3bcf7b0d5698900736f0,670808c5e5ca6952dec91dafc3dfdb9c9851e9e07feb3bcf7b0d5698900736f0,1,plain_cnn,44,1,0.9848946
22a67d35823acd63be6dca107cbdb4bb73ebb4cc230e0f5c19d7fc1d6f761879,22a67d35823acd63be6dca107cbdb4bb73ebb4cc230e0f5c19d7fc1d6f761879,1,plain_cnn,44,1,0.23443621
a556fb53ec82b61ce9b867242f0089c12a4e826a461322e87afe93c5a536b93e,a556fb53ec82b61ce9b867242f0089c12a4e826a461322e87afe93c5a536b93e,1,plain_cnn,44,1,0.96209574
8d9ab3324ee861c253f8572fb3ced7e7b84feb21a633895def7e850ae74ff349,8d9ab3324ee861c253f8572fb3ced7e7b84feb21a633895def7e850ae74ff349,1,plain_cnn,44,1,0.9808157
431754be1638a610ffe6109396a1be83fe84be89b319a9468c7702b7ac1cc451,431754be1638a610ffe6109396a1be83fe84be89b319a9468c7702b7ac1cc451,0,narrow_resnet_gn,44,1,0.9549714
61883bfab06bd929d96b99d4cd26106c446d2e909ced077d4420d887aabc3aef,61883bfab06bd929d96b99d4cd26106c446d2e909ced077d4420d887aabc3aef,0,narrow_resnet_gn,44,1,0.030860933
912f80d8f29184808e113f3e9770527dbaf7b490b4f4f27c69b015d174cb381a,912f80d8f29184808e113f3e9770527dbaf7b490b4f4f27c69b015d174cb381a,0,narrow_resnet_gn,44,1,0.8454774
971af0cc2d7eb4517c91e7ea90797e8ef92a6a3095581b4a235ef89a45ad9aa4,971af0cc2d7eb4517c91e7ea90797e8ef92a6a3095581b4a235ef89a45ad9aa4,0,narrow_resnet_gn,44,1,0.010443431
a991b7a12ed71214ee0120e45a25dc86e2af553186f857b5e72ad67280d8a67e,a991b7a12ed71214ee0120e45a25dc86e2af553186f857b5e72ad67280d8a67e,0,narrow_resnet_gn,44,1,0.44904664
0198278fba06be5fee3f79b739acc5269c3f1bd2c4ca7c999af3ec7845b1db18,0198278fba06be5fee3f79b739acc5269c3f1bd2c4ca7c999af3ec7845b1db18,0,narrow_resnet_gn,44,1,0.009998866
bdf2d8df20ce58b5dea1b6ce1ff839246c08bafd79dfd004f771582588818afc,0198278fba06be5fee3f79b739acc5269c3f1bd2c4ca7c999af3ec7845b1db18,0,narrow_resnet_gn,44,1,0.010484112
68919dfe7ceaa406c0bfc2169b9c4dde4bbdc16924bac60dff531798a2e5b80c,68919dfe7ceaa406c0bfc2169b9c4dde4bbdc16924bac60dff531798a2e5b80c,0,narrow_resnet_gn,44,1,0.474456
6bad7d1585147284f24fc35d752cd3f50dce273de2c4693881704b962524f627,6bad7d1585147284f24fc35d752cd3f50dce273de2c4693881704b962524f627,0,narrow_resnet_gn,44,1,0.024602141
84496f2b562de7b5ffab87ee4e24c778c46e69df2c6a934aa6b4af6eed65575e,0198278fba06be5fee3f79b739acc5269c3f1bd2c4ca7c999af3ec7845b1db18,0,narrow_resnet_gn,44,1,0.011718027
79bff1fc200032db892a2bd9343a55322495903f39d07ab4d25df451ec37703e,79bff1fc200032db892a2bd9343a55322495903f39d07ab4d25df451ec37703e,0,narrow_resnet_gn,44,1,0.034835383
fe2f2e15fbef31937a7350eda86d06b7efe35058104c8f17688f0506f83bb4ca,fe2f2e15fbef31937a7350eda86d06b7efe35058104c8f17688f0506f83bb4ca,0,narrow_resnet_gn,44,1,0.5420005
7dc5473174aec3ca64789d8d27423520862e2e51a761cb1afd593b6971209437,03d5e5c31d9cb551d8e72ad20ee33ef851d7dc57431e19739286f84f8ee5aae7,0,narrow_resnet_gn,44,1,0.034914862
3652939af3cbf768ff328bff19516311327782dd22d50300000e22ae6165926a,3652939af3cbf768ff328bff19516311327782dd22d50300000e22ae6165926a,0,narrow_resnet_gn,44,1,0.58242774
03d5e5c31d9cb551d8e72ad20ee33ef851d7dc57431e19739286f84f8ee5aae7,03d5e5c31d9cb551d8e72ad20ee33ef851d7dc57431e19739286f84f8ee5aae7,0,narrow_resnet_gn,44,1,0.06280883
dcc6ad68dcf64338d943273c43b66e9dc03f5aac2a7d5dd1e2dc57ab0cabf219,dcc6ad68dcf64338d943273c43b66e9dc03f5aac2a7d5dd1e2dc57ab0cabf219,1,narrow_resnet_gn,44,1,0.33048043
6d968dde7850cb6817e1e97667e3b30d17deb0084fdb32fa466b3d30ab5b169a,6d968dde7850cb6817e1e97667e3b30d17deb0084fdb32fa466b3d30ab5b169a,1,narrow_resnet_gn,44,1,0.71879697
324e1fd6887615bbf9df92946ff501fe5261ec0aa18bc0d1d7fbefeb3a4c2de0,324e1fd6887615bbf9df92946ff501fe5261ec0aa18bc0d1d7fbefeb3a4c2de0,1,narrow_resnet_gn,44,1,0.9504324
02d44c020cf4c1cd89ed4d99993d51a579549e2766ae4492c5d714bfd34f1038,02d44c020cf4c1cd89ed4d99993d51a579549e2766ae4492c5d714bfd34f1038,1,narrow_resnet_gn,44,1,0.015056109
2e4022fe7fc53cf77d62062f18e14f5ec77c5547aeefa8b7a119c531a7b7881f,2e4022fe7fc53cf77d62062f18e14f5ec77c5547aeefa8b7a119c531a7b7881f,1,narrow_resnet_gn,44,1,0.97340924
d8ca4bf52dd8bfd65a1c7c7287a0dd292bbe91ed0ccef71d5b327b80e4802939,d8ca4bf52dd8bfd65a1c7c7287a0dd292bbe91ed0ccef71d5b327b80e4802939,1,narrow_resnet_gn,44,1,0.111180924
148fc8d2e5f5425e1305b90f17abeecc0be0f939c72a38bdedc2239b5dd74575,148fc8d2e5f5425e1305b90f17abeecc0be0f939c72a38bdedc2239b5dd74575,1,narrow_resnet_gn,44,1,0.4571955
85219c6f49438e2d908c77982d59a335d805971a4410f96bf793efa844b2a340,85219c6f49438e2d908c77982d59a335d805971a4410f96bf793efa844b2a340,1,narrow_resnet_gn,44,1,0.76818895
beb26a21459fe7faa6b3ead6bffab7048069b39d9c8f44fcdd371f6a8fc7cc8c,beb26a21459fe7faa6b3ead6bffab7048069b39d9c8f44fcdd371f6a8fc7cc8c,1,narrow_resnet_gn,44,1,0.83180517
e4b5fb431fa83fe3325066eb759c81db20f475ced435bd84861ea127e8c70826,a556fb53ec82b61ce9b867242f0089c12a4e826a461322e87afe93c5a536b93e,1,narrow_resnet_gn,44,1,0.818379
9ced31742602b954a0f27c4af431f52b61b194b39f32ab94d3442ac50cffcada,9ced31742602b954a0f27c4af431f52b61b194b39f32ab94d3442ac50cffcada,1,narrow_resnet_gn,44,1,0.96586186
959996f9fe085b2b9492407c9c980e67949d6604f8916380d498a29ce777c481,959996f9fe085b2b9492407c9c980e67949d6604f8916380d498a29ce777c481,1,narrow_resnet_gn,44,1,0.91307867
4f79af97ec4fbfc7351cf3701e43ab63ff4dfe692acf75c53a5ead6c689e3148,4f79af97ec4fbfc7351cf3701e43ab63ff4dfe692acf75c53a5ead6c689e3148,1,narrow_resnet_gn,44,1,0.60355395
1a60d983296b4d7d88bdf016ec3acdf6928f4db711a3ea5526b312c1dddbc2ba,1a60d983296b4d7d88bdf016ec3acdf6928f4db711a3ea5526b312c1dddbc2ba,1,narrow_resnet_gn,44,1,0.37512377
cb8f53c3357a4a0e42872730b58542f2383e40fde7aecef167621531ce6734c2,cb8f53c3357a4a0e42872730b58542f2383e40fde7aecef167621531ce6734c2,1,narrow_resnet_gn,44,1,0.6153684
47f67e38e8ed23e7e9aa76825d01d8736c7ef0739f02f22f8a63fab50996a2b7,47f67e38e8ed23e7e9aa76825d01d8736c7ef0739f02f22f8a63fab50996a2b7,1,narrow_resnet_gn,44,1,0.02069083
6b41ec7a12d3954aab0892e618d76036efb4a9977a9a0a639d39aac312bd1e66,6b41ec7a12d3954aab0892e618d76036efb4a9977a9a0a639d39aac312bd1e66,1,narrow_resnet_gn,44,1,0.9761762
5627ef7310a2d5775b2633f1fbf4eaa77ed8bc83a83e663fed0e7810f833b7e9,5627ef7310a2d5775b2633f1fbf4eaa77ed8bc83a83e663fed0e7810f833b7e9,1,narrow_resnet_gn,44,1,0.91524345
e43b07477fc18ff7c82de9ad21f3ac0197faf33625ed1259e39e98652f1f6d3c,1eade1774cc1953e749e172027e573e028bab9a2a2ab71c687c9d75d60b72312,1,narrow_resnet_gn,44,1,0.057030134
4d8dbdef0dbc0e730a06c85a85e95e1fddb41fd583e3b6419745374b200e7406,4d8dbdef0dbc0e730a06c85a85e95e1fddb41fd583e3b6419745374b200e7406,1,narrow_resnet_gn,44,1,0.9540459
c6038b3142be4c883f7aee8c7b99566d35b57612dc1fe9c7e7e20295a90c1c04,c6038b3142be4c883f7aee8c7b99566d35b57612dc1fe9c7e7e20295a90c1c04,1,narrow_resnet_gn,44,1,0.9352003
0d0bde27497b77e34d1be0d7f48501d37676e4645879150da9926071fbf8d195,0d0bde27497b77e34d1be0d7f48501d37676e4645879150da9926071fbf8d195,1,narrow_resnet_gn,44,1,0.968387
ef4f79a4f41ee093e86efc8363be6a29f59de2e9eed4eb05a58b0727bb94f55a,ef4f79a4f41ee093e86efc8363be6a29f59de2e9eed4eb05a58b0727bb94f55a,1,narrow_resnet_gn,44,1,0.060721148
e68aa817460ae3a1d648bf9d62d1725f616de5f901238fc2ae7e685b5bbe6a36,e68aa817460ae3a1d648bf9d62d1725f616de5f901238fc2ae7e685b5bbe6a36,1,narrow_resnet_gn,44,1,0.86851716
c69d93e782d3db7bb23a8b8bee55c7f96129f0123ea9b0848c4470be404bc933,c69d93e782d3db7bb23a8b8bee55c7f96129f0123ea9b0848c4470be404bc933,1,narrow_resnet_gn,44,1,0.8144781
dcd0739408b5a9221b27f36b6167c546a23ec289c6efde3f211915a16099a189,735cbef9552a14d7b4a3f84398a094d8eef2c0c9101b3f51c2f077b896ad4856,1,narrow_resnet_gn,44,1,0.013134572
05394b1956b374ffad3400486aa171fd7261b32d705ee855a81907d6a623c6f5,05394b1956b374ffad3400486aa171fd7261b32d705ee855a81907d6a623c6f5,1,narrow_resnet_gn,44,1,0.03915784
735cbef9552a14d7b4a3f84398a094d8eef2c0c9101b3f51c2f077b896ad4856,735cbef9552a14d7b4a3f84398a094d8eef2c0c9101b3f51c2f077b896ad4856,1,narrow_resnet_gn,44,1,0.011956924
b9e261090ae1fa4c62061db4f5b31bde6197d95d693a43cff7492ce90be584d8,b9e261090ae1fa4c62061db4f5b31bde6197d95d693a43cff7492ce90be584d8,1,narrow_resnet_gn,44,1,0.979219
1eade1774cc1953e749e172027e573e028bab9a2a2ab71c687c9d75d60b72312,1eade1774cc1953e749e172027e573e028bab9a2a2ab71c687c9d75d60b72312,1,narrow_resnet_gn,44,1,0.05777042
670808c5e5ca6952dec91dafc3dfdb9c9851e9e07feb3bcf7b0d5698900736f0,670808c5e5ca6952dec91dafc3dfdb9c9851e9e07feb3bcf7b0d5698900736f0,1,narrow_resnet_gn,44,1,0.968423
22a67d35823acd63be6dca107cbdb4bb73ebb4cc230e0f5c19d7fc1d6f761879,22a67d35823acd63be6dca107cbdb4bb73ebb4cc230e0f5c19d7fc1d6f761879,1,narrow_resnet_gn,44,1,0.3347008
a556fb53ec82b61ce9b867242f0089c12a4e826a461322e87afe93c5a536b93e,a556fb53ec82b61ce9b867242f0089c12a4e826a461322e87afe93c5a536b93e,1,narrow_resnet_gn,44,1,0.8071803
8d9ab3324ee861c253f8572fb3ced7e7b84feb21a633895def7e850ae74ff349,8d9ab3324ee861c253f8572fb3ced7e7b84feb21a633895def7e850ae74ff349,1,narrow_resnet_gn,44,1,0.9622291
ca42889078e14150119059a5534dd2f3dc957ba0b6233732dab0613222c48b01,ca42889078e14150119059a5534dd2f3dc957ba0b6233732dab0613222c48b01,0,full,44,2,0.014156652
4da5f26b15d55f6827b7ad2ae5e93bc89be1ce8765d1b22bef6de53f356bd801,4da5f26b15d55f6827b7ad2ae5e93bc89be1ce8765d1b22bef6de53f356bd801,0,full,44,2,0.08328195
cef45ce59931075ef0d142d02078a7d3fba00c990fd4cf0f33ca9dc99be2362e,cef45ce59931075ef0d142d02078a7d3fba00c990fd4cf0f33ca9dc99be2362e,0,full,44,2,0.30239153
a01e590d6ec79f518194accaab1cb2a65bcda7fd021499547ee06b2b6a85b684,a01e590d6ec79f518194accaab1cb2a65bcda7fd021499547ee06b2b6a85b684,0,full,44,2,0.18155448
9220ddf9fcbdfe50047a49eb5b1a305f4b8be1fd34bebff120ed4f22fabb20b7,9220ddf9fcbdfe50047a49eb5b1a305f4b8be1fd34bebff120ed4f22fabb20b7,0,full,44,2,0.27714455
1eb7cf5942ecb82b5ff0b4f2d8120376e85d5638ca2d3669a7fd6395c1fe2555,1eb7cf5942ecb82b5ff0b4f2d8120376e85d5638ca2d3669a7fd6395c1fe2555,0,full,44,2,0.063018076
f66535630af6cfdeb2272dbb4547c6e058e4b59ae445ebe1535c82e19687253c,f66535630af6cfdeb2272dbb4547c6e058e4b59ae445ebe1535c82e19687253c,0,full,44,2,0.8217566
ada848fe55c3b27559012775de676961b40d7a32368c9c8a5919e5d6e385a557,ada848fe55c3b27559012775de676961b40d7a32368c9c8a5919e5d6e385a557,0,full,44,2,0.022710249
a698668dc2c44bfbf5aaa6b1cf009d43cba82471119a2624f573d6a2a0ae394a,a698668dc2c44bfbf5aaa6b1cf009d43cba82471119a2624f573d6a2a0ae394a,0,full,44,2,0.0808764
504cf37dce31c02e1c6b1e99733a67d3f08d3c9483d98f79165d2cee46add347,504cf37dce31c02e1c6b1e99733a67d3f08d3c9483d98f79165d2cee46add347,0,full,44,2,0.023793902
1902269e7e57107f2635fce6eb02fb789968bc5c23093a302b4b7ad9db218eb4,1902269e7e57107f2635fce6eb02fb789968bc5c23093a302b4b7ad9db218eb4,0,full,44,2,0.014001808
c56cfebd3456ee28a9a5ab7136fff442f274e436ec1fc606c81e3d1fefaea24e,1902269e7e57107f2635fce6eb02fb789968bc5c23093a302b4b7ad9db218eb4,0,full,44,2,0.014103459
23ebabab03840d54e05602665447bd00f9e794ee4a5b913f3f0422e702927258,23ebabab03840d54e05602665447bd00f9e794ee4a5b913f3f0422e702927258,0,full,44,2,0.22568291
6457a0d2fb6d07c823c7897683790dadcd05fe0f3d6b5794eaec0db3614d25fa,6457a0d2fb6d07c823c7897683790dadcd05fe0f3d6b5794eaec0db3614d25fa,1,full,44,2,0.17870855
14bf5c21f2e2bd3d8df1cd9392c49d770ff1b9de30702ea7ae7aa51095989b2b,14bf5c21f2e2bd3d8df1cd9392c49d770ff1b9de30702ea7ae7aa51095989b2b,1,full,44,2,0.98797476
5a9dbf470b9fee34a2f5eaa783b6e548ace139ae5202b6c900100a5e049baba1,5a9dbf470b9fee34a2f5eaa783b6e548ace139ae5202b6c900100a5e049baba1,1,full,44,2,0.99261016
b2947db09a9f0865c5bba5132065f048a9c10bcff08788387e778aa8d869cba6,b2947db09a9f0865c5bba5132065f048a9c10bcff08788387e778aa8d869cba6,1,full,44,2,0.99735755
672fe2915aed29f9bab68d43b1e27356953639bb442aec4aa5abf3c61dd3ada2,672fe2915aed29f9bab68d43b1e27356953639bb442aec4aa5abf3c61dd3ada2,1,full,44,2,0.9768673
8e8573f713142daa6f4405298dcea24cab9de55ec3b55f843fed097498c8268e,8e8573f713142daa6f4405298dcea24cab9de55ec3b55f843fed097498c8268e,1,full,44,2,0.9423398
6e1ac6b240112e9e349b67bfeb2bba25e352480890399149effcde0d3f6b8f5f,6e1ac6b240112e9e349b67bfeb2bba25e352480890399149effcde0d3f6b8f5f,1,full,44,2,0.89759886
6c71c752f33946a433918eaf8039299a42b2039a5a095c0e388f56e9766ac020,6c71c752f33946a433918eaf8039299a42b2039a5a095c0e388f56e9766ac020,1,full,44,2,0.99525213
bee7fbae3117d9c6ec199febf2621f2d3e0de2906814a8374dc6f45d0bdccde5,bee7fbae3117d9c6ec199febf2621f2d3e0de2906814a8374dc6f45d0bdccde5,1,full,44,2,0.99017555
d654ecae46e168daedc31ec1248a263131bfce6758d1622f0ab6f39e2a22def3,292e7ecd789514df747778a15feeb10229484e54145cdf53d4171ac7095767ed,1,full,44,2,0.9453361
c4c16cf7f307a18cbe12ac00017cd52b033018e22ca43c563efd8b38ebd6dfb6,c4c16cf7f307a18cbe12ac00017cd52b033018e22ca43c563efd8b38ebd6dfb6,1,full,44,2,0.94175595
b3746a8061ca6e8a9419d1e04a5e966bb01d15138d57b73c8695a823ca51540d,b3746a8061ca6e8a9419d1e04a5e966bb01d15138d57b73c8695a823ca51540d,1,full,44,2,0.02970529
9ee48c5828a8709f5ef88d68b1ebb72d39b89abdb49488d63a45eede5fbb7b04,9ee48c5828a8709f5ef88d68b1ebb72d39b89abdb49488d63a45eede5fbb7b04,1,full,44,2,0.9925236
855d979d8c612624fc2b4f9c12f4c72916c11f1ec2c01978ae958b147375038d,855d979d8c612624fc2b4f9c12f4c72916c11f1ec2c01978ae958b147375038d,1,full,44,2,0.97799665
b5652c67f6bda3449f096aefdb53a17151b4534699691a442597498151362ad4,03f0c02287ea5e6c362d4f0faf92bd5051adf16aad4e8d652255b311c0dfae80,1,full,44,2,0.6723527
74b93408ff406b590048dede0d5accd77ab671e9e5f2b589ed6c85335f0018b3,74b93408ff406b590048dede0d5accd77ab671e9e5f2b589ed6c85335f0018b3,1,full,44,2,0.87777096
107e840154e2bb1240e59ef9babc768dd600251ff4904f40304920972ff5b706,107e840154e2bb1240e59ef9babc768dd600251ff4904f40304920972ff5b706,1,full,44,2,0.98425066
74773d0c8f97c8872d42e776ebfd53b29635c3b80b6f888a440aab2c81fd46fe,74773d0c8f97c8872d42e776ebfd53b29635c3b80b6f888a440aab2c81fd46fe,1,full,44,2,0.9793473
7e9ebe5e3006d2fbe31f191b04bc1b099ceb8d289e7a45f10077df19187a9021,7e9ebe5e3006d2fbe31f191b04bc1b099ceb8d289e7a45f10077df19187a9021,1,full,44,2,0.9449195
37620b4b8c65c53aef47fa09e10df9ce20dcc41ebded86ec8c2e37b0a99946e4,37620b4b8c65c53aef47fa09e10df9ce20dcc41ebded86ec8c2e37b0a99946e4,1,full,44,2,0.97223276
69539671b91647ea6da6be1be361bc4b6872f34f9bbd3c85f1cfa5443a838320,69539671b91647ea6da6be1be361bc4b6872f34f9bbd3c85f1cfa5443a838320,1,full,44,2,0.98930746
ea7dc5bb1a8bbefda642a5a5ad32d5c79f6decb6f8d7a0441f0b3912d8df65d7,ea7dc5bb1a8bbefda642a5a5ad32d5c79f6decb6f8d7a0441f0b3912d8df65d7,1,full,44,2,0.9470132
47edec7cf5074482816e0f126933dd75201afaceea91269766fd19a0e1dcbd23,47edec7cf5074482816e0f126933dd75201afaceea91269766fd19a0e1dcbd23,1,full,44,2,0.6644187
11e4f6ea90b720a70880fa29a68ec3eca0117758aa0d89ffa458f85687126645,11e4f6ea90b720a70880fa29a68ec3eca0117758aa0d89ffa458f85687126645,1,full,44,2,0.9715488
d200999060e799c7e792ab9864725f8f8c38182762b83bc27ae3e2d38e187d01,d200999060e799c7e792ab9864725f8f8c38182762b83bc27ae3e2d38e187d01,1,full,44,2,0.99349535
446d46ed863618f0ff04e8b2adb4f8af368a4501e14c1d265c3fe9262a73c49b,446d46ed863618f0ff04e8b2adb4f8af368a4501e14c1d265c3fe9262a73c49b,1,full,44,2,0.667105
df65f1557e36230e790ffed732de9d1aa1263928c76b3d78cc69c1c0d53ad725,d200999060e799c7e792ab9864725f8f8c38182762b83bc27ae3e2d38e187d01,1,full,44,2,0.9934956
292e7ecd789514df747778a15feeb10229484e54145cdf53d4171ac7095767ed,292e7ecd789514df747778a15feeb10229484e54145cdf53d4171ac7095767ed,1,full,44,2,0.94854355
911c540a63b210ba72bd602a75c8196358e58f58a205d736184a7535abf18d9b,911c540a63b210ba72bd602a75c8196358e58f58a205d736184a7535abf18d9b,1,full,44,2,0.98064524
03f0c02287ea5e6c362d4f0faf92bd5051adf16aad4e8d652255b311c0dfae80,03f0c02287ea5e6c362d4f0faf92bd5051adf16aad4e8d652255b311c0dfae80,1,full,44,2,0.67561
e17aa7fb2d8bf251e8fb3a885d2865ae2c62a4314f5b33c760fff27c800fc47b,e17aa7fb2d8bf251e8fb3a885d2865ae2c62a4314f5b33c760fff27c800fc47b,1,full,44,2,0.9932695
2f2c1f55950d6e6debb2792a17caeffa3647a9fd22078ce4c87040deebe06dde,2f2c1f55950d6e6debb2792a17caeffa3647a9fd22078ce4c87040deebe06dde,1,full,44,2,0.9816089
ca42889078e14150119059a5534dd2f3dc957ba0b6233732dab0613222c48b01,ca42889078e14150119059a5534dd2f3dc957ba0b6233732dab0613222c48b01,0,no_attention,44,2,0.060994215
4da5f26b15d55f6827b7ad2ae5e93bc89be1ce8765d1b22bef6de53f356bd801,4da5f26b15d55f6827b7ad2ae5e93bc89be1ce8765d1b22bef6de53f356bd801,0,no_attention,44,2,0.4601453
cef45ce59931075ef0d142d02078a7d3fba00c990fd4cf0f33ca9dc99be2362e,cef45ce59931075ef0d142d02078a7d3fba00c990fd4cf0f33ca9dc99be2362e,0,no_attention,44,2,0.5230341
a01e590d6ec79f518194accaab1cb2a65bcda7fd021499547ee06b2b6a85b684,a01e590d6ec79f518194accaab1cb2a65bcda7fd021499547ee06b2b6a85b684,0,no_attention,44,2,0.041770857
9220ddf9fcbdfe50047a49eb5b1a305f4b8be1fd34bebff120ed4f22fabb20b7,9220ddf9fcbdfe50047a49eb5b1a305f4b8be1fd34bebff120ed4f22fabb20b7,0,no_attention,44,2,0.037126165
1eb7cf5942ecb82b5ff0b4f2d8120376e85d5638ca2d3669a7fd6395c1fe2555,1eb7cf5942ecb82b5ff0b4f2d8120376e85d5638ca2d3669a7fd6395c1fe2555,0,no_attention,44,2,0.19250089
f66535630af6cfdeb2272dbb4547c6e058e4b59ae445ebe1535c82e19687253c,f66535630af6cfdeb2272dbb4547c6e058e4b59ae445ebe1535c82e19687253c,0,no_attention,44,2,0.8178026
ada848fe55c3b27559012775de676961b40d7a32368c9c8a5919e5d6e385a557,ada848fe55c3b27559012775de676961b40d7a32368c9c8a5919e5d6e385a557,0,no_attention,44,2,0.8453021
a698668dc2c44bfbf5aaa6b1cf009d43cba82471119a2624f573d6a2a0ae394a,a698668dc2c44bfbf5aaa6b1cf009d43cba82471119a2624f573d6a2a0ae394a,0,no_attention,44,2,0.49637097
504cf37dce31c02e1c6b1e99733a67d3f08d3c9483d98f79165d2cee46add347,504cf37dce31c02e1c6b1e99733a67d3f08d3c9483d98f79165d2cee46add347,0,no_attention,44,2,0.04369433
1902269e7e57107f2635fce6eb02fb789968bc5c23093a302b4b7ad9db218eb4,1902269e7e57107f2635fce6eb02fb789968bc5c23093a302b4b7ad9db218eb4,0,no_attention,44,2,0.004390562
c56cfebd3456ee28a9a5ab7136fff442f274e436ec1fc606c81e3d1fefaea24e,1902269e7e57107f2635fce6eb02fb789968bc5c23093a302b4b7ad9db218eb4,0,no_attention,44,2,0.0045440733
23ebabab03840d54e05602665447bd00f9e794ee4a5b913f3f0422e702927258,23ebabab03840d54e05602665447bd00f9e794ee4a5b913f3f0422e702927258,0,no_attention,44,2,0.04582904
6457a0d2fb6d07c823c7897683790dadcd05fe0f3d6b5794eaec0db3614d25fa,6457a0d2fb6d07c823c7897683790dadcd05fe0f3d6b5794eaec0db3614d25fa,1,no_attention,44,2,0.86651707
14bf5c21f2e2bd3d8df1cd9392c49d770ff1b9de30702ea7ae7aa51095989b2b,14bf5c21f2e2bd3d8df1cd9392c49d770ff1b9de30702ea7ae7aa51095989b2b,1,no_attention,44,2,0.89099854
5a9dbf470b9fee34a2f5eaa783b6e548ace139ae5202b6c900100a5e049baba1,5a9dbf470b9fee34a2f5eaa783b6e548ace139ae5202b6c900100a5e049baba1,1,no_attention,44,2,0.9675262
b2947db09a9f0865c5bba5132065f048a9c10bcff08788387e778aa8d869cba6,b2947db09a9f0865c5bba5132065f048a9c10bcff08788387e778aa8d869cba6,1,no_attention,44,2,0.9831502
672fe2915aed29f9bab68d43b1e27356953639bb442aec4aa5abf3c61dd3ada2,672fe2915aed29f9bab68d43b1e27356953639bb442aec4aa5abf3c61dd3ada2,1,no_attention,44,2,0.93514436
8e8573f713142daa6f4405298dcea24cab9de55ec3b55f843fed097498c8268e,8e8573f713142daa6f4405298dcea24cab9de55ec3b55f843fed097498c8268e,1,no_attention,44,2,0.9450381
6e1ac6b240112e9e349b67bfeb2bba25e352480890399149effcde0d3f6b8f5f,6e1ac6b240112e9e349b67bfeb2bba25e352480890399149effcde0d3f6b8f5f,1,no_attention,44,2,0.9900837
6c71c752f33946a433918eaf8039299a42b2039a5a095c0e388f56e9766ac020,6c71c752f33946a433918eaf8039299a42b2039a5a095c0e388f56e9766ac020,1,no_attention,44,2,0.9791642
bee7fbae3117d9c6ec199febf2621f2d3e0de2906814a8374dc6f45d0bdccde5,bee7fbae3117d9c6ec199febf2621f2d3e0de2906814a8374dc6f45d0bdccde5,1,no_attention,44,2,0.97750664
d654ecae46e168daedc31ec1248a263131bfce6758d1622f0ab6f39e2a22def3,292e7ecd789514df747778a15feeb10229484e54145cdf53d4171ac7095767ed,1,no_attention,44,2,0.37745175
c4c16cf7f307a18cbe12ac00017cd52b033018e22ca43c563efd8b38ebd6dfb6,c4c16cf7f307a18cbe12ac00017cd52b033018e22ca43c563efd8b38ebd6dfb6,1,no_attention,44,2,0.94657946
b3746a8061ca6e8a9419d1e04a5e966bb01d15138d57b73c8695a823ca51540d,b3746a8061ca6e8a9419d1e04a5e966bb01d15138d57b73c8695a823ca51540d,1,no_attention,44,2,0.105638854
9ee48c5828a8709f5ef88d68b1ebb72d39b89abdb49488d63a45eede5fbb7b04,9ee48c5828a8709f5ef88d68b1ebb72d39b89abdb49488d63a45eede5fbb7b04,1,no_attention,44,2,0.887967
855d979d8c612624fc2b4f9c12f4c72916c11f1ec2c01978ae958b147375038d,855d979d8c612624fc2b4f9c12f4c72916c11f1ec2c01978ae958b147375038d,1,no_attention,44,2,0.4510776
b5652c67f6bda3449f096aefdb53a17151b4534699691a442597498151362ad4,03f0c02287ea5e6c362d4f0faf92bd5051adf16aad4e8d652255b311c0dfae80,1,no_attention,44,2,0.8011212
74b93408ff406b590048dede0d5accd77ab671e9e5f2b589ed6c85335f0018b3,74b93408ff406b590048dede0d5accd77ab671e9e5f2b589ed6c85335f0018b3,1,no_attention,44,2,0.47320637
107e840154e2bb1240e59ef9babc768dd600251ff4904f40304920972ff5b706,107e840154e2bb1240e59ef9babc768dd600251ff4904f40304920972ff5b706,1,no_attention,44,2,0.9742886
74773d0c8f97c8872d42e776ebfd53b29635c3b80b6f888a440aab2c81fd46fe,74773d0c8f97c8872d42e776ebfd53b29635c3b80b6f888a440aab2c81fd46fe,1,no_attention,44,2,0.76726514
7e9ebe5e3006d2fbe31f191b04bc1b099ceb8d289e7a45f10077df19187a9021,7e9ebe5e3006d2fbe31f191b04bc1b099ceb8d289e7a45f10077df19187a9021,1,no_attention,44,2,0.8505759
37620b4b8c65c53aef47fa09e10df9ce20dcc41ebded86ec8c2e37b0a99946e4,37620b4b8c65c53aef47fa09e10df9ce20dcc41ebded86ec8c2e37b0a99946e4,1,no_attention,44,2,0.98201215
69539671b91647ea6da6be1be361bc4b6872f34f9bbd3c85f1cfa5443a838320,69539671b91647ea6da6be1be361bc4b6872f34f9bbd3c85f1cfa5443a838320,1,no_attention,44,2,0.9781917
ea7dc5bb1a8bbefda642a5a5ad32d5c79f6decb6f8d7a0441f0b3912d8df65d7,ea7dc5bb1a8bbefda642a5a5ad32d5c79f6decb6f8d7a0441f0b3912d8df65d7,1,no_attention,44,2,0.9962819
47edec7cf5074482816e0f126933dd75201afaceea91269766fd19a0e1dcbd23,47edec7cf5074482816e0f126933dd75201afaceea91269766fd19a0e1dcbd23,1,no_attention,44,2,0.9770765
11e4f6ea90b720a70880fa29a68ec3eca0117758aa0d89ffa458f85687126645,11e4f6ea90b720a70880fa29a68ec3eca0117758aa0d89ffa458f85687126645,1,no_attention,44,2,0.96439826
d200999060e799c7e792ab9864725f8f8c38182762b83bc27ae3e2d38e187d01,d200999060e799c7e792ab9864725f8f8c38182762b83bc27ae3e2d38e187d01,1,no_attention,44,2,0.98265415
446d46ed863618f0ff04e8b2adb4f8af368a4501e14c1d265c3fe9262a73c49b,446d46ed863618f0ff04e8b2adb4f8af368a4501e14c1d265c3fe9262a73c49b,1,no_attention,44,2,0.36644447
df65f1557e36230e790ffed732de9d1aa1263928c76b3d78cc69c1c0d53ad725,d200999060e799c7e792ab9864725f8f8c38182762b83bc27ae3e2d38e187d01,1,no_attention,44,2,0.9829776
292e7ecd789514df747778a15feeb10229484e54145cdf53d4171ac7095767ed,292e7ecd789514df747778a15feeb10229484e54145cdf53d4171ac7095767ed,1,no_attention,44,2,0.39632127
911c540a63b210ba72bd602a75c8196358e58f58a205d736184a7535abf18d9b,911c540a63b210ba72bd602a75c8196358e58f58a205d736184a7535abf18d9b,1,no_attention,44,2,0.9805967
03f0c02287ea5e6c362d4f0faf92bd5051adf16aad4e8d652255b311c0dfae80,03f0c02287ea5e6c362d4f0faf92bd5051adf16aad4e8d652255b311c0dfae80,1,no_attention,44,2,0.7926248
e17aa7fb2d8bf251e8fb3a885d2865ae2c62a4314f5b33c760fff27c800fc47b,e17aa7fb2d8bf251e8fb3a885d2865ae2c62a4314f5b33c760fff27c800fc47b,1,no_attention,44,2,0.98054653
2f2c1f55950d6e6debb2792a17caeffa3647a9fd22078ce4c87040deebe06dde,2f2c1f55950d6e6debb2792a17caeffa3647a9fd22078ce4c87040deebe06dde,1,no_attention,44,2,0.9475145
ca42889078e14150119059a5534dd2f3dc957ba0b6233732dab0613222c48b01,ca42889078e14150119059a5534dd2f3dc957ba0b6233732dab0613222c48b01,0,no_multiscale,44,2,0.0074046827
4da5f26b15d55f6827b7ad2ae5e93bc89be1ce8765d1b22bef6de53f356bd801,4da5f26b15d55f6827b7ad2ae5e93bc89be1ce8765d1b22bef6de53f356bd801,0,no_multiscale,44,2,0.027558185
cef45ce59931075ef0d142d02078a7d3fba00c990fd4cf0f33ca9dc99be2362e,cef45ce59931075ef0d142d02078a7d3fba00c990fd4cf0f33ca9dc99be2362e,0,no_multiscale,44,2,0.19337645
a01e590d6ec79f518194accaab1cb2a65bcda7fd021499547ee06b2b6a85b684,a01e590d6ec79f518194accaab1cb2a65bcda7fd021499547ee06b2b6a85b684,0,no_multiscale,44,2,0.05158849
9220ddf9fcbdfe50047a49eb5b1a305f4b8be1fd34bebff120ed4f22fabb20b7,9220ddf9fcbdfe50047a49eb5b1a305f4b8be1fd34bebff120ed4f22fabb20b7,0,no_multiscale,44,2,0.124712266
1eb7cf5942ecb82b5ff0b4f2d8120376e85d5638ca2d3669a7fd6395c1fe2555,1eb7cf5942ecb82b5ff0b4f2d8120376e85d5638ca2d3669a7fd6395c1fe2555,0,no_multiscale,44,2,0.0101310285
f66535630af6cfdeb2272dbb4547c6e058e4b59ae445ebe1535c82e19687253c,f66535630af6cfdeb2272dbb4547c6e058e4b59ae445ebe1535c82e19687253c,0,no_multiscale,44,2,0.21376617
ada848fe55c3b27559012775de676961b40d7a32368c9c8a5919e5d6e385a557,ada848fe55c3b27559012775de676961b40d7a32368c9c8a5919e5d6e385a557,0,no_multiscale,44,2,0.026797645
a698668dc2c44bfbf5aaa6b1cf009d43cba82471119a2624f573d6a2a0ae394a,a698668dc2c44bfbf5aaa6b1cf009d43cba82471119a2624f573d6a2a0ae394a,0,no_multiscale,44,2,0.69110066
504cf37dce31c02e1c6b1e99733a67d3f08d3c9483d98f79165d2cee46add347,504cf37dce31c02e1c6b1e99733a67d3f08d3c9483d98f79165d2cee46add347,0,no_multiscale,44,2,0.03653056
1902269e7e57107f2635fce6eb02fb789968bc5c23093a302b4b7ad9db218eb4,1902269e7e57107f2635fce6eb02fb789968bc5c23093a302b4b7ad9db218eb4,0,no_multiscale,44,2,0.009146699
c56cfebd3456ee28a9a5ab7136fff442f274e436ec1fc606c81e3d1fefaea24e,1902269e7e57107f2635fce6eb02fb789968bc5c23093a302b4b7ad9db218eb4,0,no_multiscale,44,2,0.0092023155
23ebabab03840d54e05602665447bd00f9e794ee4a5b913f3f0422e702927258,23ebabab03840d54e05602665447bd00f9e794ee4a5b913f3f0422e702927258,0,no_multiscale,44,2,0.04766617
6457a0d2fb6d07c823c7897683790dadcd05fe0f3d6b5794eaec0db3614d25fa,6457a0d2fb6d07c823c7897683790dadcd05fe0f3d6b5794eaec0db3614d25fa,1,no_multiscale,44,2,0.07965212
14bf5c21f2e2bd3d8df1cd9392c49d770ff1b9de30702ea7ae7aa51095989b2b,14bf5c21f2e2bd3d8df1cd9392c49d770ff1b9de30702ea7ae7aa51095989b2b,1,no_multiscale,44,2,0.9889831
5a9dbf470b9fee34a2f5eaa783b6e548ace139ae5202b6c900100a5e049baba1,5a9dbf470b9fee34a2f5eaa783b6e548ace139ae5202b6c900100a5e049baba1,1,no_multiscale,44,2,0.9956399
b2947db09a9f0865c5bba5132065f048a9c10bcff08788387e778aa8d869cba6,b2947db09a9f0865c5bba5132065f048a9c10bcff08788387e778aa8d869cba6,1,no_multiscale,44,2,0.9973683
672fe2915aed29f9bab68d43b1e27356953639bb442aec4aa5abf3c61dd3ada2,672fe2915aed29f9bab68d43b1e27356953639bb442aec4aa5abf3c61dd3ada2,1,no_multiscale,44,2,0.97669274
8e8573f713142daa6f4405298dcea24cab9de55ec3b55f843fed097498c8268e,8e8573f713142daa6f4405298dcea24cab9de55ec3b55f843fed097498c8268e,1,no_multiscale,44,2,0.982452
6e1ac6b240112e9e349b67bfeb2bba25e352480890399149effcde0d3f6b8f5f,6e1ac6b240112e9e349b67bfeb2bba25e352480890399149effcde0d3f6b8f5f,1,no_multiscale,44,2,0.879095
6c71c752f33946a433918eaf8039299a42b2039a5a095c0e388f56e9766ac020,6c71c752f33946a433918eaf8039299a42b2039a5a095c0e388f56e9766ac020,1,no_multiscale,44,2,0.9778186
bee7fbae3117d9c6ec199febf2621f2d3e0de2906814a8374dc6f45d0bdccde5,bee7fbae3117d9c6ec199febf2621f2d3e0de2906814a8374dc6f45d0bdccde5,1,no_multiscale,44,2,0.9913367
d654ecae46e168daedc31ec1248a263131bfce6758d1622f0ab6f39e2a22def3,292e7ecd789514df747778a15feeb10229484e54145cdf53d4171ac7095767ed,1,no_multiscale,44,2,0.9525319
c4c16cf7f307a18cbe12ac00017cd52b033018e22ca43c563efd8b38ebd6dfb6,c4c16cf7f307a18cbe12ac00017cd52b033018e22ca43c563efd8b38ebd6dfb6,1,no_multiscale,44,2,0.7213448
b3746a8061ca6e8a9419d1e04a5e966bb01d15138d57b73c8695a823ca51540d,b3746a8061ca6e8a9419d1e04a5e966bb01d15138d57b73c8695a823ca51540d,1,no_multiscale,44,2,0.28223577
9ee48c5828a8709f5ef88d68b1ebb72d39b89abdb49488d63a45eede5fbb7b04,9ee48c5828a8709f5ef88d68b1ebb72d39b89abdb49488d63a45eede5fbb7b04,1,no_multiscale,44,2,0.9967962
855d979d8c612624fc2b4f9c12f4c72916c11f1ec2c01978ae958b147375038d,855d979d8c612624fc2b4f9c12f4c72916c11f1ec2c01978ae958b147375038d,1,no_multiscale,44,2,0.6208725
b5652c67f6bda3449f096aefdb53a17151b4534699691a442597498151362ad4,03f0c02287ea5e6c362d4f0faf92bd5051adf16aad4e8d652255b311c0dfae80,1,no_multiscale,44,2,0.38622162
74b93408ff406b590048dede0d5accd77ab671e9e5f2b589ed6c85335f0018b3,74b93408ff406b590048dede0d5accd77ab671e9e5f2b589ed6c85335f0018b3,1,no_multiscale,44,2,0.40863982
107e840154e2bb1240e59ef9babc768dd600251ff4904f40304920972ff5b706,107e840154e2bb1240e59ef9babc768dd600251ff4904f40304920972ff5b706,1,no_multiscale,44,2,0.98976094
74773d0c8f97c8872d42e776ebfd53b29635c3b80b6f888a440aab2c81fd46fe,74773d0c8f97c8872d42e776ebfd53b29635c3b80b6f888a440aab2c81fd46fe,1,no_multiscale,44,2,0.9593516
7e9ebe5e3006d2fbe31f191b04bc1b099ceb8d289e7a45f10077df19187a9021,7e9ebe5e3006d2fbe31f191b04bc1b099ceb8d289e7a45f10077df19187a9021,1,no_multiscale,44,2,0.84878516
37620b4b8c65c53aef47fa09e10df9ce20dcc41ebded86ec8c2e37b0a99946e4,37620b4b8c65c53aef47fa09e10df9ce20dcc41ebded86ec8c2e37b0a99946e4,1,no_multiscale,44,2,0.955079
69539671b91647ea6da6be1be361bc4b6872f34f9bbd3c85f1cfa5443a838320,69539671b91647ea6da6be1be361bc4b6872f34f9bbd3c85f1cfa5443a838320,1,no_multiscale,44,2,0.9353892
ea7dc5bb1a8bbefda642a5a5ad32d5c79f6decb6f8d7a0441f0b3912d8df65d7,ea7dc5bb1a8bbefda642a5a5ad32d5c79f6decb6f8d7a0441f0b3912d8df65d7,1,no_multiscale,44,2,0.7917426
47edec7cf5074482816e0f126933dd75201afaceea91269766fd19a0e1dcbd23,47edec7cf5074482816e0f126933dd75201afaceea91269766fd19a0e1dcbd23,1,no_multiscale,44,2,0.85601026
11e4f6ea90b720a70880fa29a68ec3eca0117758aa0d89ffa458f85687126645,11e4f6ea90b720a70880fa29a68ec3eca0117758aa0d89ffa458f85687126645,1,no_multiscale,44,2,0.9584479
d200999060e799c7e792ab9864725f8f8c38182762b83bc27ae3e2d38e187d01,d200999060e799c7e792ab9864725f8f8c38182762b83bc27ae3e2d38e187d01,1,no_multiscale,44,2,0.9847231
446d46ed863618f0ff04e8b2adb4f8af368a4501e14c1d265c3fe9262a73c49b,446d46ed863618f0ff04e8b2adb4f8af368a4501e14c1d265c3fe9262a73c49b,1,no_multiscale,44,2,0.28882948
df65f1557e36230e790ffed732de9d1aa1263928c76b3d78cc69c1c0d53ad725,d200999060e799c7e792ab9864725f8f8c38182762b83bc27ae3e2d38e187d01,1,no_multiscale,44,2,0.98491365
292e7ecd789514df747778a15feeb10229484e54145cdf53d4171ac7095767ed,292e7ecd789514df747778a15feeb10229484e54145cdf53d4171ac7095767ed,1,no_multiscale,44,2,0.94766355
911c540a63b210ba72bd602a75c8196358e58f58a205d736184a7535abf18d9b,911c540a63b210ba72bd602a75c8196358e58f58a205d736184a7535abf18d9b,1,no_multiscale,44,2,0.985601
03f0c02287ea5e6c362d4f0faf92bd5051adf16aad4e8d652255b311c0dfae80,03f0c02287ea5e6c362d4f0faf92bd5051adf16aad4e8d652255b311c0dfae80,1,no_multiscale,44,2,0.39366108
e17aa7fb2d8bf251e8fb3a885d2865ae2c62a4314f5b33c760fff27c800fc47b,e17aa7fb2d8bf251e8fb3a885d2865ae2c62a4314f5b33c760fff27c800fc47b,1,no_multiscale,44,2,0.9972669
2f2c1f55950d6e6debb2792a17caeffa3647a9fd22078ce4c87040deebe06dde,2f2c1f55950d6e6debb2792a17caeffa3647a9fd22078ce4c87040deebe06dde,1,no_multiscale,44,2,0.29984495
ca42889078e14150119059a5534dd2f3dc957ba0b6233732dab0613222c48b01,ca42889078e14150119059a5534dd2f3dc957ba0b6233732dab0613222c48b01,0,no_attention_no_multiscale,44,2,0.40103474
4da5f26b15d55f6827b7ad2ae5e93bc89be1ce8765d1b22bef6de53f356bd801,4da5f26b15d55f6827b7ad2ae5e93bc89be1ce8765d1b22bef6de53f356bd801,0,no_attention_no_multiscale,44,2,0.50650656
cef45ce59931075ef0d142d02078a7d3fba00c990fd4cf0f33ca9dc99be2362e,cef45ce59931075ef0d142d02078a7d3fba00c990fd4cf0f33ca9dc99be2362e,0,no_attention_no_multiscale,44,2,0.55970114
a01e590d6ec79f518194accaab1cb2a65bcda7fd021499547ee06b2b6a85b684,a01e590d6ec79f518194accaab1cb2a65bcda7fd021499547ee06b2b6a85b684,0,no_attention_no_multiscale,44,2,0.4348287
9220ddf9fcbdfe50047a49eb5b1a305f4b8be1fd34bebff120ed4f22fabb20b7,9220ddf9fcbdfe50047a49eb5b1a305f4b8be1fd34bebff120ed4f22fabb20b7,0,no_attention_no_multiscale,44,2,0.4026438
1eb7cf5942ecb82b5ff0b4f2d8120376e85d5638ca2d3669a7fd6395c1fe2555,1eb7cf5942ecb82b5ff0b4f2d8120376e85d5638ca2d3669a7fd6395c1fe2555,0,no_attention_no_multiscale,44,2,0.38893756
f66535630af6cfdeb2272dbb4547c6e058e4b59ae445ebe1535c82e19687253c,f66535630af6cfdeb2272dbb4547c6e058e4b59ae445ebe1535c82e19687253c,0,no_attention_no_multiscale,44,2,0.6525992
ada848fe55c3b27559012775de676961b40d7a32368c9c8a5919e5d6e385a557,ada848fe55c3b27559012775de676961b40d7a32368c9c8a5919e5d6e385a557,0,no_attention_no_multiscale,44,2,0.5457241
a698668dc2c44bfbf5aaa6b1cf009d43cba82471119a2624f573d6a2a0ae394a,a698668dc2c44bfbf5aaa6b1cf009d43cba82471119a2624f573d6a2a0ae394a,0,no_attention_no_multiscale,44,2,0.58686876
504cf37dce31c02e1c6b1e99733a67d3f08d3c9483d98f79165d2cee46add347,504cf37dce31c02e1c6b1e99733a67d3f08d3c9483d98f79165d2cee46add347,0,no_attention_no_multiscale,44,2,0.3918976
1902269e7e57107f2635fce6eb02fb789968bc5c23093a302b4b7ad9db218eb4,1902269e7e57107f2635fce6eb02fb789968bc5c23093a302b4b7ad9db218eb4,0,no_attention_no_multiscale,44,2,0.43634328
c56cfebd3456ee28a9a5ab7136fff442f274e436ec1fc606c81e3d1fefaea24e,1902269e7e57107f2635fce6eb02fb789968bc5c23093a302b4b7ad9db218eb4,0,no_attention_no_multiscale,44,2,0.4345848
23ebabab03840d54e05602665447bd00f9e794ee4a5b913f3f0422e702927258,23ebabab03840d54e05602665447bd00f9e794ee4a5b913f3f0422e702927258,0,no_attention_no_multiscale,44,2,0.46631503
6457a0d2fb6d07c823c7897683790dadcd05fe0f3d6b5794eaec0db3614d25fa,6457a0d2fb6d07c823c7897683790dadcd05fe0f3d6b5794eaec0db3614d25fa,1,no_attention_no_multiscale,44,2,0.59573823
14bf5c21f2e2bd3d8df1cd9392c49d770ff1b9de30702ea7ae7aa51095989b2b,14bf5c21f2e2bd3d8df1cd9392c49d770ff1b9de30702ea7ae7aa51095989b2b,1,no_attention_no_multiscale,44,2,0.62787545
5a9dbf470b9fee34a2f5eaa783b6e548ace139ae5202b6c900100a5e049baba1,5a9dbf470b9fee34a2f5eaa783b6e548ace139ae5202b6c900100a5e049baba1,1,no_attention_no_multiscale,44,2,0.6555487
b2947db09a9f0865c5bba5132065f048a9c10bcff08788387e778aa8d869cba6,b2947db09a9f0865c5bba5132065f048a9c10bcff08788387e778aa8d869cba6,1,no_attention_no_multiscale,44,2,0.7497414
672fe2915aed29f9bab68d43b1e27356953639bb442aec4aa5abf3c61dd3ada2,672fe2915aed29f9bab68d43b1e27356953639bb442aec4aa5abf3c61dd3ada2,1,no_attention_no_multiscale,44,2,0.66504216
8e8573f713142daa6f4405298dcea24cab9de55ec3b55f843fed097498c8268e,8e8573f713142daa6f4405298dcea24cab9de55ec3b55f843fed097498c8268e,1,no_attention_no_multiscale,44,2,0.5764109
6e1ac6b240112e9e349b67bfeb2bba25e352480890399149effcde0d3f6b8f5f,6e1ac6b240112e9e349b67bfeb2bba25e352480890399149effcde0d3f6b8f5f,1,no_attention_no_multiscale,44,2,0.74153966
6c71c752f33946a433918eaf8039299a42b2039a5a095c0e388f56e9766ac020,6c71c752f33946a433918eaf8039299a42b2039a5a095c0e388f56e9766ac020,1,no_attention_no_multiscale,44,2,0.74481577
bee7fbae3117d9c6ec199febf2621f2d3e0de2906814a8374dc6f45d0bdccde5,bee7fbae3117d9c6ec199febf2621f2d3e0de2906814a8374dc6f45d0bdccde5,1,no_attention_no_multiscale,44,2,0.6534282
d654ecae46e168daedc31ec1248a263131bfce6758d1622f0ab6f39e2a22def3,292e7ecd789514df747778a15feeb10229484e54145cdf53d4171ac7095767ed,1,no_attention_no_multiscale,44,2,0.4903743
c4c16cf7f307a18cbe12ac00017cd52b033018e22ca43c563efd8b38ebd6dfb6,c4c16cf7f307a18cbe12ac00017cd52b033018e22ca43c563efd8b38ebd6dfb6,1,no_attention_no_multiscale,44,2,0.71631515
b3746a8061ca6e8a9419d1e04a5e966bb01d15138d57b73c8695a823ca51540d,b3746a8061ca6e8a9419d1e04a5e966bb01d15138d57b73c8695a823ca51540d,1,no_attention_no_multiscale,44,2,0.5334921
9ee48c5828a8709f5ef88d68b1ebb72d39b89abdb49488d63a45eede5fbb7b04,9ee48c5828a8709f5ef88d68b1ebb72d39b89abdb49488d63a45eede5fbb7b04,1,no_attention_no_multiscale,44,2,0.6581735
855d979d8c612624fc2b4f9c12f4c72916c11f1ec2c01978ae958b147375038d,855d979d8c612624fc2b4f9c12f4c72916c11f1ec2c01978ae958b147375038d,1,no_attention_no_multiscale,44,2,0.46831524
b5652c67f6bda3449f096aefdb53a17151b4534699691a442597498151362ad4,03f0c02287ea5e6c362d4f0faf92bd5051adf16aad4e8d652255b311c0dfae80,1,no_attention_no_multiscale,44,2,0.60293394
74b93408ff406b590048dede0d5accd77ab671e9e5f2b589ed6c85335f0018b3,74b93408ff406b590048dede0d5accd77ab671e9e5f2b589ed6c85335f0018b3,1,no_attention_no_multiscale,44,2,0.51949275
107e840154e2bb1240e59ef9babc768dd600251ff4904f40304920972ff5b706,107e840154e2bb1240e59ef9babc768dd600251ff4904f40304920972ff5b706,1,no_attention_no_multiscale,44,2,0.6108567
74773d0c8f97c8872d42e776ebfd53b29635c3b80b6f888a440aab2c81fd46fe,74773d0c8f97c8872d42e776ebfd53b29635c3b80b6f888a440aab2c81fd46fe,1,no_attention_no_multiscale,44,2,0.5133005
7e9ebe5e3006d2fbe31f191b04bc1b099ceb8d289e7a45f10077df19187a9021,7e9ebe5e3006d2fbe31f191b04bc1b099ceb8d289e7a45f10077df19187a9021,1,no_attention_no_multiscale,44,2,0.56220424
37620b4b8c65c53aef47fa09e10df9ce20dcc41ebded86ec8c2e37b0a99946e4,37620b4b8c65c53aef47fa09e10df9ce20dcc41ebded86ec8c2e37b0a99946e4,1,no_attention_no_multiscale,44,2,0.75839865
69539671b91647ea6da6be1be361bc4b6872f34f9bbd3c85f1cfa5443a838320,69539671b91647ea6da6be1be361bc4b6872f34f9bbd3c85f1cfa5443a838320,1,no_attention_no_multiscale,44,2,0.79625255
ea7dc5bb1a8bbefda642a5a5ad32d5c79f6decb6f8d7a0441f0b3912d8df65d7,ea7dc5bb1a8bbefda642a5a5ad32d5c79f6decb6f8d7a0441f0b3912d8df65d7,1,no_attention_no_multiscale,44,2,0.74905485
47edec7cf5074482816e0f126933dd75201afaceea91269766fd19a0e1dcbd23,47edec7cf5074482816e0f126933dd75201afaceea91269766fd19a0e1dcbd23,1,no_attention_no_multiscale,44,2,0.6607155
11e4f6ea90b720a70880fa29a68ec3eca0117758aa0d89ffa458f85687126645,11e4f6ea90b720a70880fa29a68ec3eca0117758aa0d89ffa458f85687126645,1,no_attention_no_multiscale,44,2,0.5401035
d200999060e799c7e792ab9864725f8f8c38182762b83bc27ae3e2d38e187d01,d200999060e799c7e792ab9864725f8f8c38182762b83bc27ae3e2d38e187d01,1,no_attention_no_multiscale,44,2,0.7121997
446d46ed863618f0ff04e8b2adb4f8af368a4501e14c1d265c3fe9262a73c49b,446d46ed863618f0ff04e8b2adb4f8af368a4501e14c1d265c3fe9262a73c49b,1,no_attention_no_multiscale,44,2,0.6279921
df65f1557e36230e790ffed732de9d1aa1263928c76b3d78cc69c1c0d53ad725,d200999060e799c7e792ab9864725f8f8c38182762b83bc27ae3e2d38e187d01,1,no_attention_no_multiscale,44,2,0.71271396
292e7ecd789514df747778a15feeb10229484e54145cdf53d4171ac7095767ed,292e7ecd789514df747778a15feeb10229484e54145cdf53d4171ac7095767ed,1,no_attention_no_multiscale,44,2,0.49100703
911c540a63b210ba72bd602a75c8196358e58f58a205d736184a7535abf18d9b,911c540a63b210ba72bd602a75c8196358e58f58a205d736184a7535abf18d9b,1,no_attention_no_multiscale,44,2,0.62121546
03f0c02287ea5e6c362d4f0faf92bd5051adf16aad4e8d652255b311c0dfae80,03f0c02287ea5e6c362d4f0faf92bd5051adf16aad4e8d652255b311c0dfae80,1,no_attention_no_multiscale,44,2,0.6023049
e17aa7fb2d8bf251e8fb3a885d2865ae2c62a4314f5b33c760fff27c800fc47b,e17aa7fb2d8bf251e8fb3a885d2865ae2c62a4314f5b33c760fff27c800fc47b,1,no_attention_no_multiscale,44,2,0.70375574
2f2c1f55950d6e6debb2792a17caeffa3647a9fd22078ce4c87040deebe06dde,2f2c1f55950d6e6debb2792a17caeffa3647a9fd22078ce4c87040deebe06dde,1,no_attention_no_multiscale,44,2,0.64700323
ca42889078e14150119059a5534dd2f3dc957ba0b6233732dab0613222c48b01,ca42889078e14150119059a5534dd2f3dc957ba0b6233732dab0613222c48b01,0,no_augmentation,44,2,0.08548676
4da5f26b15d55f6827b7ad2ae5e93bc89be1ce8765d1b22bef6de53f356bd801,4da5f26b15d55f6827b7ad2ae5e93bc89be1ce8765d1b22bef6de53f356bd801,0,no_augmentation,44,2,0.12811989
cef45ce59931075ef0d142d02078a7d3fba00c990fd4cf0f33ca9dc99be2362e,cef45ce59931075ef0d142d02078a7d3fba00c990fd4cf0f33ca9dc99be2362e,0,no_augmentation,44,2,0.77936566
a01e590d6ec79f518194accaab1cb2a65bcda7fd021499547ee06b2b6a85b684,a01e590d6ec79f518194accaab1cb2a65bcda7fd021499547ee06b2b6a85b684,0,no_augmentation,44,2,0.4420612
9220ddf9fcbdfe50047a49eb5b1a305f4b8be1fd34bebff120ed4f22fabb20b7,9220ddf9fcbdfe50047a49eb5b1a305f4b8be1fd34bebff120ed4f22fabb20b7,0,no_augmentation,44,2,0.77721834
1eb7cf5942ecb82b5ff0b4f2d8120376e85d5638ca2d3669a7fd6395c1fe2555,1eb7cf5942ecb82b5ff0b4f2d8120376e85d5638ca2d3669a7fd6395c1fe2555,0,no_augmentation,44,2,0.028520387
f66535630af6cfdeb2272dbb4547c6e058e4b59ae445ebe1535c82e19687253c,f66535630af6cfdeb2272dbb4547c6e058e4b59ae445ebe1535c82e19687253c,0,no_augmentation,44,2,0.10063295
ada848fe55c3b27559012775de676961b40d7a32368c9c8a5919e5d6e385a557,ada848fe55c3b27559012775de676961b40d7a32368c9c8a5919e5d6e385a557,0,no_augmentation,44,2,0.02530913
a698668dc2c44bfbf5aaa6b1cf009d43cba82471119a2624f573d6a2a0ae394a,a698668dc2c44bfbf5aaa6b1cf009d43cba82471119a2624f573d6a2a0ae394a,0,no_augmentation,44,2,0.4866233
504cf37dce31c02e1c6b1e99733a67d3f08d3c9483d98f79165d2cee46add347,504cf37dce31c02e1c6b1e99733a67d3f08d3c9483d98f79165d2cee46add347,0,no_augmentation,44,2,0.08861024
1902269e7e57107f2635fce6eb02fb789968bc5c23093a302b4b7ad9db218eb4,1902269e7e57107f2635fce6eb02fb789968bc5c23093a302b4b7ad9db218eb4,0,no_augmentation,44,2,0.0038110928
c56cfebd3456ee28a9a5ab7136fff442f274e436ec1fc606c81e3d1fefaea24e,1902269e7e57107f2635fce6eb02fb789968bc5c23093a302b4b7ad9db218eb4,0,no_augmentation,44,2,0.0036240004
23ebabab03840d54e05602665447bd00f9e794ee4a5b913f3f0422e702927258,23ebabab03840d54e05602665447bd00f9e794ee4a5b913f3f0422e702927258,0,no_augmentation,44,2,0.28156495
6457a0d2fb6d07c823c7897683790dadcd05fe0f3d6b5794eaec0db3614d25fa,6457a0d2fb6d07c823c7897683790dadcd05fe0f3d6b5794eaec0db3614d25fa,1,no_augmentation,44,2,0.9321048
14bf5c21f2e2bd3d8df1cd9392c49d770ff1b9de30702ea7ae7aa51095989b2b,14bf5c21f2e2bd3d8df1cd9392c49d770ff1b9de30702ea7ae7aa51095989b2b,1,no_augmentation,44,2,0.95740277
5a9dbf470b9fee34a2f5eaa783b6e548ace139ae5202b6c900100a5e049baba1,5a9dbf470b9fee34a2f5eaa783b6e548ace139ae5202b6c900100a5e049baba1,1,no_augmentation,44,2,0.97430986
b2947db09a9f0865c5bba5132065f048a9c10bcff08788387e778aa8d869cba6,b2947db09a9f0865c5bba5132065f048a9c10bcff08788387e778aa8d869cba6,1,no_augmentation,44,2,0.98257947
672fe2915aed29f9bab68d43b1e27356953639bb442aec4aa5abf3c61dd3ada2,672fe2915aed29f9bab68d43b1e27356953639bb442aec4aa5abf3c61dd3ada2,1,no_augmentation,44,2,0.96212363
8e8573f713142daa6f4405298dcea24cab9de55ec3b55f843fed097498c8268e,8e8573f713142daa6f4405298dcea24cab9de55ec3b55f843fed097498c8268e,1,no_augmentation,44,2,0.9618234
6e1ac6b240112e9e349b67bfeb2bba25e352480890399149effcde0d3f6b8f5f,6e1ac6b240112e9e349b67bfeb2bba25e352480890399149effcde0d3f6b8f5f,1,no_augmentation,44,2,0.92852235
6c71c752f33946a433918eaf8039299a42b2039a5a095c0e388f56e9766ac020,6c71c752f33946a433918eaf8039299a42b2039a5a095c0e388f56e9766ac020,1,no_augmentation,44,2,0.9551162
bee7fbae3117d9c6ec199febf2621f2d3e0de2906814a8374dc6f45d0bdccde5,bee7fbae3117d9c6ec199febf2621f2d3e0de2906814a8374dc6f45d0bdccde5,1,no_augmentation,44,2,0.9499425
d654ecae46e168daedc31ec1248a263131bfce6758d1622f0ab6f39e2a22def3,292e7ecd789514df747778a15feeb10229484e54145cdf53d4171ac7095767ed,1,no_augmentation,44,2,0.73733544
c4c16cf7f307a18cbe12ac00017cd52b033018e22ca43c563efd8b38ebd6dfb6,c4c16cf7f307a18cbe12ac00017cd52b033018e22ca43c563efd8b38ebd6dfb6,1,no_augmentation,44,2,0.93682444
b3746a8061ca6e8a9419d1e04a5e966bb01d15138d57b73c8695a823ca51540d,b3746a8061ca6e8a9419d1e04a5e966bb01d15138d57b73c8695a823ca51540d,1,no_augmentation,44,2,0.42203096
9ee48c5828a8709f5ef88d68b1ebb72d39b89abdb49488d63a45eede5fbb7b04,9ee48c5828a8709f5ef88d68b1ebb72d39b89abdb49488d63a45eede5fbb7b04,1,no_augmentation,44,2,0.9747625
855d979d8c612624fc2b4f9c12f4c72916c11f1ec2c01978ae958b147375038d,855d979d8c612624fc2b4f9c12f4c72916c11f1ec2c01978ae958b147375038d,1,no_augmentation,44,2,0.944171
b5652c67f6bda3449f096aefdb53a17151b4534699691a442597498151362ad4,03f0c02287ea5e6c362d4f0faf92bd5051adf16aad4e8d652255b311c0dfae80,1,no_augmentation,44,2,0.57426107
74b93408ff406b590048dede0d5accd77ab671e9e5f2b589ed6c85335f0018b3,74b93408ff406b590048dede0d5accd77ab671e9e5f2b589ed6c85335f0018b3,1,no_augmentation,44,2,0.07189496
107e840154e2bb1240e59ef9babc768dd600251ff4904f40304920972ff5b706,107e840154e2bb1240e59ef9babc768dd600251ff4904f40304920972ff5b706,1,no_augmentation,44,2,0.9613635
74773d0c8f97c8872d42e776ebfd53b29635c3b80b6f888a440aab2c81fd46fe,74773d0c8f97c8872d42e776ebfd53b29635c3b80b6f888a440aab2c81fd46fe,1,no_augmentation,44,2,0.8981477
7e9ebe5e3006d2fbe31f191b04bc1b099ceb8d289e7a45f10077df19187a9021,7e9ebe5e3006d2fbe31f191b04bc1b099ceb8d289e7a45f10077df19187a9021,1,no_augmentation,44,2,0.80045086
37620b4b8c65c53aef47fa09e10df9ce20dcc41ebded86ec8c2e37b0a99946e4,37620b4b8c65c53aef47fa09e10df9ce20dcc41ebded86ec8c2e37b0a99946e4,1,no_augmentation,44,2,0.97857636
69539671b91647ea6da6be1be361bc4b6872f34f9bbd3c85f1cfa5443a838320,69539671b91647ea6da6be1be361bc4b6872f34f9bbd3c85f1cfa5443a838320,1,no_augmentation,44,2,0.9615263
ea7dc5bb1a8bbefda642a5a5ad32d5c79f6decb6f8d7a0441f0b3912d8df65d7,ea7dc5bb1a8bbefda642a5a5ad32d5c79f6decb6f8d7a0441f0b3912d8df65d7,1,no_augmentation,44,2,0.95655066
47edec7cf5074482816e0f126933dd75201afaceea91269766fd19a0e1dcbd23,47edec7cf5074482816e0f126933dd75201afaceea91269766fd19a0e1dcbd23,1,no_augmentation,44,2,0.9351467
11e4f6ea90b720a70880fa29a68ec3eca0117758aa0d89ffa458f85687126645,11e4f6ea90b720a70880fa29a68ec3eca0117758aa0d89ffa458f85687126645,1,no_augmentation,44,2,0.95674706
d200999060e799c7e792ab9864725f8f8c38182762b83bc27ae3e2d38e187d01,d200999060e799c7e792ab9864725f8f8c38182762b83bc27ae3e2d38e187d01,1,no_augmentation,44,2,0.96988434
446d46ed863618f0ff04e8b2adb4f8af368a4501e14c1d265c3fe9262a73c49b,446d46ed863618f0ff04e8b2adb4f8af368a4501e14c1d265c3fe9262a73c49b,1,no_augmentation,44,2,0.7986429
df65f1557e36230e790ffed732de9d1aa1263928c76b3d78cc69c1c0d53ad725,d200999060e799c7e792ab9864725f8f8c38182762b83bc27ae3e2d38e187d01,1,no_augmentation,44,2,0.97017956
292e7ecd789514df747778a15feeb10229484e54145cdf53d4171ac7095767ed,292e7ecd789514df747778a15feeb10229484e54145cdf53d4171ac7095767ed,1,no_augmentation,44,2,0.7720338
911c540a63b210ba72bd602a75c8196358e58f58a205d736184a7535abf18d9b,911c540a63b210ba72bd602a75c8196358e58f58a205d736184a7535abf18d9b,1,no_augmentation,44,2,0.9680844
03f0c02287ea5e6c362d4f0faf92bd5051adf16aad4e8d652255b311c0dfae80,03f0c02287ea5e6c362d4f0faf92bd5051adf16aad4e8d652255b311c0dfae80,1,no_augmentation,44,2,0.59387887
e17aa7fb2d8bf251e8fb3a885d2865ae2c62a4314f5b33c760fff27c800fc47b,e17aa7fb2d8bf251e8fb3a885d2865ae2c62a4314f5b33c760fff27c800fc47b,1,no_augmentation,44,2,0.97827893
2f2c1f55950d6e6debb2792a17caeffa3647a9fd22078ce4c87040deebe06dde,2f2c1f55950d6e6debb2792a17caeffa3647a9fd22078ce4c87040deebe06dde,1,no_augmentation,44,2,0.8638413
ca42889078e14150119059a5534dd2f3dc957ba0b6233732dab0613222c48b01,ca42889078e14150119059a5534dd2f3dc957ba0b6233732dab0613222c48b01,0,plain_cnn,44,2,0.019045731
4da5f26b15d55f6827b7ad2ae5e93bc89be1ce8765d1b22bef6de53f356bd801,4da5f26b15d55f6827b7ad2ae5e93bc89be1ce8765d1b22bef6de53f356bd801,0,plain_cnn,44,2,0.13470635
cef45ce59931075ef0d142d02078a7d3fba00c990fd4cf0f33ca9dc99be2362e,cef45ce59931075ef0d142d02078a7d3fba00c990fd4cf0f33ca9dc99be2362e,0,plain_cnn,44,2,0.17302099
a01e590d6ec79f518194accaab1cb2a65bcda7fd021499547ee06b2b6a85b684,a01e590d6ec79f518194accaab1cb2a65bcda7fd021499547ee06b2b6a85b684,0,plain_cnn,44,2,0.06539375
9220ddf9fcbdfe50047a49eb5b1a305f4b8be1fd34bebff120ed4f22fabb20b7,9220ddf9fcbdfe50047a49eb5b1a305f4b8be1fd34bebff120ed4f22fabb20b7,0,plain_cnn,44,2,0.031471144
1eb7cf5942ecb82b5ff0b4f2d8120376e85d5638ca2d3669a7fd6395c1fe2555,1eb7cf5942ecb82b5ff0b4f2d8120376e85d5638ca2d3669a7fd6395c1fe2555,0,plain_cnn,44,2,0.10699353
f66535630af6cfdeb2272dbb4547c6e058e4b59ae445ebe1535c82e19687253c,f66535630af6cfdeb2272dbb4547c6e058e4b59ae445ebe1535c82e19687253c,0,plain_cnn,44,2,0.5813553
ada848fe55c3b27559012775de676961b40d7a32368c9c8a5919e5d6e385a557,ada848fe55c3b27559012775de676961b40d7a32368c9c8a5919e5d6e385a557,0,plain_cnn,44,2,0.4816409
a698668dc2c44bfbf5aaa6b1cf009d43cba82471119a2624f573d6a2a0ae394a,a698668dc2c44bfbf5aaa6b1cf009d43cba82471119a2624f573d6a2a0ae394a,0,plain_cnn,44,2,0.36005044
504cf37dce31c02e1c6b1e99733a67d3f08d3c9483d98f79165d2cee46add347,504cf37dce31c02e1c6b1e99733a67d3f08d3c9483d98f79165d2cee46add347,0,plain_cnn,44,2,0.026073318
1902269e7e57107f2635fce6eb02fb789968bc5c23093a302b4b7ad9db218eb4,1902269e7e57107f2635fce6eb02fb789968bc5c23093a302b4b7ad9db218eb4,0,plain_cnn,44,2,0.20453209
c56cfebd3456ee28a9a5ab7136fff442f274e436ec1fc606c81e3d1fefaea24e,1902269e7e57107f2635fce6eb02fb789968bc5c23093a302b4b7ad9db218eb4,0,plain_cnn,44,2,0.22473036
23ebabab03840d54e05602665447bd00f9e794ee4a5b913f3f0422e702927258,23ebabab03840d54e05602665447bd00f9e794ee4a5b913f3f0422e702927258,0,plain_cnn,44,2,0.2710683
6457a0d2fb6d07c823c7897683790dadcd05fe0f3d6b5794eaec0db3614d25fa,6457a0d2fb6d07c823c7897683790dadcd05fe0f3d6b5794eaec0db3614d25fa,1,plain_cnn,44,2,0.6164726
14bf5c21f2e2bd3d8df1cd9392c49d770ff1b9de30702ea7ae7aa51095989b2b,14bf5c21f2e2bd3d8df1cd9392c49d770ff1b9de30702ea7ae7aa51095989b2b,1,plain_cnn,44,2,0.9673758
5a9dbf470b9fee34a2f5eaa783b6e548ace139ae5202b6c900100a5e049baba1,5a9dbf470b9fee34a2f5eaa783b6e548ace139ae5202b6c900100a5e049baba1,1,plain_cnn,44,2,0.97595143
b2947db09a9f0865c5bba5132065f048a9c10bcff08788387e778aa8d869cba6,b2947db09a9f0865c5bba5132065f048a9c10bcff08788387e778aa8d869cba6,1,plain_cnn,44,2,0.9621239
672fe2915aed29f9bab68d43b1e27356953639bb442aec4aa5abf3c61dd3ada2,672fe2915aed29f9bab68d43b1e27356953639bb442aec4aa5abf3c61dd3ada2,1,plain_cnn,44,2,0.9524316
8e8573f713142daa6f4405298dcea24cab9de55ec3b55f843fed097498c8268e,8e8573f713142daa6f4405298dcea24cab9de55ec3b55f843fed097498c8268e,1,plain_cnn,44,2,0.91866755
6e1ac6b240112e9e349b67bfeb2bba25e352480890399149effcde0d3f6b8f5f,6e1ac6b240112e9e349b67bfeb2bba25e352480890399149effcde0d3f6b8f5f,1,plain_cnn,44,2,0.653365
6c71c752f33946a433918eaf8039299a42b2039a5a095c0e388f56e9766ac020,6c71c752f33946a433918eaf8039299a42b2039a5a095c0e388f56e9766ac020,1,plain_cnn,44,2,0.8882824
bee7fbae3117d9c6ec199febf2621f2d3e0de2906814a8374dc6f45d0bdccde5,bee7fbae3117d9c6ec199febf2621f2d3e0de2906814a8374dc6f45d0bdccde5,1,plain_cnn,44,2,0.9740577
d654ecae46e168daedc31ec1248a263131bfce6758d1622f0ab6f39e2a22def3,292e7ecd789514df747778a15feeb10229484e54145cdf53d4171ac7095767ed,1,plain_cnn,44,2,0.31273115
c4c16cf7f307a18cbe12ac00017cd52b033018e22ca43c563efd8b38ebd6dfb6,c4c16cf7f307a18cbe12ac00017cd52b033018e22ca43c563efd8b38ebd6dfb6,1,plain_cnn,44,2,0.5080362
b3746a8061ca6e8a9419d1e04a5e966bb01d15138d57b73c8695a823ca51540d,b3746a8061ca6e8a9419d1e04a5e966bb01d15138d57b73c8695a823ca51540d,1,plain_cnn,44,2,0.7970249
9ee48c5828a8709f5ef88d68b1ebb72d39b89abdb49488d63a45eede5fbb7b04,9ee48c5828a8709f5ef88d68b1ebb72d39b89abdb49488d63a45eede5fbb7b04,1,plain_cnn,44,2,0.9297991
855d979d8c612624fc2b4f9c12f4c72916c11f1ec2c01978ae958b147375038d,855d979d8c612624fc2b4f9c12f4c72916c11f1ec2c01978ae958b147375038d,1,plain_cnn,44,2,0.56270176
b5652c67f6bda3449f096aefdb53a17151b4534699691a442597498151362ad4,03f0c02287ea5e6c362d4f0faf92bd5051adf16aad4e8d652255b311c0dfae80,1,plain_cnn,44,2,0.80203724
74b93408ff406b590048dede0d5accd77ab671e9e5f2b589ed6c85335f0018b3,74b93408ff406b590048dede0d5accd77ab671e9e5f2b589ed6c85335f0018b3,1,plain_cnn,44,2,0.32441166
107e840154e2bb1240e59ef9babc768dd600251ff4904f40304920972ff5b706,107e840154e2bb1240e59ef9babc768dd600251ff4904f40304920972ff5b706,1,plain_cnn,44,2,0.96837145
74773d0c8f97c8872d42e776ebfd53b29635c3b80b6f888a440aab2c81fd46fe,74773d0c8f97c8872d42e776ebfd53b29635c3b80b6f888a440aab2c81fd46fe,1,plain_cnn,44,2,0.9019488
7e9ebe5e3006d2fbe31f191b04bc1b099ceb8d289e7a45f10077df19187a9021,7e9ebe5e3006d2fbe31f191b04bc1b099ceb8d289e7a45f10077df19187a9021,1,plain_cnn,44,2,0.77984804
37620b4b8c65c53aef47fa09e10df9ce20dcc41ebded86ec8c2e37b0a99946e4,37620b4b8c65c53aef47fa09e10df9ce20dcc41ebded86ec8c2e37b0a99946e4,1,plain_cnn,44,2,0.9415537
69539671b91647ea6da6be1be361bc4b6872f34f9bbd3c85f1cfa5443a838320,69539671b91647ea6da6be1be361bc4b6872f34f9bbd3c85f1cfa5443a838320,1,plain_cnn,44,2,0.93973833
ea7dc5bb1a8bbefda642a5a5ad32d5c79f6decb6f8d7a0441f0b3912d8df65d7,ea7dc5bb1a8bbefda642a5a5ad32d5c79f6decb6f8d7a0441f0b3912d8df65d7,1,plain_cnn,44,2,0.8423553
47edec7cf5074482816e0f126933dd75201afaceea91269766fd19a0e1dcbd23,47edec7cf5074482816e0f126933dd75201afaceea91269766fd19a0e1dcbd23,1,plain_cnn,44,2,0.870934
11e4f6ea90b720a70880fa29a68ec3eca0117758aa0d89ffa458f85687126645,11e4f6ea90b720a70880fa29a68ec3eca0117758aa0d89ffa458f85687126645,1,plain_cnn,44,2,0.8568954
d200999060e799c7e792ab9864725f8f8c38182762b83bc27ae3e2d38e187d01,d200999060e799c7e792ab9864725f8f8c38182762b83bc27ae3e2d38e187d01,1,plain_cnn,44,2,0.87865585
446d46ed863618f0ff04e8b2adb4f8af368a4501e14c1d265c3fe9262a73c49b,446d46ed863618f0ff04e8b2adb4f8af368a4501e14c1d265c3fe9262a73c49b,1,plain_cnn,44,2,0.8837345
df65f1557e36230e790ffed732de9d1aa1263928c76b3d78cc69c1c0d53ad725,d200999060e799c7e792ab9864725f8f8c38182762b83bc27ae3e2d38e187d01,1,plain_cnn,44,2,0.8788367
292e7ecd789514df747778a15feeb10229484e54145cdf53d4171ac7095767ed,292e7ecd789514df747778a15feeb10229484e54145cdf53d4171ac7095767ed,1,plain_cnn,44,2,0.33877587
911c540a63b210ba72bd602a75c8196358e58f58a205d736184a7535abf18d9b,911c540a63b210ba72bd602a75c8196358e58f58a205d736184a7535abf18d9b,1,plain_cnn,44,2,0.9837143
03f0c02287ea5e6c362d4f0faf92bd5051adf16aad4e8d652255b311c0dfae80,03f0c02287ea5e6c362d4f0faf92bd5051adf16aad4e8d652255b311c0dfae80,1,plain_cnn,44,2,0.8033512
e17aa7fb2d8bf251e8fb3a885d2865ae2c62a4314f5b33c760fff27c800fc47b,e17aa7fb2d8bf251e8fb3a885d2865ae2c62a4314f5b33c760fff27c800fc47b,1,plain_cnn,44,2,0.95095557
2f2c1f55950d6e6debb2792a17caeffa3647a9fd22078ce4c87040deebe06dde,2f2c1f55950d6e6debb2792a17caeffa3647a9fd22078ce4c87040deebe06dde,1,plain_cnn,44,2,0.62363815
ca42889078e14150119059a5534dd2f3dc957ba0b6233732dab0613222c48b01,ca42889078e14150119059a5534dd2f3dc957ba0b6233732dab0613222c48b01,0,narrow_resnet_gn,44,2,0.2675544
4da5f26b15d55f6827b7ad2ae5e93bc89be1ce8765d1b22bef6de53f356bd801,4da5f26b15d55f6827b7ad2ae5e93bc89be1ce8765d1b22bef6de53f356bd801,0,narrow_resnet_gn,44,2,0.42964962
cef45ce59931075ef0d142d02078a7d3fba00c990fd4cf0f33ca9dc99be2362e,cef45ce59931075ef0d142d02078a7d3fba00c990fd4cf0f33ca9dc99be2362e,0,narrow_resnet_gn,44,2,0.37213504
a01e590d6ec79f518194accaab1cb2a65bcda7fd021499547ee06b2b6a85b684,a01e590d6ec79f518194accaab1cb2a65bcda7fd021499547ee06b2b6a85b684,0,narrow_resnet_gn,44,2,0.017853167
9220ddf9fcbdfe50047a49eb5b1a305f4b8be1fd34bebff120ed4f22fabb20b7,9220ddf9fcbdfe50047a49eb5b1a305f4b8be1fd34bebff120ed4f22fabb20b7,0,narrow_resnet_gn,44,2,0.0134445885
1eb7cf5942ecb82b5ff0b4f2d8120376e85d5638ca2d3669a7fd6395c1fe2555,1eb7cf5942ecb82b5ff0b4f2d8120376e85d5638ca2d3669a7fd6395c1fe2555,0,narrow_resnet_gn,44,2,0.044409044
f66535630af6cfdeb2272dbb4547c6e058e4b59ae445ebe1535c82e19687253c,f66535630af6cfdeb2272dbb4547c6e058e4b59ae445ebe1535c82e19687253c,0,narrow_resnet_gn,44,2,0.80390745
ada848fe55c3b27559012775de676961b40d7a32368c9c8a5919e5d6e385a557,ada848fe55c3b27559012775de676961b40d7a32368c9c8a5919e5d6e385a557,0,narrow_resnet_gn,44,2,0.95690453
a698668dc2c44bfbf5aaa6b1cf009d43cba82471119a2624f573d6a2a0ae394a,a698668dc2c44bfbf5aaa6b1cf009d43cba82471119a2624f573d6a2a0ae394a,0,narrow_resnet_gn,44,2,0.5328505
504cf37dce31c02e1c6b1e99733a67d3f08d3c9483d98f79165d2cee46add347,504cf37dce31c02e1c6b1e99733a67d3f08d3c9483d98f79165d2cee46add347,0,narrow_resnet_gn,44,2,0.05093273
1902269e7e57107f2635fce6eb02fb789968bc5c23093a302b4b7ad9db218eb4,1902269e7e57107f2635fce6eb02fb789968bc5c23093a302b4b7ad9db218eb4,0,narrow_resnet_gn,44,2,0.019539714
c56cfebd3456ee28a9a5ab7136fff442f274e436ec1fc606c81e3d1fefaea24e,1902269e7e57107f2635fce6eb02fb789968bc5c23093a302b4b7ad9db218eb4,0,narrow_resnet_gn,44,2,0.019770734
23ebabab03840d54e05602665447bd00f9e794ee4a5b913f3f0422e702927258,23ebabab03840d54e05602665447bd00f9e794ee4a5b913f3f0422e702927258,0,narrow_resnet_gn,44,2,0.02329418
6457a0d2fb6d07c823c7897683790dadcd05fe0f3d6b5794eaec0db3614d25fa,6457a0d2fb6d07c823c7897683790dadcd05fe0f3d6b5794eaec0db3614d25fa,1,narrow_resnet_gn,44,2,0.20895927
14bf5c21f2e2bd3d8df1cd9392c49d770ff1b9de30702ea7ae7aa51095989b2b,14bf5c21f2e2bd3d8df1cd9392c49d770ff1b9de30702ea7ae7aa51095989b2b,1,narrow_resnet_gn,44,2,0.93264943
5a9dbf470b9fee34a2f5eaa783b6e548ace139ae5202b6c900100a5e049baba1,5a9dbf470b9fee34a2f5eaa783b6e548ace139ae5202b6c900100a5e049baba1,1,narrow_resnet_gn,44,2,0.826109
b2947db09a9f0865c5bba5132065f048a9c10bcff08788387e778aa8d869cba6,b2947db09a9f0865c5bba5132065f048a9c10bcff08788387e778aa8d869cba6,1,narrow_resnet_gn,44,2,0.6773621
672fe2915aed29f9bab68d43b1e27356953639bb442aec4aa5abf3c61dd3ada2,672fe2915aed29f9bab68d43b1e27356953639bb442aec4aa5abf3c61dd3ada2,1,narrow_resnet_gn,44,2,0.67355204
8e8573f713142daa6f4405298dcea24cab9de55ec3b55f843fed097498c8268e,8e8573f713142daa6f4405298dcea24cab9de55ec3b55f843fed097498c8268e,1,narrow_resnet_gn,44,2,0.9058243
6e1ac6b240112e9e349b67bfeb2bba25e352480890399149effcde0d3f6b8f5f,6e1ac6b240112e9e349b67bfeb2bba25e352480890399149effcde0d3f6b8f5f,1,narrow_resnet_gn,44,2,0.745
6c71c752f33946a433918eaf8039299a42b2039a5a095c0e388f56e9766ac020,6c71c752f33946a433918eaf8039299a42b2039a5a095c0e388f56e9766ac020,1,narrow_resnet_gn,44,2,0.6719117
bee7fbae3117d9c6ec199febf2621f2d3e0de2906814a8374dc6f45d0bdccde5,bee7fbae3117d9c6ec199febf2621f2d3e0de2906814a8374dc6f45d0bdccde5,1,narrow_resnet_gn,44,2,0.88956994
d654ecae46e168daedc31ec1248a263131bfce6758d1622f0ab6f39e2a22def3,292e7ecd789514df747778a15feeb10229484e54145cdf53d4171ac7095767ed,1,narrow_resnet_gn,44,2,0.72944826
c4c16cf7f307a18cbe12ac00017cd52b033018e22ca43c563efd8b38ebd6dfb6,c4c16cf7f307a18cbe12ac00017cd52b033018e22ca43c563efd8b38ebd6dfb6,1,narrow_resnet_gn,44,2,0.8582232
b3746a8061ca6e8a9419d1e04a5e966bb01d15138d57b73c8695a823ca51540d,b3746a8061ca6e8a9419d1e04a5e966bb01d15138d57b73c8695a823ca51540d,1,narrow_resnet_gn,44,2,0.14875723
9ee48c5828a8709f5ef88d68b1ebb72d39b89abdb49488d63a45eede5fbb7b04,9ee48c5828a8709f5ef88d68b1ebb72d39b89abdb49488d63a45eede5fbb7b04,1,narrow_resnet_gn,44,2,0.28409997
855d979d8c612624fc2b4f9c12f4c72916c11f1ec2c01978ae958b147375038d,855d979d8c612624fc2b4f9c12f4c72916c11f1ec2c01978ae958b147375038d,1,narrow_resnet_gn,44,2,0.19264427
b5652c67f6bda3449f096aefdb53a17151b4534699691a442597498151362ad4,03f0c02287ea5e6c362d4f0faf92bd5051adf16aad4e8d652255b311c0dfae80,1,narrow_resnet_gn,44,2,0.7671711
74b93408ff406b590048dede0d5accd77ab671e9e5f2b589ed6c85335f0018b3,74b93408ff406b590048dede0d5accd77ab671e9e5f2b589ed6c85335f0018b3,1,narrow_resnet_gn,44,2,0.15900011
107e840154e2bb1240e59ef9babc768dd600251ff4904f40304920972ff5b706,107e840154e2bb1240e59ef9babc768dd600251ff4904f40304920972ff5b706,1,narrow_resnet_gn,44,2,0.8047987
74773d0c8f97c8872d42e776ebfd53b29635c3b80b6f888a440aab2c81fd46fe,74773d0c8f97c8872d42e776ebfd53b29635c3b80b6f888a440aab2c81fd46fe,1,narrow_resnet_gn,44,2,0.6907041
7e9ebe5e3006d2fbe31f191b04bc1b099ceb8d289e7a45f10077df19187a9021,7e9ebe5e3006d2fbe31f191b04bc1b099ceb8d289e7a45f10077df19187a9021,1,narrow_resnet_gn,44,2,0.9662396
37620b4b8c65c53aef47fa09e10df9ce20dcc41ebded86ec8c2e37b0a99946e4,37620b4b8c65c53aef47fa09e10df9ce20dcc41ebded86ec8c2e37b0a99946e4,1,narrow_resnet_gn,44,2,0.64736354
69539671b91647ea6da6be1be361bc4b6872f34f9bbd3c85f1cfa5443a838320,69539671b91647ea6da6be1be361bc4b6872f34f9bbd3c85f1cfa5443a838320,1,narrow_resnet_gn,44,2,0.67456806
ea7dc5bb1a8bbefda642a5a5ad32d5c79f6decb6f8d7a0441f0b3912d8df65d7,ea7dc5bb1a8bbefda642a5a5ad32d5c79f6decb6f8d7a0441f0b3912d8df65d7,1,narrow_resnet_gn,44,2,0.80051005
47edec7cf5074482816e0f126933dd75201afaceea91269766fd19a0e1dcbd23,47edec7cf5074482816e0f126933dd75201afaceea91269766fd19a0e1dcbd23,1,narrow_resnet_gn,44,2,0.93006814
11e4f6ea90b720a70880fa29a68ec3eca0117758aa0d89ffa458f85687126645,11e4f6ea90b720a70880fa29a68ec3eca0117758aa0d89ffa458f85687126645,1,narrow_resnet_gn,44,2,0.86900574
d200999060e799c7e792ab9864725f8f8c38182762b83bc27ae3e2d38e187d01,d200999060e799c7e792ab9864725f8f8c38182762b83bc27ae3e2d38e187d01,1,narrow_resnet_gn,44,2,0.7979529
446d46ed863618f0ff04e8b2adb4f8af368a4501e14c1d265c3fe9262a73c49b,446d46ed863618f0ff04e8b2adb4f8af368a4501e14c1d265c3fe9262a73c49b,1,narrow_resnet_gn,44,2,0.30034047
df65f1557e36230e790ffed732de9d1aa1263928c76b3d78cc69c1c0d53ad725,d200999060e799c7e792ab9864725f8f8c38182762b83bc27ae3e2d38e187d01,1,narrow_resnet_gn,44,2,0.7974065
292e7ecd789514df747778a15feeb10229484e54145cdf53d4171ac7095767ed,292e7ecd789514df747778a15feeb10229484e54145cdf53d4171ac7095767ed,1,narrow_resnet_gn,44,2,0.7330794
911c540a63b210ba72bd602a75c8196358e58f58a205d736184a7535abf18d9b,911c540a63b210ba72bd602a75c8196358e58f58a205d736184a7535abf18d9b,1,narrow_resnet_gn,44,2,0.8487018
03f0c02287ea5e6c362d4f0faf92bd5051adf16aad4e8d652255b311c0dfae80,03f0c02287ea5e6c362d4f0faf92bd5051adf16aad4e8d652255b311c0dfae80,1,narrow_resnet_gn,44,2,0.77072805
e17aa7fb2d8bf251e8fb3a885d2865ae2c62a4314f5b33c760fff27c800fc47b,e17aa7fb2d8bf251e8fb3a885d2865ae2c62a4314f5b33c760fff27c800fc47b,1,narrow_resnet_gn,44,2,0.8246979
2f2c1f55950d6e6debb2792a17caeffa3647a9fd22078ce4c87040deebe06dde,2f2c1f55950d6e6debb2792a17caeffa3647a9fd22078ce4c87040deebe06dde,1,narrow_resnet_gn,44,2,0.58757704
550d0cb250962b4ef1a0cbf8dade59019a8a5153041d49dbfea6410b89f2de79,550d0cb250962b4ef1a0cbf8dade59019a8a5153041d49dbfea6410b89f2de79,0,full,44,3,0.6632607
16266df37b596ba5c42fb4225ae4cb15711d304d322448d8f379e0f71b73ae03,16266df37b596ba5c42fb4225ae4cb15711d304d322448d8f379e0f71b73ae03,0,full,44,3,0.013345664
87cdc2d151b003be78f52c0dc7c07c1b047f879846b8f7d96b95c39a3d62a70e,87cdc2d151b003be78f52c0dc7c07c1b047f879846b8f7d96b95c39a3d62a70e,0,full,44,3,0.015604488
019da44350c7f407f687bae7972cf5585a64977a32c8894384bc36589526e17d,019da44350c7f407f687bae7972cf5585a64977a32c8894384bc36589526e17d,0,full,44,3,0.69308317
02fc06d496bbdb0756b65e3b7fdf210a3c07d218b79e0d16eface84e5db72b89,02fc06d496bbdb0756b65e3b7fdf210a3c07d218b79e0d16eface84e5db72b89,0,full,44,3,0.42643413
4bda8fe0504ef79e0c9e3e86bb23aae41a67fc050c524ee0e18cc8f923a5da1c,4bda8fe0504ef79e0c9e3e86bb23aae41a67fc050c524ee0e18cc8f923a5da1c,0,full,44,3,0.43360534
24d646d7d0db7f6ed4fd2ce895d86acd1c879548873e89a83d72b7a148e2a8fb,24d646d7d0db7f6ed4fd2ce895d86acd1c879548873e89a83d72b7a148e2a8fb,0,full,44,3,0.8329024
3de32c152527af18060fc9a0eb01b0ede6025f1994ad3586e96c4a47c3e23898,3de32c152527af18060fc9a0eb01b0ede6025f1994ad3586e96c4a47c3e23898,0,full,44,3,0.4750809
7f2c92f25bb20cc189aa475c0e8c21ed0b70b538a33920e2fd6a3276522406f3,7f2c92f25bb20cc189aa475c0e8c21ed0b70b538a33920e2fd6a3276522406f3,0,full,44,3,0.032394975
c30f889c48513fe695a6509aa86ffa7952d40b96e13c1e84b319cf6914823e9a,3de32c152527af18060fc9a0eb01b0ede6025f1994ad3586e96c4a47c3e23898,0,full,44,3,0.43273482
1af16b025f254c861448bec4d04652b8f81a6850788d507160404fe4f14a5c4f,1af16b025f254c861448bec4d04652b8f81a6850788d507160404fe4f14a5c4f,0,full,44,3,0.93346536
987c812a794593c0a8b58f1eed8aac0cf015230fc3a1640b82cf95d91a5609c5,987c812a794593c0a8b58f1eed8aac0cf015230fc3a1640b82cf95d91a5609c5,0,full,44,3,0.011604115
eab1eeda798eb5191c4547fb06ccdb98a91b4b4536417d5aa75529cbd2897cad,eab1eeda798eb5191c4547fb06ccdb98a91b4b4536417d5aa75529cbd2897cad,0,full,44,3,0.115158886
96dc1ea3df3a481c9959598a38a12ce3ad1fe7159bb523a0c3cc7df71d2539fb,96dc1ea3df3a481c9959598a38a12ce3ad1fe7159bb523a0c3cc7df71d2539fb,0,full,44,3,0.27987108
69f020ad229e313caa6d2ba04285a8fd070c7bd45d1759c9ad22a89902c98500,69f020ad229e313caa6d2ba04285a8fd070c7bd45d1759c9ad22a89902c98500,0,full,44,3,0.018389871
e30545c15b64efcf60c0cd2b7d635d3af6d842df4753ebffd331d1363ba601ea,e30545c15b64efcf60c0cd2b7d635d3af6d842df4753ebffd331d1363ba601ea,1,full,44,3,0.025924506
8a7b8d8d0ce44d78c292dab54e953a2abb51a20a1e08ca691cea5bc3725bd729,8a7b8d8d0ce44d78c292dab54e953a2abb51a20a1e08ca691cea5bc3725bd729,1,full,44,3,0.89513624
0e73f125d639eb939b9fac62506a72251c106ac784c139c3ffcd160b58b54d03,0e73f125d639eb939b9fac62506a72251c106ac784c139c3ffcd160b58b54d03,1,full,44,3,0.019520257
329f1df4eb53b0530dcf747e4459b87e11fc5ea7c4310a090dbe01f5e925ac38,329f1df4eb53b0530dcf747e4459b87e11fc5ea7c4310a090dbe01f5e925ac38,1,full,44,3,0.97383726
665398dd64a3482917a9fc377bbcbee957e0f4bf4e48a7d49fb3c6bfcfdd73c9,665398dd64a3482917a9fc377bbcbee957e0f4bf4e48a7d49fb3c6bfcfdd73c9,1,full,44,3,0.98527896
44a9fb3b86cdeb63e8858c40ac79c109d89382cfb30fafa7eb703449c7433ada,44a9fb3b86cdeb63e8858c40ac79c109d89382cfb30fafa7eb703449c7433ada,1,full,44,3,0.94992614
917c2b80ad1d6f68ad73193c916a97ad9f0c1631bfa2279f7e1a3f4cfab69e69,917c2b80ad1d6f68ad73193c916a97ad9f0c1631bfa2279f7e1a3f4cfab69e69,1,full,44,3,0.95768553
b9f9d5612381f7fcb0a7403d37521ff95c4552a276dc1afb02f2739e62a12d10,b9f9d5612381f7fcb0a7403d37521ff95c4552a276dc1afb02f2739e62a12d10,1,full,44,3,0.12007406
5aad9032ce847fbf5fbef835461e111546a72ba7e2e2b207f59845a52082ed85,5aad9032ce847fbf5fbef835461e111546a72ba7e2e2b207f59845a52082ed85,1,full,44,3,0.78544545
f8b081d13042660a736ea3535411752118892f3a03e6083f3b1e09a2c4ffea5e,f8b081d13042660a736ea3535411752118892f3a03e6083f3b1e09a2c4ffea5e,1,full,44,3,0.6335319
681e44e7111a482ff90f70efd6cdf2b884d671322604ff93c091e46b55b2064d,681e44e7111a482ff90f70efd6cdf2b884d671322604ff93c091e46b55b2064d,1,full,44,3,0.8185842
2f0019ed81ac1f1e20cb097e01ef675244c5a5c79cd53252977cf1ac511696f4,2f0019ed81ac1f1e20cb097e01ef675244c5a5c79cd53252977cf1ac511696f4,1,full,44,3,0.8964651
70fccd62038f1e8f3fcba827e8b0f332f75bc4e329d47d979515a6fbf63c607c,70fccd62038f1e8f3fcba827e8b0f332f75bc4e329d47d979515a6fbf63c607c,1,full,44,3,0.9729287
078b62143609978eff9ee30251ed34d52c9e799ca00d04fdf166ff0d2d7644ba,078b62143609978eff9ee30251ed34d52c9e799ca00d04fdf166ff0d2d7644ba,1,full,44,3,0.9806034
adbda2cd245abb1f50d6fc13b63018dc3d585ae06229465743f8da20dd011023,adbda2cd245abb1f50d6fc13b63018dc3d585ae06229465743f8da20dd011023,1,full,44,3,0.97813064
254ec0b2133af0acfddca8c448b694d23d062f985daf388d05ced2f269372966,254ec0b2133af0acfddca8c448b694d23d062f985daf388d05ced2f269372966,1,full,44,3,0.9631228
caf1bb9b61f8ce8b71c6d7283ed913e49686befe54572e9371c99680b62e8190,caf1bb9b61f8ce8b71c6d7283ed913e49686befe54572e9371c99680b62e8190,1,full,44,3,0.9854247
536ae010b72dec062b3a689b3915910694c732a12098ef5bdc10ebe81b7477f3,536ae010b72dec062b3a689b3915910694c732a12098ef5bdc10ebe81b7477f3,1,full,44,3,0.98747224
c626d3b0cbc6ba8ea7e9049da47367c61b054c32f61809d3752c3e734d5062e9,c626d3b0cbc6ba8ea7e9049da47367c61b054c32f61809d3752c3e734d5062e9,1,full,44,3,0.39504194
a734d21670a7344e01b0dec42fc76147cd87a3d4bdf41f56aae6ee1f91aa32b9,a734d21670a7344e01b0dec42fc76147cd87a3d4bdf41f56aae6ee1f91aa32b9,1,full,44,3,0.78883934
bb28460f798cf3c1437974cff9208b3a5d3adc72304da42e7ddbb2232cf0117a,bb28460f798cf3c1437974cff9208b3a5d3adc72304da42e7ddbb2232cf0117a,1,full,44,3,0.41381264
d1a91e77cf6f1ebf0127b7f8154ce032b9b1aa2a79156f123da382c49d536320,d1a91e77cf6f1ebf0127b7f8154ce032b9b1aa2a79156f123da382c49d536320,1,full,44,3,0.9914445
8fd29c26253f5b732202ec57a7031eb06ca6a2bd426f107e00973ddc713f628a,8fd29c26253f5b732202ec57a7031eb06ca6a2bd426f107e00973ddc713f628a,1,full,44,3,0.0712101
d372be321de1f98feb43f054912464cb4f983b8a24ef0376036ea2c8ec122b41,d372be321de1f98feb43f054912464cb4f983b8a24ef0376036ea2c8ec122b41,1,full,44,3,0.9858824
207b091128fc623231f1f7b9e0cc5fb1c112ef55d8d14933de01a634a07cbb7e,207b091128fc623231f1f7b9e0cc5fb1c112ef55d8d14933de01a634a07cbb7e,1,full,44,3,0.4551446
48e14956e775a971778412f5edbc26f87ed3ae651aeca48fc069294f6dcc166c,48e14956e775a971778412f5edbc26f87ed3ae651aeca48fc069294f6dcc166c,1,full,44,3,0.052441046
a72f7ff6699463e309b867152937536c79c3a8e1ebe62553c6fcdaa1a07c304a,a72f7ff6699463e309b867152937536c79c3a8e1ebe62553c6fcdaa1a07c304a,1,full,44,3,0.16180634
6f5d6cc12ba22d7a4d7fe85d4d5df6e22060234401ce415fe7a8577a2c61071f,6f5d6cc12ba22d7a4d7fe85d4d5df6e22060234401ce415fe7a8577a2c61071f,1,full,44,3,0.93771887
550d0cb250962b4ef1a0cbf8dade59019a8a5153041d49dbfea6410b89f2de79,550d0cb250962b4ef1a0cbf8dade59019a8a5153041d49dbfea6410b89f2de79,0,no_attention,44,3,0.67173696
16266df37b596ba5c42fb4225ae4cb15711d304d322448d8f379e0f71b73ae03,16266df37b596ba5c42fb4225ae4cb15711d304d322448d8f379e0f71b73ae03,0,no_attention,44,3,0.1363983
87cdc2d151b003be78f52c0dc7c07c1b047f879846b8f7d96b95c39a3d62a70e,87cdc2d151b003be78f52c0dc7c07c1b047f879846b8f7d96b95c39a3d62a70e,0,no_attention,44,3,0.016902944
019da44350c7f407f687bae7972cf5585a64977a32c8894384bc36589526e17d,019da44350c7f407f687bae7972cf5585a64977a32c8894384bc36589526e17d,0,no_attention,44,3,0.9300533
02fc06d496bbdb0756b65e3b7fdf210a3c07d218b79e0d16eface84e5db72b89,02fc06d496bbdb0756b65e3b7fdf210a3c07d218b79e0d16eface84e5db72b89,0,no_attention,44,3,0.47038344
4bda8fe0504ef79e0c9e3e86bb23aae41a67fc050c524ee0e18cc8f923a5da1c,4bda8fe0504ef79e0c9e3e86bb23aae41a67fc050c524ee0e18cc8f923a5da1c,0,no_attention,44,3,0.6852021
24d646d7d0db7f6ed4fd2ce895d86acd1c879548873e89a83d72b7a148e2a8fb,24d646d7d0db7f6ed4fd2ce895d86acd1c879548873e89a83d72b7a148e2a8fb,0,no_attention,44,3,0.8132345
3de32c152527af18060fc9a0eb01b0ede6025f1994ad3586e96c4a47c3e23898,3de32c152527af18060fc9a0eb01b0ede6025f1994ad3586e96c4a47c3e23898,0,no_attention,44,3,0.55815464
7f2c92f25bb20cc189aa475c0e8c21ed0b70b538a33920e2fd6a3276522406f3,7f2c92f25bb20cc189aa475c0e8c21ed0b70b538a33920e2fd6a3276522406f3,0,no_attention,44,3,0.03416751
c30f889c48513fe695a6509aa86ffa7952d40b96e13c1e84b319cf6914823e9a,3de32c152527af18060fc9a0eb01b0ede6025f1994ad3586e96c4a47c3e23898,0,no_attention,44,3,0.59394586
1af16b025f254c861448bec4d04652b8f81a6850788d507160404fe4f14a5c4f,1af16b025f254c861448bec4d04652b8f81a6850788d507160404fe4f14a5c4f,0,no_attention,44,3,0.9421985
987c812a794593c0a8b58f1eed8aac0cf015230fc3a1640b82cf95d91a5609c5,987c812a794593c0a8b58f1eed8aac0cf015230fc3a1640b82cf95d91a5609c5,0,no_attention,44,3,0.09457675
eab1eeda798eb5191c4547fb06ccdb98a91b4b4536417d5aa75529cbd2897cad,eab1eeda798eb5191c4547fb06ccdb98a91b4b4536417d5aa75529cbd2897cad,0,no_attention,44,3,0.04937555
96dc1ea3df3a481c9959598a38a12ce3ad1fe7159bb523a0c3cc7df71d2539fb,96dc1ea3df3a481c9959598a38a12ce3ad1fe7159bb523a0c3cc7df71d2539fb,0,no_attention,44,3,0.10503257
69f020ad229e313caa6d2ba04285a8fd070c7bd45d1759c9ad22a89902c98500,69f020ad229e313caa6d2ba04285a8fd070c7bd45d1759c9ad22a89902c98500,0,no_attention,44,3,0.20327766
e30545c15b64efcf60c0cd2b7d635d3af6d842df4753ebffd331d1363ba601ea,e30545c15b64efcf60c0cd2b7d635d3af6d842df4753ebffd331d1363ba601ea,1,no_attention,44,3,0.055943575
8a7b8d8d0ce44d78c292dab54e953a2abb51a20a1e08ca691cea5bc3725bd729,8a7b8d8d0ce44d78c292dab54e953a2abb51a20a1e08ca691cea5bc3725bd729,1,no_attention,44,3,0.7785813
0e73f125d639eb939b9fac62506a72251c106ac784c139c3ffcd160b58b54d03,0e73f125d639eb939b9fac62506a72251c106ac784c139c3ffcd160b58b54d03,1,no_attention,44,3,0.15937965
329f1df4eb53b0530dcf747e4459b87e11fc5ea7c4310a090dbe01f5e925ac38,329f1df4eb53b0530dcf747e4459b87e11fc5ea7c4310a090dbe01f5e925ac38,1,no_attention,44,3,0.9538493
665398dd64a3482917a9fc377bbcbee957e0f4bf4e48a7d49fb3c6bfcfdd73c9,665398dd64a3482917a9fc377bbcbee957e0f4bf4e48a7d49fb3c6bfcfdd73c9,1,no_attention,44,3,0.9541174
44a9fb3b86cdeb63e8858c40ac79c109d89382cfb30fafa7eb703449c7433ada,44a9fb3b86cdeb63e8858c40ac79c109d89382cfb30fafa7eb703449c7433ada,1,no_attention,44,3,0.87516356
917c2b80ad1d6f68ad73193c916a97ad9f0c1631bfa2279f7e1a3f4cfab69e69,917c2b80ad1d6f68ad73193c916a97ad9f0c1631bfa2279f7e1a3f4cfab69e69,1,no_attention,44,3,0.890215
b9f9d5612381f7fcb0a7403d37521ff95c4552a276dc1afb02f2739e62a12d10,b9f9d5612381f7fcb0a7403d37521ff95c4552a276dc1afb02f2739e62a12d10,1,no_attention,44,3,0.55989397
5aad9032ce847fbf5fbef835461e111546a72ba7e2e2b207f59845a52082ed85,5aad9032ce847fbf5fbef835461e111546a72ba7e2e2b207f59845a52082ed85,1,no_attention,44,3,0.7302949
f8b081d13042660a736ea3535411752118892f3a03e6083f3b1e09a2c4ffea5e,f8b081d13042660a736ea3535411752118892f3a03e6083f3b1e09a2c4ffea5e,1,no_attention,44,3,0.75480044
681e44e7111a482ff90f70efd6cdf2b884d671322604ff93c091e46b55b2064d,681e44e7111a482ff90f70efd6cdf2b884d671322604ff93c091e46b55b2064d,1,no_attention,44,3,0.48859987
2f0019ed81ac1f1e20cb097e01ef675244c5a5c79cd53252977cf1ac511696f4,2f0019ed81ac1f1e20cb097e01ef675244c5a5c79cd53252977cf1ac511696f4,1,no_attention,44,3,0.9080713
70fccd62038f1e8f3fcba827e8b0f332f75bc4e329d47d979515a6fbf63c607c,70fccd62038f1e8f3fcba827e8b0f332f75bc4e329d47d979515a6fbf63c607c,1,no_attention,44,3,0.95759207
078b62143609978eff9ee30251ed34d52c9e799ca00d04fdf166ff0d2d7644ba,078b62143609978eff9ee30251ed34d52c9e799ca00d04fdf166ff0d2d7644ba,1,no_attention,44,3,0.9720848
adbda2cd245abb1f50d6fc13b63018dc3d585ae06229465743f8da20dd011023,adbda2cd245abb1f50d6fc13b63018dc3d585ae06229465743f8da20dd011023,1,no_attention,44,3,0.9598188
254ec0b2133af0acfddca8c448b694d23d062f985daf388d05ced2f269372966,254ec0b2133af0acfddca8c448b694d23d062f985daf388d05ced2f269372966,1,no_attention,44,3,0.9175571
caf1bb9b61f8ce8b71c6d7283ed913e49686befe54572e9371c99680b62e8190,caf1bb9b61f8ce8b71c6d7283ed913e49686befe54572e9371c99680b62e8190,1,no_attention,44,3,0.94328487
536ae010b72dec062b3a689b3915910694c732a12098ef5bdc10ebe81b7477f3,536ae010b72dec062b3a689b3915910694c732a12098ef5bdc10ebe81b7477f3,1,no_attention,44,3,0.7644113
c626d3b0cbc6ba8ea7e9049da47367c61b054c32f61809d3752c3e734d5062e9,c626d3b0cbc6ba8ea7e9049da47367c61b054c32f61809d3752c3e734d5062e9,1,no_attention,44,3,0.5877188
a734d21670a7344e01b0dec42fc76147cd87a3d4bdf41f56aae6ee1f91aa32b9,a734d21670a7344e01b0dec42fc76147cd87a3d4bdf41f56aae6ee1f91aa32b9,1,no_attention,44,3,0.46765974
bb28460f798cf3c1437974cff9208b3a5d3adc72304da42e7ddbb2232cf0117a,bb28460f798cf3c1437974cff9208b3a5d3adc72304da42e7ddbb2232cf0117a,1,no_attention,44,3,0.38407564
d1a91e77cf6f1ebf0127b7f8154ce032b9b1aa2a79156f123da382c49d536320,d1a91e77cf6f1ebf0127b7f8154ce032b9b1aa2a79156f123da382c49d536320,1,no_attention,44,3,0.9593817
8fd29c26253f5b732202ec57a7031eb06ca6a2bd426f107e00973ddc713f628a,8fd29c26253f5b732202ec57a7031eb06ca6a2bd426f107e00973ddc713f628a,1,no_attention,44,3,0.6434118
d372be321de1f98feb43f054912464cb4f983b8a24ef0376036ea2c8ec122b41,d372be321de1f98feb43f054912464cb4f983b8a24ef0376036ea2c8ec122b41,1,no_attention,44,3,0.9812418
207b091128fc623231f1f7b9e0cc5fb1c112ef55d8d14933de01a634a07cbb7e,207b091128fc623231f1f7b9e0cc5fb1c112ef55d8d14933de01a634a07cbb7e,1,no_attention,44,3,0.6418343
48e14956e775a971778412f5edbc26f87ed3ae651aeca48fc069294f6dcc166c,48e14956e775a971778412f5edbc26f87ed3ae651aeca48fc069294f6dcc166c,1,no_attention,44,3,0.5173723
a72f7ff6699463e309b867152937536c79c3a8e1ebe62553c6fcdaa1a07c304a,a72f7ff6699463e309b867152937536c79c3a8e1ebe62553c6fcdaa1a07c304a,1,no_attention,44,3,0.37886912
6f5d6cc12ba22d7a4d7fe85d4d5df6e22060234401ce415fe7a8577a2c61071f,6f5d6cc12ba22d7a4d7fe85d4d5df6e22060234401ce415fe7a8577a2c61071f,1,no_attention,44,3,0.93498296
550d0cb250962b4ef1a0cbf8dade59019a8a5153041d49dbfea6410b89f2de79,550d0cb250962b4ef1a0cbf8dade59019a8a5153041d49dbfea6410b89f2de79,0,no_multiscale,44,3,0.93264186
16266df37b596ba5c42fb4225ae4cb15711d304d322448d8f379e0f71b73ae03,16266df37b596ba5c42fb4225ae4cb15711d304d322448d8f379e0f71b73ae03,0,no_multiscale,44,3,0.059206635
87cdc2d151b003be78f52c0dc7c07c1b047f879846b8f7d96b95c39a3d62a70e,87cdc2d151b003be78f52c0dc7c07c1b047f879846b8f7d96b95c39a3d62a70e,0,no_multiscale,44,3,0.14046682
019da44350c7f407f687bae7972cf5585a64977a32c8894384bc36589526e17d,019da44350c7f407f687bae7972cf5585a64977a32c8894384bc36589526e17d,0,no_multiscale,44,3,0.98806375
02fc06d496bbdb0756b65e3b7fdf210a3c07d218b79e0d16eface84e5db72b89,02fc06d496bbdb0756b65e3b7fdf210a3c07d218b79e0d16eface84e5db72b89,0,no_multiscale,44,3,0.15930545
4bda8fe0504ef79e0c9e3e86bb23aae41a67fc050c524ee0e18cc8f923a5da1c,4bda8fe0504ef79e0c9e3e86bb23aae41a67fc050c524ee0e18cc8f923a5da1c,0,no_multiscale,44,3,0.6216715
24d646d7d0db7f6ed4fd2ce895d86acd1c879548873e89a83d72b7a148e2a8fb,24d646d7d0db7f6ed4fd2ce895d86acd1c879548873e89a83d72b7a148e2a8fb,0,no_multiscale,44,3,0.4364675
3de32c152527af18060fc9a0eb01b0ede6025f1994ad3586e96c4a47c3e23898,3de32c152527af18060fc9a0eb01b0ede6025f1994ad3586e96c4a47c3e23898,0,no_multiscale,44,3,0.9090834
7f2c92f25bb20cc189aa475c0e8c21ed0b70b538a33920e2fd6a3276522406f3,7f2c92f25bb20cc189aa475c0e8c21ed0b70b538a33920e2fd6a3276522406f3,0,no_multiscale,44,3,0.0062264036
c30f889c48513fe695a6509aa86ffa7952d40b96e13c1e84b319cf6914823e9a,3de32c152527af18060fc9a0eb01b0ede6025f1994ad3586e96c4a47c3e23898,0,no_multiscale,44,3,0.91793454
1af16b025f254c861448bec4d04652b8f81a6850788d507160404fe4f14a5c4f,1af16b025f254c861448bec4d04652b8f81a6850788d507160404fe4f14a5c4f,0,no_multiscale,44,3,0.9510077
987c812a794593c0a8b58f1eed8aac0cf015230fc3a1640b82cf95d91a5609c5,987c812a794593c0a8b58f1eed8aac0cf015230fc3a1640b82cf95d91a5609c5,0,no_multiscale,44,3,0.016352626
eab1eeda798eb5191c4547fb06ccdb98a91b4b4536417d5aa75529cbd2897cad,eab1eeda798eb5191c4547fb06ccdb98a91b4b4536417d5aa75529cbd2897cad,0,no_multiscale,44,3,0.2983061
96dc1ea3df3a481c9959598a38a12ce3ad1fe7159bb523a0c3cc7df71d2539fb,96dc1ea3df3a481c9959598a38a12ce3ad1fe7159bb523a0c3cc7df71d2539fb,0,no_multiscale,44,3,0.027237209
69f020ad229e313caa6d2ba04285a8fd070c7bd45d1759c9ad22a89902c98500,69f020ad229e313caa6d2ba04285a8fd070c7bd45d1759c9ad22a89902c98500,0,no_multiscale,44,3,0.016156366
e30545c15b64efcf60c0cd2b7d635d3af6d842df4753ebffd331d1363ba601ea,e30545c15b64efcf60c0cd2b7d635d3af6d842df4753ebffd331d1363ba601ea,1,no_multiscale,44,3,0.021300066
8a7b8d8d0ce44d78c292dab54e953a2abb51a20a1e08ca691cea5bc3725bd729,8a7b8d8d0ce44d78c292dab54e953a2abb51a20a1e08ca691cea5bc3725bd729,1,no_multiscale,44,3,0.97510874
0e73f125d639eb939b9fac62506a72251c106ac784c139c3ffcd160b58b54d03,0e73f125d639eb939b9fac62506a72251c106ac784c139c3ffcd160b58b54d03,1,no_multiscale,44,3,0.2750815
329f1df4eb53b0530dcf747e4459b87e11fc5ea7c4310a090dbe01f5e925ac38,329f1df4eb53b0530dcf747e4459b87e11fc5ea7c4310a090dbe01f5e925ac38,1,no_multiscale,44,3,0.98318946
665398dd64a3482917a9fc377bbcbee957e0f4bf4e48a7d49fb3c6bfcfdd73c9,665398dd64a3482917a9fc377bbcbee957e0f4bf4e48a7d49fb3c6bfcfdd73c9,1,no_multiscale,44,3,0.99088633
44a9fb3b86cdeb63e8858c40ac79c109d89382cfb30fafa7eb703449c7433ada,44a9fb3b86cdeb63e8858c40ac79c109d89382cfb30fafa7eb703449c7433ada,1,no_multiscale,44,3,0.900691
917c2b80ad1d6f68ad73193c916a97ad9f0c1631bfa2279f7e1a3f4cfab69e69,917c2b80ad1d6f68ad73193c916a97ad9f0c1631bfa2279f7e1a3f4cfab69e69,1,no_multiscale,44,3,0.987523
b9f9d5612381f7fcb0a7403d37521ff95c4552a276dc1afb02f2739e62a12d10,b9f9d5612381f7fcb0a7403d37521ff95c4552a276dc1afb02f2739e62a12d10,1,no_multiscale,44,3,0.23384063
5aad9032ce847fbf5fbef835461e111546a72ba7e2e2b207f59845a52082ed85,5aad9032ce847fbf5fbef835461e111546a72ba7e2e2b207f59845a52082ed85,1,no_multiscale,44,3,0.8183238
f8b081d13042660a736ea3535411752118892f3a03e6083f3b1e09a2c4ffea5e,f8b081d13042660a736ea3535411752118892f3a03e6083f3b1e09a2c4ffea5e,1,no_multiscale,44,3,0.9295253
681e44e7111a482ff90f70efd6cdf2b884d671322604ff93c091e46b55b2064d,681e44e7111a482ff90f70efd6cdf2b884d671322604ff93c091e46b55b2064d,1,no_multiscale,44,3,0.9168111
2f0019ed81ac1f1e20cb097e01ef675244c5a5c79cd53252977cf1ac511696f4,2f0019ed81ac1f1e20cb097e01ef675244c5a5c79cd53252977cf1ac511696f4,1,no_multiscale,44,3,0.9945904
70fccd62038f1e8f3fcba827e8b0f332f75bc4e329d47d979515a6fbf63c607c,70fccd62038f1e8f3fcba827e8b0f332f75bc4e329d47d979515a6fbf63c607c,1,no_multiscale,44,3,0.98805326
078b62143609978eff9ee30251ed34d52c9e799ca00d04fdf166ff0d2d7644ba,078b62143609978eff9ee30251ed34d52c9e799ca00d04fdf166ff0d2d7644ba,1,no_multiscale,44,3,0.9968239
adbda2cd245abb1f50d6fc13b63018dc3d585ae06229465743f8da20dd011023,adbda2cd245abb1f50d6fc13b63018dc3d585ae06229465743f8da20dd011023,1,no_multiscale,44,3,0.98584425
254ec0b2133af0acfddca8c448b694d23d062f985daf388d05ced2f269372966,254ec0b2133af0acfddca8c448b694d23d062f985daf388d05ced2f269372966,1,no_multiscale,44,3,0.99082786
caf1bb9b61f8ce8b71c6d7283ed913e49686befe54572e9371c99680b62e8190,caf1bb9b61f8ce8b71c6d7283ed913e49686befe54572e9371c99680b62e8190,1,no_multiscale,44,3,0.9921251
536ae010b72dec062b3a689b3915910694c732a12098ef5bdc10ebe81b7477f3,536ae010b72dec062b3a689b3915910694c732a12098ef5bdc10ebe81b7477f3,1,no_multiscale,44,3,0.99267113
c626d3b0cbc6ba8ea7e9049da47367c61b054c32f61809d3752c3e734d5062e9,c626d3b0cbc6ba8ea7e9049da47367c61b054c32f61809d3752c3e734d5062e9,1,no_multiscale,44,3,0.9191919
a734d21670a7344e01b0dec42fc76147cd87a3d4bdf41f56aae6ee1f91aa32b9,a734d21670a7344e01b0dec42fc76147cd87a3d4bdf41f56aae6ee1f91aa32b9,1,no_multiscale,44,3,0.54498947
bb28460f798cf3c1437974cff9208b3a5d3adc72304da42e7ddbb2232cf0117a,bb28460f798cf3c1437974cff9208b3a5d3adc72304da42e7ddbb2232cf0117a,1,no_multiscale,44,3,0.91254073
d1a91e77cf6f1ebf0127b7f8154ce032b9b1aa2a79156f123da382c49d536320,d1a91e77cf6f1ebf0127b7f8154ce032b9b1aa2a79156f123da382c49d536320,1,no_multiscale,44,3,0.99501723
8fd29c26253f5b732202ec57a7031eb06ca6a2bd426f107e00973ddc713f628a,8fd29c26253f5b732202ec57a7031eb06ca6a2bd426f107e00973ddc713f628a,1,no_multiscale,44,3,0.61238986
d372be321de1f98feb43f054912464cb4f983b8a24ef0376036ea2c8ec122b41,d372be321de1f98feb43f054912464cb4f983b8a24ef0376036ea2c8ec122b41,1,no_multiscale,44,3,0.9922862
207b091128fc623231f1f7b9e0cc5fb1c112ef55d8d14933de01a634a07cbb7e,207b091128fc623231f1f7b9e0cc5fb1c112ef55d8d14933de01a634a07cbb7e,1,no_multiscale,44,3,0.7267279
48e14956e775a971778412f5edbc26f87ed3ae651aeca48fc069294f6dcc166c,48e14956e775a971778412f5edbc26f87ed3ae651aeca48fc069294f6dcc166c,1,no_multiscale,44,3,0.4653313
a72f7ff6699463e309b867152937536c79c3a8e1ebe62553c6fcdaa1a07c304a,a72f7ff6699463e309b867152937536c79c3a8e1ebe62553c6fcdaa1a07c304a,1,no_multiscale,44,3,0.24723873
6f5d6cc12ba22d7a4d7fe85d4d5df6e22060234401ce415fe7a8577a2c61071f,6f5d6cc12ba22d7a4d7fe85d4d5df6e22060234401ce415fe7a8577a2c61071f,1,no_multiscale,44,3,0.96452034
550d0cb250962b4ef1a0cbf8dade59019a8a5153041d49dbfea6410b89f2de79,550d0cb250962b4ef1a0cbf8dade59019a8a5153041d49dbfea6410b89f2de79,0,no_attention_no_multiscale,44,3,0.26971105
16266df37b596ba5c42fb4225ae4cb15711d304d322448d8f379e0f71b73ae03,16266df37b596ba5c42fb4225ae4cb15711d304d322448d8f379e0f71b73ae03,0,no_attention_no_multiscale,44,3,0.080756664
87cdc2d151b003be78f52c0dc7c07c1b047f879846b8f7d96b95c39a3d62a70e,87cdc2d151b003be78f52c0dc7c07c1b047f879846b8f7d96b95c39a3d62a70e,0,no_attention_no_multiscale,44,3,0.00867517
019da44350c7f407f687bae7972cf5585a64977a32c8894384bc36589526e17d,019da44350c7f407f687bae7972cf5585a64977a32c8894384bc36589526e17d,0,no_attention_no_multiscale,44,3,0.6442177
02fc06d496bbdb0756b65e3b7fdf210a3c07d218b79e0d16eface84e5db72b89,02fc06d496bbdb0756b65e3b7fdf210a3c07d218b79e0d16eface84e5db72b89,0,no_attention_no_multiscale,44,3,0.0656544
4bda8fe0504ef79e0c9e3e86bb23aae41a67fc050c524ee0e18cc8f923a5da1c,4bda8fe0504ef79e0c9e3e86bb23aae41a67fc050c524ee0e18cc8f923a5da1c,0,no_attention_no_multiscale,44,3,0.6474205
24d646d7d0db7f6ed4fd2ce895d86acd1c879548873e89a83d72b7a148e2a8fb,24d646d7d0db7f6ed4fd2ce895d86acd1c879548873e89a83d72b7a148e2a8fb,0,no_attention_no_multiscale,44,3,0.8482894
3de32c152527af18060fc9a0eb01b0ede6025f1994ad3586e96c4a47c3e23898,3de32c152527af18060fc9a0eb01b0ede6025f1994ad3586e96c4a47c3e23898,0,no_attention_no_multiscale,44,3,0.86282617
7f2c92f25bb20cc189aa475c0e8c21ed0b70b538a33920e2fd6a3276522406f3,7f2c92f25bb20cc189aa475c0e8c21ed0b70b538a33920e2fd6a3276522406f3,0,no_attention_no_multiscale,44,3,0.015073499
c30f889c48513fe695a6509aa86ffa7952d40b96e13c1e84b319cf6914823e9a,3de32c152527af18060fc9a0eb01b0ede6025f1994ad3586e96c4a47c3e23898,0,no_attention_no_multiscale,44,3,0.87468547
1af16b025f254c861448bec4d04652b8f81a6850788d507160404fe4f14a5c4f,1af16b025f254c861448bec4d04652b8f81a6850788d507160404fe4f14a5c4f,0,no_attention_no_multiscale,44,3,0.97466063
987c812a794593c0a8b58f1eed8aac0cf015230fc3a1640b82cf95d91a5609c5,987c812a794593c0a8b58f1eed8aac0cf015230fc3a1640b82cf95d91a5609c5,0,no_attention_no_multiscale,44,3,0.27443653
eab1eeda798eb5191c4547fb06ccdb98a91b4b4536417d5aa75529cbd2897cad,eab1eeda798eb5191c4547fb06ccdb98a91b4b4536417d5aa75529cbd2897cad,0,no_attention_no_multiscale,44,3,0.08828674
96dc1ea3df3a481c9959598a38a12ce3ad1fe7159bb523a0c3cc7df71d2539fb,96dc1ea3df3a481c9959598a38a12ce3ad1fe7159bb523a0c3cc7df71d2539fb,0,no_attention_no_multiscale,44,3,0.49754113
69f020ad229e313caa6d2ba04285a8fd070c7bd45d1759c9ad22a89902c98500,69f020ad229e313caa6d2ba04285a8fd070c7bd45d1759c9ad22a89902c98500,0,no_attention_no_multiscale,44,3,0.43407825
e30545c15b64efcf60c0cd2b7d635d3af6d842df4753ebffd331d1363ba601ea,e30545c15b64efcf60c0cd2b7d635d3af6d842df4753ebffd331d1363ba601ea,1,no_attention_no_multiscale,44,3,0.17148401
8a7b8d8d0ce44d78c292dab54e953a2abb51a20a1e08ca691cea5bc3725bd729,8a7b8d8d0ce44d78c292dab54e953a2abb51a20a1e08ca691cea5bc3725bd729,1,no_attention_no_multiscale,44,3,0.937647
0e73f125d639eb939b9fac62506a72251c106ac784c139c3ffcd160b58b54d03,0e73f125d639eb939b9fac62506a72251c106ac784c139c3ffcd160b58b54d03,1,no_attention_no_multiscale,44,3,0.22859213
329f1df4eb53b0530dcf747e4459b87e11fc5ea7c4310a090dbe01f5e925ac38,329f1df4eb53b0530dcf747e4459b87e11fc5ea7c4310a090dbe01f5e925ac38,1,no_attention_no_multiscale,44,3,0.944106
665398dd64a3482917a9fc377bbcbee957e0f4bf4e48a7d49fb3c6bfcfdd73c9,665398dd64a3482917a9fc377bbcbee957e0f4bf4e48a7d49fb3c6bfcfdd73c9,1,no_attention_no_multiscale,44,3,0.9479821
44a9fb3b86cdeb63e8858c40ac79c109d89382cfb30fafa7eb703449c7433ada,44a9fb3b86cdeb63e8858c40ac79c109d89382cfb30fafa7eb703449c7433ada,1,no_attention_no_multiscale,44,3,0.8924398
917c2b80ad1d6f68ad73193c916a97ad9f0c1631bfa2279f7e1a3f4cfab69e69,917c2b80ad1d6f68ad73193c916a97ad9f0c1631bfa2279f7e1a3f4cfab69e69,1,no_attention_no_multiscale,44,3,0.93077004
b9f9d5612381f7fcb0a7403d37521ff95c4552a276dc1afb02f2739e62a12d10,b9f9d5612381f7fcb0a7403d37521ff95c4552a276dc1afb02f2739e62a12d10,1,no_attention_no_multiscale,44,3,0.53772473
5aad9032ce847fbf5fbef835461e111546a72ba7e2e2b207f59845a52082ed85,5aad9032ce847fbf5fbef835461e111546a72ba7e2e2b207f59845a52082ed85,1,no_attention_no_multiscale,44,3,0.9432097
f8b081d13042660a736ea3535411752118892f3a03e6083f3b1e09a2c4ffea5e,f8b081d13042660a736ea3535411752118892f3a03e6083f3b1e09a2c4ffea5e,1,no_attention_no_multiscale,44,3,0.17146555
681e44e7111a482ff90f70efd6cdf2b884d671322604ff93c091e46b55b2064d,681e44e7111a482ff90f70efd6cdf2b884d671322604ff93c091e46b55b2064d,1,no_attention_no_multiscale,44,3,0.14959303
2f0019ed81ac1f1e20cb097e01ef675244c5a5c79cd53252977cf1ac511696f4,2f0019ed81ac1f1e20cb097e01ef675244c5a5c79cd53252977cf1ac511696f4,1,no_attention_no_multiscale,44,3,0.96131384
70fccd62038f1e8f3fcba827e8b0f332f75bc4e329d47d979515a6fbf63c607c,70fccd62038f1e8f3fcba827e8b0f332f75bc4e329d47d979515a6fbf63c607c,1,no_attention_no_multiscale,44,3,0.98024493
078b62143609978eff9ee30251ed34d52c9e799ca00d04fdf166ff0d2d7644ba,078b62143609978eff9ee30251ed34d52c9e799ca00d04fdf166ff0d2d7644ba,1,no_attention_no_multiscale,44,3,0.98748815
adbda2cd245abb1f50d6fc13b63018dc3d585ae06229465743f8da20dd011023,adbda2cd245abb1f50d6fc13b63018dc3d585ae06229465743f8da20dd011023,1,no_attention_no_multiscale,44,3,0.98231816
254ec0b2133af0acfddca8c448b694d23d062f985daf388d05ced2f269372966,254ec0b2133af0acfddca8c448b694d23d062f985daf388d05ced2f269372966,1,no_attention_no_multiscale,44,3,0.9502608
caf1bb9b61f8ce8b71c6d7283ed913e49686befe54572e9371c99680b62e8190,caf1bb9b61f8ce8b71c6d7283ed913e49686befe54572e9371c99680b62e8190,1,no_attention_no_multiscale,44,3,0.9811643
536ae010b72dec062b3a689b3915910694c732a12098ef5bdc10ebe81b7477f3,536ae010b72dec062b3a689b3915910694c732a12098ef5bdc10ebe81b7477f3,1,no_attention_no_multiscale,44,3,0.98208517
c626d3b0cbc6ba8ea7e9049da47367c61b054c32f61809d3752c3e734d5062e9,c626d3b0cbc6ba8ea7e9049da47367c61b054c32f61809d3752c3e734d5062e9,1,no_attention_no_multiscale,44,3,0.78609097
a734d21670a7344e01b0dec42fc76147cd87a3d4bdf41f56aae6ee1f91aa32b9,a734d21670a7344e01b0dec42fc76147cd87a3d4bdf41f56aae6ee1f91aa32b9,1,no_attention_no_multiscale,44,3,0.8830932
bb28460f798cf3c1437974cff9208b3a5d3adc72304da42e7ddbb2232cf0117a,bb28460f798cf3c1437974cff9208b3a5d3adc72304da42e7ddbb2232cf0117a,1,no_attention_no_multiscale,44,3,0.7562349
d1a91e77cf6f1ebf0127b7f8154ce032b9b1aa2a79156f123da382c49d536320,d1a91e77cf6f1ebf0127b7f8154ce032b9b1aa2a79156f123da382c49d536320,1,no_attention_no_multiscale,44,3,0.90926373
8fd29c26253f5b732202ec57a7031eb06ca6a2bd426f107e00973ddc713f628a,8fd29c26253f5b732202ec57a7031eb06ca6a2bd426f107e00973ddc713f628a,1,no_attention_no_multiscale,44,3,0.33898798
d372be321de1f98feb43f054912464cb4f983b8a24ef0376036ea2c8ec122b41,d372be321de1f98feb43f054912464cb4f983b8a24ef0376036ea2c8ec122b41,1,no_attention_no_multiscale,44,3,0.987002
207b091128fc623231f1f7b9e0cc5fb1c112ef55d8d14933de01a634a07cbb7e,207b091128fc623231f1f7b9e0cc5fb1c112ef55d8d14933de01a634a07cbb7e,1,no_attention_no_multiscale,44,3,0.5697679
48e14956e775a971778412f5edbc26f87ed3ae651aeca48fc069294f6dcc166c,48e14956e775a971778412f5edbc26f87ed3ae651aeca48fc069294f6dcc166c,1,no_attention_no_multiscale,44,3,0.53904206
a72f7ff6699463e309b867152937536c79c3a8e1ebe62553c6fcdaa1a07c304a,a72f7ff6699463e309b867152937536c79c3a8e1ebe62553c6fcdaa1a07c304a,1,no_attention_no_multiscale,44,3,0.32825837
6f5d6cc12ba22d7a4d7fe85d4d5df6e22060234401ce415fe7a8577a2c61071f,6f5d6cc12ba22d7a4d7fe85d4d5df6e22060234401ce415fe7a8577a2c61071f,1,no_attention_no_multiscale,44,3,0.9564906
550d0cb250962b4ef1a0cbf8dade59019a8a5153041d49dbfea6410b89f2de79,550d0cb250962b4ef1a0cbf8dade59019a8a5153041d49dbfea6410b89f2de79,0,no_augmentation,44,3,0.93608385
16266df37b596ba5c42fb4225ae4cb15711d304d322448d8f379e0f71b73ae03,16266df37b596ba5c42fb4225ae4cb15711d304d322448d8f379e0f71b73ae03,0,no_augmentation,44,3,0.037369695
87cdc2d151b003be78f52c0dc7c07c1b047f879846b8f7d96b95c39a3d62a70e,87cdc2d151b003be78f52c0dc7c07c1b047f879846b8f7d96b95c39a3d62a70e,0,no_augmentation,44,3,0.014831115
019da44350c7f407f687bae7972cf5585a64977a32c8894384bc36589526e17d,019da44350c7f407f687bae7972cf5585a64977a32c8894384bc36589526e17d,0,no_augmentation,44,3,0.9475056
02fc06d496bbdb0756b65e3b7fdf210a3c07d218b79e0d16eface84e5db72b89,02fc06d496bbdb0756b65e3b7fdf210a3c07d218b79e0d16eface84e5db72b89,0,no_augmentation,44,3,0.75453025
4bda8fe0504ef79e0c9e3e86bb23aae41a67fc050c524ee0e18cc8f923a5da1c,4bda8fe0504ef79e0c9e3e86bb23aae41a67fc050c524ee0e18cc8f923a5da1c,0,no_augmentation,44,3,0.9237622
24d646d7d0db7f6ed4fd2ce895d86acd1c879548873e89a83d72b7a148e2a8fb,24d646d7d0db7f6ed4fd2ce895d86acd1c879548873e89a83d72b7a148e2a8fb,0,no_augmentation,44,3,0.77264625
3de32c152527af18060fc9a0eb01b0ede6025f1994ad3586e96c4a47c3e23898,3de32c152527af18060fc9a0eb01b0ede6025f1994ad3586e96c4a47c3e23898,0,no_augmentation,44,3,0.8165911
7f2c92f25bb20cc189aa475c0e8c21ed0b70b538a33920e2fd6a3276522406f3,7f2c92f25bb20cc189aa475c0e8c21ed0b70b538a33920e2fd6a3276522406f3,0,no_augmentation,44,3,0.013564037
c30f889c48513fe695a6509aa86ffa7952d40b96e13c1e84b319cf6914823e9a,3de32c152527af18060fc9a0eb01b0ede6025f1994ad3586e96c4a47c3e23898,0,no_augmentation,44,3,0.8226583
1af16b025f254c861448bec4d04652b8f81a6850788d507160404fe4f14a5c4f,1af16b025f254c861448bec4d04652b8f81a6850788d507160404fe4f14a5c4f,0,no_augmentation,44,3,0.88889414
987c812a794593c0a8b58f1eed8aac0cf015230fc3a1640b82cf95d91a5609c5,987c812a794593c0a8b58f1eed8aac0cf015230fc3a1640b82cf95d91a5609c5,0,no_augmentation,44,3,0.035112347
eab1eeda798eb5191c4547fb06ccdb98a91b4b4536417d5aa75529cbd2897cad,eab1eeda798eb5191c4547fb06ccdb98a91b4b4536417d5aa75529cbd2897cad,0,no_augmentation,44,3,0.05056476
96dc1ea3df3a481c9959598a38a12ce3ad1fe7159bb523a0c3cc7df71d2539fb,96dc1ea3df3a481c9959598a38a12ce3ad1fe7159bb523a0c3cc7df71d2539fb,0,no_augmentation,44,3,0.070308775
69f020ad229e313caa6d2ba04285a8fd070c7bd45d1759c9ad22a89902c98500,69f020ad229e313caa6d2ba04285a8fd070c7bd45d1759c9ad22a89902c98500,0,no_augmentation,44,3,0.577873
e30545c15b64efcf60c0cd2b7d635d3af6d842df4753ebffd331d1363ba601ea,e30545c15b64efcf60c0cd2b7d635d3af6d842df4753ebffd331d1363ba601ea,1,no_augmentation,44,3,0.043835852
8a7b8d8d0ce44d78c292dab54e953a2abb51a20a1e08ca691cea5bc3725bd729,8a7b8d8d0ce44d78c292dab54e953a2abb51a20a1e08ca691cea5bc3725bd729,1,no_augmentation,44,3,0.9510419
0e73f125d639eb939b9fac62506a72251c106ac784c139c3ffcd160b58b54d03,0e73f125d639eb939b9fac62506a72251c106ac784c139c3ffcd160b58b54d03,1,no_augmentation,44,3,0.008299217
329f1df4eb53b0530dcf747e4459b87e11fc5ea7c4310a090dbe01f5e925ac38,329f1df4eb53b0530dcf747e4459b87e11fc5ea7c4310a090dbe01f5e925ac38,1,no_augmentation,44,3,0.97537166
665398dd64a3482917a9fc377bbcbee957e0f4bf4e48a7d49fb3c6bfcfdd73c9,665398dd64a3482917a9fc377bbcbee957e0f4bf4e48a7d49fb3c6bfcfdd73c9,1,no_augmentation,44,3,0.9664102
44a9fb3b86cdeb63e8858c40ac79c109d89382cfb30fafa7eb703449c7433ada,44a9fb3b86cdeb63e8858c40ac79c109d89382cfb30fafa7eb703449c7433ada,1,no_augmentation,44,3,0.89927256
917c2b80ad1d6f68ad73193c916a97ad9f0c1631bfa2279f7e1a3f4cfab69e69,917c2b80ad1d6f68ad73193c916a97ad9f0c1631bfa2279f7e1a3f4cfab69e69,1,no_augmentation,44,3,0.8387989
b9f9d5612381f7fcb0a7403d37521ff95c4552a276dc1afb02f2739e62a12d10,b9f9d5612381f7fcb0a7403d37521ff95c4552a276dc1afb02f2739e62a12d10,1,no_augmentation,44,3,0.8976012
5aad9032ce847fbf5fbef835461e111546a72ba7e2e2b207f59845a52082ed85,5aad9032ce847fbf5fbef835461e111546a72ba7e2e2b207f59845a52082ed85,1,no_augmentation,44,3,0.8259384
f8b081d13042660a736ea3535411752118892f3a03e6083f3b1e09a2c4ffea5e,f8b081d13042660a736ea3535411752118892f3a03e6083f3b1e09a2c4ffea5e,1,no_augmentation,44,3,0.8807809
681e44e7111a482ff90f70efd6cdf2b884d671322604ff93c091e46b55b2064d,681e44e7111a482ff90f70efd6cdf2b884d671322604ff93c091e46b55b2064d,1,no_augmentation,44,3,0.8953813
2f0019ed81ac1f1e20cb097e01ef675244c5a5c79cd53252977cf1ac511696f4,2f0019ed81ac1f1e20cb097e01ef675244c5a5c79cd53252977cf1ac511696f4,1,no_augmentation,44,3,0.97587454
70fccd62038f1e8f3fcba827e8b0f332f75bc4e329d47d979515a6fbf63c607c,70fccd62038f1e8f3fcba827e8b0f332f75bc4e329d47d979515a6fbf63c607c,1,no_augmentation,44,3,0.951985
078b62143609978eff9ee30251ed34d52c9e799ca00d04fdf166ff0d2d7644ba,078b62143609978eff9ee30251ed34d52c9e799ca00d04fdf166ff0d2d7644ba,1,no_augmentation,44,3,0.9788835
adbda2cd245abb1f50d6fc13b63018dc3d585ae06229465743f8da20dd011023,adbda2cd245abb1f50d6fc13b63018dc3d585ae06229465743f8da20dd011023,1,no_augmentation,44,3,0.9399565
254ec0b2133af0acfddca8c448b694d23d062f985daf388d05ced2f269372966,254ec0b2133af0acfddca8c448b694d23d062f985daf388d05ced2f269372966,1,no_augmentation,44,3,0.95870835
caf1bb9b61f8ce8b71c6d7283ed913e49686befe54572e9371c99680b62e8190,caf1bb9b61f8ce8b71c6d7283ed913e49686befe54572e9371c99680b62e8190,1,no_augmentation,44,3,0.97979766
536ae010b72dec062b3a689b3915910694c732a12098ef5bdc10ebe81b7477f3,536ae010b72dec062b3a689b3915910694c732a12098ef5bdc10ebe81b7477f3,1,no_augmentation,44,3,0.97953624
c626d3b0cbc6ba8ea7e9049da47367c61b054c32f61809d3752c3e734d5062e9,c626d3b0cbc6ba8ea7e9049da47367c61b054c32f61809d3752c3e734d5062e9,1,no_augmentation,44,3,0.67481047
a734d21670a7344e01b0dec42fc76147cd87a3d4bdf41f56aae6ee1f91aa32b9,a734d21670a7344e01b0dec42fc76147cd87a3d4bdf41f56aae6ee1f91aa32b9,1,no_augmentation,44,3,0.85010254
bb28460f798cf3c1437974cff9208b3a5d3adc72304da42e7ddbb2232cf0117a,bb28460f798cf3c1437974cff9208b3a5d3adc72304da42e7ddbb2232cf0117a,1,no_augmentation,44,3,0.1414359
d1a91e77cf6f1ebf0127b7f8154ce032b9b1aa2a79156f123da382c49d536320,d1a91e77cf6f1ebf0127b7f8154ce032b9b1aa2a79156f123da382c49d536320,1,no_augmentation,44,3,0.97911114
8fd29c26253f5b732202ec57a7031eb06ca6a2bd426f107e00973ddc713f628a,8fd29c26253f5b732202ec57a7031eb06ca6a2bd426f107e00973ddc713f628a,1,no_augmentation,44,3,0.86273146
d372be321de1f98feb43f054912464cb4f983b8a24ef0376036ea2c8ec122b41,d372be321de1f98feb43f054912464cb4f983b8a24ef0376036ea2c8ec122b41,1,no_augmentation,44,3,0.9567627
207b091128fc623231f1f7b9e0cc5fb1c112ef55d8d14933de01a634a07cbb7e,207b091128fc623231f1f7b9e0cc5fb1c112ef55d8d14933de01a634a07cbb7e,1,no_augmentation,44,3,0.9340038
48e14956e775a971778412f5edbc26f87ed3ae651aeca48fc069294f6dcc166c,48e14956e775a971778412f5edbc26f87ed3ae651aeca48fc069294f6dcc166c,1,no_augmentation,44,3,0.6911243
a72f7ff6699463e309b867152937536c79c3a8e1ebe62553c6fcdaa1a07c304a,a72f7ff6699463e309b867152937536c79c3a8e1ebe62553c6fcdaa1a07c304a,1,no_augmentation,44,3,0.8909256
6f5d6cc12ba22d7a4d7fe85d4d5df6e22060234401ce415fe7a8577a2c61071f,6f5d6cc12ba22d7a4d7fe85d4d5df6e22060234401ce415fe7a8577a2c61071f,1,no_augmentation,44,3,0.9636779
550d0cb250962b4ef1a0cbf8dade59019a8a5153041d49dbfea6410b89f2de79,550d0cb250962b4ef1a0cbf8dade59019a8a5153041d49dbfea6410b89f2de79,0,plain_cnn,44,3,0.5519627
16266df37b596ba5c42fb4225ae4cb15711d304d322448d8f379e0f71b73ae03,16266df37b596ba5c42fb4225ae4cb15711d304d322448d8f379e0f71b73ae03,0,plain_cnn,44,3,0.20128101
87cdc2d151b003be78f52c0dc7c07c1b047f879846b8f7d96b95c39a3d62a70e,87cdc2d151b003be78f52c0dc7c07c1b047f879846b8f7d96b95c39a3d62a70e,0,plain_cnn,44,3,0.032365143
019da44350c7f407f687bae7972cf5585a64977a32c8894384bc36589526e17d,019da44350c7f407f687bae7972cf5585a64977a32c8894384bc36589526e17d,0,plain_cnn,44,3,0.33208117
02fc06d496bbdb0756b65e3b7fdf210a3c07d218b79e0d16eface84e5db72b89,02fc06d496bbdb0756b65e3b7fdf210a3c07d218b79e0d16eface84e5db72b89,0,plain_cnn,44,3,0.15484461
4bda8fe0504ef79e0c9e3e86bb23aae41a67fc050c524ee0e18cc8f923a5da1c,4bda8fe0504ef79e0c9e3e86bb23aae41a67fc050c524ee0e18cc8f923a5da1c,0,plain_cnn,44,3,0.10976526
24d646d7d0db7f6ed4fd2ce895d86acd1c879548873e89a83d72b7a148e2a8fb,24d646d7d0db7f6ed4fd2ce895d86acd1c879548873e89a83d72b7a148e2a8fb,0,plain_cnn,44,3,0.4473917
3de32c152527af18060fc9a0eb01b0ede6025f1994ad3586e96c4a47c3e23898,3de32c152527af18060fc9a0eb01b0ede6025f1994ad3586e96c4a47c3e23898,0,plain_cnn,44,3,0.8815809
7f2c92f25bb20cc189aa475c0e8c21ed0b70b538a33920e2fd6a3276522406f3,7f2c92f25bb20cc189aa475c0e8c21ed0b70b538a33920e2fd6a3276522406f3,0,plain_cnn,44,3,0.05466174
c30f889c48513fe695a6509aa86ffa7952d40b96e13c1e84b319cf6914823e9a,3de32c152527af18060fc9a0eb01b0ede6025f1994ad3586e96c4a47c3e23898,0,plain_cnn,44,3,0.8968113
1af16b025f254c861448bec4d04652b8f81a6850788d507160404fe4f14a5c4f,1af16b025f254c861448bec4d04652b8f81a6850788d507160404fe4f14a5c4f,0,plain_cnn,44,3,0.96742845
987c812a794593c0a8b58f1eed8aac0cf015230fc3a1640b82cf95d91a5609c5,987c812a794593c0a8b58f1eed8aac0cf015230fc3a1640b82cf95d91a5609c5,0,plain_cnn,44,3,0.104593635
eab1eeda798eb5191c4547fb06ccdb98a91b4b4536417d5aa75529cbd2897cad,eab1eeda798eb5191c4547fb06ccdb98a91b4b4536417d5aa75529cbd2897cad,0,plain_cnn,44,3,0.49841857
96dc1ea3df3a481c9959598a38a12ce3ad1fe7159bb523a0c3cc7df71d2539fb,96dc1ea3df3a481c9959598a38a12ce3ad1fe7159bb523a0c3cc7df71d2539fb,0,plain_cnn,44,3,0.044656094
69f020ad229e313caa6d2ba04285a8fd070c7bd45d1759c9ad22a89902c98500,69f020ad229e313caa6d2ba04285a8fd070c7bd45d1759c9ad22a89902c98500,0,plain_cnn,44,3,0.065679274
e30545c15b64efcf60c0cd2b7d635d3af6d842df4753ebffd331d1363ba601ea,e30545c15b64efcf60c0cd2b7d635d3af6d842df4753ebffd331d1363ba601ea,1,plain_cnn,44,3,0.16030656
8a7b8d8d0ce44d78c292dab54e953a2abb51a20a1e08ca691cea5bc3725bd729,8a7b8d8d0ce44d78c292dab54e953a2abb51a20a1e08ca691cea5bc3725bd729,1,plain_cnn,44,3,0.96449286
0e73f125d639eb939b9fac62506a72251c106ac784c139c3ffcd160b58b54d03,0e73f125d639eb939b9fac62506a72251c106ac784c139c3ffcd160b58b54d03,1,plain_cnn,44,3,0.12512952
329f1df4eb53b0530dcf747e4459b87e11fc5ea7c4310a090dbe01f5e925ac38,329f1df4eb53b0530dcf747e4459b87e11fc5ea7c4310a090dbe01f5e925ac38,1,plain_cnn,44,3,0.93765986
665398dd64a3482917a9fc377bbcbee957e0f4bf4e48a7d49fb3c6bfcfdd73c9,665398dd64a3482917a9fc377bbcbee957e0f4bf4e48a7d49fb3c6bfcfdd73c9,1,plain_cnn,44,3,0.96674156
44a9fb3b86cdeb63e8858c40ac79c109d89382cfb30fafa7eb703449c7433ada,44a9fb3b86cdeb63e8858c40ac79c109d89382cfb30fafa7eb703449c7433ada,1,plain_cnn,44,3,0.94893
917c2b80ad1d6f68ad73193c916a97ad9f0c1631bfa2279f7e1a3f4cfab69e69,917c2b80ad1d6f68ad73193c916a97ad9f0c1631bfa2279f7e1a3f4cfab69e69,1,plain_cnn,44,3,0.9088617
b9f9d5612381f7fcb0a7403d37521ff95c4552a276dc1afb02f2739e62a12d10,b9f9d5612381f7fcb0a7403d37521ff95c4552a276dc1afb02f2739e62a12d10,1,plain_cnn,44,3,0.48427182
5aad9032ce847fbf5fbef835461e111546a72ba7e2e2b207f59845a52082ed85,5aad9032ce847fbf5fbef835461e111546a72ba7e2e2b207f59845a52082ed85,1,plain_cnn,44,3,0.65635026
f8b081d13042660a736ea3535411752118892f3a03e6083f3b1e09a2c4ffea5e,f8b081d13042660a736ea3535411752118892f3a03e6083f3b1e09a2c4ffea5e,1,plain_cnn,44,3,0.8670639
681e44e7111a482ff90f70efd6cdf2b884d671322604ff93c091e46b55b2064d,681e44e7111a482ff90f70efd6cdf2b884d671322604ff93c091e46b55b2064d,1,plain_cnn,44,3,0.97337073
2f0019ed81ac1f1e20cb097e01ef675244c5a5c79cd53252977cf1ac511696f4,2f0019ed81ac1f1e20cb097e01ef675244c5a5c79cd53252977cf1ac511696f4,1,plain_cnn,44,3,0.92698294
70fccd62038f1e8f3fcba827e8b0f332f75bc4e329d47d979515a6fbf63c607c,70fccd62038f1e8f3fcba827e8b0f332f75bc4e329d47d979515a6fbf63c607c,1,plain_cnn,44,3,0.9889283
078b62143609978eff9ee30251ed34d52c9e799ca00d04fdf166ff0d2d7644ba,078b62143609978eff9ee30251ed34d52c9e799ca00d04fdf166ff0d2d7644ba,1,plain_cnn,44,3,0.9767154
adbda2cd245abb1f50d6fc13b63018dc3d585ae06229465743f8da20dd011023,adbda2cd245abb1f50d6fc13b63018dc3d585ae06229465743f8da20dd011023,1,plain_cnn,44,3,0.9516328
254ec0b2133af0acfddca8c448b694d23d062f985daf388d05ced2f269372966,254ec0b2133af0acfddca8c448b694d23d062f985daf388d05ced2f269372966,1,plain_cnn,44,3,0.92923373
caf1bb9b61f8ce8b71c6d7283ed913e49686befe54572e9371c99680b62e8190,caf1bb9b61f8ce8b71c6d7283ed913e49686befe54572e9371c99680b62e8190,1,plain_cnn,44,3,0.98184425
536ae010b72dec062b3a689b3915910694c732a12098ef5bdc10ebe81b7477f3,536ae010b72dec062b3a689b3915910694c732a12098ef5bdc10ebe81b7477f3,1,plain_cnn,44,3,0.99390596
c626d3b0cbc6ba8ea7e9049da47367c61b054c32f61809d3752c3e734d5062e9,c626d3b0cbc6ba8ea7e9049da47367c61b054c32f61809d3752c3e734d5062e9,1,plain_cnn,44,3,0.78745073
a734d21670a7344e01b0dec42fc76147cd87a3d4bdf41f56aae6ee1f91aa32b9,a734d21670a7344e01b0dec42fc76147cd87a3d4bdf41f56aae6ee1f91aa32b9,1,plain_cnn,44,3,0.43583083
bb28460f798cf3c1437974cff9208b3a5d3adc72304da42e7ddbb2232cf0117a,bb28460f798cf3c1437974cff9208b3a5d3adc72304da42e7ddbb2232cf0117a,1,plain_cnn,44,3,0.64147276
d1a91e77cf6f1ebf0127b7f8154ce032b9b1aa2a79156f123da382c49d536320,d1a91e77cf6f1ebf0127b7f8154ce032b9b1aa2a79156f123da382c49d536320,1,plain_cnn,44,3,0.95034784
8fd29c26253f5b732202ec57a7031eb06ca6a2bd426f107e00973ddc713f628a,8fd29c26253f5b732202ec57a7031eb06ca6a2bd426f107e00973ddc713f628a,1,plain_cnn,44,3,0.22437096
d372be321de1f98feb43f054912464cb4f983b8a24ef0376036ea2c8ec122b41,d372be321de1f98feb43f054912464cb4f983b8a24ef0376036ea2c8ec122b41,1,plain_cnn,44,3,0.971162
207b091128fc623231f1f7b9e0cc5fb1c112ef55d8d14933de01a634a07cbb7e,207b091128fc623231f1f7b9e0cc5fb1c112ef55d8d14933de01a634a07cbb7e,1,plain_cnn,44,3,0.4797882
48e14956e775a971778412f5edbc26f87ed3ae651aeca48fc069294f6dcc166c,48e14956e775a971778412f5edbc26f87ed3ae651aeca48fc069294f6dcc166c,1,plain_cnn,44,3,0.12267989
a72f7ff6699463e309b867152937536c79c3a8e1ebe62553c6fcdaa1a07c304a,a72f7ff6699463e309b867152937536c79c3a8e1ebe62553c6fcdaa1a07c304a,1,plain_cnn,44,3,0.18787286
6f5d6cc12ba22d7a4d7fe85d4d5df6e22060234401ce415fe7a8577a2c61071f,6f5d6cc12ba22d7a4d7fe85d4d5df6e22060234401ce415fe7a8577a2c61071f,1,plain_cnn,44,3,0.9085674
550d0cb250962b4ef1a0cbf8dade59019a8a5153041d49dbfea6410b89f2de79,550d0cb250962b4ef1a0cbf8dade59019a8a5153041d49dbfea6410b89f2de79,0,narrow_resnet_gn,44,3,0.38357127
16266df37b596ba5c42fb4225ae4cb15711d304d322448d8f379e0f71b73ae03,16266df37b596ba5c42fb4225ae4cb15711d304d322448d8f379e0f71b73ae03,0,narrow_resnet_gn,44,3,0.047157794
87cdc2d151b003be78f52c0dc7c07c1b047f879846b8f7d96b95c39a3d62a70e,87cdc2d151b003be78f52c0dc7c07c1b047f879846b8f7d96b95c39a3d62a70e,0,narrow_resnet_gn,44,3,0.08330663
019da44350c7f407f687bae7972cf5585a64977a32c8894384bc36589526e17d,019da44350c7f407f687bae7972cf5585a64977a32c8894384bc36589526e17d,0,narrow_resnet_gn,44,3,0.51516145
02fc06d496bbdb0756b65e3b7fdf210a3c07d218b79e0d16eface84e5db72b89,02fc06d496bbdb0756b65e3b7fdf210a3c07d218b79e0d16eface84e5db72b89,0,narrow_resnet_gn,44,3,0.31102046
4bda8fe0504ef79e0c9e3e86bb23aae41a67fc050c524ee0e18cc8f923a5da1c,4bda8fe0504ef79e0c9e3e86bb23aae41a67fc050c524ee0e18cc8f923a5da1c,0,narrow_resnet_gn,44,3,0.10122093
24d646d7d0db7f6ed4fd2ce895d86acd1c879548873e89a83d72b7a148e2a8fb,24d646d7d0db7f6ed4fd2ce895d86acd1c879548873e89a83d72b7a148e2a8fb,0,narrow_resnet_gn,44,3,0.657925
3de32c152527af18060fc9a0eb01b0ede6025f1994ad3586e96c4a47c3e23898,3de32c152527af18060fc9a0eb01b0ede6025f1994ad3586e96c4a47c3e23898,0,narrow_resnet_gn,44,3,0.3588367
7f2c92f25bb20cc189aa475c0e8c21ed0b70b538a33920e2fd6a3276522406f3,7f2c92f25bb20cc189aa475c0e8c21ed0b70b538a33920e2fd6a3276522406f3,0,narrow_resnet_gn,44,3,0.06519477
c30f889c48513fe695a6509aa86ffa7952d40b96e13c1e84b319cf6914823e9a,3de32c152527af18060fc9a0eb01b0ede6025f1994ad3586e96c4a47c3e23898,0,narrow_resnet_gn,44,3,0.3989859
1af16b025f254c861448bec4d04652b8f81a6850788d507160404fe4f14a5c4f,1af16b025f254c861448bec4d04652b8f81a6850788d507160404fe4f14a5c4f,0,narrow_resnet_gn,44,3,0.9178608
987c812a794593c0a8b58f1eed8aac0cf015230fc3a1640b82cf95d91a5609c5,987c812a794593c0a8b58f1eed8aac0cf015230fc3a1640b82cf95d91a5609c5,0,narrow_resnet_gn,44,3,0.23997621
eab1eeda798eb5191c4547fb06ccdb98a91b4b4536417d5aa75529cbd2897cad,eab1eeda798eb5191c4547fb06ccdb98a91b4b4536417d5aa75529cbd2897cad,0,narrow_resnet_gn,44,3,0.6100945
96dc1ea3df3a481c9959598a38a12ce3ad1fe7159bb523a0c3cc7df71d2539fb,96dc1ea3df3a481c9959598a38a12ce3ad1fe7159bb523a0c3cc7df71d2539fb,0,narrow_resnet_gn,44,3,0.031530008
69f020ad229e313caa6d2ba04285a8fd070c7bd45d1759c9ad22a89902c98500,69f020ad229e313caa6d2ba04285a8fd070c7bd45d1759c9ad22a89902c98500,0,narrow_resnet_gn,44,3,0.38736886
e30545c15b64efcf60c0cd2b7d635d3af6d842df4753ebffd331d1363ba601ea,e30545c15b64efcf60c0cd2b7d635d3af6d842df4753ebffd331d1363ba601ea,1,narrow_resnet_gn,44,3,0.12515914
8a7b8d8d0ce44d78c292dab54e953a2abb51a20a1e08ca691cea5bc3725bd729,8a7b8d8d0ce44d78c292dab54e953a2abb51a20a1e08ca691cea5bc3725bd729,1,narrow_resnet_gn,44,3,0.36211592
0e73f125d639eb939b9fac62506a72251c106ac784c139c3ffcd160b58b54d03,0e73f125d639eb939b9fac62506a72251c106ac784c139c3ffcd160b58b54d03,1,narrow_resnet_gn,44,3,0.48605278
329f1df4eb53b0530dcf747e4459b87e11fc5ea7c4310a090dbe01f5e925ac38,329f1df4eb53b0530dcf747e4459b87e11fc5ea7c4310a090dbe01f5e925ac38,1,narrow_resnet_gn,44,3,0.9213062
665398dd64a3482917a9fc377bbcbee957e0f4bf4e48a7d49fb3c6bfcfdd73c9,665398dd64a3482917a9fc377bbcbee957e0f4bf4e48a7d49fb3c6bfcfdd73c9,1,narrow_resnet_gn,44,3,0.5905312
44a9fb3b86cdeb63e8858c40ac79c109d89382cfb30fafa7eb703449c7433ada,44a9fb3b86cdeb63e8858c40ac79c109d89382cfb30fafa7eb703449c7433ada,1,narrow_resnet_gn,44,3,0.928653
917c2b80ad1d6f68ad73193c916a97ad9f0c1631bfa2279f7e1a3f4cfab69e69,917c2b80ad1d6f68ad73193c916a97ad9f0c1631bfa2279f7e1a3f4cfab69e69,1,narrow_resnet_gn,44,3,0.877719
b9f9d5612381f7fcb0a7403d37521ff95c4552a276dc1afb02f2739e62a12d10,b9f9d5612381f7fcb0a7403d37521ff95c4552a276dc1afb02f2739e62a12d10,1,narrow_resnet_gn,44,3,0.14259703
5aad9032ce847fbf5fbef835461e111546a72ba7e2e2b207f59845a52082ed85,5aad9032ce847fbf5fbef835461e111546a72ba7e2e2b207f59845a52082ed85,1,narrow_resnet_gn,44,3,0.9568157
f8b081d13042660a736ea3535411752118892f3a03e6083f3b1e09a2c4ffea5e,f8b081d13042660a736ea3535411752118892f3a03e6083f3b1e09a2c4ffea5e,1,narrow_resnet_gn,44,3,0.80340546
681e44e7111a482ff90f70efd6cdf2b884d671322604ff93c091e46b55b2064d,681e44e7111a482ff90f70efd6cdf2b884d671322604ff93c091e46b55b2064d,1,narrow_resnet_gn,44,3,0.77871865
2f0019ed81ac1f1e20cb097e01ef675244c5a5c79cd53252977cf1ac511696f4,2f0019ed81ac1f1e20cb097e01ef675244c5a5c79cd53252977cf1ac511696f4,1,narrow_resnet_gn,44,3,0.9318035
70fccd62038f1e8f3fcba827e8b0f332f75bc4e329d47d979515a6fbf63c607c,70fccd62038f1e8f3fcba827e8b0f332f75bc4e329d47d979515a6fbf63c607c,1,narrow_resnet_gn,44,3,0.77662975
078b62143609978eff9ee30251ed34d52c9e799ca00d04fdf166ff0d2d7644ba,078b62143609978eff9ee30251ed34d52c9e799ca00d04fdf166ff0d2d7644ba,1,narrow_resnet_gn,44,3,0.6796875
adbda2cd245abb1f50d6fc13b63018dc3d585ae06229465743f8da20dd011023,adbda2cd245abb1f50d6fc13b63018dc3d585ae06229465743f8da20dd011023,1,narrow_resnet_gn,44,3,0.57043505
254ec0b2133af0acfddca8c448b694d23d062f985daf388d05ced2f269372966,254ec0b2133af0acfddca8c448b694d23d062f985daf388d05ced2f269372966,1,narrow_resnet_gn,44,3,0.90081424
caf1bb9b61f8ce8b71c6d7283ed913e49686befe54572e9371c99680b62e8190,caf1bb9b61f8ce8b71c6d7283ed913e49686befe54572e9371c99680b62e8190,1,narrow_resnet_gn,44,3,0.76128495
536ae010b72dec062b3a689b3915910694c732a12098ef5bdc10ebe81b7477f3,536ae010b72dec062b3a689b3915910694c732a12098ef5bdc10ebe81b7477f3,1,narrow_resnet_gn,44,3,0.6909291
c626d3b0cbc6ba8ea7e9049da47367c61b054c32f61809d3752c3e734d5062e9,c626d3b0cbc6ba8ea7e9049da47367c61b054c32f61809d3752c3e734d5062e9,1,narrow_resnet_gn,44,3,0.4171887
a734d21670a7344e01b0dec42fc76147cd87a3d4bdf41f56aae6ee1f91aa32b9,a734d21670a7344e01b0dec42fc76147cd87a3d4bdf41f56aae6ee1f91aa32b9,1,narrow_resnet_gn,44,3,0.60397
bb28460f798cf3c1437974cff9208b3a5d3adc72304da42e7ddbb2232cf0117a,bb28460f798cf3c1437974cff9208b3a5d3adc72304da42e7ddbb2232cf0117a,1,narrow_resnet_gn,44,3,0.5439499
d1a91e77cf6f1ebf0127b7f8154ce032b9b1aa2a79156f123da382c49d536320,d1a91e77cf6f1ebf0127b7f8154ce032b9b1aa2a79156f123da382c49d536320,1,narrow_resnet_gn,44,3,0.92635286
8fd29c26253f5b732202ec57a7031eb06ca6a2bd426f107e00973ddc713f628a,8fd29c26253f5b732202ec57a7031eb06ca6a2bd426f107e00973ddc713f628a,1,narrow_resnet_gn,44,3,0.16943124
d372be321de1f98feb43f054912464cb4f983b8a24ef0376036ea2c8ec122b41,d372be321de1f98feb43f054912464cb4f983b8a24ef0376036ea2c8ec122b41,1,narrow_resnet_gn,44,3,0.91000843
207b091128fc623231f1f7b9e0cc5fb1c112ef55d8d14933de01a634a07cbb7e,207b091128fc623231f1f7b9e0cc5fb1c112ef55d8d14933de01a634a07cbb7e,1,narrow_resnet_gn,44,3,0.12500693
48e14956e775a971778412f5edbc26f87ed3ae651aeca48fc069294f6dcc166c,48e14956e775a971778412f5edbc26f87ed3ae651aeca48fc069294f6dcc166c,1,narrow_resnet_gn,44,3,0.46593463
a72f7ff6699463e309b867152937536c79c3a8e1ebe62553c6fcdaa1a07c304a,a72f7ff6699463e309b867152937536c79c3a8e1ebe62553c6fcdaa1a07c304a,1,narrow_resnet_gn,44,3,0.14555934
6f5d6cc12ba22d7a4d7fe85d4d5df6e22060234401ce415fe7a8577a2c61071f,6f5d6cc12ba22d7a4d7fe85d4d5df6e22060234401ce415fe7a8577a2c61071f,1,narrow_resnet_gn,44,3,0.944697
34eeb369fff52f1ad84bba5d77da167a26ca5249293e3910bb04e8af2bf2ba25,34eeb369fff52f1ad84bba5d77da167a26ca5249293e3910bb04e8af2bf2ba25,0,full,44,4,0.06818864
e4a8a1984d9693e70d8335a1c8c77a39a68f684b5661ac2edc34f8e971dd88f1,e4a8a1984d9693e70d8335a1c8c77a39a68f684b5661ac2edc34f8e971dd88f1,0,full,44,4,0.19822165
1aef7dac4e05e817a3496f6a49b890c9f2fc84b3afcda460c74f76723e09851e,1aef7dac4e05e817a3496f6a49b890c9f2fc84b3afcda460c74f76723e09851e,0,full,44,4,0.73897713
90c4faafd845360cbfd09f19632147497b4b04463ee87ae31d991f20e6ca6ed0,90c4faafd845360cbfd09f19632147497b4b04463ee87ae31d991f20e6ca6ed0,0,full,44,4,0.4262107
cce8e87b4fb59d8c79ae90de643a8203db5e0e0a73b4bb42effe9c2517f6fa01,cce8e87b4fb59d8c79ae90de643a8203db5e0e0a73b4bb42effe9c2517f6fa01,0,full,44,4,0.09330766
2ed39cc6daa76227fef121e3687cd919552874410cad3b708ad363313a942626,2ed39cc6daa76227fef121e3687cd919552874410cad3b708ad363313a942626,0,full,44,4,0.13119996
09393b70fcb61a1299bad46fd256c97f665e2830c41f528825d78823aa77afcb,09393b70fcb61a1299bad46fd256c97f665e2830c41f528825d78823aa77afcb,0,full,44,4,0.5079073
fe24370b7fbad1d4671832b0132f589ae94191d04a324806374726cbb9553a9a,fe24370b7fbad1d4671832b0132f589ae94191d04a324806374726cbb9553a9a,0,full,44,4,0.1958573
2696e7062b07582af40cc808c1d7ec35909b89548d5f99f2ed8d7f97e45374f9,2696e7062b07582af40cc808c1d7ec35909b89548d5f99f2ed8d7f97e45374f9,0,full,44,4,0.11648596
83aaaf100259fad75d3cae0d1f0acedff5a3718d7d1db32062bd1cd3aac86688,34eeb369fff52f1ad84bba5d77da167a26ca5249293e3910bb04e8af2bf2ba25,0,full,44,4,0.06315926
9fed845a58f23ea75c16c2f89d701ca68c7780565f94dd913a3fc2fd8e01b9cd,9fed845a58f23ea75c16c2f89d701ca68c7780565f94dd913a3fc2fd8e01b9cd,0,full,44,4,0.24467565
683f3845f5e1a3e4b1f8fead91bc8f1f840f7e6724d34d9ea393e0b71d86d220,683f3845f5e1a3e4b1f8fead91bc8f1f840f7e6724d34d9ea393e0b71d86d220,0,full,44,4,0.72627
b139e0fcae28ad639ed2540074d7cf1ed36ef82ad840c1cf598128f4f55b6f94,2ed39cc6daa76227fef121e3687cd919552874410cad3b708ad363313a942626,0,full,44,4,0.16034481
6af768514c2ab6b4609d28567d61ed8a7c5ffc020422713a7be95efdb8512f6a,6af768514c2ab6b4609d28567d61ed8a7c5ffc020422713a7be95efdb8512f6a,0,full,44,4,0.30577663
91ec708e6345187e7e6cb79d8f506804299539768c93c40dad9b190d53558a60,91ec708e6345187e7e6cb79d8f506804299539768c93c40dad9b190d53558a60,0,full,44,4,0.34476146
4b28a53817d0da69153d71be73ea818aaa6ac48f65a8dd2a5d84a6225fa0f94a,4b28a53817d0da69153d71be73ea818aaa6ac48f65a8dd2a5d84a6225fa0f94a,0,full,44,4,0.35007253
af848889102601facd1b908c76d3cbf1ac5bb5681300d7e5a97893261e5d4a11,af848889102601facd1b908c76d3cbf1ac5bb5681300d7e5a97893261e5d4a11,0,full,44,4,0.8327588
bdce5afee31c171c25454a01878f49a2bb1d2887df3eee350399b383513f8cae,bdce5afee31c171c25454a01878f49a2bb1d2887df3eee350399b383513f8cae,0,full,44,4,0.55682355
81fe68a9e2fc315e9710282f606a670778130998e1390a3144d9bf5b31bd4065,81fe68a9e2fc315e9710282f606a670778130998e1390a3144d9bf5b31bd4065,0,full,44,4,0.10924312
b12ea55157f26c262502f57f8eb5ab13ef9aeac065eed940af6c87d362ad9300,b12ea55157f26c262502f57f8eb5ab13ef9aeac065eed940af6c87d362ad9300,0,full,44,4,0.069161296
d6c7145cffa1d9b450905160ed7b9b4579c864eb77395fc69813e5e6b74e495d,d6c7145cffa1d9b450905160ed7b9b4579c864eb77395fc69813e5e6b74e495d,1,full,44,4,0.5779158
bd342fb9cbae0aaced0b790162fd2173c66f2b4d4548d7c8f56c07a655cdfa2f,bd342fb9cbae0aaced0b790162fd2173c66f2b4d4548d7c8f56c07a655cdfa2f,1,full,44,4,0.6724211
8dc2f105b420d03e79f318c43a9bc8b63105f57cd452b4de3ab53998ee2c0013,4b500751557f10159179da0bf35abdbd125e04d552884e8115db912c31f440e5,1,full,44,4,0.23569669
ec29cdff7047d7ea62b34c125bfb4d183e75d1102f79ea2672f3383533776599,ec29cdff7047d7ea62b34c125bfb4d183e75d1102f79ea2672f3383533776599,1,full,44,4,0.7402501
1698e358015b2ecda49464781e87202cb625b72cfe0d2bc1e392f949afad6345,1698e358015b2ecda49464781e87202cb625b72cfe0d2bc1e392f949afad6345,1,full,44,4,0.7535372
56562a6e44ee836f84a036e2e76a09f7d302082181f58852651d2c48646ccc2a,56562a6e44ee836f84a036e2e76a09f7d302082181f58852651d2c48646ccc2a,1,full,44,4,0.6661427
dfa19f73a09806cff5b8b3570e9ac156041cf5c4972375230d5bb22c82540be9,dfa19f73a09806cff5b8b3570e9ac156041cf5c4972375230d5bb22c82540be9,1,full,44,4,0.9336316
a645b290ac12124164b9b27be07bbe9f4d5a44e51a551a6ca26321867a0006e9,a645b290ac12124164b9b27be07bbe9f4d5a44e51a551a6ca26321867a0006e9,1,full,44,4,0.5948827
4b500751557f10159179da0bf35abdbd125e04d552884e8115db912c31f440e5,4b500751557f10159179da0bf35abdbd125e04d552884e8115db912c31f440e5,1,full,44,4,0.22600284
78e97d3de70b032f0d206a290be5a6f5b64f7e058d60e0ef0331a2f58438a43e,78e97d3de70b032f0d206a290be5a6f5b64f7e058d60e0ef0331a2f58438a43e,1,full,44,4,0.78135335
cd7814cfd9f4006cc37117d886dabdeb8ae27fcdbd9248592df88b6f54fd5bd5,cd7814cfd9f4006cc37117d886dabdeb8ae27fcdbd9248592df88b6f54fd5bd5,1,full,44,4,0.7601186
4833565f53ed51543091352a222ac98b1c6096441861c9c035127a80fd460257,4833565f53ed51543091352a222ac98b1c6096441861c9c035127a80fd460257,1,full,44,4,0.55847883
1945a41778e1fcf8341500525e443c5347977c28baf26a0ced32f99534edd898,1945a41778e1fcf8341500525e443c5347977c28baf26a0ced32f99534edd898,1,full,44,4,0.6825892
6f83510d9f035d7a17efffccb9603239c49ba14dce10dbe0e25a3358e63a2ffb,6f83510d9f035d7a17efffccb9603239c49ba14dce10dbe0e25a3358e63a2ffb,1,full,44,4,0.82644325
976659c77cc9b2679e77eb492592dfd66045319538e6f68604e0027b237cc949,976659c77cc9b2679e77eb492592dfd66045319538e6f68604e0027b237cc949,1,full,44,4,0.5531933
664d62c750b5c76bce37e6b7496f70a9195a139c893da9e2487cf441bd622dda,664d62c750b5c76bce37e6b7496f70a9195a139c893da9e2487cf441bd622dda,1,full,44,4,0.8714383
7b410517b5262c81b8cbd2a606b2b730e4aa41b2f4c405c406d0ab497a375fad,7b410517b5262c81b8cbd2a606b2b730e4aa41b2f4c405c406d0ab497a375fad,1,full,44,4,0.83467615
e47b451baa75405ff12a9ec02887a268755b304791cb8555636959ac66bba7c7,3e71fcc3f8a78e780596bbec3dc14e6e087e8d2f9a9eafdf54aa98995bf96af2,1,full,44,4,0.4818293
c6f1bb114ffc0594d49c3991aec03ef53c6d44506cd552baad1020f821d80648,c6f1bb114ffc0594d49c3991aec03ef53c6d44506cd552baad1020f821d80648,1,full,44,4,0.734117
a9ad252451dd83369e64751c361e0394fe0f2c117c56915ca089ba9683fffdab,a9ad252451dd83369e64751c361e0394fe0f2c117c56915ca089ba9683fffdab,1,full,44,4,0.7466544
89810c9f9da51413829ef3ab0355af8a0dcce6507f1a0a77b0c4a5c7563a9e86,89810c9f9da51413829ef3ab0355af8a0dcce6507f1a0a77b0c4a5c7563a9e86,1,full,44,4,0.8732228
0da7ca18162b012c5e65e29a6521df3c090a0070342516591883801876f8a8de,0da7ca18162b012c5e65e29a6521df3c090a0070342516591883801876f8a8de,1,full,44,4,0.91404045
543e00753b2ae3a42b97e68ca83e94c7ea945e6736e6e1d7dd26808a5dad0e8b,543e00753b2ae3a42b97e68ca83e94c7ea945e6736e6e1d7dd26808a5dad0e8b,1,full,44,4,0.77735466
67778117c04d9ef5410e5521de74b72c8e3085491ba75d99bd2109762a058efe,67778117c04d9ef5410e5521de74b72c8e3085491ba75d99bd2109762a058efe,1,full,44,4,0.8873707
41ba1713a0172bdfc63c74f78b33b7fe084c29f647de8fc56d71675df288615f,41ba1713a0172bdfc63c74f78b33b7fe084c29f647de8fc56d71675df288615f,1,full,44,4,0.91466135
3e71fcc3f8a78e780596bbec3dc14e6e087e8d2f9a9eafdf54aa98995bf96af2,3e71fcc3f8a78e780596bbec3dc14e6e087e8d2f9a9eafdf54aa98995bf96af2,1,full,44,4,0.4521966
34eeb369fff52f1ad84bba5d77da167a26ca5249293e3910bb04e8af2bf2ba25,34eeb369fff52f1ad84bba5d77da167a26ca5249293e3910bb04e8af2bf2ba25,0,no_attention,44,4,0.002733079
e4a8a1984d9693e70d8335a1c8c77a39a68f684b5661ac2edc34f8e971dd88f1,e4a8a1984d9693e70d8335a1c8c77a39a68f684b5661ac2edc34f8e971dd88f1,0,no_attention,44,4,0.019552905
1aef7dac4e05e817a3496f6a49b890c9f2fc84b3afcda460c74f76723e09851e,1aef7dac4e05e817a3496f6a49b890c9f2fc84b3afcda460c74f76723e09851e,0,no_attention,44,4,0.86669075
90c4faafd845360cbfd09f19632147497b4b04463ee87ae31d991f20e6ca6ed0,90c4faafd845360cbfd09f19632147497b4b04463ee87ae31d991f20e6ca6ed0,0,no_attention,44,4,0.5466538
cce8e87b4fb59d8c79ae90de643a8203db5e0e0a73b4bb42effe9c2517f6fa01,cce8e87b4fb59d8c79ae90de643a8203db5e0e0a73b4bb42effe9c2517f6fa01,0,no_attention,44,4,0.015344608
2ed39cc6daa76227fef121e3687cd919552874410cad3b708ad363313a942626,2ed39cc6daa76227fef121e3687cd919552874410cad3b708ad363313a942626,0,no_attention,44,4,0.008445962
09393b70fcb61a1299bad46fd256c97f665e2830c41f528825d78823aa77afcb,09393b70fcb61a1299bad46fd256c97f665e2830c41f528825d78823aa77afcb,0,no_attention,44,4,0.55064356
fe24370b7fbad1d4671832b0132f589ae94191d04a324806374726cbb9553a9a,fe24370b7fbad1d4671832b0132f589ae94191d04a324806374726cbb9553a9a,0,no_attention,44,4,0.5288417
2696e7062b07582af40cc808c1d7ec35909b89548d5f99f2ed8d7f97e45374f9,2696e7062b07582af40cc808c1d7ec35909b89548d5f99f2ed8d7f97e45374f9,0,no_attention,44,4,0.018381765
83aaaf100259fad75d3cae0d1f0acedff5a3718d7d1db32062bd1cd3aac86688,34eeb369fff52f1ad84bba5d77da167a26ca5249293e3910bb04e8af2bf2ba25,0,no_attention,44,4,0.0026891734
9fed845a58f23ea75c16c2f89d701ca68c7780565f94dd913a3fc2fd8e01b9cd,9fed845a58f23ea75c16c2f89d701ca68c7780565f94dd913a3fc2fd8e01b9cd,0,no_attention,44,4,0.033899914
683f3845f5e1a3e4b1f8fead91bc8f1f840f7e6724d34d9ea393e0b71d86d220,683f3845f5e1a3e4b1f8fead91bc8f1f840f7e6724d34d9ea393e0b71d86d220,0,no_attention,44,4,0.5400634
b139e0fcae28ad639ed2540074d7cf1ed36ef82ad840c1cf598128f4f55b6f94,2ed39cc6daa76227fef121e3687cd919552874410cad3b708ad363313a942626,0,no_attention,44,4,0.011330115
6af768514c2ab6b4609d28567d61ed8a7c5ffc020422713a7be95efdb8512f6a,6af768514c2ab6b4609d28567d61ed8a7c5ffc020422713a7be95efdb8512f6a,0,no_attention,44,4,0.02707961
91ec708e6345187e7e6cb79d8f506804299539768c93c40dad9b190d53558a60,91ec708e6345187e7e6cb79d8f506804299539768c93c40dad9b190d53558a60,0,no_attention,44,4,0.29353565
4b28a53817d0da69153d71be73ea818aaa6ac48f65a8dd2a5d84a6225fa0f94a,4b28a53817d0da69153d71be73ea818aaa6ac48f65a8dd2a5d84a6225fa0f94a,0,no_attention,44,4,0.6599985
af848889102601facd1b908c76d3cbf1ac5bb5681300d7e5a97893261e5d4a11,af848889102601facd1b908c76d3cbf1ac5bb5681300d7e5a97893261e5d4a11,0,no_attention,44,4,0.93943787
bdce5afee31c171c25454a01878f49a2bb1d2887df3eee350399b383513f8cae,bdce5afee31c171c25454a01878f49a2bb1d2887df3eee350399b383513f8cae,0,no_attention,44,4,0.7908552
81fe68a9e2fc315e9710282f606a670778130998e1390a3144d9bf5b31bd4065,81fe68a9e2fc315e9710282f606a670778130998e1390a3144d9bf5b31bd4065,0,no_attention,44,4,0.014116646
b12ea55157f26c262502f57f8eb5ab13ef9aeac065eed940af6c87d362ad9300,b12ea55157f26c262502f57f8eb5ab13ef9aeac065eed940af6c87d362ad9300,0,no_attention,44,4,0.007024067
d6c7145cffa1d9b450905160ed7b9b4579c864eb77395fc69813e5e6b74e495d,d6c7145cffa1d9b450905160ed7b9b4579c864eb77395fc69813e5e6b74e495d,1,no_attention,44,4,0.9767106
bd342fb9cbae0aaced0b790162fd2173c66f2b4d4548d7c8f56c07a655cdfa2f,bd342fb9cbae0aaced0b790162fd2173c66f2b4d4548d7c8f56c07a655cdfa2f,1,no_attention,44,4,0.4871101
8dc2f105b420d03e79f318c43a9bc8b63105f57cd452b4de3ab53998ee2c0013,4b500751557f10159179da0bf35abdbd125e04d552884e8115db912c31f440e5,1,no_attention,44,4,0.2804999
ec29cdff7047d7ea62b34c125bfb4d183e75d1102f79ea2672f3383533776599,ec29cdff7047d7ea62b34c125bfb4d183e75d1102f79ea2672f3383533776599,1,no_attention,44,4,0.83000416
1698e358015b2ecda49464781e87202cb625b72cfe0d2bc1e392f949afad6345,1698e358015b2ecda49464781e87202cb625b72cfe0d2bc1e392f949afad6345,1,no_attention,44,4,0.67135185
56562a6e44ee836f84a036e2e76a09f7d302082181f58852651d2c48646ccc2a,56562a6e44ee836f84a036e2e76a09f7d302082181f58852651d2c48646ccc2a,1,no_attention,44,4,0.60459316
dfa19f73a09806cff5b8b3570e9ac156041cf5c4972375230d5bb22c82540be9,dfa19f73a09806cff5b8b3570e9ac156041cf5c4972375230d5bb22c82540be9,1,no_attention,44,4,0.97928727
a645b290ac12124164b9b27be07bbe9f4d5a44e51a551a6ca26321867a0006e9,a645b290ac12124164b9b27be07bbe9f4d5a44e51a551a6ca26321867a0006e9,1,no_attention,44,4,0.7828454
4b500751557f10159179da0bf35abdbd125e04d552884e8115db912c31f440e5,4b500751557f10159179da0bf35abdbd125e04d552884e8115db912c31f440e5,1,no_attention,44,4,0.26756686
78e97d3de70b032f0d206a290be5a6f5b64f7e058d60e0ef0331a2f58438a43e,78e97d3de70b032f0d206a290be5a6f5b64f7e058d60e0ef0331a2f58438a43e,1,no_attention,44,4,0.7905926
cd7814cfd9f4006cc37117d886dabdeb8ae27fcdbd9248592df88b6f54fd5bd5,cd7814cfd9f4006cc37117d886dabdeb8ae27fcdbd9248592df88b6f54fd5bd5,1,no_attention,44,4,0.8854272
4833565f53ed51543091352a222ac98b1c6096441861c9c035127a80fd460257,4833565f53ed51543091352a222ac98b1c6096441861c9c035127a80fd460257,1,no_attention,44,4,0.7745627
1945a41778e1fcf8341500525e443c5347977c28baf26a0ced32f99534edd898,1945a41778e1fcf8341500525e443c5347977c28baf26a0ced32f99534edd898,1,no_attention,44,4,0.98002887
6f83510d9f035d7a17efffccb9603239c49ba14dce10dbe0e25a3358e63a2ffb,6f83510d9f035d7a17efffccb9603239c49ba14dce10dbe0e25a3358e63a2ffb,1,no_attention,44,4,0.98842037
976659c77cc9b2679e77eb492592dfd66045319538e6f68604e0027b237cc949,976659c77cc9b2679e77eb492592dfd66045319538e6f68604e0027b237cc949,1,no_attention,44,4,0.22801754
664d62c750b5c76bce37e6b7496f70a9195a139c893da9e2487cf441bd622dda,664d62c750b5c76bce37e6b7496f70a9195a139c893da9e2487cf441bd622dda,1,no_attention,44,4,0.7221484
7b410517b5262c81b8cbd2a606b2b730e4aa41b2f4c405c406d0ab497a375fad,7b410517b5262c81b8cbd2a606b2b730e4aa41b2f4c405c406d0ab497a375fad,1,no_attention,44,4,0.9353524
e47b451baa75405ff12a9ec02887a268755b304791cb8555636959ac66bba7c7,3e71fcc3f8a78e780596bbec3dc14e6e087e8d2f9a9eafdf54aa98995bf96af2,1,no_attention,44,4,0.5932787
c6f1bb114ffc0594d49c3991aec03ef53c6d44506cd552baad1020f821d80648,c6f1bb114ffc0594d49c3991aec03ef53c6d44506cd552baad1020f821d80648,1,no_attention,44,4,0.69150895
a9ad252451dd83369e64751c361e0394fe0f2c117c56915ca089ba9683fffdab,a9ad252451dd83369e64751c361e0394fe0f2c117c56915ca089ba9683fffdab,1,no_attention,44,4,0.9405874
89810c9f9da51413829ef3ab0355af8a0dcce6507f1a0a77b0c4a5c7563a9e86,89810c9f9da51413829ef3ab0355af8a0dcce6507f1a0a77b0c4a5c7563a9e86,1,no_attention,44,4,0.5623531
0da7ca18162b012c5e65e29a6521df3c090a0070342516591883801876f8a8de,0da7ca18162b012c5e65e29a6521df3c090a0070342516591883801876f8a8de,1,no_attention,44,4,0.9523131
543e00753b2ae3a42b97e68ca83e94c7ea945e6736e6e1d7dd26808a5dad0e8b,543e00753b2ae3a42b97e68ca83e94c7ea945e6736e6e1d7dd26808a5dad0e8b,1,no_attention,44,4,0.97355384
67778117c04d9ef5410e5521de74b72c8e3085491ba75d99bd2109762a058efe,67778117c04d9ef5410e5521de74b72c8e3085491ba75d99bd2109762a058efe,1,no_attention,44,4,0.96913135
41ba1713a0172bdfc63c74f78b33b7fe084c29f647de8fc56d71675df288615f,41ba1713a0172bdfc63c74f78b33b7fe084c29f647de8fc56d71675df288615f,1,no_attention,44,4,0.8275623
3e71fcc3f8a78e780596bbec3dc14e6e087e8d2f9a9eafdf54aa98995bf96af2,3e71fcc3f8a78e780596bbec3dc14e6e087e8d2f9a9eafdf54aa98995bf96af2,1,no_attention,44,4,0.56607205
34eeb369fff52f1ad84bba5d77da167a26ca5249293e3910bb04e8af2bf2ba25,34eeb369fff52f1ad84bba5d77da167a26ca5249293e3910bb04e8af2bf2ba25,0,no_multiscale,44,4,0.23153798
e4a8a1984d9693e70d8335a1c8c77a39a68f684b5661ac2edc34f8e971dd88f1,e4a8a1984d9693e70d8335a1c8c77a39a68f684b5661ac2edc34f8e971dd88f1,0,no_multiscale,44,4,0.35084766
1aef7dac4e05e817a3496f6a49b890c9f2fc84b3afcda460c74f76723e09851e,1aef7dac4e05e817a3496f6a49b890c9f2fc84b3afcda460c74f76723e09851e,0,no_multiscale,44,4,0.5360951
90c4faafd845360cbfd09f19632147497b4b04463ee87ae31d991f20e6ca6ed0,90c4faafd845360cbfd09f19632147497b4b04463ee87ae31d991f20e6ca6ed0,0,no_multiscale,44,4,0.47985253
cce8e87b4fb59d8c79ae90de643a8203db5e0e0a73b4bb42effe9c2517f6fa01,cce8e87b4fb59d8c79ae90de643a8203db5e0e0a73b4bb42effe9c2517f6fa01,0,no_multiscale,44,4,0.28047678
2ed39cc6daa76227fef121e3687cd919552874410cad3b708ad363313a942626,2ed39cc6daa76227fef121e3687cd919552874410cad3b708ad363313a942626,0,no_multiscale,44,4,0.27641514
09393b70fcb61a1299bad46fd256c97f665e2830c41f528825d78823aa77afcb,09393b70fcb61a1299bad46fd256c97f665e2830c41f528825d78823aa77afcb,0,no_multiscale,44,4,0.3719754
fe24370b7fbad1d4671832b0132f589ae94191d04a324806374726cbb9553a9a,fe24370b7fbad1d4671832b0132f589ae94191d04a324806374726cbb9553a9a,0,no_multiscale,44,4,0.43067092
2696e7062b07582af40cc808c1d7ec35909b89548d5f99f2ed8d7f97e45374f9,2696e7062b07582af40cc808c1d7ec35909b89548d5f99f2ed8d7f97e45374f9,0,no_multiscale,44,4,0.38483047
83aaaf100259fad75d3cae0d1f0acedff5a3718d7d1db32062bd1cd3aac86688,34eeb369fff52f1ad84bba5d77da167a26ca5249293e3910bb04e8af2bf2ba25,0,no_multiscale,44,4,0.23070553
9fed845a58f23ea75c16c2f89d701ca68c7780565f94dd913a3fc2fd8e01b9cd,9fed845a58f23ea75c16c2f89d701ca68c7780565f94dd913a3fc2fd8e01b9cd,0,no_multiscale,44,4,0.40069243
683f3845f5e1a3e4b1f8fead91bc8f1f840f7e6724d34d9ea393e0b71d86d220,683f3845f5e1a3e4b1f8fead91bc8f1f840f7e6724d34d9ea393e0b71d86d220,0,no_multiscale,44,4,0.40196335
b139e0fcae28ad639ed2540074d7cf1ed36ef82ad840c1cf598128f4f55b6f94,2ed39cc6daa76227fef121e3687cd919552874410cad3b708ad363313a942626,0,no_multiscale,44,4,0.28473687
6af768514c2ab6b4609d28567d61ed8a7c5ffc020422713a7be95efdb8512f6a,6af768514c2ab6b4609d28567d61ed8a7c5ffc020422713a7be95efdb8512f6a,0,no_multiscale,44,4,0.41617757
91ec708e6345187e7e6cb79d8f506804299539768c93c40dad9b190d53558a60,91ec708e6345187e7e6cb79d8f506804299539768c93c40dad9b190d53558a60,0,no_multiscale,44,4,0.37557885
4b28a53817d0da69153d71be73ea818aaa6ac48f65a8dd2a5d84a6225fa0f94a,4b28a53817d0da69153d71be73ea818aaa6ac48f65a8dd2a5d84a6225fa0f94a,0,no_multiscale,44,4,0.40149793
af848889102601facd1b908c76d3cbf1ac5bb5681300d7e5a97893261e5d4a11,af848889102601facd1b908c76d3cbf1ac5bb5681300d7e5a97893261e5d4a11,0,no_multiscale,44,4,0.508973
bdce5afee31c171c25454a01878f49a2bb1d2887df3eee350399b383513f8cae,bdce5afee31c171c25454a01878f49a2bb1d2887df3eee350399b383513f8cae,0,no_multiscale,44,4,0.47071564
81fe68a9e2fc315e9710282f606a670778130998e1390a3144d9bf5b31bd4065,81fe68a9e2fc315e9710282f606a670778130998e1390a3144d9bf5b31bd4065,0,no_multiscale,44,4,0.25878358
b12ea55157f26c262502f57f8eb5ab13ef9aeac065eed940af6c87d362ad9300,b12ea55157f26c262502f57f8eb5ab13ef9aeac065eed940af6c87d362ad9300,0,no_multiscale,44,4,0.23497038
d6c7145cffa1d9b450905160ed7b9b4579c864eb77395fc69813e5e6b74e495d,d6c7145cffa1d9b450905160ed7b9b4579c864eb77395fc69813e5e6b74e495d,1,no_multiscale,44,4,0.48259464
bd342fb9cbae0aaced0b790162fd2173c66f2b4d4548d7c8f56c07a655cdfa2f,bd342fb9cbae0aaced0b790162fd2173c66f2b4d4548d7c8f56c07a655cdfa2f,1,no_multiscale,44,4,0.5216444
8dc2f105b420d03e79f318c43a9bc8b63105f57cd452b4de3ab53998ee2c0013,4b500751557f10159179da0bf35abdbd125e04d552884e8115db912c31f440e5,1,no_multiscale,44,4,0.43179324
ec29cdff7047d7ea62b34c125bfb4d183e75d1102f79ea2672f3383533776599,ec29cdff7047d7ea62b34c125bfb4d183e75d1102f79ea2672f3383533776599,1,no_multiscale,44,4,0.47798762
1698e358015b2ecda49464781e87202cb625b72cfe0d2bc1e392f949afad6345,1698e358015b2ecda49464781e87202cb625b72cfe0d2bc1e392f949afad6345,1,no_multiscale,44,4,0.46817616
56562a6e44ee836f84a036e2e76a09f7d302082181f58852651d2c48646ccc2a,56562a6e44ee836f84a036e2e76a09f7d302082181f58852651d2c48646ccc2a,1,no_multiscale,44,4,0.4629237
dfa19f73a09806cff5b8b3570e9ac156041cf5c4972375230d5bb22c82540be9,dfa19f73a09806cff5b8b3570e9ac156041cf5c4972375230d5bb22c82540be9,1,no_multiscale,44,4,0.63826215
a645b290ac12124164b9b27be07bbe9f4d5a44e51a551a6ca26321867a0006e9,a645b290ac12124164b9b27be07bbe9f4d5a44e51a551a6ca26321867a0006e9,1,no_multiscale,44,4,0.5664074
4b500751557f10159179da0bf35abdbd125e04d552884e8115db912c31f440e5,4b500751557f10159179da0bf35abdbd125e04d552884e8115db912c31f440e5,1,no_multiscale,44,4,0.4253333
78e97d3de70b032f0d206a290be5a6f5b64f7e058d60e0ef0331a2f58438a43e,78e97d3de70b032f0d206a290be5a6f5b64f7e058d60e0ef0331a2f58438a43e,1,no_multiscale,44,4,0.4637307
cd7814cfd9f4006cc37117d886dabdeb8ae27fcdbd9248592df88b6f54fd5bd5,cd7814cfd9f4006cc37117d886dabdeb8ae27fcdbd9248592df88b6f54fd5bd5,1,no_multiscale,44,4,0.52010447
4833565f53ed51543091352a222ac98b1c6096441861c9c035127a80fd460257,4833565f53ed51543091352a222ac98b1c6096441861c9c035127a80fd460257,1,no_multiscale,44,4,0.40170595
1945a41778e1fcf8341500525e443c5347977c28baf26a0ced32f99534edd898,1945a41778e1fcf8341500525e443c5347977c28baf26a0ced32f99534edd898,1,no_multiscale,44,4,0.51736134
6f83510d9f035d7a17efffccb9603239c49ba14dce10dbe0e25a3358e63a2ffb,6f83510d9f035d7a17efffccb9603239c49ba14dce10dbe0e25a3358e63a2ffb,1,no_multiscale,44,4,0.60890925
976659c77cc9b2679e77eb492592dfd66045319538e6f68604e0027b237cc949,976659c77cc9b2679e77eb492592dfd66045319538e6f68604e0027b237cc949,1,no_multiscale,44,4,0.5330835
664d62c750b5c76bce37e6b7496f70a9195a139c893da9e2487cf441bd622dda,664d62c750b5c76bce37e6b7496f70a9195a139c893da9e2487cf441bd622dda,1,no_multiscale,44,4,0.4550931
7b410517b5262c81b8cbd2a606b2b730e4aa41b2f4c405c406d0ab497a375fad,7b410517b5262c81b8cbd2a606b2b730e4aa41b2f4c405c406d0ab497a375fad,1,no_multiscale,44,4,0.5383669
e47b451baa75405ff12a9ec02887a268755b304791cb8555636959ac66bba7c7,3e71fcc3f8a78e780596bbec3dc14e6e087e8d2f9a9eafdf54aa98995bf96af2,1,no_multiscale,44,4,0.450986
c6f1bb114ffc0594d49c3991aec03ef53c6d44506cd552baad1020f821d80648,c6f1bb114ffc0594d49c3991aec03ef53c6d44506cd552baad1020f821d80648,1,no_multiscale,44,4,0.44776443
a9ad252451dd83369e64751c361e0394fe0f2c117c56915ca089ba9683fffdab,a9ad252451dd83369e64751c361e0394fe0f2c117c56915ca089ba9683fffdab,1,no_multiscale,44,4,0.5399924
89810c9f9da51413829ef3ab0355af8a0dcce6507f1a0a77b0c4a5c7563a9e86,89810c9f9da51413829ef3ab0355af8a0dcce6507f1a0a77b0c4a5c7563a9e86,1,no_multiscale,44,4,0.57441795
0da7ca18162b012c5e65e29a6521df3c090a0070342516591883801876f8a8de,0da7ca18162b012c5e65e29a6521df3c090a0070342516591883801876f8a8de,1,no_multiscale,44,4,0.6367918
543e00753b2ae3a42b97e68ca83e94c7ea945e6736e6e1d7dd26808a5dad0e8b,543e00753b2ae3a42b97e68ca83e94c7ea945e6736e6e1d7dd26808a5dad0e8b,1,no_multiscale,44,4,0.5250269
67778117c04d9ef5410e5521de74b72c8e3085491ba75d99bd2109762a058efe,67778117c04d9ef5410e5521de74b72c8e3085491ba75d99bd2109762a058efe,1,no_multiscale,44,4,0.54592603
41ba1713a0172bdfc63c74f78b33b7fe084c29f647de8fc56d71675df288615f,41ba1713a0172bdfc63c74f78b33b7fe084c29f647de8fc56d71675df288615f,1,no_multiscale,44,4,0.64624125
3e71fcc3f8a78e780596bbec3dc14e6e087e8d2f9a9eafdf54aa98995bf96af2,3e71fcc3f8a78e780596bbec3dc14e6e087e8d2f9a9eafdf54aa98995bf96af2,1,no_multiscale,44,4,0.44806007
34eeb369fff52f1ad84bba5d77da167a26ca5249293e3910bb04e8af2bf2ba25,34eeb369fff52f1ad84bba5d77da167a26ca5249293e3910bb04e8af2bf2ba25,0,no_attention_no_multiscale,44,4,0.007850397
e4a8a1984d9693e70d8335a1c8c77a39a68f684b5661ac2edc34f8e971dd88f1,e4a8a1984d9693e70d8335a1c8c77a39a68f684b5661ac2edc34f8e971dd88f1,0,no_attention_no_multiscale,44,4,0.017395588
1aef7dac4e05e817a3496f6a49b890c9f2fc84b3afcda460c74f76723e09851e,1aef7dac4e05e817a3496f6a49b890c9f2fc84b3afcda460c74f76723e09851e,0,no_attention_no_multiscale,44,4,0.90647405
90c4faafd845360cbfd09f19632147497b4b04463ee87ae31d991f20e6ca6ed0,90c4faafd845360cbfd09f19632147497b4b04463ee87ae31d991f20e6ca6ed0,0,no_attention_no_multiscale,44,4,0.7372393
cce8e87b4fb59d8c79ae90de643a8203db5e0e0a73b4bb42effe9c2517f6fa01,cce8e87b4fb59d8c79ae90de643a8203db5e0e0a73b4bb42effe9c2517f6fa01,0,no_attention_no_multiscale,44,4,0.01194106
2ed39cc6daa76227fef121e3687cd919552874410cad3b708ad363313a942626,2ed39cc6daa76227fef121e3687cd919552874410cad3b708ad363313a942626,0,no_attention_no_multiscale,44,4,0.024852
09393b70fcb61a1299bad46fd256c97f665e2830c41f528825d78823aa77afcb,09393b70fcb61a1299bad46fd256c97f665e2830c41f528825d78823aa77afcb,0,no_attention_no_multiscale,44,4,0.7449376
fe24370b7fbad1d4671832b0132f589ae94191d04a324806374726cbb9553a9a,fe24370b7fbad1d4671832b0132f589ae94191d04a324806374726cbb9553a9a,0,no_attention_no_multiscale,44,4,0.109766096
2696e7062b07582af40cc808c1d7ec35909b89548d5f99f2ed8d7f97e45374f9,2696e7062b07582af40cc808c1d7ec35909b89548d5f99f2ed8d7f97e45374f9,0,no_attention_no_multiscale,44,4,0.02427215
83aaaf100259fad75d3cae0d1f0acedff5a3718d7d1db32062bd1cd3aac86688,34eeb369fff52f1ad84bba5d77da167a26ca5249293e3910bb04e8af2bf2ba25,0,no_attention_no_multiscale,44,4,0.0072217267
9fed845a58f23ea75c16c2f89d701ca68c7780565f94dd913a3fc2fd8e01b9cd,9fed845a58f23ea75c16c2f89d701ca68c7780565f94dd913a3fc2fd8e01b9cd,0,no_attention_no_multiscale,44,4,0.11655616
683f3845f5e1a3e4b1f8fead91bc8f1f840f7e6724d34d9ea393e0b71d86d220,683f3845f5e1a3e4b1f8fead91bc8f1f840f7e6724d34d9ea393e0b71d86d220,0,no_attention_no_multiscale,44,4,0.10487572
b139e0fcae28ad639ed2540074d7cf1ed36ef82ad840c1cf598128f4f55b6f94,2ed39cc6daa76227fef121e3687cd919552874410cad3b708ad363313a942626,0,no_attention_no_multiscale,44,4,0.040215414
6af768514c2ab6b4609d28567d61ed8a7c5ffc020422713a7be95efdb8512f6a,6af768514c2ab6b4609d28567d61ed8a7c5ffc020422713a7be95efdb8512f6a,0,no_attention_no_multiscale,44,4,0.033996027
91ec708e6345187e7e6cb79d8f506804299539768c93c40dad9b190d53558a60,91ec708e6345187e7e6cb79d8f506804299539768c93c40dad9b190d53558a60,0,no_attention_no_multiscale,44,4,0.17306207
4b28a53817d0da69153d71be73ea818aaa6ac48f65a8dd2a5d84a6225fa0f94a,4b28a53817d0da69153d71be73ea818aaa6ac48f65a8dd2a5d84a6225fa0f94a,0,no_attention_no_multiscale,44,4,0.058739636
af848889102601facd1b908c76d3cbf1ac5bb5681300d7e5a97893261e5d4a11,af848889102601facd1b908c76d3cbf1ac5bb5681300d7e5a97893261e5d4a11,0,no_attention_no_multiscale,44,4,0.9540854
bdce5afee31c171c25454a01878f49a2bb1d2887df3eee350399b383513f8cae,bdce5afee31c171c25454a01878f49a2bb1d2887df3eee350399b383513f8cae,0,no_attention_no_multiscale,44,4,0.7630397
81fe68a9e2fc315e9710282f606a670778130998e1390a3144d9bf5b31bd4065,81fe68a9e2fc315e9710282f606a670778130998e1390a3144d9bf5b31bd4065,0,no_attention_no_multiscale,44,4,0.03143414
b12ea55157f26c262502f57f8eb5ab13ef9aeac065eed940af6c87d362ad9300,b12ea55157f26c262502f57f8eb5ab13ef9aeac065eed940af6c87d362ad9300,0,no_attention_no_multiscale,44,4,0.0130582675
d6c7145cffa1d9b450905160ed7b9b4579c864eb77395fc69813e5e6b74e495d,d6c7145cffa1d9b450905160ed7b9b4579c864eb77395fc69813e5e6b74e495d,1,no_attention_no_multiscale,44,4,0.96011806
bd342fb9cbae0aaced0b790162fd2173c66f2b4d4548d7c8f56c07a655cdfa2f,bd342fb9cbae0aaced0b790162fd2173c66f2b4d4548d7c8f56c07a655cdfa2f,1,no_attention_no_multiscale,44,4,0.62793756
8dc2f105b420d03e79f318c43a9bc8b63105f57cd452b4de3ab53998ee2c0013,4b500751557f10159179da0bf35abdbd125e04d552884e8115db912c31f440e5,1,no_attention_no_multiscale,44,4,0.22606042
ec29cdff7047d7ea62b34c125bfb4d183e75d1102f79ea2672f3383533776599,ec29cdff7047d7ea62b34c125bfb4d183e75d1102f79ea2672f3383533776599,1,no_attention_no_multiscale,44,4,0.7365652
1698e358015b2ecda49464781e87202cb625b72cfe0d2bc1e392f949afad6345,1698e358015b2ecda49464781e87202cb625b72cfe0d2bc1e392f949afad6345,1,no_attention_no_multiscale,44,4,0.35768682
56562a6e44ee836f84a036e2e76a09f7d302082181f58852651d2c48646ccc2a,56562a6e44ee836f84a036e2e76a09f7d302082181f58852651d2c48646ccc2a,1,no_attention_no_multiscale,44,4,0.7973351
dfa19f73a09806cff5b8b3570e9ac156041cf5c4972375230d5bb22c82540be9,dfa19f73a09806cff5b8b3570e9ac156041cf5c4972375230d5bb22c82540be9,1,no_attention_no_multiscale,44,4,0.9776405
a645b290ac12124164b9b27be07bbe9f4d5a44e51a551a6ca26321867a0006e9,a645b290ac12124164b9b27be07bbe9f4d5a44e51a551a6ca26321867a0006e9,1,no_attention_no_multiscale,44,4,0.6426765
4b500751557f10159179da0bf35abdbd125e04d552884e8115db912c31f440e5,4b500751557f10159179da0bf35abdbd125e04d552884e8115db912c31f440e5,1,no_attention_no_multiscale,44,4,0.23772897
78e97d3de70b032f0d206a290be5a6f5b64f7e058d60e0ef0331a2f58438a43e,78e97d3de70b032f0d206a290be5a6f5b64f7e058d60e0ef0331a2f58438a43e,1,no_attention_no_multiscale,44,4,0.727469
cd7814cfd9f4006cc37117d886dabdeb8ae27fcdbd9248592df88b6f54fd5bd5,cd7814cfd9f4006cc37117d886dabdeb8ae27fcdbd9248592df88b6f54fd5bd5,1,no_attention_no_multiscale,44,4,0.58204305
4833565f53ed51543091352a222ac98b1c6096441861c9c035127a80fd460257,4833565f53ed51543091352a222ac98b1c6096441861c9c035127a80fd460257,1,no_attention_no_multiscale,44,4,0.39965826
1945a41778e1fcf8341500525e443c5347977c28baf26a0ced32f99534edd898,1945a41778e1fcf8341500525e443c5347977c28baf26a0ced32f99534edd898,1,no_attention_no_multiscale,44,4,0.96144307
6f83510d9f035d7a17efffccb9603239c49ba14dce10dbe0e25a3358e63a2ffb,6f83510d9f035d7a17efffccb9603239c49ba14dce10dbe0e25a3358e63a2ffb,1,no_attention_no_multiscale,44,4,0.9420289
976659c77cc9b2679e77eb492592dfd66045319538e6f68604e0027b237cc949,976659c77cc9b2679e77eb492592dfd66045319538e6f68604e0027b237cc949,1,no_attention_no_multiscale,44,4,0.3918408
664d62c750b5c76bce37e6b7496f70a9195a139c893da9e2487cf441bd622dda,664d62c750b5c76bce37e6b7496f70a9195a139c893da9e2487cf441bd622dda,1,no_attention_no_multiscale,44,4,0.7803734
7b410517b5262c81b8cbd2a606b2b730e4aa41b2f4c405c406d0ab497a375fad,7b410517b5262c81b8cbd2a606b2b730e4aa41b2f4c405c406d0ab497a375fad,1,no_attention_no_multiscale,44,4,0.92976815
e47b451baa75405ff12a9ec02887a268755b304791cb8555636959ac66bba7c7,3e71fcc3f8a78e780596bbec3dc14e6e087e8d2f9a9eafdf54aa98995bf96af2,1,no_attention_no_multiscale,44,4,0.35000205
c6f1bb114ffc0594d49c3991aec03ef53c6d44506cd552baad1020f821d80648,c6f1bb114ffc0594d49c3991aec03ef53c6d44506cd552baad1020f821d80648,1,no_attention_no_multiscale,44,4,0.59830874
a9ad252451dd83369e64751c361e0394fe0f2c117c56915ca089ba9683fffdab,a9ad252451dd83369e64751c361e0394fe0f2c117c56915ca089ba9683fffdab,1,no_attention_no_multiscale,44,4,0.9192879
89810c9f9da51413829ef3ab0355af8a0dcce6507f1a0a77b0c4a5c7563a9e86,89810c9f9da51413829ef3ab0355af8a0dcce6507f1a0a77b0c4a5c7563a9e86,1,no_attention_no_multiscale,44,4,0.78721976
0da7ca18162b012c5e65e29a6521df3c090a0070342516591883801876f8a8de,0da7ca18162b012c5e65e29a6521df3c090a0070342516591883801876f8a8de,1,no_attention_no_multiscale,44,4,0.8699548
543e00753b2ae3a42b97e68ca83e94c7ea945e6736e6e1d7dd26808a5dad0e8b,543e00753b2ae3a42b97e68ca83e94c7ea945e6736e6e1d7dd26808a5dad0e8b,1,no_attention_no_multiscale,44,4,0.9784153
67778117c04d9ef5410e5521de74b72c8e3085491ba75d99bd2109762a058efe,67778117c04d9ef5410e5521de74b72c8e3085491ba75d99bd2109762a058efe,1,no_attention_no_multiscale,44,4,0.89947325
41ba1713a0172bdfc63c74f78b33b7fe084c29f647de8fc56d71675df288615f,41ba1713a0172bdfc63c74f78b33b7fe084c29f647de8fc56d71675df288615f,1,no_attention_no_multiscale,44,4,0.8948277
3e71fcc3f8a78e780596bbec3dc14e6e087e8d2f9a9eafdf54aa98995bf96af2,3e71fcc3f8a78e780596bbec3dc14e6e087e8d2f9a9eafdf54aa98995bf96af2,1,no_attention_no_multiscale,44,4,0.39460352
34eeb369fff52f1ad84bba5d77da167a26ca5249293e3910bb04e8af2bf2ba25,34eeb369fff52f1ad84bba5d77da167a26ca5249293e3910bb04e8af2bf2ba25,0,no_augmentation,44,4,0.04634419
e4a8a1984d9693e70d8335a1c8c77a39a68f684b5661ac2edc34f8e971dd88f1,e4a8a1984d9693e70d8335a1c8c77a39a68f684b5661ac2edc34f8e971dd88f1,0,no_augmentation,44,4,0.18864551
1aef7dac4e05e817a3496f6a49b890c9f2fc84b3afcda460c74f76723e09851e,1aef7dac4e05e817a3496f6a49b890c9f2fc84b3afcda460c74f76723e09851e,0,no_augmentation,44,4,0.6697455
90c4faafd845360cbfd09f19632147497b4b04463ee87ae31d991f20e6ca6ed0,90c4faafd845360cbfd09f19632147497b4b04463ee87ae31d991f20e6ca6ed0,0,no_augmentation,44,4,0.4999769
cce8e87b4fb59d8c79ae90de643a8203db5e0e0a73b4bb42effe9c2517f6fa01,cce8e87b4fb59d8c79ae90de643a8203db5e0e0a73b4bb42effe9c2517f6fa01,0,no_augmentation,44,4,0.06268593
2ed39cc6daa76227fef121e3687cd919552874410cad3b708ad363313a942626,2ed39cc6daa76227fef121e3687cd919552874410cad3b708ad363313a942626,0,no_augmentation,44,4,0.11152467
09393b70fcb61a1299bad46fd256c97f665e2830c41f528825d78823aa77afcb,09393b70fcb61a1299bad46fd256c97f665e2830c41f528825d78823aa77afcb,0,no_augmentation,44,4,0.14053278
fe24370b7fbad1d4671832b0132f589ae94191d04a324806374726cbb9553a9a,fe24370b7fbad1d4671832b0132f589ae94191d04a324806374726cbb9553a9a,0,no_augmentation,44,4,0.0661781
2696e7062b07582af40cc808c1d7ec35909b89548d5f99f2ed8d7f97e45374f9,2696e7062b07582af40cc808c1d7ec35909b89548d5f99f2ed8d7f97e45374f9,0,no_augmentation,44,4,0.073009506
83aaaf100259fad75d3cae0d1f0acedff5a3718d7d1db32062bd1cd3aac86688,34eeb369fff52f1ad84bba5d77da167a26ca5249293e3910bb04e8af2bf2ba25,0,no_augmentation,44,4,0.044706877
9fed845a58f23ea75c16c2f89d701ca68c7780565f94dd913a3fc2fd8e01b9cd,9fed845a58f23ea75c16c2f89d701ca68c7780565f94dd913a3fc2fd8e01b9cd,0,no_augmentation,44,4,0.2177556
683f3845f5e1a3e4b1f8fead91bc8f1f840f7e6724d34d9ea393e0b71d86d220,683f3845f5e1a3e4b1f8fead91bc8f1f840f7e6724d34d9ea393e0b71d86d220,0,no_augmentation,44,4,0.4723345
b139e0fcae28ad639ed2540074d7cf1ed36ef82ad840c1cf598128f4f55b6f94,2ed39cc6daa76227fef121e3687cd919552874410cad3b708ad363313a942626,0,no_augmentation,44,4,0.14974007
6af768514c2ab6b4609d28567d61ed8a7c5ffc020422713a7be95efdb8512f6a,6af768514c2ab6b4609d28567d61ed8a7c5ffc020422713a7be95efdb8512f6a,0,no_augmentation,44,4,0.1188451
91ec708e6345187e7e6cb79d8f506804299539768c93c40dad9b190d53558a60,91ec708e6345187e7e6cb79d8f506804299539768c93c40dad9b190d53558a60,0,no_augmentation,44,4,0.30197275
4b28a53817d0da69153d71be73ea818aaa6ac48f65a8dd2a5d84a6225fa0f94a,4b28a53817d0da69153d71be73ea818aaa6ac48f65a8dd2a5d84a6225fa0f94a,0,no_augmentation,44,4,0.1156568
af848889102601facd1b908c76d3cbf1ac5bb5681300d7e5a97893261e5d4a11,af848889102601facd1b908c76d3cbf1ac5bb5681300d7e5a97893261e5d4a11,0,no_augmentation,44,4,0.8371803
bdce5afee31c171c25454a01878f49a2bb1d2887df3eee350399b383513f8cae,bdce5afee31c171c25454a01878f49a2bb1d2887df3eee350399b383513f8cae,0,no_augmentation,44,4,0.702399
81fe68a9e2fc315e9710282f606a670778130998e1390a3144d9bf5b31bd4065,81fe68a9e2fc315e9710282f606a670778130998e1390a3144d9bf5b31bd4065,0,no_augmentation,44,4,0.078064434
b12ea55157f26c262502f57f8eb5ab13ef9aeac065eed940af6c87d362ad9300,b12ea55157f26c262502f57f8eb5ab13ef9aeac065eed940af6c87d362ad9300,0,no_augmentation,44,4,0.056958687
d6c7145cffa1d9b450905160ed7b9b4579c864eb77395fc69813e5e6b74e495d,d6c7145cffa1d9b450905160ed7b9b4579c864eb77395fc69813e5e6b74e495d,1,no_augmentation,44,4,0.8257557
bd342fb9cbae0aaced0b790162fd2173c66f2b4d4548d7c8f56c07a655cdfa2f,bd342fb9cbae0aaced0b790162fd2173c66f2b4d4548d7c8f56c07a655cdfa2f,1,no_augmentation,44,4,0.44032434
8dc2f105b420d03e79f318c43a9bc8b63105f57cd452b4de3ab53998ee2c0013,4b500751557f10159179da0bf35abdbd125e04d552884e8115db912c31f440e5,1,no_augmentation,44,4,0.26129717
ec29cdff7047d7ea62b34c125bfb4d183e75d1102f79ea2672f3383533776599,ec29cdff7047d7ea62b34c125bfb4d183e75d1102f79ea2672f3383533776599,1,no_augmentation,44,4,0.5048579
1698e358015b2ecda49464781e87202cb625b72cfe0d2bc1e392f949afad6345,1698e358015b2ecda49464781e87202cb625b72cfe0d2bc1e392f949afad6345,1,no_augmentation,44,4,0.6782835
56562a6e44ee836f84a036e2e76a09f7d302082181f58852651d2c48646ccc2a,56562a6e44ee836f84a036e2e76a09f7d302082181f58852651d2c48646ccc2a,1,no_augmentation,44,4,0.68946075
dfa19f73a09806cff5b8b3570e9ac156041cf5c4972375230d5bb22c82540be9,dfa19f73a09806cff5b8b3570e9ac156041cf5c4972375230d5bb22c82540be9,1,no_augmentation,44,4,0.9396137
a645b290ac12124164b9b27be07bbe9f4d5a44e51a551a6ca26321867a0006e9,a645b290ac12124164b9b27be07bbe9f4d5a44e51a551a6ca26321867a0006e9,1,no_augmentation,44,4,0.7004497
4b500751557f10159179da0bf35abdbd125e04d552884e8115db912c31f440e5,4b500751557f10159179da0bf35abdbd125e04d552884e8115db912c31f440e5,1,no_augmentation,44,4,0.26062235
78e97d3de70b032f0d206a290be5a6f5b64f7e058d60e0ef0331a2f58438a43e,78e97d3de70b032f0d206a290be5a6f5b64f7e058d60e0ef0331a2f58438a43e,1,no_augmentation,44,4,0.74352676
cd7814cfd9f4006cc37117d886dabdeb8ae27fcdbd9248592df88b6f54fd5bd5,cd7814cfd9f4006cc37117d886dabdeb8ae27fcdbd9248592df88b6f54fd5bd5,1,no_augmentation,44,4,0.722699
4833565f53ed51543091352a222ac98b1c6096441861c9c035127a80fd460257,4833565f53ed51543091352a222ac98b1c6096441861c9c035127a80fd460257,1,no_augmentation,44,4,0.3316939
1945a41778e1fcf8341500525e443c5347977c28baf26a0ced32f99534edd898,1945a41778e1fcf8341500525e443c5347977c28baf26a0ced32f99534edd898,1,no_augmentation,44,4,0.6173107
6f83510d9f035d7a17efffccb9603239c49ba14dce10dbe0e25a3358e63a2ffb,6f83510d9f035d7a17efffccb9603239c49ba14dce10dbe0e25a3358e63a2ffb,1,no_augmentation,44,4,0.9320491
976659c77cc9b2679e77eb492592dfd66045319538e6f68604e0027b237cc949,976659c77cc9b2679e77eb492592dfd66045319538e6f68604e0027b237cc949,1,no_augmentation,44,4,0.40156686
664d62c750b5c76bce37e6b7496f70a9195a139c893da9e2487cf441bd622dda,664d62c750b5c76bce37e6b7496f70a9195a139c893da9e2487cf441bd622dda,1,no_augmentation,44,4,0.6321096
7b410517b5262c81b8cbd2a606b2b730e4aa41b2f4c405c406d0ab497a375fad,7b410517b5262c81b8cbd2a606b2b730e4aa41b2f4c405c406d0ab497a375fad,1,no_augmentation,44,4,0.7311729
e47b451baa75405ff12a9ec02887a268755b304791cb8555636959ac66bba7c7,3e71fcc3f8a78e780596bbec3dc14e6e087e8d2f9a9eafdf54aa98995bf96af2,1,no_augmentation,44,4,0.2641906
c6f1bb114ffc0594d49c3991aec03ef53c6d44506cd552baad1020f821d80648,c6f1bb114ffc0594d49c3991aec03ef53c6d44506cd552baad1020f821d80648,1,no_augmentation,44,4,0.45913336
a9ad252451dd83369e64751c361e0394fe0f2c117c56915ca089ba9683fffdab,a9ad252451dd83369e64751c361e0394fe0f2c117c56915ca089ba9683fffdab,1,no_augmentation,44,4,0.51716226
89810c9f9da51413829ef3ab0355af8a0dcce6507f1a0a77b0c4a5c7563a9e86,89810c9f9da51413829ef3ab0355af8a0dcce6507f1a0a77b0c4a5c7563a9e86,1,no_augmentation,44,4,0.7335952
0da7ca18162b012c5e65e29a6521df3c090a0070342516591883801876f8a8de,0da7ca18162b012c5e65e29a6521df3c090a0070342516591883801876f8a8de,1,no_augmentation,44,4,0.86211497
543e00753b2ae3a42b97e68ca83e94c7ea945e6736e6e1d7dd26808a5dad0e8b,543e00753b2ae3a42b97e68ca83e94c7ea945e6736e6e1d7dd26808a5dad0e8b,1,no_augmentation,44,4,0.7154442
67778117c04d9ef5410e5521de74b72c8e3085491ba75d99bd2109762a058efe,67778117c04d9ef5410e5521de74b72c8e3085491ba75d99bd2109762a058efe,1,no_augmentation,44,4,0.58888465
41ba1713a0172bdfc63c74f78b33b7fe084c29f647de8fc56d71675df288615f,41ba1713a0172bdfc63c74f78b33b7fe084c29f647de8fc56d71675df288615f,1,no_augmentation,44,4,0.95251215
3e71fcc3f8a78e780596bbec3dc14e6e087e8d2f9a9eafdf54aa98995bf96af2,3e71fcc3f8a78e780596bbec3dc14e6e087e8d2f9a9eafdf54aa98995bf96af2,1,no_augmentation,44,4,0.26447055
34eeb369fff52f1ad84bba5d77da167a26ca5249293e3910bb04e8af2bf2ba25,34eeb369fff52f1ad84bba5d77da167a26ca5249293e3910bb04e8af2bf2ba25,0,plain_cnn,44,4,0.12835851
e4a8a1984d9693e70d8335a1c8c77a39a68f684b5661ac2edc34f8e971dd88f1,e4a8a1984d9693e70d8335a1c8c77a39a68f684b5661ac2edc34f8e971dd88f1,0,plain_cnn,44,4,0.057240225
1aef7dac4e05e817a3496f6a49b890c9f2fc84b3afcda460c74f76723e09851e,1aef7dac4e05e817a3496f6a49b890c9f2fc84b3afcda460c74f76723e09851e,0,plain_cnn,44,4,0.8573221
90c4faafd845360cbfd09f19632147497b4b04463ee87ae31d991f20e6ca6ed0,90c4faafd845360cbfd09f19632147497b4b04463ee87ae31d991f20e6ca6ed0,0,plain_cnn,44,4,0.5290089
cce8e87b4fb59d8c79ae90de643a8203db5e0e0a73b4bb42effe9c2517f6fa01,cce8e87b4fb59d8c79ae90de643a8203db5e0e0a73b4bb42effe9c2517f6fa01,0,plain_cnn,44,4,0.063760504
2ed39cc6daa76227fef121e3687cd919552874410cad3b708ad363313a942626,2ed39cc6daa76227fef121e3687cd919552874410cad3b708ad363313a942626,0,plain_cnn,44,4,0.111307375
09393b70fcb61a1299bad46fd256c97f665e2830c41f528825d78823aa77afcb,09393b70fcb61a1299bad46fd256c97f665e2830c41f528825d78823aa77afcb,0,plain_cnn,44,4,0.20293258
fe24370b7fbad1d4671832b0132f589ae94191d04a324806374726cbb9553a9a,fe24370b7fbad1d4671832b0132f589ae94191d04a324806374726cbb9553a9a,0,plain_cnn,44,4,0.036459517
2696e7062b07582af40cc808c1d7ec35909b89548d5f99f2ed8d7f97e45374f9,2696e7062b07582af40cc808c1d7ec35909b89548d5f99f2ed8d7f97e45374f9,0,plain_cnn,44,4,0.22240897
83aaaf100259fad75d3cae0d1f0acedff5a3718d7d1db32062bd1cd3aac86688,34eeb369fff52f1ad84bba5d77da167a26ca5249293e3910bb04e8af2bf2ba25,0,plain_cnn,44,4,0.12642314
9fed845a58f23ea75c16c2f89d701ca68c7780565f94dd913a3fc2fd8e01b9cd,9fed845a58f23ea75c16c2f89d701ca68c7780565f94dd913a3fc2fd8e01b9cd,0,plain_cnn,44,4,0.4379706
683f3845f5e1a3e4b1f8fead91bc8f1f840f7e6724d34d9ea393e0b71d86d220,683f3845f5e1a3e4b1f8fead91bc8f1f840f7e6724d34d9ea393e0b71d86d220,0,plain_cnn,44,4,0.38539904
b139e0fcae28ad639ed2540074d7cf1ed36ef82ad840c1cf598128f4f55b6f94,2ed39cc6daa76227fef121e3687cd919552874410cad3b708ad363313a942626,0,plain_cnn,44,4,0.1167968
6af768514c2ab6b4609d28567d61ed8a7c5ffc020422713a7be95efdb8512f6a,6af768514c2ab6b4609d28567d61ed8a7c5ffc020422713a7be95efdb8512f6a,0,plain_cnn,44,4,0.56033593
91ec708e6345187e7e6cb79d8f506804299539768c93c40dad9b190d53558a60,91ec708e6345187e7e6cb79d8f506804299539768c93c40dad9b190d53558a60,0,plain_cnn,44,4,0.26748878
4b28a53817d0da69153d71be73ea818aaa6ac48f65a8dd2a5d84a6225fa0f94a,4b28a53817d0da69153d71be73ea818aaa6ac48f65a8dd2a5d84a6225fa0f94a,0,plain_cnn,44,4,0.36609128
af848889102601facd1b908c76d3cbf1ac5bb5681300d7e5a97893261e5d4a11,af848889102601facd1b908c76d3cbf1ac5bb5681300d7e5a97893261e5d4a11,0,plain_cnn,44,4,0.7306125
bdce5afee31c171c25454a01878f49a2bb1d2887df3eee350399b383513f8cae,bdce5afee31c171c25454a01878f49a2bb1d2887df3eee350399b383513f8cae,0,plain_cnn,44,4,0.62564814
81fe68a9e2fc315e9710282f606a670778130998e1390a3144d9bf5b31bd4065,81fe68a9e2fc315e9710282f606a670778130998e1390a3144d9bf5b31bd4065,0,plain_cnn,44,4,0.16955565
b12ea55157f26c262502f57f8eb5ab13ef9aeac065eed940af6c87d362ad9300,b12ea55157f26c262502f57f8eb5ab13ef9aeac065eed940af6c87d362ad9300,0,plain_cnn,44,4,0.14686053
d6c7145cffa1d9b450905160ed7b9b4579c864eb77395fc69813e5e6b74e495d,d6c7145cffa1d9b450905160ed7b9b4579c864eb77395fc69813e5e6b74e495d,1,plain_cnn,44,4,0.84645545
bd342fb9cbae0aaced0b790162fd2173c66f2b4d4548d7c8f56c07a655cdfa2f,bd342fb9cbae0aaced0b790162fd2173c66f2b4d4548d7c8f56c07a655cdfa2f,1,plain_cnn,44,4,0.46580696
8dc2f105b420d03e79f318c43a9bc8b63105f57cd452b4de3ab53998ee2c0013,4b500751557f10159179da0bf35abdbd125e04d552884e8115db912c31f440e5,1,plain_cnn,44,4,0.35243177
ec29cdff7047d7ea62b34c125bfb4d183e75d1102f79ea2672f3383533776599,ec29cdff7047d7ea62b34c125bfb4d183e75d1102f79ea2672f3383533776599,1,plain_cnn,44,4,0.16093186
1698e358015b2ecda49464781e87202cb625b72cfe0d2bc1e392f949afad6345,1698e358015b2ecda49464781e87202cb625b72cfe0d2bc1e392f949afad6345,1,plain_cnn,44,4,0.19929212
56562a6e44ee836f84a036e2e76a09f7d302082181f58852651d2c48646ccc2a,56562a6e44ee836f84a036e2e76a09f7d302082181f58852651d2c48646ccc2a,1,plain_cnn,44,4,0.5487085
dfa19f73a09806cff5b8b3570e9ac156041cf5c4972375230d5bb22c82540be9,dfa19f73a09806cff5b8b3570e9ac156041cf5c4972375230d5bb22c82540be9,1,plain_cnn,44,4,0.8528302
a645b290ac12124164b9b27be07bbe9f4d5a44e51a551a6ca26321867a0006e9,a645b290ac12124164b9b27be07bbe9f4d5a44e51a551a6ca26321867a0006e9,1,plain_cnn,44,4,0.8521488
4b500751557f10159179da0bf35abdbd125e04d552884e8115db912c31f440e5,4b500751557f10159179da0bf35abdbd125e04d552884e8115db912c31f440e5,1,plain_cnn,44,4,0.35612854
78e97d3de70b032f0d206a290be5a6f5b64f7e058d60e0ef0331a2f58438a43e,78e97d3de70b032f0d206a290be5a6f5b64f7e058d60e0ef0331a2f58438a43e,1,plain_cnn,44,4,0.68793225
cd7814cfd9f4006cc37117d886dabdeb8ae27fcdbd9248592df88b6f54fd5bd5,cd7814cfd9f4006cc37117d886dabdeb8ae27fcdbd9248592df88b6f54fd5bd5,1,plain_cnn,44,4,0.5989586
4833565f53ed51543091352a222ac98b1c6096441861c9c035127a80fd460257,4833565f53ed51543091352a222ac98b1c6096441861c9c035127a80fd460257,1,plain_cnn,44,4,0.2705154
1945a41778e1fcf8341500525e443c5347977c28baf26a0ced32f99534edd898,1945a41778e1fcf8341500525e443c5347977c28baf26a0ced32f99534edd898,1,plain_cnn,44,4,0.81392133
6f83510d9f035d7a17efffccb9603239c49ba14dce10dbe0e25a3358e63a2ffb,6f83510d9f035d7a17efffccb9603239c49ba14dce10dbe0e25a3358e63a2ffb,1,plain_cnn,44,4,0.8353728
976659c77cc9b2679e77eb492592dfd66045319538e6f68604e0027b237cc949,976659c77cc9b2679e77eb492592dfd66045319538e6f68604e0027b237cc949,1,plain_cnn,44,4,0.7430414
664d62c750b5c76bce37e6b7496f70a9195a139c893da9e2487cf441bd622dda,664d62c750b5c76bce37e6b7496f70a9195a139c893da9e2487cf441bd622dda,1,plain_cnn,44,4,0.47072265
7b410517b5262c81b8cbd2a606b2b730e4aa41b2f4c405c406d0ab497a375fad,7b410517b5262c81b8cbd2a606b2b730e4aa41b2f4c405c406d0ab497a375fad,1,plain_cnn,44,4,0.80113894
e47b451baa75405ff12a9ec02887a268755b304791cb8555636959ac66bba7c7,3e71fcc3f8a78e780596bbec3dc14e6e087e8d2f9a9eafdf54aa98995bf96af2,1,plain_cnn,44,4,0.70975375
c6f1bb114ffc0594d49c3991aec03ef53c6d44506cd552baad1020f821d80648,c6f1bb114ffc0594d49c3991aec03ef53c6d44506cd552baad1020f821d80648,1,plain_cnn,44,4,0.46860442
a9ad252451dd83369e64751c361e0394fe0f2c117c56915ca089ba9683fffdab,a9ad252451dd83369e64751c361e0394fe0f2c117c56915ca089ba9683fffdab,1,plain_cnn,44,4,0.81823045
89810c9f9da51413829ef3ab0355af8a0dcce6507f1a0a77b0c4a5c7563a9e86,89810c9f9da51413829ef3ab0355af8a0dcce6507f1a0a77b0c4a5c7563a9e86,1,plain_cnn,44,4,0.61972594
0da7ca18162b012c5e65e29a6521df3c090a0070342516591883801876f8a8de,0da7ca18162b012c5e65e29a6521df3c090a0070342516591883801876f8a8de,1,plain_cnn,44,4,0.6200758
543e00753b2ae3a42b97e68ca83e94c7ea945e6736e6e1d7dd26808a5dad0e8b,543e00753b2ae3a42b97e68ca83e94c7ea945e6736e6e1d7dd26808a5dad0e8b,1,plain_cnn,44,4,0.7020706
67778117c04d9ef5410e5521de74b72c8e3085491ba75d99bd2109762a058efe,67778117c04d9ef5410e5521de74b72c8e3085491ba75d99bd2109762a058efe,1,plain_cnn,44,4,0.5429999
41ba1713a0172bdfc63c74f78b33b7fe084c29f647de8fc56d71675df288615f,41ba1713a0172bdfc63c74f78b33b7fe084c29f647de8fc56d71675df288615f,1,plain_cnn,44,4,0.787468
3e71fcc3f8a78e780596bbec3dc14e6e087e8d2f9a9eafdf54aa98995bf96af2,3e71fcc3f8a78e780596bbec3dc14e6e087e8d2f9a9eafdf54aa98995bf96af2,1,plain_cnn,44,4,0.7187749
34eeb369fff52f1ad84bba5d77da167a26ca5249293e3910bb04e8af2bf2ba25,34eeb369fff52f1ad84bba5d77da167a26ca5249293e3910bb04e8af2bf2ba25,0,narrow_resnet_gn,44,4,0.0034186435
e4a8a1984d9693e70d8335a1c8c77a39a68f684b5661ac2edc34f8e971dd88f1,e4a8a1984d9693e70d8335a1c8c77a39a68f684b5661ac2edc34f8e971dd88f1,0,narrow_resnet_gn,44,4,0.016965974
1aef7dac4e05e817a3496f6a49b890c9f2fc84b3afcda460c74f76723e09851e,1aef7dac4e05e817a3496f6a49b890c9f2fc84b3afcda460c74f76723e09851e,0,narrow_resnet_gn,44,4,0.9784122
90c4faafd845360cbfd09f19632147497b4b04463ee87ae31d991f20e6ca6ed0,90c4faafd845360cbfd09f19632147497b4b04463ee87ae31d991f20e6ca6ed0,0,narrow_resnet_gn,44,4,0.017056756
cce8e87b4fb59d8c79ae90de643a8203db5e0e0a73b4bb42effe9c2517f6fa01,cce8e87b4fb59d8c79ae90de643a8203db5e0e0a73b4bb42effe9c2517f6fa01,0,narrow_resnet_gn,44,4,0.0007243804
2ed39cc6daa76227fef121e3687cd919552874410cad3b708ad363313a942626,2ed39cc6daa76227fef121e3687cd919552874410cad3b708ad363313a942626,0,narrow_resnet_gn,44,4,0.001500775
09393b70fcb61a1299bad46fd256c97f665e2830c41f528825d78823aa77afcb,09393b70fcb61a1299bad46fd256c97f665e2830c41f528825d78823aa77afcb,0,narrow_resnet_gn,44,4,0.19107501
fe24370b7fbad1d4671832b0132f589ae94191d04a324806374726cbb9553a9a,fe24370b7fbad1d4671832b0132f589ae94191d04a324806374726cbb9553a9a,0,narrow_resnet_gn,44,4,0.0009351867
2696e7062b07582af40cc808c1d7ec35909b89548d5f99f2ed8d7f97e45374f9,2696e7062b07582af40cc808c1d7ec35909b89548d5f99f2ed8d7f97e45374f9,0,narrow_resnet_gn,44,4,0.0037392657
83aaaf100259fad75d3cae0d1f0acedff5a3718d7d1db32062bd1cd3aac86688,34eeb369fff52f1ad84bba5d77da167a26ca5249293e3910bb04e8af2bf2ba25,0,narrow_resnet_gn,44,4,0.0033011355
9fed845a58f23ea75c16c2f89d701ca68c7780565f94dd913a3fc2fd8e01b9cd,9fed845a58f23ea75c16c2f89d701ca68c7780565f94dd913a3fc2fd8e01b9cd,0,narrow_resnet_gn,44,4,0.0037705135
683f3845f5e1a3e4b1f8fead91bc8f1f840f7e6724d34d9ea393e0b71d86d220,683f3845f5e1a3e4b1f8fead91bc8f1f840f7e6724d34d9ea393e0b71d86d220,0,narrow_resnet_gn,44,4,0.38846076
b139e0fcae28ad639ed2540074d7cf1ed36ef82ad840c1cf598128f4f55b6f94,2ed39cc6daa76227fef121e3687cd919552874410cad3b708ad363313a942626,0,narrow_resnet_gn,44,4,0.001982174
6af768514c2ab6b4609d28567d61ed8a7c5ffc020422713a7be95efdb8512f6a,6af768514c2ab6b4609d28567d61ed8a7c5ffc020422713a7be95efdb8512f6a,0,narrow_resnet_gn,44,4,0.00047472573
91ec708e6345187e7e6cb79d8f506804299539768c93c40dad9b190d53558a60,91ec708e6345187e7e6cb79d8f506804299539768c93c40dad9b190d53558a60,0,narrow_resnet_gn,44,4,0.7523868
4b28a53817d0da69153d71be73ea818aaa6ac48f65a8dd2a5d84a6225fa0f94a,4b28a53817d0da69153d71be73ea818aaa6ac48f65a8dd2a5d84a6225fa0f94a,0,narrow_resnet_gn,44,4,0.00082461524
af848889102601facd1b908c76d3cbf1ac5bb5681300d7e5a97893261e5d4a11,af848889102601facd1b908c76d3cbf1ac5bb5681300d7e5a97893261e5d4a11,0,narrow_resnet_gn,44,4,0.8837602
bdce5afee31c171c25454a01878f49a2bb1d2887df3eee350399b383513f8cae,bdce5afee31c171c25454a01878f49a2bb1d2887df3eee350399b383513f8cae,0,narrow_resnet_gn,44,4,0.00086273276
81fe68a9e2fc315e9710282f606a670778130998e1390a3144d9bf5b31bd4065,81fe68a9e2fc315e9710282f606a670778130998e1390a3144d9bf5b31bd4065,0,narrow_resnet_gn,44,4,0.0010058595
b12ea55157f26c262502f57f8eb5ab13ef9aeac065eed940af6c87d362ad9300,b12ea55157f26c262502f57f8eb5ab13ef9aeac065eed940af6c87d362ad9300,0,narrow_resnet_gn,44,4,0.0014382101
d6c7145cffa1d9b450905160ed7b9b4579c864eb77395fc69813e5e6b74e495d,d6c7145cffa1d9b450905160ed7b9b4579c864eb77395fc69813e5e6b74e495d,1,narrow_resnet_gn,44,4,0.9422569
bd342fb9cbae0aaced0b790162fd2173c66f2b4d4548d7c8f56c07a655cdfa2f,bd342fb9cbae0aaced0b790162fd2173c66f2b4d4548d7c8f56c07a655cdfa2f,1,narrow_resnet_gn,44,4,0.04931147
8dc2f105b420d03e79f318c43a9bc8b63105f57cd452b4de3ab53998ee2c0013,4b500751557f10159179da0bf35abdbd125e04d552884e8115db912c31f440e5,1,narrow_resnet_gn,44,4,0.77724004
ec29cdff7047d7ea62b34c125bfb4d183e75d1102f79ea2672f3383533776599,ec29cdff7047d7ea62b34c125bfb4d183e75d1102f79ea2672f3383533776599,1,narrow_resnet_gn,44,4,0.20959109
1698e358015b2ecda49464781e87202cb625b72cfe0d2bc1e392f949afad6345,1698e358015b2ecda49464781e87202cb625b72cfe0d2bc1e392f949afad6345,1,narrow_resnet_gn,44,4,0.39764547
56562a6e44ee836f84a036e2e76a09f7d302082181f58852651d2c48646ccc2a,56562a6e44ee836f84a036e2e76a09f7d302082181f58852651d2c48646ccc2a,1,narrow_resnet_gn,44,4,0.042714704
dfa19f73a09806cff5b8b3570e9ac156041cf5c4972375230d5bb22c82540be9,dfa19f73a09806cff5b8b3570e9ac156041cf5c4972375230d5bb22c82540be9,1,narrow_resnet_gn,44,4,0.37153783
a645b290ac12124164b9b27be07bbe9f4d5a44e51a551a6ca26321867a0006e9,a645b290ac12124164b9b27be07bbe9f4d5a44e51a551a6ca26321867a0006e9,1,narrow_resnet_gn,44,4,0.9609327
4b500751557f10159179da0bf35abdbd125e04d552884e8115db912c31f440e5,4b500751557f10159179da0bf35abdbd125e04d552884e8115db912c31f440e5,1,narrow_resnet_gn,44,4,0.7701792
78e97d3de70b032f0d206a290be5a6f5b64f7e058d60e0ef0331a2f58438a43e,78e97d3de70b032f0d206a290be5a6f5b64f7e058d60e0ef0331a2f58438a43e,1,narrow_resnet_gn,44,4,0.23979725
cd7814cfd9f4006cc37117d886dabdeb8ae27fcdbd9248592df88b6f54fd5bd5,cd7814cfd9f4006cc37117d886dabdeb8ae27fcdbd9248592df88b6f54fd5bd5,1,narrow_resnet_gn,44,4,0.9546502
4833565f53ed51543091352a222ac98b1c6096441861c9c035127a80fd460257,4833565f53ed51543091352a222ac98b1c6096441861c9c035127a80fd460257,1,narrow_resnet_gn,44,4,0.12886383
1945a41778e1fcf8341500525e443c5347977c28baf26a0ced32f99534edd898,1945a41778e1fcf8341500525e443c5347977c28baf26a0ced32f99534edd898,1,narrow_resnet_gn,44,4,0.9885648
6f83510d9f035d7a17efffccb9603239c49ba14dce10dbe0e25a3358e63a2ffb,6f83510d9f035d7a17efffccb9603239c49ba14dce10dbe0e25a3358e63a2ffb,1,narrow_resnet_gn,44,4,0.7972551
976659c77cc9b2679e77eb492592dfd66045319538e6f68604e0027b237cc949,976659c77cc9b2679e77eb492592dfd66045319538e6f68604e0027b237cc949,1,narrow_resnet_gn,44,4,0.045677647
664d62c750b5c76bce37e6b7496f70a9195a139c893da9e2487cf441bd622dda,664d62c750b5c76bce37e6b7496f70a9195a139c893da9e2487cf441bd622dda,1,narrow_resnet_gn,44,4,0.97333366
7b410517b5262c81b8cbd2a606b2b730e4aa41b2f4c405c406d0ab497a375fad,7b410517b5262c81b8cbd2a606b2b730e4aa41b2f4c405c406d0ab497a375fad,1,narrow_resnet_gn,44,4,0.96458846
e47b451baa75405ff12a9ec02887a268755b304791cb8555636959ac66bba7c7,3e71fcc3f8a78e780596bbec3dc14e6e087e8d2f9a9eafdf54aa98995bf96af2,1,narrow_resnet_gn,44,4,0.011560515
c6f1bb114ffc0594d49c3991aec03ef53c6d44506cd552baad1020f821d80648,c6f1bb114ffc0594d49c3991aec03ef53c6d44506cd552baad1020f821d80648,1,narrow_resnet_gn,44,4,0.7323401
a9ad252451dd83369e64751c361e0394fe0f2c117c56915ca089ba9683fffdab,a9ad252451dd83369e64751c361e0394fe0f2c117c56915ca089ba9683fffdab,1,narrow_resnet_gn,44,4,0.6013616
89810c9f9da51413829ef3ab0355af8a0dcce6507f1a0a77b0c4a5c7563a9e86,89810c9f9da51413829ef3ab0355af8a0dcce6507f1a0a77b0c4a5c7563a9e86,1,narrow_resnet_gn,44,4,0.013673791
0da7ca18162b012c5e65e29a6521df3c090a0070342516591883801876f8a8de,0da7ca18162b012c5e65e29a6521df3c090a0070342516591883801876f8a8de,1,narrow_resnet_gn,44,4,0.9854402
543e00753b2ae3a42b97e68ca83e94c7ea945e6736e6e1d7dd26808a5dad0e8b,543e00753b2ae3a42b97e68ca83e94c7ea945e6736e6e1d7dd26808a5dad0e8b,1,narrow_resnet_gn,44,4,0.94343626
67778117c04d9ef5410e5521de74b72c8e3085491ba75d99bd2109762a058efe,67778117c04d9ef5410e5521de74b72c8e3085491ba75d99bd2109762a058efe,1,narrow_resnet_gn,44,4,0.9397908
41ba1713a0172bdfc63c74f78b33b7fe084c29f647de8fc56d71675df288615f,41ba1713a0172bdfc63c74f78b33b7fe084c29f647de8fc56d71675df288615f,1,narrow_resnet_gn,44,4,0.942131
3e71fcc3f8a78e780596bbec3dc14e6e087e8d2f9a9eafdf54aa98995bf96af2,3e71fcc3f8a78e780596bbec3dc14e6e087e8d2f9a9eafdf54aa98995bf96af2,1,narrow_resnet_gn,44,4,0.0117169665
