model,case_id,subset,group_id,n_modalities,macro_dice
qmmf,BRATS_021,flair,sg_8a56096263e207fc,1,0.49585146871524227
qmmf,BRATS_021,t1,sg_8a56096263e207fc,1,0.3453840397896682
qmmf,BRATS_021,t1+flair,sg_8a56096263e207fc,2,0.6150342942664296
qmmf,BRATS_021,t1+t1ce,sg_8a56096263e207fc,2,0.4506289160209893
qmmf,BRATS_021,t1+t1ce+flair,sg_8a56096263e207fc,3,0.6249674245836725
qmmf,BRATS_021,t1+t1ce+t2,sg_8a56096263e207fc,3,0.6256946592817442
qmmf,BRATS_021,t1+t1ce+t2+flair,sg_8a56096263e207fc,4,0.7115581149918357
qmmf,BRATS_021,t1+t2,sg_8a56096263e207fc,2,0.3812945251528366
qmmf,BRATS_021,t1+t2+flair,sg_8a56096263e207fc,3,0.6722673679787968
qmmf,BRATS_021,t1ce,sg_8a56096263e207fc,1,0.289319935032808
qmmf,BRATS_021,t1ce+flair,sg_8a56096263e207fc,2,0.582915872338841
qmmf,BRATS_021,t1ce+t2,sg_8a56096263e207fc,2,0.5817645210488217
qmmf,BRATS_021,t1ce+t2+flair,sg_8a56096263e207fc,3,0.7037935999334787
qmmf,BRATS_021,t2,sg_8a56096263e207fc,1,0.3813878445085472
qmmf,BRATS_021,t2+flair,sg_8a56096263e207fc,2,0.6209941476773624
qmmf,BRATS_111,flair,sg_74969a1c98337c11,1,0.612481588284076
qmmf,BRATS_111,t1,sg_74969a1c98337c11,1,0.41653214807274425
qmmf,BRATS_111,t1+flair,sg_74969a1c98337c11,2,0.6751428643745817
qmmf,BRATS_111,t1+t1ce,sg_74969a1c98337c11,2,0.7719800937972542
qmmf,BRATS_111,t1+t1ce+flair,sg_74969a1c98337c11,3,0.9129157517007679
qmmf,BRATS_111,t1+t1ce+t2,sg_74969a1c98337c11,3,0.8626948136945302
qmmf,BRATS_111,t1+t1ce+t2+flair,sg_74969a1c98337c11,4,0.9121310745976903
qmmf,BRATS_111,t1+t2,sg_74969a1c98337c11,2,0.6001016706292943
qmmf,BRATS_111,t1+t2+flair,sg_74969a1c98337c11,3,0.6880053180644278
qmmf,BRATS_111,t1ce,sg_74969a1c98337c11,1,0.7424538493178026
qmmf,BRATS_111,t1ce+flair,sg_74969a1c98337c11,2,0.9170757151150699
qmmf,BRATS_111,t1ce+t2,sg_74969a1c98337c11,2,0.836728833565863
qmmf,BRATS_111,t1ce+t2+flair,sg_74969a1c98337c11,3,0.9110663273065237
qmmf,BRATS_111,t2,sg_74969a1c98337c11,1,0.4463528184298751
qmmf,BRATS_111,t2+flair,sg_74969a1c98337c11,2,0.630395149119621
qmmf,BRATS_172,flair,sg_cb857fb98a0abf51,1,0.6731136639541467
qmmf,BRATS_172,t1,sg_cb857fb98a0abf51,1,0.5926808792133303
qmmf,BRATS_172,t1+flair,sg_cb857fb98a0abf51,2,0.7385412771032417
qmmf,BRATS_172,t1+t1ce,sg_cb857fb98a0abf51,2,0.8709004966593406
qmmf,BRATS_172,t1+t1ce+flair,sg_cb857fb98a0abf51,3,0.9262486278225971
qmmf,BRATS_172,t1+t1ce+t2,sg_cb857fb98a0abf51,3,0.9220870374311367
qmmf,BRATS_172,t1+t1ce+t2+flair,sg_cb857fb98a0abf51,4,0.9305176865262381
qmmf,BRATS_172,t1+t2,sg_cb857fb98a0abf51,2,0.7144847852290437
qmmf,BRATS_172,t1+t2+flair,sg_cb857fb98a0abf51,3,0.7286755419407331
qmmf,BRATS_172,t1ce,sg_cb857fb98a0abf51,1,0.8436011252483961
qmmf,BRATS_172,t1ce+flair,sg_cb857fb98a0abf51,2,0.9241278583653765
qmmf,BRATS_172,t1ce+t2,sg_cb857fb98a0abf51,2,0.9131424694240465
qmmf,BRATS_172,t1ce+t2+flair,sg_cb857fb98a0abf51,3,0.9290787596595056
qmmf,BRATS_172,t2,sg_cb857fb98a0abf51,1,0.6883136876218
qmmf,BRATS_172,t2+flair,sg_cb857fb98a0abf51,2,0.7168438466777695
qmmf,BRATS_219,flair,sg_4634c4d061d30852,1,0.6259699323637088
qmmf,BRATS_219,t1,sg_4634c4d061d30852,1,0.667321867557809
qmmf,BRATS_219,t1+flair,sg_4634c4d061d30852,2,0.6111336051052547
qmmf,BRATS_219,t1+t1ce,sg_4634c4d061d30852,2,0.8149642399833557
qmmf,BRATS_219,t1+t1ce+flair,sg_4634c4d061d30852,3,0.8833458258140251
qmmf,BRATS_219,t1+t1ce+t2,sg_4634c4d061d30852,3,0.8781267152726677
qmmf,BRATS_219,t1+t1ce+t2+flair,sg_4634c4d061d30852,4,0.8926663395585197
qmmf,BRATS_219,t1+t2,sg_4634c4d061d30852,2,0.6512358927913704
qmmf,BRATS_219,t1+t2+flair,sg_4634c4d061d30852,3,0.648646569931546
qmmf,BRATS_219,t1ce,sg_4634c4d061d30852,1,0.7747879133365484
qmmf,BRATS_219,t1ce+flair,sg_4634c4d061d30852,2,0.8777241920772084
qmmf,BRATS_219,t1ce+t2,sg_4634c4d061d30852,2,0.8668555580174296
qmmf,BRATS_219,t1ce+t2+flair,sg_4634c4d061d30852,3,0.8954625297959623
qmmf,BRATS_219,t2,sg_4634c4d061d30852,1,0.5580771776015044
qmmf,BRATS_219,t2+flair,sg_4634c4d061d30852,2,0.6593907342455654
qmmf,BRATS_230,flair,sg_1669c905c2882ce2,1,0.23587193521114225
qmmf,BRATS_230,t1,sg_1669c905c2882ce2,1,0.25730388393777787
qmmf,BRATS_230,t1+flair,sg_1669c905c2882ce2,2,0.41573118103673184
qmmf,BRATS_230,t1+t1ce,sg_1669c905c2882ce2,2,0.3788184247935416
qmmf,BRATS_230,t1+t1ce+flair,sg_1669c905c2882ce2,3,0.5668331155738987
qmmf,BRATS_230,t1+t1ce+t2,sg_1669c905c2882ce2,3,0.6097122609038762
qmmf,BRATS_230,t1+t1ce+t2+flair,sg_1669c905c2882ce2,4,0.6580721700806003
qmmf,BRATS_230,t1+t2,sg_1669c905c2882ce2,2,0.4306085619547266
qmmf,BRATS_230,t1+t2+flair,sg_1669c905c2882ce2,3,0.4939789585644862
qmmf,BRATS_230,t1ce,sg_1669c905c2882ce2,1,0.3410632134900445
qmmf,BRATS_230,t1ce+flair,sg_1669c905c2882ce2,2,0.37450733585158097
qmmf,BRATS_230,t1ce+t2,sg_1669c905c2882ce2,2,0.5905433716830731
qmmf,BRATS_230,t1ce+t2+flair,sg_1669c905c2882ce2,3,0.659320429008059
qmmf,BRATS_230,t2,sg_1669c905c2882ce2,1,0.39383527775632327
qmmf,BRATS_230,t2+flair,sg_1669c905c2882ce2,2,0.47553261146314285
qmmf,BRATS_258,flair,sg_9568e8757c7f7a03,1,0.5808051218500893
qmmf,BRATS_258,t1,sg_9568e8757c7f7a03,1,0.045909903290600844
qmmf,BRATS_258,t1+flair,sg_9568e8757c7f7a03,2,0.5725306385149908
qmmf,BRATS_258,t1+t1ce,sg_9568e8757c7f7a03,2,0.7738015958643257
qmmf,BRATS_258,t1+t1ce+flair,sg_9568e8757c7f7a03,3,0.8998620761799806
qmmf,BRATS_258,t1+t1ce+t2,sg_9568e8757c7f7a03,3,0.874391496546857
qmmf,BRATS_258,t1+t1ce+t2+flair,sg_9568e8757c7f7a03,4,0.9020216925910738
qmmf,BRATS_258,t1+t2,sg_9568e8757c7f7a03,2,0.5938077240959235
qmmf,BRATS_258,t1+t2+flair,sg_9568e8757c7f7a03,3,0.5881202821813666
qmmf,BRATS_258,t1ce,sg_9568e8757c7f7a03,1,0.7510431783780583
qmmf,BRATS_258,t1ce+flair,sg_9568e8757c7f7a03,2,0.9029114813802429
qmmf,BRATS_258,t1ce+t2,sg_9568e8757c7f7a03,2,0.8705869142677664
qmmf,BRATS_258,t1ce+t2+flair,sg_9568e8757c7f7a03,3,0.9064409623566597
qmmf,BRATS_258,t2,sg_9568e8757c7f7a03,1,0.43809435392867785
qmmf,BRATS_258,t2+flair,sg_9568e8757c7f7a03,2,0.6143278029006648
qmmf,BRATS_324,flair,sg_dbb5dd7d7605593e,1,0.3494386519991564
qmmf,BRATS_324,t1,sg_dbb5dd7d7605593e,1,0.2359949894558232
qmmf,BRATS_324,t1+flair,sg_dbb5dd7d7605593e,2,0.3509572618070678
qmmf,BRATS_324,t1+t1ce,sg_dbb5dd7d7605593e,2,0.5644809328062164
qmmf,BRATS_324,t1+t1ce+flair,sg_dbb5dd7d7605593e,3,0.7448379782210051
qmmf,BRATS_324,t1+t1ce+t2,sg_dbb5dd7d7605593e,3,0.7273537775872292
qmmf,BRATS_324,t1+t1ce+t2+flair,sg_dbb5dd7d7605593e,4,0.7849567526994418
qmmf,BRATS_324,t1+t2,sg_dbb5dd7d7605593e,2,0.32074060098389534
qmmf,BRATS_324,t1+t2+flair,sg_dbb5dd7d7605593e,3,0.41232262260085967
qmmf,BRATS_324,t1ce,sg_dbb5dd7d7605593e,1,0.5761473691980018
qmmf,BRATS_324,t1ce+flair,sg_dbb5dd7d7605593e,2,0.7797409522787256
qmmf,BRATS_324,t1ce+t2,sg_dbb5dd7d7605593e,2,0.7477868821453834
qmmf,BRATS_324,t1ce+t2+flair,sg_dbb5dd7d7605593e,3,0.8094822279938407
qmmf,BRATS_324,t2,sg_dbb5dd7d7605593e,1,0.27974070652086375
qmmf,BRATS_324,t2+flair,sg_dbb5dd7d7605593e,2,0.4291159741102885
qmmf,BRATS_335,flair,sg_1dd2f970abd2e8ef,1,0.5959725909601093
qmmf,BRATS_335,t1,sg_1dd2f970abd2e8ef,1,0.38269623408826936
qmmf,BRATS_335,t1+flair,sg_1dd2f970abd2e8ef,2,0.6311675375840381
qmmf,BRATS_335,t1+t1ce,sg_1dd2f970abd2e8ef,2,0.7094806554264256
qmmf,BRATS_335,t1+t1ce+flair,sg_1dd2f970abd2e8ef,3,0.831463659156524
qmmf,BRATS_335,t1+t1ce+t2,sg_1dd2f970abd2e8ef,3,0.8217336803863331
qmmf,BRATS_335,t1+t1ce+t2+flair,sg_1dd2f970abd2e8ef,4,0.8336977426210265
qmmf,BRATS_335,t1+t2,sg_1dd2f970abd2e8ef,2,0.570167426933304
qmmf,BRATS_335,t1+t2+flair,sg_1dd2f970abd2e8ef,3,0.6595748718206974
qmmf,BRATS_335,t1ce,sg_1dd2f970abd2e8ef,1,0.6245915075643177
qmmf,BRATS_335,t1ce+flair,sg_1dd2f970abd2e8ef,2,0.819186006776136
qmmf,BRATS_335,t1ce+t2,sg_1dd2f970abd2e8ef,2,0.8072581218737547
qmmf,BRATS_335,t1ce+t2+flair,sg_1dd2f970abd2e8ef,3,0.8254499636628426
qmmf,BRATS_335,t2,sg_1dd2f970abd2e8ef,1,0.5393789731170833
qmmf,BRATS_335,t2+flair,sg_1dd2f970abd2e8ef,2,0.6518454812203651
qmmf,BRATS_338,flair,sg_602726c0ba192496,1,0.369242378645823
qmmf,BRATS_338,t1,sg_602726c0ba192496,1,0.10600414901793631
qmmf,BRATS_338,t1+flair,sg_602726c0ba192496,2,0.4167552925666413
qmmf,BRATS_338,t1+t1ce,sg_602726c0ba192496,2,0.3042578084332895
qmmf,BRATS_338,t1+t1ce+flair,sg_602726c0ba192496,3,0.7459270877226203
qmmf,BRATS_338,t1+t1ce+t2,sg_602726c0ba192496,3,0.6598339583645015
qmmf,BRATS_338,t1+t1ce+t2+flair,sg_602726c0ba192496,4,0.7354961134951266
qmmf,BRATS_338,t1+t2,sg_602726c0ba192496,2,0.28967439932047684
qmmf,BRATS_338,t1+t2+flair,sg_602726c0ba192496,3,0.40600400765858763
qmmf,BRATS_338,t1ce,sg_602726c0ba192496,1,0.2891133411288982
qmmf,BRATS_338,t1ce+flair,sg_602726c0ba192496,2,0.7320499682423592
qmmf,BRATS_338,t1ce+t2,sg_602726c0ba192496,2,0.6349396372519495
qmmf,BRATS_338,t1ce+t2+flair,sg_602726c0ba192496,3,0.7172965709220969
qmmf,BRATS_338,t2,sg_602726c0ba192496,1,0.2314557807094165
qmmf,BRATS_338,t2+flair,sg_602726c0ba192496,2,0.37247908674573565
qmmf,BRATS_367,flair,sg_a46b5f5bbd1aae60,1,0.6718556808504325
qmmf,BRATS_367,t1,sg_a46b5f5bbd1aae60,1,0.3701596582347492
qmmf,BRATS_367,t1+flair,sg_a46b5f5bbd1aae60,2,0.6661847387511298
qmmf,BRATS_367,t1+t1ce,sg_a46b5f5bbd1aae60,2,0.7739262995768511
qmmf,BRATS_367,t1+t1ce+flair,sg_a46b5f5bbd1aae60,3,0.8627148428513598
qmmf,BRATS_367,t1+t1ce+t2,sg_a46b5f5bbd1aae60,3,0.8522859783538893
qmmf,BRATS_367,t1+t1ce+t2+flair,sg_a46b5f5bbd1aae60,4,0.8532471457472113
qmmf,BRATS_367,t1+t2,sg_a46b5f5bbd1aae60,2,0.630928621565131
qmmf,BRATS_367,t1+t2+flair,sg_a46b5f5bbd1aae60,3,0.6587182740495526
qmmf,BRATS_367,t1ce,sg_a46b5f5bbd1aae60,1,0.7426150939280497
qmmf,BRATS_367,t1ce+flair,sg_a46b5f5bbd1aae60,2,0.8635701814215161
qmmf,BRATS_367,t1ce+t2,sg_a46b5f5bbd1aae60,2,0.839102858199047
qmmf,BRATS_367,t1ce+t2+flair,sg_a46b5f5bbd1aae60,3,0.8531126398475259
qmmf,BRATS_367,t2,sg_a46b5f5bbd1aae60,1,0.5224379936658167
qmmf,BRATS_367,t2+flair,sg_a46b5f5bbd1aae60,2,0.6530889646546234
qmmf,BRATS_369,flair,sg_46b6c66765483f24,1,0.6785143552800431
qmmf,BRATS_369,t1,sg_46b6c66765483f24,1,0.5845568535875055
qmmf,BRATS_369,t1+flair,sg_46b6c66765483f24,2,0.6667943068693486
qmmf,BRATS_369,t1+t1ce,sg_46b6c66765483f24,2,0.7963262367172638
qmmf,BRATS_369,t1+t1ce+flair,sg_46b6c66765483f24,3,0.8204490264561176
qmmf,BRATS_369,t1+t1ce+t2,sg_46b6c66765483f24,3,0.8631407922083213
qmmf,BRATS_369,t1+t1ce+t2+flair,sg_46b6c66765483f24,4,0.8504151908758267
qmmf,BRATS_369,t1+t2,sg_46b6c66765483f24,2,0.6857907204730148
qmmf,BRATS_369,t1+t2+flair,sg_46b6c66765483f24,3,0.6886090433698501
qmmf,BRATS_369,t1ce,sg_46b6c66765483f24,1,0.713875191847427
qmmf,BRATS_369,t1ce+flair,sg_46b6c66765483f24,2,0.8217136276796152
qmmf,BRATS_369,t1ce+t2,sg_46b6c66765483f24,2,0.8668264043785321
qmmf,BRATS_369,t1ce+t2+flair,sg_46b6c66765483f24,3,0.8577569050906001
qmmf,BRATS_369,t2,sg_46b6c66765483f24,1,0.6768351188890883
qmmf,BRATS_369,t2+flair,sg_46b6c66765483f24,2,0.6898852590445523
qmmf,BRATS_404,flair,sg_294e1273de6f57c3,1,0.5675163205043731
qmmf,BRATS_404,t1,sg_294e1273de6f57c3,1,0.0816281874715264
qmmf,BRATS_404,t1+flair,sg_294e1273de6f57c3,2,0.6168414429441548
qmmf,BRATS_404,t1+t1ce,sg_294e1273de6f57c3,2,0.5750628136917418
qmmf,BRATS_404,t1+t1ce+flair,sg_294e1273de6f57c3,3,0.807320558294449
qmmf,BRATS_404,t1+t1ce+t2,sg_294e1273de6f57c3,3,0.8306343878607958
qmmf,BRATS_404,t1+t1ce+t2+flair,sg_294e1273de6f57c3,4,0.8227701880885903
qmmf,BRATS_404,t1+t2,sg_294e1273de6f57c3,2,0.7204292563100793
qmmf,BRATS_404,t1+t2+flair,sg_294e1273de6f57c3,3,0.7061682948771405
qmmf,BRATS_404,t1ce,sg_294e1273de6f57c3,1,0.5649181309854279
qmmf,BRATS_404,t1ce+flair,sg_294e1273de6f57c3,2,0.8306064491764976
qmmf,BRATS_404,t1ce+t2,sg_294e1273de6f57c3,2,0.8328267676106603
qmmf,BRATS_404,t1ce+t2+flair,sg_294e1273de6f57c3,3,0.8322524288408983
qmmf,BRATS_404,t2,sg_294e1273de6f57c3,1,0.7052303251327151
qmmf,BRATS_404,t2+flair,sg_294e1273de6f57c3,2,0.685248460450495
qmmf,BRATS_413,flair,sg_3b44f65ab67602cc,1,0.3657050999613307
qmmf,BRATS_413,t1,sg_3b44f65ab67602cc,1,0.20335053345211496
qmmf,BRATS_413,t1+flair,sg_3b44f65ab67602cc,2,0.4555048787736904
qmmf,BRATS_413,t1+t1ce,sg_3b44f65ab67602cc,2,0.40720149797728394
qmmf,BRATS_413,t1+t1ce+flair,sg_3b44f65ab67602cc,3,0.7766238745618578
qmmf,BRATS_413,t1+t1ce+t2,sg_3b44f65ab67602cc,3,0.6790085859418614
qmmf,BRATS_413,t1+t1ce+t2+flair,sg_3b44f65ab67602cc,4,0.7879457420688764
qmmf,BRATS_413,t1+t2,sg_3b44f65ab67602cc,2,0.41936596168674284
qmmf,BRATS_413,t1+t2+flair,sg_3b44f65ab67602cc,3,0.5042028218785041
qmmf,BRATS_413,t1ce,sg_3b44f65ab67602cc,1,0.3827742181032756
qmmf,BRATS_413,t1ce+flair,sg_3b44f65ab67602cc,2,0.7240032077697517
qmmf,BRATS_413,t1ce+t2,sg_3b44f65ab67602cc,2,0.6402491250938026
qmmf,BRATS_413,t1ce+t2+flair,sg_3b44f65ab67602cc,3,0.7620245083168916
qmmf,BRATS_413,t2,sg_3b44f65ab67602cc,1,0.35935745857676954
qmmf,BRATS_413,t2+flair,sg_3b44f65ab67602cc,2,0.47620827985274894
qmmf,BRATS_430,flair,sg_a4981b8b123d95c4,1,0.24038623009141638
qmmf,BRATS_430,t1,sg_a4981b8b123d95c4,1,0.2750025449152333
qmmf,BRATS_430,t1+flair,sg_a4981b8b123d95c4,2,0.36441630780251016
qmmf,BRATS_430,t1+t1ce,sg_a4981b8b123d95c4,2,0.6764592691458967
qmmf,BRATS_430,t1+t1ce+flair,sg_a4981b8b123d95c4,3,0.7908237446529659
qmmf,BRATS_430,t1+t1ce+t2,sg_a4981b8b123d95c4,3,0.7721845954645663
qmmf,BRATS_430,t1+t1ce+t2+flair,sg_a4981b8b123d95c4,4,0.8061001029535487
qmmf,BRATS_430,t1+t2,sg_a4981b8b123d95c4,2,0.438558604709725
qmmf,BRATS_430,t1+t2+flair,sg_a4981b8b123d95c4,3,0.4871707169753236
qmmf,BRATS_430,t1ce,sg_a4981b8b123d95c4,1,0.6716985778439258
qmmf,BRATS_430,t1ce+flair,sg_a4981b8b123d95c4,2,0.7812030198402021
qmmf,BRATS_430,t1ce+t2,sg_a4981b8b123d95c4,2,0.7743522636194228
qmmf,BRATS_430,t1ce+t2+flair,sg_a4981b8b123d95c4,3,0.8074896794460398
qmmf,BRATS_430,t2,sg_a4981b8b123d95c4,1,0.3976908478236519
qmmf,BRATS_430,t2+flair,sg_a4981b8b123d95c4,2,0.47878403409008224
qmmf,BRATS_441,flair,sg_baba356c1735c37c,1,0.483657965138191
qmmf,BRATS_441,t1,sg_baba356c1735c37c,1,0.36528119590013075
qmmf,BRATS_441,t1+flair,sg_baba356c1735c37c,2,0.505154580873279
qmmf,BRATS_441,t1+t1ce,sg_baba356c1735c37c,2,0.7495269000201281
qmmf,BRATS_441,t1+t1ce+flair,sg_baba356c1735c37c,3,0.8240334923173487
qmmf,BRATS_441,t1+t1ce+t2,sg_baba356c1735c37c,3,0.8259255258335504
qmmf,BRATS_441,t1+t1ce+t2+flair,sg_baba356c1735c37c,4,0.8434769082388237
qmmf,BRATS_441,t1+t2,sg_baba356c1735c37c,2,0.5046570725696714
qmmf,BRATS_441,t1+t2+flair,sg_baba356c1735c37c,3,0.5621634146689475
qmmf,BRATS_441,t1ce,sg_baba356c1735c37c,1,0.6817377320036844
qmmf,BRATS_441,t1ce+flair,sg_baba356c1735c37c,2,0.8050223679777556
qmmf,BRATS_441,t1ce+t2,sg_baba356c1735c37c,2,0.8100295031485502
qmmf,BRATS_441,t1ce+t2+flair,sg_baba356c1735c37c,3,0.8336387663092163
qmmf,BRATS_441,t2,sg_baba356c1735c37c,1,0.4420771334190638
qmmf,BRATS_441,t2+flair,sg_baba356c1735c37c,2,0.5286489673783532
qmmf,BRATS_484,flair,sg_482440ccbb01f4b6,1,0.5623234240087419
qmmf,BRATS_484,t1,sg_482440ccbb01f4b6,1,0.5288139228275626
qmmf,BRATS_484,t1+flair,sg_482440ccbb01f4b6,2,0.7326511814188001
qmmf,BRATS_484,t1+t1ce,sg_482440ccbb01f4b6,2,0.7460743863848659
qmmf,BRATS_484,t1+t1ce+flair,sg_482440ccbb01f4b6,3,0.8785064698726729
qmmf,BRATS_484,t1+t1ce+t2,sg_482440ccbb01f4b6,3,0.8476274236814456
qmmf,BRATS_484,t1+t1ce+t2+flair,sg_482440ccbb01f4b6,4,0.8801446482666814
qmmf,BRATS_484,t1+t2,sg_482440ccbb01f4b6,2,0.6683767010558079
qmmf,BRATS_484,t1+t2+flair,sg_482440ccbb01f4b6,3,0.7309058776804974
qmmf,BRATS_484,t1ce,sg_482440ccbb01f4b6,1,0.7314133670683486
qmmf,BRATS_484,t1ce+flair,sg_482440ccbb01f4b6,2,0.8607533051752708
qmmf,BRATS_484,t1ce+t2,sg_482440ccbb01f4b6,2,0.83691562542346
qmmf,BRATS_484,t1ce+t2+flair,sg_482440ccbb01f4b6,3,0.8696171222254881
qmmf,BRATS_484,t2,sg_482440ccbb01f4b6,1,0.6159587461807662
qmmf,BRATS_484,t2+flair,sg_482440ccbb01f4b6,2,0.6786990882003074
hemis,BRATS_021,flair,sg_8a56096263e207fc,1,0.4752677013246853
hemis,BRATS_021,t1,sg_8a56096263e207fc,1,0.22046018329025982
hemis,BRATS_021,t1+flair,sg_8a56096263e207fc,2,0.12625256283082362
hemis,BRATS_021,t1+t1ce,sg_8a56096263e207fc,2,0.3472967294551695
hemis,BRATS_021,t1+t1ce+flair,sg_8a56096263e207fc,3,0.476842442344003
hemis,BRATS_021,t1+t1ce+t2,sg_8a56096263e207fc,3,0.6015916266400899
hemis,BRATS_021,t1+t1ce+t2+flair,sg_8a56096263e207fc,4,0.6587593378513537
hemis,BRATS_021,t1+t2,sg_8a56096263e207fc,2,0.4298479407168983
hemis,BRATS_021,t1+t2+flair,sg_8a56096263e207fc,3,0.5149263042457203
hemis,BRATS_021,t1ce,sg_8a56096263e207fc,1,0.25203586089870605
hemis,BRATS_021,t1ce+flair,sg_8a56096263e207fc,2,0.4875984885246427
hemis,BRATS_021,t1ce+t2,sg_8a56096263e207fc,2,0.6285496998919015
hemis,BRATS_021,t1ce+t2+flair,sg_8a56096263e207fc,3,0.6848570784666675
hemis,BRATS_021,t2,sg_8a56096263e207fc,1,0.3885027511664186
hemis,BRATS_021,t2+flair,sg_8a56096263e207fc,2,0.5364446363550504
hemis,BRATS_111,flair,sg_74969a1c98337c11,1,0.5653990975814198
hemis,BRATS_111,t1,sg_74969a1c98337c11,1,0.3013561802774613
hemis,BRATS_111,t1+flair,sg_74969a1c98337c11,2,0.5430608317591141
hemis,BRATS_111,t1+t1ce,sg_74969a1c98337c11,2,0.6327456842974977
hemis,BRATS_111,t1+t1ce+flair,sg_74969a1c98337c11,3,0.7901684633138079
hemis,BRATS_111,t1+t1ce+t2,sg_74969a1c98337c11,3,0.8010884299698745
hemis,BRATS_111,t1+t1ce+t2+flair,sg_74969a1c98337c11,4,0.8194741854968671
hemis,BRATS_111,t1+t2,sg_74969a1c98337c11,2,0.5302352674079777
hemis,BRATS_111,t1+t2+flair,sg_74969a1c98337c11,3,0.631213415809734
hemis,BRATS_111,t1ce,sg_74969a1c98337c11,1,0.5452846065721296
hemis,BRATS_111,t1ce+flair,sg_74969a1c98337c11,2,0.7753739192550988
hemis,BRATS_111,t1ce+t2,sg_74969a1c98337c11,2,0.7754110862926632
hemis,BRATS_111,t1ce+t2+flair,sg_74969a1c98337c11,3,0.8011541583104337
hemis,BRATS_111,t2,sg_74969a1c98337c11,1,0.5091261319474835
hemis,BRATS_111,t2+flair,sg_74969a1c98337c11,2,0.6104759881353684
hemis,BRATS_172,flair,sg_cb857fb98a0abf51,1,0.5276392650622302
hemis,BRATS_172,t1,sg_cb857fb98a0abf51,1,0.4391880866839685
hemis,BRATS_172,t1+flair,sg_cb857fb98a0abf51,2,0.5675377255816478
hemis,BRATS_172,t1+t1ce,sg_cb857fb98a0abf51,2,0.7103574570684059
hemis,BRATS_172,t1+t1ce+flair,sg_cb857fb98a0abf51,3,0.8738205162724819
hemis,BRATS_172,t1+t1ce+t2,sg_cb857fb98a0abf51,3,0.8595764356565038
hemis,BRATS_172,t1+t1ce+t2+flair,sg_cb857fb98a0abf51,4,0.8753427081938505
hemis,BRATS_172,t1+t2,sg_cb857fb98a0abf51,2,0.5837557748484755
hemis,BRATS_172,t1+t2+flair,sg_cb857fb98a0abf51,3,0.6092346677204213
hemis,BRATS_172,t1ce,sg_cb857fb98a0abf51,1,0.6917685956540325
hemis,BRATS_172,t1ce+flair,sg_cb857fb98a0abf51,2,0.8666563540516751
hemis,BRATS_172,t1ce+t2,sg_cb857fb98a0abf51,2,0.8671985740688082
hemis,BRATS_172,t1ce+t2+flair,sg_cb857fb98a0abf51,3,0.8667370232410748
hemis,BRATS_172,t2,sg_cb857fb98a0abf51,1,0.5978660071390197
hemis,BRATS_172,t2+flair,sg_cb857fb98a0abf51,2,0.6146187296450041
hemis,BRATS_219,flair,sg_4634c4d061d30852,1,0.6273923947589864
hemis,BRATS_219,t1,sg_4634c4d061d30852,1,0.30754896813054355
hemis,BRATS_219,t1+flair,sg_4634c4d061d30852,2,0.5795654278809769
hemis,BRATS_219,t1+t1ce,sg_4634c4d061d30852,2,0.7037283853566496
hemis,BRATS_219,t1+t1ce+flair,sg_4634c4d061d30852,3,0.8042847918789392
hemis,BRATS_219,t1+t1ce+t2,sg_4634c4d061d30852,3,0.7381586760775626
hemis,BRATS_219,t1+t1ce+t2+flair,sg_4634c4d061d30852,4,0.8102748289179984
hemis,BRATS_219,t1+t2,sg_4634c4d061d30852,2,0.5140613389888736
hemis,BRATS_219,t1+t2+flair,sg_4634c4d061d30852,3,0.6380167424856165
hemis,BRATS_219,t1ce,sg_4634c4d061d30852,1,0.6869060214673116
hemis,BRATS_219,t1ce+flair,sg_4634c4d061d30852,2,0.81154728819073
hemis,BRATS_219,t1ce+t2,sg_4634c4d061d30852,2,0.775236089209007
hemis,BRATS_219,t1ce+t2+flair,sg_4634c4d061d30852,3,0.8329901586284788
hemis,BRATS_219,t2,sg_4634c4d061d30852,1,0.48286668715389286
hemis,BRATS_219,t2+flair,sg_4634c4d061d30852,2,0.6497918608176235
hemis,BRATS_230,flair,sg_1669c905c2882ce2,1,0.1926962708311293
hemis,BRATS_230,t1,sg_1669c905c2882ce2,1,0.16966059073440123
hemis,BRATS_230,t1+flair,sg_1669c905c2882ce2,2,0.1589795385409275
hemis,BRATS_230,t1+t1ce,sg_1669c905c2882ce2,2,0.14865563118646932
hemis,BRATS_230,t1+t1ce+flair,sg_1669c905c2882ce2,3,0.23120889937123432
hemis,BRATS_230,t1+t1ce+t2,sg_1669c905c2882ce2,3,0.48568709296567025
hemis,BRATS_230,t1+t1ce+t2+flair,sg_1669c905c2882ce2,4,0.5066706803983152
hemis,BRATS_230,t1+t2,sg_1669c905c2882ce2,2,0.45914556050126004
hemis,BRATS_230,t1+t2+flair,sg_1669c905c2882ce2,3,0.49186108765273273
hemis,BRATS_230,t1ce,sg_1669c905c2882ce2,1,0.1684377742397876
hemis,BRATS_230,t1ce+flair,sg_1669c905c2882ce2,2,0.27215004507451757
hemis,BRATS_230,t1ce+t2,sg_1669c905c2882ce2,2,0.5288003637542639
hemis,BRATS_230,t1ce+t2+flair,sg_1669c905c2882ce2,3,0.5218680061209617
hemis,BRATS_230,t2,sg_1669c905c2882ce2,1,0.3437643081761285
hemis,BRATS_230,t2+flair,sg_1669c905c2882ce2,2,0.4365197202236133
hemis,BRATS_258,flair,sg_9568e8757c7f7a03,1,0.5943350179492803
hemis,BRATS_258,t1,sg_9568e8757c7f7a03,1,0.07124459217076815
hemis,BRATS_258,t1+flair,sg_9568e8757c7f7a03,2,0.6226716518751202
hemis,BRATS_258,t1+t1ce,sg_9568e8757c7f7a03,2,0.6448703382639177
hemis,BRATS_258,t1+t1ce+flair,sg_9568e8757c7f7a03,3,0.7421603507261537
hemis,BRATS_258,t1+t1ce+t2,sg_9568e8757c7f7a03,3,0.7293043705250506
hemis,BRATS_258,t1+t1ce+t2+flair,sg_9568e8757c7f7a03,4,0.7588414095663024
hemis,BRATS_258,t1+t2,sg_9568e8757c7f7a03,2,0.4813830765865445
hemis,BRATS_258,t1+t2+flair,sg_9568e8757c7f7a03,3,0.6427247466583509
hemis,BRATS_258,t1ce,sg_9568e8757c7f7a03,1,0.5246739417250922
hemis,BRATS_258,t1ce+flair,sg_9568e8757c7f7a03,2,0.7191364267380274
hemis,BRATS_258,t1ce+t2,sg_9568e8757c7f7a03,2,0.6841710768931604
hemis,BRATS_258,t1ce+t2+flair,sg_9568e8757c7f7a03,3,0.7399001815405075
hemis,BRATS_258,t2,sg_9568e8757c7f7a03,1,0.03028319662260756
hemis,BRATS_258,t2+flair,sg_9568e8757c7f7a03,2,0.6039215367207014
hemis,BRATS_324,flair,sg_dbb5dd7d7605593e,1,0.3322234355639028
hemis,BRATS_324,t1,sg_dbb5dd7d7605593e,1,0.14148793732146137
hemis,BRATS_324,t1+flair,sg_dbb5dd7d7605593e,2,0.32320888412216825
hemis,BRATS_324,t1+t1ce,sg_dbb5dd7d7605593e,2,0.39264479935898366
hemis,BRATS_324,t1+t1ce+flair,sg_dbb5dd7d7605593e,3,0.6220343759983104
hemis,BRATS_324,t1+t1ce+t2,sg_dbb5dd7d7605593e,3,0.44007917647030653
hemis,BRATS_324,t1+t1ce+t2+flair,sg_dbb5dd7d7605593e,4,0.6535856626019815
hemis,BRATS_324,t1+t2,sg_dbb5dd7d7605593e,2,0.1726899624122308
hemis,BRATS_324,t1+t2+flair,sg_dbb5dd7d7605593e,3,0.351267942541259
hemis,BRATS_324,t1ce,sg_dbb5dd7d7605593e,1,0.42490242419109653
hemis,BRATS_324,t1ce+flair,sg_dbb5dd7d7605593e,2,0.5863879340865218
hemis,BRATS_324,t1ce+t2,sg_dbb5dd7d7605593e,2,0.576827651789336
hemis,BRATS_324,t1ce+t2+flair,sg_dbb5dd7d7605593e,3,0.6985337510369014
hemis,BRATS_324,t2,sg_dbb5dd7d7605593e,1,0.11017054302582945
hemis,BRATS_324,t2+flair,sg_dbb5dd7d7605593e,2,0.41358264002328066
hemis,BRATS_335,flair,sg_1dd2f970abd2e8ef,1,0.5040855751943899
hemis,BRATS_335,t1,sg_1dd2f970abd2e8ef,1,0.2877129449568538
hemis,BRATS_335,t1+flair,sg_1dd2f970abd2e8ef,2,0.6504007441634261
hemis,BRATS_335,t1+t1ce,sg_1dd2f970abd2e8ef,2,0.45465930737168847
hemis,BRATS_335,t1+t1ce+flair,sg_1dd2f970abd2e8ef,3,0.8077619668824054
hemis,BRATS_335,t1+t1ce+t2,sg_1dd2f970abd2e8ef,3,0.7544447581381566
hemis,BRATS_335,t1+t1ce+t2+flair,sg_1dd2f970abd2e8ef,4,0.8257011961391388
hemis,BRATS_335,t1+t2,sg_1dd2f970abd2e8ef,2,0.5743127194099933
hemis,BRATS_335,t1+t2+flair,sg_1dd2f970abd2e8ef,3,0.6814179631422369
hemis,BRATS_335,t1ce,sg_1dd2f970abd2e8ef,1,0.31108320983606536
hemis,BRATS_335,t1ce+flair,sg_1dd2f970abd2e8ef,2,0.7340834350338143
hemis,BRATS_335,t1ce+t2,sg_1dd2f970abd2e8ef,2,0.7169766034799986
hemis,BRATS_335,t1ce+t2+flair,sg_1dd2f970abd2e8ef,3,0.7829753321773941
hemis,BRATS_335,t2,sg_1dd2f970abd2e8ef,1,0.4154635976324014
hemis,BRATS_335,t2+flair,sg_1dd2f970abd2e8ef,2,0.585143627274274
hemis,BRATS_338,flair,sg_602726c0ba192496,1,0.2046334929756923
hemis,BRATS_338,t1,sg_602726c0ba192496,1,0.03109200139424946
hemis,BRATS_338,t1+flair,sg_602726c0ba192496,2,0.35381596935057025
hemis,BRATS_338,t1+t1ce,sg_602726c0ba192496,2,0.05793791586874408
hemis,BRATS_338,t1+t1ce+flair,sg_602726c0ba192496,3,0.5501440397149091
hemis,BRATS_338,t1+t1ce+t2,sg_602726c0ba192496,3,0.5159634644216932
hemis,BRATS_338,t1+t1ce+t2+flair,sg_602726c0ba192496,4,0.6293840495816402
hemis,BRATS_338,t1+t2,sg_602726c0ba192496,2,0.12196890526599351
hemis,BRATS_338,t1+t2+flair,sg_602726c0ba192496,3,0.4042166515056816
hemis,BRATS_338,t1ce,sg_602726c0ba192496,1,0.16811065803970782
hemis,BRATS_338,t1ce+flair,sg_602726c0ba192496,2,0.4665807827940674
hemis,BRATS_338,t1ce+t2,sg_602726c0ba192496,2,0.5382658156417217
hemis,BRATS_338,t1ce+t2+flair,sg_602726c0ba192496,3,0.5286770232145476
hemis,BRATS_338,t2,sg_602726c0ba192496,1,0.06099022435053997
hemis,BRATS_338,t2+flair,sg_602726c0ba192496,2,0.3411411666097111
hemis,BRATS_367,flair,sg_a46b5f5bbd1aae60,1,0.5815924273135422
hemis,BRATS_367,t1,sg_a46b5f5bbd1aae60,1,0.24261413539721274
hemis,BRATS_367,t1+flair,sg_a46b5f5bbd1aae60,2,0.5481873186410127
hemis,BRATS_367,t1+t1ce,sg_a46b5f5bbd1aae60,2,0.6721589140430922
hemis,BRATS_367,t1+t1ce+flair,sg_a46b5f5bbd1aae60,3,0.7225727419554135
hemis,BRATS_367,t1+t1ce+t2,sg_a46b5f5bbd1aae60,3,0.7322660215824871
hemis,BRATS_367,t1+t1ce+t2+flair,sg_a46b5f5bbd1aae60,4,0.7859241987328335
hemis,BRATS_367,t1+t2,sg_a46b5f5bbd1aae60,2,0.5104499666000124
hemis,BRATS_367,t1+t2+flair,sg_a46b5f5bbd1aae60,3,0.5842528105673243
hemis,BRATS_367,t1ce,sg_a46b5f5bbd1aae60,1,0.696702692666348
hemis,BRATS_367,t1ce+flair,sg_a46b5f5bbd1aae60,2,0.7110351875463632
hemis,BRATS_367,t1ce+t2,sg_a46b5f5bbd1aae60,2,0.681900378866149
hemis,BRATS_367,t1ce+t2+flair,sg_a46b5f5bbd1aae60,3,0.7588113630199399
hemis,BRATS_367,t2,sg_a46b5f5bbd1aae60,1,0.15116187425413216
hemis,BRATS_367,t2+flair,sg_a46b5f5bbd1aae60,2,0.618744595306523
hemis,BRATS_369,flair,sg_46b6c66765483f24,1,0.6603685222330405
hemis,BRATS_369,t1,sg_46b6c66765483f24,1,0.2651349552281164
hemis,BRATS_369,t1+flair,sg_46b6c66765483f24,2,0.5923464467559804
hemis,BRATS_369,t1+t1ce,sg_46b6c66765483f24,2,0.4754977267042216
hemis,BRATS_369,t1+t1ce+flair,sg_46b6c66765483f24,3,0.7259486689125724
hemis,BRATS_369,t1+t1ce+t2,sg_46b6c66765483f24,3,0.6941105500504111
hemis,BRATS_369,t1+t1ce+t2+flair,sg_46b6c66765483f24,4,0.7634340930441573
hemis,BRATS_369,t1+t2,sg_46b6c66765483f24,2,0.5390241441897664
hemis,BRATS_369,t1+t2+flair,sg_46b6c66765483f24,3,0.628377595895309
hemis,BRATS_369,t1ce,sg_46b6c66765483f24,1,0.3998907775953686
hemis,BRATS_369,t1ce+flair,sg_46b6c66765483f24,2,0.7842175240008445
hemis,BRATS_369,t1ce+t2,sg_46b6c66765483f24,2,0.7448838221878461
hemis,BRATS_369,t1ce+t2+flair,sg_46b6c66765483f24,3,0.8021592062003915
hemis,BRATS_369,t2,sg_46b6c66765483f24,1,0.5801608753663792
hemis,BRATS_369,t2+flair,sg_46b6c66765483f24,2,0.6765631726429154
hemis,BRATS_404,flair,sg_294e1273de6f57c3,1,0.5446246439500664
hemis,BRATS_404,t1,sg_294e1273de6f57c3,1,0.5306060326676134
hemis,BRATS_404,t1+flair,sg_294e1273de6f57c3,2,0.6227120082359848
hemis,BRATS_404,t1+t1ce,sg_294e1273de6f57c3,2,0.7192093245129435
hemis,BRATS_404,t1+t1ce+flair,sg_294e1273de6f57c3,3,0.7534215510946317
hemis,BRATS_404,t1+t1ce+t2,sg_294e1273de6f57c3,3,0.772960035026166
hemis,BRATS_404,t1+t1ce+t2+flair,sg_294e1273de6f57c3,4,0.7616975787677193
hemis,BRATS_404,t1+t2,sg_294e1273de6f57c3,2,0.671940205770425
hemis,BRATS_404,t1+t2+flair,sg_294e1273de6f57c3,3,0.668728626139154
hemis,BRATS_404,t1ce,sg_294e1273de6f57c3,1,0.6138845789364353
hemis,BRATS_404,t1ce+flair,sg_294e1273de6f57c3,2,0.7139715729678583
hemis,BRATS_404,t1ce+t2,sg_294e1273de6f57c3,2,0.7609673675795111
hemis,BRATS_404,t1ce+t2+flair,sg_294e1273de6f57c3,3,0.746278831273302
hemis,BRATS_404,t2,sg_294e1273de6f57c3,1,0.6086904362321524
hemis,BRATS_404,t2+flair,sg_294e1273de6f57c3,2,0.6734390006055265
hemis,BRATS_413,flair,sg_3b44f65ab67602cc,1,0.12530182037312512
hemis,BRATS_413,t1,sg_3b44f65ab67602cc,1,0.2297833719187412
hemis,BRATS_413,t1+flair,sg_3b44f65ab67602cc,2,0.19460606474491363
hemis,BRATS_413,t1+t1ce,sg_3b44f65ab67602cc,2,0.3199836409813798
hemis,BRATS_413,t1+t1ce+flair,sg_3b44f65ab67602cc,3,0.5129101889938097
hemis,BRATS_413,t1+t1ce+t2,sg_3b44f65ab67602cc,3,0.4984952269762413
hemis,BRATS_413,t1+t1ce+t2+flair,sg_3b44f65ab67602cc,4,0.5706330944911219
hemis,BRATS_413,t1+t2,sg_3b44f65ab67602cc,2,0.3707889936174173
hemis,BRATS_413,t1+t2+flair,sg_3b44f65ab67602cc,3,0.3569174379967384
hemis,BRATS_413,t1ce,sg_3b44f65ab67602cc,1,0.31809405285219583
hemis,BRATS_413,t1ce+flair,sg_3b44f65ab67602cc,2,0.5053083874958769
hemis,BRATS_413,t1ce+t2,sg_3b44f65ab67602cc,2,0.5372937007347636
hemis,BRATS_413,t1ce+t2+flair,sg_3b44f65ab67602cc,3,0.5856513089430356
hemis,BRATS_413,t2,sg_3b44f65ab67602cc,1,0.040173836229365135
hemis,BRATS_413,t2+flair,sg_3b44f65ab67602cc,2,0.21439509529937592
hemis,BRATS_430,flair,sg_a4981b8b123d95c4,1,0.12669236739178838
hemis,BRATS_430,t1,sg_a4981b8b123d95c4,1,0.025593361870131087
hemis,BRATS_430,t1+flair,sg_a4981b8b123d95c4,2,0.10803205092708885
hemis,BRATS_430,t1+t1ce,sg_a4981b8b123d95c4,2,0.5425203620363687
hemis,BRATS_430,t1+t1ce+flair,sg_a4981b8b123d95c4,3,0.608171254168867
hemis,BRATS_430,t1+t1ce+t2,sg_a4981b8b123d95c4,3,0.6385300100915204
hemis,BRATS_430,t1+t1ce+t2+flair,sg_a4981b8b123d95c4,4,0.677760391839481
hemis,BRATS_430,t1+t2,sg_a4981b8b123d95c4,2,0.35726639271737476
hemis,BRATS_430,t1+t2+flair,sg_a4981b8b123d95c4,3,0.28325333231975297
hemis,BRATS_430,t1ce,sg_a4981b8b123d95c4,1,0.5064863620676912
hemis,BRATS_430,t1ce+flair,sg_a4981b8b123d95c4,2,0.5851747732105502
hemis,BRATS_430,t1ce+t2,sg_a4981b8b123d95c4,2,0.6296093968323587
hemis,BRATS_430,t1ce+t2+flair,sg_a4981b8b123d95c4,3,0.6525018597064287
hemis,BRATS_430,t2,sg_a4981b8b123d95c4,1,0.0168643690769475
hemis,BRATS_430,t2+flair,sg_a4981b8b123d95c4,2,0.21941710272910556
hemis,BRATS_441,flair,sg_baba356c1735c37c,1,0.4545300075215102
hemis,BRATS_441,t1,sg_baba356c1735c37c,1,0.21070654843359146
hemis,BRATS_441,t1+flair,sg_baba356c1735c37c,2,0.5261940250317073
hemis,BRATS_441,t1+t1ce,sg_baba356c1735c37c,2,0.5516246152055385
hemis,BRATS_441,t1+t1ce+flair,sg_baba356c1735c37c,3,0.7537177592002416
hemis,BRATS_441,t1+t1ce+t2,sg_baba356c1735c37c,3,0.7131489886275663
hemis,BRATS_441,t1+t1ce+t2+flair,sg_baba356c1735c37c,4,0.7770067664385089
hemis,BRATS_441,t1+t2,sg_baba356c1735c37c,2,0.4585244272401092
hemis,BRATS_441,t1+t2+flair,sg_baba356c1735c37c,3,0.5360632918505569
hemis,BRATS_441,t1ce,sg_baba356c1735c37c,1,0.43748963419470144
hemis,BRATS_441,t1ce+flair,sg_baba356c1735c37c,2,0.6796681409015255
hemis,BRATS_441,t1ce+t2,sg_baba356c1735c37c,2,0.6832147488169907
hemis,BRATS_441,t1ce+t2+flair,sg_baba356c1735c37c,3,0.7203701239305679
hemis,BRATS_441,t2,sg_baba356c1735c37c,1,0.364388985663399
hemis,BRATS_441,t2+flair,sg_baba356c1735c37c,2,0.4671647123258742
hemis,BRATS_484,flair,sg_482440ccbb01f4b6,1,0.4536467056483781
hemis,BRATS_484,t1,sg_482440ccbb01f4b6,1,0.5365598395123341
hemis,BRATS_484,t1+flair,sg_482440ccbb01f4b6,2,0.6439005184546785
hemis,BRATS_484,t1+t1ce,sg_482440ccbb01f4b6,2,0.7321407172770501
hemis,BRATS_484,t1+t1ce+flair,sg_482440ccbb01f4b6,3,0.8223337903516135
hemis,BRATS_484,t1+t1ce+t2,sg_482440ccbb01f4b6,3,0.7749352655738727
hemis,BRATS_484,t1+t1ce+t2+flair,sg_482440ccbb01f4b6,4,0.82697322249357
hemis,BRATS_484,t1+t2,sg_482440ccbb01f4b6,2,0.5808125317729455
hemis,BRATS_484,t1+t2+flair,sg_482440ccbb01f4b6,3,0.6465191321517425
hemis,BRATS_484,t1ce,sg_482440ccbb01f4b6,1,0.6652432943369168
hemis,BRATS_484,t1ce+flair,sg_482440ccbb01f4b6,2,0.7524770892817562
hemis,BRATS_484,t1ce+t2,sg_482440ccbb01f4b6,2,0.7893792932287201
hemis,BRATS_484,t1ce+t2+flair,sg_482440ccbb01f4b6,3,0.8157506661747965
hemis,BRATS_484,t2,sg_482440ccbb01f4b6,1,0.5610543950830579
hemis,BRATS_484,t2+flair,sg_482440ccbb01f4b6,2,0.5971984697917866
unet25d,BRATS_021,flair,sg_8a56096263e207fc,1,0.6663604780322977
unet25d,BRATS_021,t1,sg_8a56096263e207fc,1,0.3565355952599168
unet25d,BRATS_021,t1+flair,sg_8a56096263e207fc,2,0.6608692627106708
unet25d,BRATS_021,t1+t1ce,sg_8a56096263e207fc,2,0.4052102152577379
unet25d,BRATS_021,t1+t1ce+flair,sg_8a56096263e207fc,3,0.5951728754084291
unet25d,BRATS_021,t1+t1ce+t2,sg_8a56096263e207fc,3,0.6199026085220516
unet25d,BRATS_021,t1+t1ce+t2+flair,sg_8a56096263e207fc,4,0.7444737271960243
unet25d,BRATS_021,t1+t2,sg_8a56096263e207fc,2,0.6240399349530855
unet25d,BRATS_021,t1+t2+flair,sg_8a56096263e207fc,3,0.7084888048767288
unet25d,BRATS_021,t1ce,sg_8a56096263e207fc,1,0.3338724063399236
unet25d,BRATS_021,t1ce+flair,sg_8a56096263e207fc,2,0.6052250524169637
unet25d,BRATS_021,t1ce+t2,sg_8a56096263e207fc,2,0.604151727674473
unet25d,BRATS_021,t1ce+t2+flair,sg_8a56096263e207fc,3,0.7446896040396253
unet25d,BRATS_021,t2,sg_8a56096263e207fc,1,0.45047550137152853
unet25d,BRATS_021,t2+flair,sg_8a56096263e207fc,2,0.6224131376634163
unet25d,BRATS_111,flair,sg_74969a1c98337c11,1,0.6735871774301888
unet25d,BRATS_111,t1,sg_74969a1c98337c11,1,0.2947024917922257
unet25d,BRATS_111,t1+flair,sg_74969a1c98337c11,2,0.6749756786951736
unet25d,BRATS_111,t1+t1ce,sg_74969a1c98337c11,2,0.6878504272934783
unet25d,BRATS_111,t1+t1ce+flair,sg_74969a1c98337c11,3,0.9020827673909081
unet25d,BRATS_111,t1+t1ce+t2,sg_74969a1c98337c11,3,0.8781713806290937
unet25d,BRATS_111,t1+t1ce+t2+flair,sg_74969a1c98337c11,4,0.9069967523822525
unet25d,BRATS_111,t1+t2,sg_74969a1c98337c11,2,0.6099625496119917
unet25d,BRATS_111,t1+t2+flair,sg_74969a1c98337c11,3,0.6114506388829041
unet25d,BRATS_111,t1ce,sg_74969a1c98337c11,1,0.628210409301289
unet25d,BRATS_111,t1ce+flair,sg_74969a1c98337c11,2,0.8780172175533877
unet25d,BRATS_111,t1ce+t2,sg_74969a1c98337c11,2,0.8745736674754979
unet25d,BRATS_111,t1ce+t2+flair,sg_74969a1c98337c11,3,0.8899284507885521
unet25d,BRATS_111,t2,sg_74969a1c98337c11,1,0.5656698748834532
unet25d,BRATS_111,t2+flair,sg_74969a1c98337c11,2,0.6038983359970415
unet25d,BRATS_172,flair,sg_cb857fb98a0abf51,1,0.6711332960795553
unet25d,BRATS_172,t1,sg_cb857fb98a0abf51,1,0.6035407388199864
unet25d,BRATS_172,t1+flair,sg_cb857fb98a0abf51,2,0.6984773921159887
unet25d,BRATS_172,t1+t1ce,sg_cb857fb98a0abf51,2,0.864567321005023
unet25d,BRATS_172,t1+t1ce+flair,sg_cb857fb98a0abf51,3,0.9317587452611141
unet25d,BRATS_172,t1+t1ce+t2,sg_cb857fb98a0abf51,3,0.9097580675585816
unet25d,BRATS_172,t1+t1ce+t2+flair,sg_cb857fb98a0abf51,4,0.931395504472042
unet25d,BRATS_172,t1+t2,sg_cb857fb98a0abf51,2,0.6323281432107518
unet25d,BRATS_172,t1+t2+flair,sg_cb857fb98a0abf51,3,0.7180664294919151
unet25d,BRATS_172,t1ce,sg_cb857fb98a0abf51,1,0.8320628976577313
unet25d,BRATS_172,t1ce+flair,sg_cb857fb98a0abf51,2,0.9264011211240275
unet25d,BRATS_172,t1ce+t2,sg_cb857fb98a0abf51,2,0.8967543779885642
unet25d,BRATS_172,t1ce+t2+flair,sg_cb857fb98a0abf51,3,0.9284311191291726
unet25d,BRATS_172,t2,sg_cb857fb98a0abf51,1,0.6419726674628564
unet25d,BRATS_172,t2+flair,sg_cb857fb98a0abf51,2,0.7054567307299943
unet25d,BRATS_219,flair,sg_4634c4d061d30852,1,0.6837811601177229
unet25d,BRATS_219,t1,sg_4634c4d061d30852,1,0.5529873668776087
unet25d,BRATS_219,t1+flair,sg_4634c4d061d30852,2,0.6530707138059938
unet25d,BRATS_219,t1+t1ce,sg_4634c4d061d30852,2,0.7972084974473663
unet25d,BRATS_219,t1+t1ce+flair,sg_4634c4d061d30852,3,0.8902824404161045
unet25d,BRATS_219,t1+t1ce+t2,sg_4634c4d061d30852,3,0.875804891415819
unet25d,BRATS_219,t1+t1ce+t2+flair,sg_4634c4d061d30852,4,0.9014045731216332
unet25d,BRATS_219,t1+t2,sg_4634c4d061d30852,2,0.6297726417726629
unet25d,BRATS_219,t1+t2+flair,sg_4634c4d061d30852,3,0.6326152009866707
unet25d,BRATS_219,t1ce,sg_4634c4d061d30852,1,0.7776094272194332
unet25d,BRATS_219,t1ce+flair,sg_4634c4d061d30852,2,0.883815580568544
unet25d,BRATS_219,t1ce+t2,sg_4634c4d061d30852,2,0.8673305087243608
unet25d,BRATS_219,t1ce+t2+flair,sg_4634c4d061d30852,3,0.9012320809086724
unet25d,BRATS_219,t2,sg_4634c4d061d30852,1,0.5195882268254843
unet25d,BRATS_219,t2+flair,sg_4634c4d061d30852,2,0.6689976855152656
unet25d,BRATS_230,flair,sg_1669c905c2882ce2,1,0.28885820322281996
unet25d,BRATS_230,t1,sg_1669c905c2882ce2,1,0.1747999384793165
unet25d,BRATS_230,t1+flair,sg_1669c905c2882ce2,2,0.44774384622485613
unet25d,BRATS_230,t1+t1ce,sg_1669c905c2882ce2,2,0.2810510323023659
unet25d,BRATS_230,t1+t1ce+flair,sg_1669c905c2882ce2,3,0.6556462602506404
unet25d,BRATS_230,t1+t1ce+t2,sg_1669c905c2882ce2,3,0.6018459735786561
unet25d,BRATS_230,t1+t1ce+t2+flair,sg_1669c905c2882ce2,4,0.7594290011630093
unet25d,BRATS_230,t1+t2,sg_1669c905c2882ce2,2,0.4372110371712468
unet25d,BRATS_230,t1+t2+flair,sg_1669c905c2882ce2,3,0.4974751945671358
unet25d,BRATS_230,t1ce,sg_1669c905c2882ce2,1,0.10153982039209052
unet25d,BRATS_230,t1ce+flair,sg_1669c905c2882ce2,2,0.49795631746622776
unet25d,BRATS_230,t1ce+t2,sg_1669c905c2882ce2,2,0.6052540140158433
unet25d,BRATS_230,t1ce+t2+flair,sg_1669c905c2882ce2,3,0.7635984433312206
unet25d,BRATS_230,t2,sg_1669c905c2882ce2,1,0.3700830557081059
unet25d,BRATS_230,t2+flair,sg_1669c905c2882ce2,2,0.5006763095155354
unet25d,BRATS_258,flair,sg_9568e8757c7f7a03,1,0.5983408059996865
unet25d,BRATS_258,t1,sg_9568e8757c7f7a03,1,0.027373876708765885
unet25d,BRATS_258,t1+flair,sg_9568e8757c7f7a03,2,0.5983053089331488
unet25d,BRATS_258,t1+t1ce,sg_9568e8757c7f7a03,2,0.7204614366670891
unet25d,BRATS_258,t1+t1ce+flair,sg_9568e8757c7f7a03,3,0.9098021394174155
unet25d,BRATS_258,t1+t1ce+t2,sg_9568e8757c7f7a03,3,0.8777749701155974
unet25d,BRATS_258,t1+t1ce+t2+flair,sg_9568e8757c7f7a03,4,0.9184425410256645
unet25d,BRATS_258,t1+t2,sg_9568e8757c7f7a03,2,0.5948041299319362
unet25d,BRATS_258,t1+t2+flair,sg_9568e8757c7f7a03,3,0.5917803623445357
unet25d,BRATS_258,t1ce,sg_9568e8757c7f7a03,1,0.6700667018638843
unet25d,BRATS_258,t1ce+flair,sg_9568e8757c7f7a03,2,0.9024409583441888
unet25d,BRATS_258,t1ce+t2,sg_9568e8757c7f7a03,2,0.8495337349524009
unet25d,BRATS_258,t1ce+t2+flair,sg_9568e8757c7f7a03,3,0.9167918102516817
unet25d,BRATS_258,t2,sg_9568e8757c7f7a03,1,0.41900453347299454
unet25d,BRATS_258,t2+flair,sg_9568e8757c7f7a03,2,0.6069913813451061
unet25d,BRATS_324,flair,sg_dbb5dd7d7605593e,1,0.34316957049172886
unet25d,BRATS_324,t1,sg_dbb5dd7d7605593e,1,0.2162920789433415
unet25d,BRATS_324,t1+flair,sg_dbb5dd7d7605593e,2,0.3696087864034301
unet25d,BRATS_324,t1+t1ce,sg_dbb5dd7d7605593e,2,0.5251532943880943
unet25d,BRATS_324,t1+t1ce+flair,sg_dbb5dd7d7605593e,3,0.7428550933061279
unet25d,BRATS_324,t1+t1ce+t2,sg_dbb5dd7d7605593e,3,0.6292506895064958
unet25d,BRATS_324,t1+t1ce+t2+flair,sg_dbb5dd7d7605593e,4,0.7745570864133217
unet25d,BRATS_324,t1+t2,sg_dbb5dd7d7605593e,2,0.2948224421137989
unet25d,BRATS_324,t1+t2+flair,sg_dbb5dd7d7605593e,3,0.40531058429918015
unet25d,BRATS_324,t1ce,sg_dbb5dd7d7605593e,1,0.46323330419231173
unet25d,BRATS_324,t1ce+flair,sg_dbb5dd7d7605593e,2,0.7518085937336673
unet25d,BRATS_324,t1ce+t2,sg_dbb5dd7d7605593e,2,0.6038905484095588
unet25d,BRATS_324,t1ce+t2+flair,sg_dbb5dd7d7605593e,3,0.7785005799393142
unet25d,BRATS_324,t2,sg_dbb5dd7d7605593e,1,0.25195218369459854
unet25d,BRATS_324,t2+flair,sg_dbb5dd7d7605593e,2,0.3961917811391333
unet25d,BRATS_335,flair,sg_1dd2f970abd2e8ef,1,0.553396047607481
unet25d,BRATS_335,t1,sg_1dd2f970abd2e8ef,1,0.3514099697283672
unet25d,BRATS_335,t1+flair,sg_1dd2f970abd2e8ef,2,0.5627600847068781
unet25d,BRATS_335,t1+t1ce,sg_1dd2f970abd2e8ef,2,0.6578744354151295
unet25d,BRATS_335,t1+t1ce+flair,sg_1dd2f970abd2e8ef,3,0.8092965271710023
unet25d,BRATS_335,t1+t1ce+t2,sg_1dd2f970abd2e8ef,3,0.7803871613422952
unet25d,BRATS_335,t1+t1ce+t2+flair,sg_1dd2f970abd2e8ef,4,0.8145440072805977
unet25d,BRATS_335,t1+t2,sg_1dd2f970abd2e8ef,2,0.5519716166314903
unet25d,BRATS_335,t1+t2+flair,sg_1dd2f970abd2e8ef,3,0.5824043521588506
unet25d,BRATS_335,t1ce,sg_1dd2f970abd2e8ef,1,0.6717806992846218
unet25d,BRATS_335,t1ce+flair,sg_1dd2f970abd2e8ef,2,0.8186099783546664
unet25d,BRATS_335,t1ce+t2,sg_1dd2f970abd2e8ef,2,0.7768607633538774
unet25d,BRATS_335,t1ce+t2+flair,sg_1dd2f970abd2e8ef,3,0.8190215237535874
unet25d,BRATS_335,t2,sg_1dd2f970abd2e8ef,1,0.5417769364911958
unet25d,BRATS_335,t2+flair,sg_1dd2f970abd2e8ef,2,0.5579198019262391
unet25d,BRATS_338,flair,sg_602726c0ba192496,1,0.3053631561008329
unet25d,BRATS_338,t1,sg_602726c0ba192496,1,0.07494648512628373
unet25d,BRATS_338,t1+flair,sg_602726c0ba192496,2,0.33594428663938825
unet25d,BRATS_338,t1+t1ce,sg_602726c0ba192496,2,0.1569794388912388
unet25d,BRATS_338,t1+t1ce+flair,sg_602726c0ba192496,3,0.6752204757886192
unet25d,BRATS_338,t1+t1ce+t2,sg_602726c0ba192496,3,0.4084417803387923
unet25d,BRATS_338,t1+t1ce+t2+flair,sg_602726c0ba192496,4,0.6065084698824513
unet25d,BRATS_338,t1+t2,sg_602726c0ba192496,2,0.23937300940472803
unet25d,BRATS_338,t1+t2+flair,sg_602726c0ba192496,3,0.34030197695356496
unet25d,BRATS_338,t1ce,sg_602726c0ba192496,1,0.1903549674822398
unet25d,BRATS_338,t1ce+flair,sg_602726c0ba192496,2,0.6662771238638087
unet25d,BRATS_338,t1ce+t2,sg_602726c0ba192496,2,0.37572280296363053
unet25d,BRATS_338,t1ce+t2+flair,sg_602726c0ba192496,3,0.5911788959509163
unet25d,BRATS_338,t2,sg_602726c0ba192496,1,0.1895775134172922
unet25d,BRATS_338,t2+flair,sg_602726c0ba192496,2,0.30458891604909294
unet25d,BRATS_367,flair,sg_a46b5f5bbd1aae60,1,0.6718995083574245
unet25d,BRATS_367,t1,sg_a46b5f5bbd1aae60,1,0.15734206861383307
unet25d,BRATS_367,t1+flair,sg_a46b5f5bbd1aae60,2,0.6861730227633465
unet25d,BRATS_367,t1+t1ce,sg_a46b5f5bbd1aae60,2,0.7674550187508878
unet25d,BRATS_367,t1+t1ce+flair,sg_a46b5f5bbd1aae60,3,0.8250533255381877
unet25d,BRATS_367,t1+t1ce+t2,sg_a46b5f5bbd1aae60,3,0.8455762839227493
unet25d,BRATS_367,t1+t1ce+t2+flair,sg_a46b5f5bbd1aae60,4,0.8114526579034758
unet25d,BRATS_367,t1+t2,sg_a46b5f5bbd1aae60,2,0.5841134715033007
unet25d,BRATS_367,t1+t2+flair,sg_a46b5f5bbd1aae60,3,0.6872394580564961
unet25d,BRATS_367,t1ce,sg_a46b5f5bbd1aae60,1,0.7462194576909754
unet25d,BRATS_367,t1ce+flair,sg_a46b5f5bbd1aae60,2,0.8379340439539691
unet25d,BRATS_367,t1ce+t2,sg_a46b5f5bbd1aae60,2,0.8698628085050366
unet25d,BRATS_367,t1ce+t2+flair,sg_a46b5f5bbd1aae60,3,0.8710033543405293
unet25d,BRATS_367,t2,sg_a46b5f5bbd1aae60,1,0.3453448296793742
unet25d,BRATS_367,t2+flair,sg_a46b5f5bbd1aae60,2,0.6792791742942069
unet25d,BRATS_369,flair,sg_46b6c66765483f24,1,0.6753994410767207
unet25d,BRATS_369,t1,sg_46b6c66765483f24,1,0.5130815815767662
unet25d,BRATS_369,t1+flair,sg_46b6c66765483f24,2,0.6809908873932834
unet25d,BRATS_369,t1+t1ce,sg_46b6c66765483f24,2,0.7920667905622425
unet25d,BRATS_369,t1+t1ce+flair,sg_46b6c66765483f24,3,0.7988206621491983
unet25d,BRATS_369,t1+t1ce+t2,sg_46b6c66765483f24,3,0.8569012690795623
unet25d,BRATS_369,t1+t1ce+t2+flair,sg_46b6c66765483f24,4,0.8389585416871174
unet25d,BRATS_369,t1+t2,sg_46b6c66765483f24,2,0.6640643834035359
unet25d,BRATS_369,t1+t2+flair,sg_46b6c66765483f24,3,0.694943398327524
unet25d,BRATS_369,t1ce,sg_46b6c66765483f24,1,0.7159602204907637
unet25d,BRATS_369,t1ce+flair,sg_46b6c66765483f24,2,0.7848111082935407
unet25d,BRATS_369,t1ce+t2,sg_46b6c66765483f24,2,0.87187272765172
unet25d,BRATS_369,t1ce+t2+flair,sg_46b6c66765483f24,3,0.8493224059155685
unet25d,BRATS_369,t2,sg_46b6c66765483f24,1,0.6617066481685346
unet25d,BRATS_369,t2+flair,sg_46b6c66765483f24,2,0.6954695740782036
unet25d,BRATS_404,flair,sg_294e1273de6f57c3,1,0.5983362704942968
unet25d,BRATS_404,t1,sg_294e1273de6f57c3,1,0.09062451819594702
unet25d,BRATS_404,t1+flair,sg_294e1273de6f57c3,2,0.6643546903926305
unet25d,BRATS_404,t1+t1ce,sg_294e1273de6f57c3,2,0.32044311920760365
unet25d,BRATS_404,t1+t1ce+flair,sg_294e1273de6f57c3,3,0.7616725335836181
unet25d,BRATS_404,t1+t1ce+t2,sg_294e1273de6f57c3,3,0.7782420431862489
unet25d,BRATS_404,t1+t1ce+t2+flair,sg_294e1273de6f57c3,4,0.7705771456358049
unet25d,BRATS_404,t1+t2,sg_294e1273de6f57c3,2,0.6524585718991196
unet25d,BRATS_404,t1+t2+flair,sg_294e1273de6f57c3,3,0.5849970585963608
unet25d,BRATS_404,t1ce,sg_294e1273de6f57c3,1,0.6172584419534832
unet25d,BRATS_404,t1ce+flair,sg_294e1273de6f57c3,2,0.7620936496226532
unet25d,BRATS_404,t1ce+t2,sg_294e1273de6f57c3,2,0.7727580677850393
unet25d,BRATS_404,t1ce+t2+flair,sg_294e1273de6f57c3,3,0.7717807364947263
unet25d,BRATS_404,t2,sg_294e1273de6f57c3,1,0.6255305930541487
unet25d,BRATS_404,t2+flair,sg_294e1273de6f57c3,2,0.5936405081420838
unet25d,BRATS_413,flair,sg_3b44f65ab67602cc,1,0.2844262266234699
unet25d,BRATS_413,t1,sg_3b44f65ab67602cc,1,0.19786393042219394
unet25d,BRATS_413,t1+flair,sg_3b44f65ab67602cc,2,0.4245994088955951
unet25d,BRATS_413,t1+t1ce,sg_3b44f65ab67602cc,2,0.5080525248355844
unet25d,BRATS_413,t1+t1ce+flair,sg_3b44f65ab67602cc,3,0.7333612293016468
unet25d,BRATS_413,t1+t1ce+t2,sg_3b44f65ab67602cc,3,0.7092478883669332
unet25d,BRATS_413,t1+t1ce+t2+flair,sg_3b44f65ab67602cc,4,0.776983712310944
unet25d,BRATS_413,t1+t2,sg_3b44f65ab67602cc,2,0.39646136183582276
unet25d,BRATS_413,t1+t2+flair,sg_3b44f65ab67602cc,3,0.45481331602794967
unet25d,BRATS_413,t1ce,sg_3b44f65ab67602cc,1,0.19596075729862694
unet25d,BRATS_413,t1ce+flair,sg_3b44f65ab67602cc,2,0.6617284743204505
unet25d,BRATS_413,t1ce+t2,sg_3b44f65ab67602cc,2,0.6895087705891662
unet25d,BRATS_413,t1ce+t2+flair,sg_3b44f65ab67602cc,3,0.7684780748729221
unet25d,BRATS_413,t2,sg_3b44f65ab67602cc,1,0.2878685948477982
unet25d,BRATS_413,t2+flair,sg_3b44f65ab67602cc,2,0.4085546043886648
unet25d,BRATS_430,flair,sg_a4981b8b123d95c4,1,0.20516278335341365
unet25d,BRATS_430,t1,sg_a4981b8b123d95c4,1,0.1511597047639284
unet25d,BRATS_430,t1+flair,sg_a4981b8b123d95c4,2,0.1939744770424944
unet25d,BRATS_430,t1+t1ce,sg_a4981b8b123d95c4,2,0.6764817621845246
unet25d,BRATS_430,t1+t1ce+flair,sg_a4981b8b123d95c4,3,0.6846742569283668
unet25d,BRATS_430,t1+t1ce+t2,sg_a4981b8b123d95c4,3,0.7771532715050519
unet25d,BRATS_430,t1+t1ce+t2+flair,sg_a4981b8b123d95c4,4,0.7572418057894076
unet25d,BRATS_430,t1+t2,sg_a4981b8b123d95c4,2,0.4872944003803376
unet25d,BRATS_430,t1+t2+flair,sg_a4981b8b123d95c4,3,0.29450805361718996
unet25d,BRATS_430,t1ce,sg_a4981b8b123d95c4,1,0.5603821083363522
unet25d,BRATS_430,t1ce+flair,sg_a4981b8b123d95c4,2,0.6267134799805896
unet25d,BRATS_430,t1ce+t2,sg_a4981b8b123d95c4,2,0.7826494823074935
unet25d,BRATS_430,t1ce+t2+flair,sg_a4981b8b123d95c4,3,0.7284978866674008
unet25d,BRATS_430,t2,sg_a4981b8b123d95c4,1,0.36318801495455477
unet25d,BRATS_430,t2+flair,sg_a4981b8b123d95c4,2,0.34077980541754327
unet25d,BRATS_441,flair,sg_baba356c1735c37c,1,0.4898523277883957
unet25d,BRATS_441,t1,sg_baba356c1735c37c,1,0.2853324761144247
unet25d,BRATS_441,t1+flair,sg_baba356c1735c37c,2,0.4923029135701688
unet25d,BRATS_441,t1+t1ce,sg_baba356c1735c37c,2,0.6941006915326885
unet25d,BRATS_441,t1+t1ce+flair,sg_baba356c1735c37c,3,0.8080603360523702
unet25d,BRATS_441,t1+t1ce+t2,sg_baba356c1735c37c,3,0.7862604785596888
unet25d,BRATS_441,t1+t1ce+t2+flair,sg_baba356c1735c37c,4,0.8339895765446044
unet25d,BRATS_441,t1+t2,sg_baba356c1735c37c,2,0.44978073153425174
unet25d,BRATS_441,t1+t2+flair,sg_baba356c1735c37c,3,0.5148413069441796
unet25d,BRATS_441,t1ce,sg_baba356c1735c37c,1,0.6348305079945277
unet25d,BRATS_441,t1ce+flair,sg_baba356c1735c37c,2,0.8090463772262807
unet25d,BRATS_441,t1ce+t2,sg_baba356c1735c37c,2,0.7608861449161471
unet25d,BRATS_441,t1ce+t2+flair,sg_baba356c1735c37c,3,0.8266092425647552
unet25d,BRATS_441,t2,sg_baba356c1735c37c,1,0.37020107613967235
unet25d,BRATS_441,t2+flair,sg_baba356c1735c37c,2,0.5115596287742877
unet25d,BRATS_484,flair,sg_482440ccbb01f4b6,1,0.46977783330296835
unet25d,BRATS_484,t1,sg_482440ccbb01f4b6,1,0.4917726867734049
unet25d,BRATS_484,t1+flair,sg_482440ccbb01f4b6,2,0.6881269679632988
unet25d,BRATS_484,t1+t1ce,sg_482440ccbb01f4b6,2,0.7837481905225597
unet25d,BRATS_484,t1+t1ce+flair,sg_482440ccbb01f4b6,3,0.8846324341977055
unet25d,BRATS_484,t1+t1ce+t2,sg_482440ccbb01f4b6,3,0.8238540706427427
unet25d,BRATS_484,t1+t1ce+t2+flair,sg_482440ccbb01f4b6,4,0.8897363358906967
unet25d,BRATS_484,t1+t2,sg_482440ccbb01f4b6,2,0.5878257820651082
unet25d,BRATS_484,t1+t2+flair,sg_482440ccbb01f4b6,3,0.6824886848358207
unet25d,BRATS_484,t1ce,sg_482440ccbb01f4b6,1,0.67699792366186
unet25d,BRATS_484,t1ce+flair,sg_482440ccbb01f4b6,2,0.8715938836206304
unet25d,BRATS_484,t1ce+t2,sg_482440ccbb01f4b6,2,0.8182380764122669
unet25d,BRATS_484,t1ce+t2+flair,sg_482440ccbb01f4b6,3,0.8780450153920724
unet25d,BRATS_484,t2,sg_482440ccbb01f4b6,1,0.6265699460543553
unet25d,BRATS_484,t2+flair,sg_482440ccbb01f4b6,2,0.6404057881893851
no_quality,BRATS_021,flair,sg_8a56096263e207fc,1,0.5067631182693587
no_quality,BRATS_021,t1,sg_8a56096263e207fc,1,0.5025603754379213
no_quality,BRATS_021,t1+flair,sg_8a56096263e207fc,2,0.6526294029152835
no_quality,BRATS_021,t1+t1ce,sg_8a56096263e207fc,2,0.5137603143431789
no_quality,BRATS_021,t1+t1ce+flair,sg_8a56096263e207fc,3,0.6373454029521943
no_quality,BRATS_021,t1+t1ce+t2,sg_8a56096263e207fc,3,0.6550056252540409
no_quality,BRATS_021,t1+t1ce+t2+flair,sg_8a56096263e207fc,4,0.7159166873701611
no_quality,BRATS_021,t1+t2,sg_8a56096263e207fc,2,0.48929771540267514
no_quality,BRATS_021,t1+t2+flair,sg_8a56096263e207fc,3,0.6801703192779999
no_quality,BRATS_021,t1ce,sg_8a56096263e207fc,1,0.37287777404087535
no_quality,BRATS_021,t1ce+flair,sg_8a56096263e207fc,2,0.5699311363028096
no_quality,BRATS_021,t1ce+t2,sg_8a56096263e207fc,2,0.6041186518261088
no_quality,BRATS_021,t1ce+t2+flair,sg_8a56096263e207fc,3,0.6941734183245741
no_quality,BRATS_021,t2,sg_8a56096263e207fc,1,0.42184158947397804
no_quality,BRATS_021,t2+flair,sg_8a56096263e207fc,2,0.6830498393323777
no_quality,BRATS_111,flair,sg_74969a1c98337c11,1,0.6548716078591585
no_quality,BRATS_111,t1,sg_74969a1c98337c11,1,0.40092506896190705
no_quality,BRATS_111,t1+flair,sg_74969a1c98337c11,2,0.69110720931509
no_quality,BRATS_111,t1+t1ce,sg_74969a1c98337c11,2,0.7695814744704137
no_quality,BRATS_111,t1+t1ce+flair,sg_74969a1c98337c11,3,0.9129969277994338
no_quality,BRATS_111,t1+t1ce+t2,sg_74969a1c98337c11,3,0.8673765828179713
no_quality,BRATS_111,t1+t1ce+t2+flair,sg_74969a1c98337c11,4,0.9147633599952093
no_quality,BRATS_111,t1+t2,sg_74969a1c98337c11,2,0.5885293284816265
no_quality,BRATS_111,t1+t2+flair,sg_74969a1c98337c11,3,0.7200134712833276
no_quality,BRATS_111,t1ce,sg_74969a1c98337c11,1,0.7300537447352151
no_quality,BRATS_111,t1ce+flair,sg_74969a1c98337c11,2,0.909772198776893
no_quality,BRATS_111,t1ce+t2,sg_74969a1c98337c11,2,0.8405431655142598
no_quality,BRATS_111,t1ce+t2+flair,sg_74969a1c98337c11,3,0.9109965323595933
no_quality,BRATS_111,t2,sg_74969a1c98337c11,1,0.5119031653065916
no_quality,BRATS_111,t2+flair,sg_74969a1c98337c11,2,0.6806763019570489
no_quality,BRATS_172,flair,sg_cb857fb98a0abf51,1,0.6626275219787829
no_quality,BRATS_172,t1,sg_cb857fb98a0abf51,1,0.5934128320123927
no_quality,BRATS_172,t1+flair,sg_cb857fb98a0abf51,2,0.7477990542481244
no_quality,BRATS_172,t1+t1ce,sg_cb857fb98a0abf51,2,0.8631431832630918
no_quality,BRATS_172,t1+t1ce+flair,sg_cb857fb98a0abf51,3,0.9345775683501337
no_quality,BRATS_172,t1+t1ce+t2,sg_cb857fb98a0abf51,3,0.9329749874027691
no_quality,BRATS_172,t1+t1ce+t2+flair,sg_cb857fb98a0abf51,4,0.9430722550179947
no_quality,BRATS_172,t1+t2,sg_cb857fb98a0abf51,2,0.712038382566618
no_quality,BRATS_172,t1+t2+flair,sg_cb857fb98a0abf51,3,0.7536763643032579
no_quality,BRATS_172,t1ce,sg_cb857fb98a0abf51,1,0.8295297873931538
no_quality,BRATS_172,t1ce+flair,sg_cb857fb98a0abf51,2,0.9316666383463224
no_quality,BRATS_172,t1ce+t2,sg_cb857fb98a0abf51,2,0.9273975692366125
no_quality,BRATS_172,t1ce+t2+flair,sg_cb857fb98a0abf51,3,0.9423278529094071
no_quality,BRATS_172,t2,sg_cb857fb98a0abf51,1,0.6867674592882452
no_quality,BRATS_172,t2+flair,sg_cb857fb98a0abf51,2,0.7290756373304571
no_quality,BRATS_219,flair,sg_4634c4d061d30852,1,0.6236621668106851
no_quality,BRATS_219,t1,sg_4634c4d061d30852,1,0.5898644566600334
no_quality,BRATS_219,t1+flair,sg_4634c4d061d30852,2,0.5797075777471041
no_quality,BRATS_219,t1+t1ce,sg_4634c4d061d30852,2,0.769778266326609
no_quality,BRATS_219,t1+t1ce+flair,sg_4634c4d061d30852,3,0.8887646170381664
no_quality,BRATS_219,t1+t1ce+t2,sg_4634c4d061d30852,3,0.8881779109594161
no_quality,BRATS_219,t1+t1ce+t2+flair,sg_4634c4d061d30852,4,0.9059160450905619
no_quality,BRATS_219,t1+t2,sg_4634c4d061d30852,2,0.6166927826280811
no_quality,BRATS_219,t1+t2+flair,sg_4634c4d061d30852,3,0.6238336065749421
no_quality,BRATS_219,t1ce,sg_4634c4d061d30852,1,0.7531875333180721
no_quality,BRATS_219,t1ce+flair,sg_4634c4d061d30852,2,0.8937499744335762
no_quality,BRATS_219,t1ce+t2,sg_4634c4d061d30852,2,0.8696956683678853
no_quality,BRATS_219,t1ce+t2+flair,sg_4634c4d061d30852,3,0.9116747529790942
no_quality,BRATS_219,t2,sg_4634c4d061d30852,1,0.5666634259986485
no_quality,BRATS_219,t2+flair,sg_4634c4d061d30852,2,0.6681141633463105
no_quality,BRATS_230,flair,sg_1669c905c2882ce2,1,0.20544955898001768
no_quality,BRATS_230,t1,sg_1669c905c2882ce2,1,0.25276540995948577
no_quality,BRATS_230,t1+flair,sg_1669c905c2882ce2,2,0.4804070463235825
no_quality,BRATS_230,t1+t1ce,sg_1669c905c2882ce2,2,0.2821077920242159
no_quality,BRATS_230,t1+t1ce+flair,sg_1669c905c2882ce2,3,0.6414553236473001
no_quality,BRATS_230,t1+t1ce+t2,sg_1669c905c2882ce2,3,0.6631626727861132
no_quality,BRATS_230,t1+t1ce+t2+flair,sg_1669c905c2882ce2,4,0.7538278897440837
no_quality,BRATS_230,t1+t2,sg_1669c905c2882ce2,2,0.42997708137369317
no_quality,BRATS_230,t1+t2+flair,sg_1669c905c2882ce2,3,0.4820518301487448
no_quality,BRATS_230,t1ce,sg_1669c905c2882ce2,1,0.2560910582852845
no_quality,BRATS_230,t1ce+flair,sg_1669c905c2882ce2,2,0.5632940634245321
no_quality,BRATS_230,t1ce+t2,sg_1669c905c2882ce2,2,0.6316068733840243
no_quality,BRATS_230,t1ce+t2+flair,sg_1669c905c2882ce2,3,0.7320790746037922
no_quality,BRATS_230,t2,sg_1669c905c2882ce2,1,0.38668773489631514
no_quality,BRATS_230,t2+flair,sg_1669c905c2882ce2,2,0.48505624956155763
no_quality,BRATS_258,flair,sg_9568e8757c7f7a03,1,0.6040148840040324
no_quality,BRATS_258,t1,sg_9568e8757c7f7a03,1,0.06231821384501548
no_quality,BRATS_258,t1+flair,sg_9568e8757c7f7a03,2,0.6123936592391245
no_quality,BRATS_258,t1+t1ce,sg_9568e8757c7f7a03,2,0.7278081550076273
no_quality,BRATS_258,t1+t1ce+flair,sg_9568e8757c7f7a03,3,0.9082704885885863
no_quality,BRATS_258,t1+t1ce+t2,sg_9568e8757c7f7a03,3,0.8843241667813212
no_quality,BRATS_258,t1+t1ce+t2+flair,sg_9568e8757c7f7a03,4,0.9081728639697987
no_quality,BRATS_258,t1+t2,sg_9568e8757c7f7a03,2,0.5040020908259479
no_quality,BRATS_258,t1+t2+flair,sg_9568e8757c7f7a03,3,0.6361172098892118
no_quality,BRATS_258,t1ce,sg_9568e8757c7f7a03,1,0.7024813784653191
no_quality,BRATS_258,t1ce+flair,sg_9568e8757c7f7a03,2,0.9126345995297092
no_quality,BRATS_258,t1ce+t2,sg_9568e8757c7f7a03,2,0.8753871274283624
no_quality,BRATS_258,t1ce+t2+flair,sg_9568e8757c7f7a03,3,0.9120170629231091
no_quality,BRATS_258,t2,sg_9568e8757c7f7a03,1,0.4416664430567984
no_quality,BRATS_258,t2+flair,sg_9568e8757c7f7a03,2,0.6420767515576865
no_quality,BRATS_324,flair,sg_dbb5dd7d7605593e,1,0.3332959172761009
no_quality,BRATS_324,t1,sg_dbb5dd7d7605593e,1,0.22387833801749957
no_quality,BRATS_324,t1+flair,sg_dbb5dd7d7605593e,2,0.3481616471481999
no_quality,BRATS_324,t1+t1ce,sg_dbb5dd7d7605593e,2,0.5782771717978005
no_quality,BRATS_324,t1+t1ce+flair,sg_dbb5dd7d7605593e,3,0.7295406105974035
no_quality,BRATS_324,t1+t1ce+t2,sg_dbb5dd7d7605593e,3,0.7849070112615468
no_quality,BRATS_324,t1+t1ce+t2+flair,sg_dbb5dd7d7605593e,4,0.7943357932340874
no_quality,BRATS_324,t1+t2,sg_dbb5dd7d7605593e,2,0.3333646384556987
no_quality,BRATS_324,t1+t2+flair,sg_dbb5dd7d7605593e,3,0.39311149295348624
no_quality,BRATS_324,t1ce,sg_dbb5dd7d7605593e,1,0.5496361737514436
no_quality,BRATS_324,t1ce+flair,sg_dbb5dd7d7605593e,2,0.7246893629744816
no_quality,BRATS_324,t1ce+t2,sg_dbb5dd7d7605593e,2,0.7828305847291671
no_quality,BRATS_324,t1ce+t2+flair,sg_dbb5dd7d7605593e,3,0.8100599426789618
no_quality,BRATS_324,t2,sg_dbb5dd7d7605593e,1,0.3217198634728928
no_quality,BRATS_324,t2+flair,sg_dbb5dd7d7605593e,2,0.38632061016774816
no_quality,BRATS_335,flair,sg_1dd2f970abd2e8ef,1,0.5866318316546352
no_quality,BRATS_335,t1,sg_1dd2f970abd2e8ef,1,0.36775524616164934
no_quality,BRATS_335,t1+flair,sg_1dd2f970abd2e8ef,2,0.6151032010272176
no_quality,BRATS_335,t1+t1ce,sg_1dd2f970abd2e8ef,2,0.6623750133902421
no_quality,BRATS_335,t1+t1ce+flair,sg_1dd2f970abd2e8ef,3,0.8252237841397321
no_quality,BRATS_335,t1+t1ce+t2,sg_1dd2f970abd2e8ef,3,0.8169418143316584
no_quality,BRATS_335,t1+t1ce+t2+flair,sg_1dd2f970abd2e8ef,4,0.8373515676788422
no_quality,BRATS_335,t1+t2,sg_1dd2f970abd2e8ef,2,0.5857108029117316
no_quality,BRATS_335,t1+t2+flair,sg_1dd2f970abd2e8ef,3,0.6641872352903628
no_quality,BRATS_335,t1ce,sg_1dd2f970abd2e8ef,1,0.5989463973741659
no_quality,BRATS_335,t1ce+flair,sg_1dd2f970abd2e8ef,2,0.819852562346087
no_quality,BRATS_335,t1ce+t2,sg_1dd2f970abd2e8ef,2,0.8095112286612155
no_quality,BRATS_335,t1ce+t2+flair,sg_1dd2f970abd2e8ef,3,0.8313783457195026
no_quality,BRATS_335,t2,sg_1dd2f970abd2e8ef,1,0.5458099717126662
no_quality,BRATS_335,t2+flair,sg_1dd2f970abd2e8ef,2,0.650621340704494
no_quality,BRATS_338,flair,sg_602726c0ba192496,1,0.3429592157078694
no_quality,BRATS_338,t1,sg_602726c0ba192496,1,0.10217319356347805
no_quality,BRATS_338,t1+flair,sg_602726c0ba192496,2,0.4433327110856308
no_quality,BRATS_338,t1+t1ce,sg_602726c0ba192496,2,0.23837839204594516
no_quality,BRATS_338,t1+t1ce+flair,sg_602726c0ba192496,3,0.7387003390603485
no_quality,BRATS_338,t1+t1ce+t2,sg_602726c0ba192496,3,0.6475593419066376
no_quality,BRATS_338,t1+t1ce+t2+flair,sg_602726c0ba192496,4,0.7287037528590053
no_quality,BRATS_338,t1+t2,sg_602726c0ba192496,2,0.2870608510484955
no_quality,BRATS_338,t1+t2+flair,sg_602726c0ba192496,3,0.422921319612303
no_quality,BRATS_338,t1ce,sg_602726c0ba192496,1,0.2578833333400283
no_quality,BRATS_338,t1ce+flair,sg_602726c0ba192496,2,0.7067153990818231
no_quality,BRATS_338,t1ce+t2,sg_602726c0ba192496,2,0.6064384874665204
no_quality,BRATS_338,t1ce+t2+flair,sg_602726c0ba192496,3,0.6920991550784447
no_quality,BRATS_338,t2,sg_602726c0ba192496,1,0.2041123719581207
no_quality,BRATS_338,t2+flair,sg_602726c0ba192496,2,0.3383978034528066
no_quality,BRATS_367,flair,sg_a46b5f5bbd1aae60,1,0.6574812743902881
no_quality,BRATS_367,t1,sg_a46b5f5bbd1aae60,1,0.3450632229427079
no_quality,BRATS_367,t1+flair,sg_a46b5f5bbd1aae60,2,0.6442035999732055
no_quality,BRATS_367,t1+t1ce,sg_a46b5f5bbd1aae60,2,0.7051049093485041
no_quality,BRATS_367,t1+t1ce+flair,sg_a46b5f5bbd1aae60,3,0.872074919381237
no_quality,BRATS_367,t1+t1ce+t2,sg_a46b5f5bbd1aae60,3,0.8546795222181207
no_quality,BRATS_367,t1+t1ce+t2+flair,sg_a46b5f5bbd1aae60,4,0.8547196363675544
no_quality,BRATS_367,t1+t2,sg_a46b5f5bbd1aae60,2,0.6286822985220784
no_quality,BRATS_367,t1+t2+flair,sg_a46b5f5bbd1aae60,3,0.6799183485134224
no_quality,BRATS_367,t1ce,sg_a46b5f5bbd1aae60,1,0.6294124743211841
no_quality,BRATS_367,t1ce+flair,sg_a46b5f5bbd1aae60,2,0.8739881255619432
no_quality,BRATS_367,t1ce+t2,sg_a46b5f5bbd1aae60,2,0.8452987889108003
no_quality,BRATS_367,t1ce+t2+flair,sg_a46b5f5bbd1aae60,3,0.8570534705371987
no_quality,BRATS_367,t2,sg_a46b5f5bbd1aae60,1,0.5236177418177723
no_quality,BRATS_367,t2+flair,sg_a46b5f5bbd1aae60,2,0.6593753609195973
no_quality,BRATS_369,flair,sg_46b6c66765483f24,1,0.687382657943787
no_quality,BRATS_369,t1,sg_46b6c66765483f24,1,0.6005653997481006
no_quality,BRATS_369,t1+flair,sg_46b6c66765483f24,2,0.6956106657883158
no_quality,BRATS_369,t1+t1ce,sg_46b6c66765483f24,2,0.7846598639779024
no_quality,BRATS_369,t1+t1ce+flair,sg_46b6c66765483f24,3,0.855983133252609
no_quality,BRATS_369,t1+t1ce+t2,sg_46b6c66765483f24,3,0.8815112138441391
no_quality,BRATS_369,t1+t1ce+t2+flair,sg_46b6c66765483f24,4,0.8748648179224535
no_quality,BRATS_369,t1+t2,sg_46b6c66765483f24,2,0.7045975946876663
no_quality,BRATS_369,t1+t2+flair,sg_46b6c66765483f24,3,0.7005683032705027
no_quality,BRATS_369,t1ce,sg_46b6c66765483f24,1,0.7249058362396593
no_quality,BRATS_369,t1ce+flair,sg_46b6c66765483f24,2,0.8519408688045905
no_quality,BRATS_369,t1ce+t2,sg_46b6c66765483f24,2,0.8773079625330377
no_quality,BRATS_369,t1ce+t2+flair,sg_46b6c66765483f24,3,0.871069132697197
no_quality,BRATS_369,t2,sg_46b6c66765483f24,1,0.6831205854940933
no_quality,BRATS_369,t2+flair,sg_46b6c66765483f24,2,0.6975900683550339
no_quality,BRATS_404,flair,sg_294e1273de6f57c3,1,0.5829786052208382
no_quality,BRATS_404,t1,sg_294e1273de6f57c3,1,0.08543235170592217
no_quality,BRATS_404,t1+flair,sg_294e1273de6f57c3,2,0.5892893805077294
no_quality,BRATS_404,t1+t1ce,sg_294e1273de6f57c3,2,0.656857948937889
no_quality,BRATS_404,t1+t1ce+flair,sg_294e1273de6f57c3,3,0.7867666107489333
no_quality,BRATS_404,t1+t1ce+t2,sg_294e1273de6f57c3,3,0.8127736892917362
no_quality,BRATS_404,t1+t1ce+t2+flair,sg_294e1273de6f57c3,4,0.801493194640869
no_quality,BRATS_404,t1+t2,sg_294e1273de6f57c3,2,0.6631671946471142
no_quality,BRATS_404,t1+t2+flair,sg_294e1273de6f57c3,3,0.6460895132657983
no_quality,BRATS_404,t1ce,sg_294e1273de6f57c3,1,0.6278222698338513
no_quality,BRATS_404,t1ce+flair,sg_294e1273de6f57c3,2,0.781864081166109
no_quality,BRATS_404,t1ce+t2,sg_294e1273de6f57c3,2,0.8043527894437612
no_quality,BRATS_404,t1ce+t2+flair,sg_294e1273de6f57c3,3,0.7997239759478139
no_quality,BRATS_404,t2,sg_294e1273de6f57c3,1,0.6292286708503133
no_quality,BRATS_404,t2+flair,sg_294e1273de6f57c3,2,0.640213380295624
no_quality,BRATS_413,flair,sg_3b44f65ab67602cc,1,0.3245711011066983
no_quality,BRATS_413,t1,sg_3b44f65ab67602cc,1,0.2445244369810097
no_quality,BRATS_413,t1+flair,sg_3b44f65ab67602cc,2,0.44874856211438074
no_quality,BRATS_413,t1+t1ce,sg_3b44f65ab67602cc,2,0.48271693106734787
no_quality,BRATS_413,t1+t1ce+flair,sg_3b44f65ab67602cc,3,0.7141970990491163
no_quality,BRATS_413,t1+t1ce+t2,sg_3b44f65ab67602cc,3,0.6308682335248995
no_quality,BRATS_413,t1+t1ce+t2+flair,sg_3b44f65ab67602cc,4,0.7355810412725495
no_quality,BRATS_413,t1+t2,sg_3b44f65ab67602cc,2,0.4419652335804161
no_quality,BRATS_413,t1+t2+flair,sg_3b44f65ab67602cc,3,0.4876735523010621
no_quality,BRATS_413,t1ce,sg_3b44f65ab67602cc,1,0.4110744801732818
no_quality,BRATS_413,t1ce+flair,sg_3b44f65ab67602cc,2,0.629562522385568
no_quality,BRATS_413,t1ce+t2,sg_3b44f65ab67602cc,2,0.5977503517436603
no_quality,BRATS_413,t1ce+t2+flair,sg_3b44f65ab67602cc,3,0.688353855298154
no_quality,BRATS_413,t2,sg_3b44f65ab67602cc,1,0.3948037951384822
no_quality,BRATS_413,t2+flair,sg_3b44f65ab67602cc,2,0.46707911502996885
no_quality,BRATS_430,flair,sg_a4981b8b123d95c4,1,0.27542669149066473
no_quality,BRATS_430,t1,sg_a4981b8b123d95c4,1,0.35619021848252
no_quality,BRATS_430,t1+flair,sg_a4981b8b123d95c4,2,0.43580189969439226
no_quality,BRATS_430,t1+t1ce,sg_a4981b8b123d95c4,2,0.5461912811334689
no_quality,BRATS_430,t1+t1ce+flair,sg_a4981b8b123d95c4,3,0.7826382468767502
no_quality,BRATS_430,t1+t1ce+t2,sg_a4981b8b123d95c4,3,0.7686078731729342
no_quality,BRATS_430,t1+t1ce+t2+flair,sg_a4981b8b123d95c4,4,0.8085934976764987
no_quality,BRATS_430,t1+t2,sg_a4981b8b123d95c4,2,0.5022311771711121
no_quality,BRATS_430,t1+t2+flair,sg_a4981b8b123d95c4,3,0.5141336936894211
no_quality,BRATS_430,t1ce,sg_a4981b8b123d95c4,1,0.47724360504808133
no_quality,BRATS_430,t1ce+flair,sg_a4981b8b123d95c4,2,0.7868448272578162
no_quality,BRATS_430,t1ce+t2,sg_a4981b8b123d95c4,2,0.7733801438334355
no_quality,BRATS_430,t1ce+t2+flair,sg_a4981b8b123d95c4,3,0.8176230622918471
no_quality,BRATS_430,t2,sg_a4981b8b123d95c4,1,0.41614286208985246
no_quality,BRATS_430,t2+flair,sg_a4981b8b123d95c4,2,0.4894505776868487
no_quality,BRATS_441,flair,sg_baba356c1735c37c,1,0.4446723392945113
no_quality,BRATS_441,t1,sg_baba356c1735c37c,1,0.32135684549695875
no_quality,BRATS_441,t1+flair,sg_baba356c1735c37c,2,0.46596072690111795
no_quality,BRATS_441,t1+t1ce,sg_baba356c1735c37c,2,0.6905642806415151
no_quality,BRATS_441,t1+t1ce+flair,sg_baba356c1735c37c,3,0.8105552848630028
no_quality,BRATS_441,t1+t1ce+t2,sg_baba356c1735c37c,3,0.8219846815288184
no_quality,BRATS_441,t1+t1ce+t2+flair,sg_baba356c1735c37c,4,0.836568155089132
no_quality,BRATS_441,t1+t2,sg_baba356c1735c37c,2,0.480651596984577
no_quality,BRATS_441,t1+t2+flair,sg_baba356c1735c37c,3,0.5272222406553088
no_quality,BRATS_441,t1ce,sg_baba356c1735c37c,1,0.6242155298462205
no_quality,BRATS_441,t1ce+flair,sg_baba356c1735c37c,2,0.8007950441819762
no_quality,BRATS_441,t1ce+t2,sg_baba356c1735c37c,2,0.8113683331529217
no_quality,BRATS_441,t1ce+t2+flair,sg_baba356c1735c37c,3,0.8288331964667387
no_quality,BRATS_441,t2,sg_baba356c1735c37c,1,0.4533463414874406
no_quality,BRATS_441,t2+flair,sg_baba356c1735c37c,2,0.5036796149085322
no_quality,BRATS_484,flair,sg_482440ccbb01f4b6,1,0.686792665134544
no_quality,BRATS_484,t1,sg_482440ccbb01f4b6,1,0.5306221237388687
no_quality,BRATS_484,t1+flair,sg_482440ccbb01f4b6,2,0.7594533049180558
no_quality,BRATS_484,t1+t1ce,sg_482440ccbb01f4b6,2,0.7053792044108089
no_quality,BRATS_484,t1+t1ce+flair,sg_482440ccbb01f4b6,3,0.8967344831008007
no_quality,BRATS_484,t1+t1ce+t2,sg_482440ccbb01f4b6,3,0.8330164613976557
no_quality,BRATS_484,t1+t1ce+t2+flair,sg_482440ccbb01f4b6,4,0.8986336391221327
no_quality,BRATS_484,t1+t2,sg_482440ccbb01f4b6,2,0.6702418098603741
no_quality,BRATS_484,t1+t2+flair,sg_482440ccbb01f4b6,3,0.740464904680036
no_quality,BRATS_484,t1ce,sg_482440ccbb01f4b6,1,0.6940601447198623
no_quality,BRATS_484,t1ce+flair,sg_482440ccbb01f4b6,2,0.8930571176329135
no_quality,BRATS_484,t1ce+t2,sg_482440ccbb01f4b6,2,0.8252146376369797
no_quality,BRATS_484,t1ce+t2+flair,sg_482440ccbb01f4b6,3,0.8937896108508226
no_quality,BRATS_484,t2,sg_482440ccbb01f4b6,1,0.560899300461767
no_quality,BRATS_484,t2+flair,sg_482440ccbb01f4b6,2,0.6933471801751132
no_variance,BRATS_021,flair,sg_8a56096263e207fc,1,0.656430014116386
no_variance,BRATS_021,t1,sg_8a56096263e207fc,1,0.2990917988208826
no_variance,BRATS_021,t1+flair,sg_8a56096263e207fc,2,0.6786632898238297
no_variance,BRATS_021,t1+t1ce,sg_8a56096263e207fc,2,0.5328705497075816
no_variance,BRATS_021,t1+t1ce+flair,sg_8a56096263e207fc,3,0.6667033859425153
no_variance,BRATS_021,t1+t1ce+t2,sg_8a56096263e207fc,3,0.6619947341443874
no_variance,BRATS_021,t1+t1ce+t2+flair,sg_8a56096263e207fc,4,0.7185373273625792
no_variance,BRATS_021,t1+t2,sg_8a56096263e207fc,2,0.5068582961562255
no_variance,BRATS_021,t1+t2+flair,sg_8a56096263e207fc,3,0.6763662121300782
no_variance,BRATS_021,t1ce,sg_8a56096263e207fc,1,0.3275983710148049
no_variance,BRATS_021,t1ce+flair,sg_8a56096263e207fc,2,0.6366015213726786
no_variance,BRATS_021,t1ce+t2,sg_8a56096263e207fc,2,0.5952181049713463
no_variance,BRATS_021,t1ce+t2+flair,sg_8a56096263e207fc,3,0.711174388363785
no_variance,BRATS_021,t2,sg_8a56096263e207fc,1,0.41129330884215803
no_variance,BRATS_021,t2+flair,sg_8a56096263e207fc,2,0.6312786987495257
no_variance,BRATS_111,flair,sg_74969a1c98337c11,1,0.6632172540899756
no_variance,BRATS_111,t1,sg_74969a1c98337c11,1,0.4419863410614937
no_variance,BRATS_111,t1+flair,sg_74969a1c98337c11,2,0.6947786878655547
no_variance,BRATS_111,t1+t1ce,sg_74969a1c98337c11,2,0.8204757756259943
no_variance,BRATS_111,t1+t1ce+flair,sg_74969a1c98337c11,3,0.9186482021477546
no_variance,BRATS_111,t1+t1ce+t2,sg_74969a1c98337c11,3,0.8830288010527587
no_variance,BRATS_111,t1+t1ce+t2+flair,sg_74969a1c98337c11,4,0.9172686398181341
no_variance,BRATS_111,t1+t2,sg_74969a1c98337c11,2,0.5868147823657095
no_variance,BRATS_111,t1+t2+flair,sg_74969a1c98337c11,3,0.6531333321865742
no_variance,BRATS_111,t1ce,sg_74969a1c98337c11,1,0.786530058186528
no_variance,BRATS_111,t1ce+flair,sg_74969a1c98337c11,2,0.9226372737206673
no_variance,BRATS_111,t1ce+t2,sg_74969a1c98337c11,2,0.8621280166934179
no_variance,BRATS_111,t1ce+t2+flair,sg_74969a1c98337c11,3,0.9175327213564358
no_variance,BRATS_111,t2,sg_74969a1c98337c11,1,0.47236395095562655
no_variance,BRATS_111,t2+flair,sg_74969a1c98337c11,2,0.6030165497672192
no_variance,BRATS_172,flair,sg_cb857fb98a0abf51,1,0.6728786735521526
no_variance,BRATS_172,t1,sg_cb857fb98a0abf51,1,0.5859229086226941
no_variance,BRATS_172,t1+flair,sg_cb857fb98a0abf51,2,0.7236294199077412
no_variance,BRATS_172,t1+t1ce,sg_cb857fb98a0abf51,2,0.8885687754126096
no_variance,BRATS_172,t1+t1ce+flair,sg_cb857fb98a0abf51,3,0.9276789007994267
no_variance,BRATS_172,t1+t1ce+t2,sg_cb857fb98a0abf51,3,0.9253686595849958
no_variance,BRATS_172,t1+t1ce+t2+flair,sg_cb857fb98a0abf51,4,0.9324087351847377
no_variance,BRATS_172,t1+t2,sg_cb857fb98a0abf51,2,0.6920034587643564
no_variance,BRATS_172,t1+t2+flair,sg_cb857fb98a0abf51,3,0.7232473201737761
no_variance,BRATS_172,t1ce,sg_cb857fb98a0abf51,1,0.8603400568644256
no_variance,BRATS_172,t1ce+flair,sg_cb857fb98a0abf51,2,0.9280275116473943
no_variance,BRATS_172,t1ce+t2,sg_cb857fb98a0abf51,2,0.9218915051990618
no_variance,BRATS_172,t1ce+t2+flair,sg_cb857fb98a0abf51,3,0.9329234975233095
no_variance,BRATS_172,t2,sg_cb857fb98a0abf51,1,0.6877880512729638
no_variance,BRATS_172,t2+flair,sg_cb857fb98a0abf51,2,0.7007168980605963
no_variance,BRATS_219,flair,sg_4634c4d061d30852,1,0.6450432374118586
no_variance,BRATS_219,t1,sg_4634c4d061d30852,1,0.6384321948187744
no_variance,BRATS_219,t1+flair,sg_4634c4d061d30852,2,0.6337076171361429
no_variance,BRATS_219,t1+t1ce,sg_4634c4d061d30852,2,0.811391727516038
no_variance,BRATS_219,t1+t1ce+flair,sg_4634c4d061d30852,3,0.8897103288328836
no_variance,BRATS_219,t1+t1ce+t2,sg_4634c4d061d30852,3,0.8803035695063328
no_variance,BRATS_219,t1+t1ce+t2+flair,sg_4634c4d061d30852,4,0.9008607889059069
no_variance,BRATS_219,t1+t2,sg_4634c4d061d30852,2,0.6653708806074617
no_variance,BRATS_219,t1+t2+flair,sg_4634c4d061d30852,3,0.6629044438266427
no_variance,BRATS_219,t1ce,sg_4634c4d061d30852,1,0.7826759496669998
no_variance,BRATS_219,t1ce+flair,sg_4634c4d061d30852,2,0.8919370440946084
no_variance,BRATS_219,t1ce+t2,sg_4634c4d061d30852,2,0.8679949088984206
no_variance,BRATS_219,t1ce+t2+flair,sg_4634c4d061d30852,3,0.9033266068784963
no_variance,BRATS_219,t2,sg_4634c4d061d30852,1,0.4908134255614522
no_variance,BRATS_219,t2+flair,sg_4634c4d061d30852,2,0.6618989179839547
no_variance,BRATS_230,flair,sg_1669c905c2882ce2,1,0.2744969097398455
no_variance,BRATS_230,t1,sg_1669c905c2882ce2,1,0.32575282238023867
no_variance,BRATS_230,t1+flair,sg_1669c905c2882ce2,2,0.45990431079655414
no_variance,BRATS_230,t1+t1ce,sg_1669c905c2882ce2,2,0.5206807717803819
no_variance,BRATS_230,t1+t1ce+flair,sg_1669c905c2882ce2,3,0.6335126063363844
no_variance,BRATS_230,t1+t1ce+t2,sg_1669c905c2882ce2,3,0.7238780841830511
no_variance,BRATS_230,t1+t1ce+t2+flair,sg_1669c905c2882ce2,4,0.7861846955834535
no_variance,BRATS_230,t1+t2,sg_1669c905c2882ce2,2,0.4549548653654549
no_variance,BRATS_230,t1+t2+flair,sg_1669c905c2882ce2,3,0.488923753456264
no_variance,BRATS_230,t1ce,sg_1669c905c2882ce2,1,0.5070801783528697
no_variance,BRATS_230,t1ce+flair,sg_1669c905c2882ce2,2,0.5919379524422644
no_variance,BRATS_230,t1ce+t2,sg_1669c905c2882ce2,2,0.6906163901964849
no_variance,BRATS_230,t1ce+t2+flair,sg_1669c905c2882ce2,3,0.7459656297337349
no_variance,BRATS_230,t2,sg_1669c905c2882ce2,1,0.3833231134811042
no_variance,BRATS_230,t2+flair,sg_1669c905c2882ce2,2,0.48230914388541746
no_variance,BRATS_258,flair,sg_9568e8757c7f7a03,1,0.6030516827707361
no_variance,BRATS_258,t1,sg_9568e8757c7f7a03,1,0.09007711684768983
no_variance,BRATS_258,t1+flair,sg_9568e8757c7f7a03,2,0.5798861651582462
no_variance,BRATS_258,t1+t1ce,sg_9568e8757c7f7a03,2,0.7918420828786853
no_variance,BRATS_258,t1+t1ce+flair,sg_9568e8757c7f7a03,3,0.9063953649964217
no_variance,BRATS_258,t1+t1ce+t2,sg_9568e8757c7f7a03,3,0.8877808331596077
no_variance,BRATS_258,t1+t1ce+t2+flair,sg_9568e8757c7f7a03,4,0.9131060033731951
no_variance,BRATS_258,t1+t2,sg_9568e8757c7f7a03,2,0.4962423892238974
no_variance,BRATS_258,t1+t2+flair,sg_9568e8757c7f7a03,3,0.6047872303918777
no_variance,BRATS_258,t1ce,sg_9568e8757c7f7a03,1,0.7545180608912846
no_variance,BRATS_258,t1ce+flair,sg_9568e8757c7f7a03,2,0.9101193604624708
no_variance,BRATS_258,t1ce+t2,sg_9568e8757c7f7a03,2,0.8821046617557474
no_variance,BRATS_258,t1ce+t2+flair,sg_9568e8757c7f7a03,3,0.9173028050297919
no_variance,BRATS_258,t2,sg_9568e8757c7f7a03,1,0.42015966390184206
no_variance,BRATS_258,t2+flair,sg_9568e8757c7f7a03,2,0.6317178936742631
no_variance,BRATS_324,flair,sg_dbb5dd7d7605593e,1,0.34306347753528327
no_variance,BRATS_324,t1,sg_dbb5dd7d7605593e,1,0.24338909072503068
no_variance,BRATS_324,t1+flair,sg_dbb5dd7d7605593e,2,0.3468997943628034
no_variance,BRATS_324,t1+t1ce,sg_dbb5dd7d7605593e,2,0.5778612367736756
no_variance,BRATS_324,t1+t1ce+flair,sg_dbb5dd7d7605593e,3,0.742529017405169
no_variance,BRATS_324,t1+t1ce+t2,sg_dbb5dd7d7605593e,3,0.735013524426623
no_variance,BRATS_324,t1+t1ce+t2+flair,sg_dbb5dd7d7605593e,4,0.7717782207438902
no_variance,BRATS_324,t1+t2,sg_dbb5dd7d7605593e,2,0.3145298809682043
no_variance,BRATS_324,t1+t2+flair,sg_dbb5dd7d7605593e,3,0.391554090145709
no_variance,BRATS_324,t1ce,sg_dbb5dd7d7605593e,1,0.5571324805754349
no_variance,BRATS_324,t1ce+flair,sg_dbb5dd7d7605593e,2,0.7378553498601098
no_variance,BRATS_324,t1ce+t2,sg_dbb5dd7d7605593e,2,0.7085766790439655
no_variance,BRATS_324,t1ce+t2+flair,sg_dbb5dd7d7605593e,3,0.7682716898115535
no_variance,BRATS_324,t2,sg_dbb5dd7d7605593e,1,0.3140413936127682
no_variance,BRATS_324,t2+flair,sg_dbb5dd7d7605593e,2,0.39670525057818096
no_variance,BRATS_335,flair,sg_1dd2f970abd2e8ef,1,0.5805683697417034
no_variance,BRATS_335,t1,sg_1dd2f970abd2e8ef,1,0.36802946934169806
no_variance,BRATS_335,t1+flair,sg_1dd2f970abd2e8ef,2,0.5943419258892614
no_variance,BRATS_335,t1+t1ce,sg_1dd2f970abd2e8ef,2,0.6792011663203278
no_variance,BRATS_335,t1+t1ce+flair,sg_1dd2f970abd2e8ef,3,0.8321470629345432
no_variance,BRATS_335,t1+t1ce+t2,sg_1dd2f970abd2e8ef,3,0.8187288757864964
no_variance,BRATS_335,t1+t1ce+t2+flair,sg_1dd2f970abd2e8ef,4,0.8369437805970983
no_variance,BRATS_335,t1+t2,sg_1dd2f970abd2e8ef,2,0.5533621131348335
no_variance,BRATS_335,t1+t2+flair,sg_1dd2f970abd2e8ef,3,0.6305646926017948
no_variance,BRATS_335,t1ce,sg_1dd2f970abd2e8ef,1,0.6654927234229732
no_variance,BRATS_335,t1ce+flair,sg_1dd2f970abd2e8ef,2,0.8265549532243902
no_variance,BRATS_335,t1ce+t2,sg_1dd2f970abd2e8ef,2,0.8188515746861325
no_variance,BRATS_335,t1ce+t2+flair,sg_1dd2f970abd2e8ef,3,0.8327085403186437
no_variance,BRATS_335,t2,sg_1dd2f970abd2e8ef,1,0.5283994660163837
no_variance,BRATS_335,t2+flair,sg_1dd2f970abd2e8ef,2,0.6122853430380221
no_variance,BRATS_338,flair,sg_602726c0ba192496,1,0.3694114564845084
no_variance,BRATS_338,t1,sg_602726c0ba192496,1,0.14789944431390056
no_variance,BRATS_338,t1+flair,sg_602726c0ba192496,2,0.40705631192831165
no_variance,BRATS_338,t1+t1ce,sg_602726c0ba192496,2,0.26575058968151644
no_variance,BRATS_338,t1+t1ce+flair,sg_602726c0ba192496,3,0.7417409209553062
no_variance,BRATS_338,t1+t1ce+t2,sg_602726c0ba192496,3,0.6433987919860796
no_variance,BRATS_338,t1+t1ce+t2+flair,sg_602726c0ba192496,4,0.7372107208920539
no_variance,BRATS_338,t1+t2,sg_602726c0ba192496,2,0.33408016200552315
no_variance,BRATS_338,t1+t2+flair,sg_602726c0ba192496,3,0.44101177516494383
no_variance,BRATS_338,t1ce,sg_602726c0ba192496,1,0.14352948453130296
no_variance,BRATS_338,t1ce+flair,sg_602726c0ba192496,2,0.7320707070637867
no_variance,BRATS_338,t1ce+t2,sg_602726c0ba192496,2,0.5947515760459975
no_variance,BRATS_338,t1ce+t2+flair,sg_602726c0ba192496,3,0.7176496710923742
no_variance,BRATS_338,t2,sg_602726c0ba192496,1,0.24178929779612998
no_variance,BRATS_338,t2+flair,sg_602726c0ba192496,2,0.44214903309428016
no_variance,BRATS_367,flair,sg_a46b5f5bbd1aae60,1,0.6565401508005541
no_variance,BRATS_367,t1,sg_a46b5f5bbd1aae60,1,0.3877315400536833
no_variance,BRATS_367,t1+flair,sg_a46b5f5bbd1aae60,2,0.6696797919808768
no_variance,BRATS_367,t1+t1ce,sg_a46b5f5bbd1aae60,2,0.7809378125533147
no_variance,BRATS_367,t1+t1ce+flair,sg_a46b5f5bbd1aae60,3,0.861066660116404
no_variance,BRATS_367,t1+t1ce+t2,sg_a46b5f5bbd1aae60,3,0.8504946158557432
no_variance,BRATS_367,t1+t1ce+t2+flair,sg_a46b5f5bbd1aae60,4,0.8592356662897688
no_variance,BRATS_367,t1+t2,sg_a46b5f5bbd1aae60,2,0.6560751928350316
no_variance,BRATS_367,t1+t2+flair,sg_a46b5f5bbd1aae60,3,0.6822293073442687
no_variance,BRATS_367,t1ce,sg_a46b5f5bbd1aae60,1,0.7709837117844008
no_variance,BRATS_367,t1ce+flair,sg_a46b5f5bbd1aae60,2,0.8742025001627693
no_variance,BRATS_367,t1ce+t2,sg_a46b5f5bbd1aae60,2,0.8284089598628573
no_variance,BRATS_367,t1ce+t2+flair,sg_a46b5f5bbd1aae60,3,0.8596733811796522
no_variance,BRATS_367,t2,sg_a46b5f5bbd1aae60,1,0.5189447254370093
no_variance,BRATS_367,t2+flair,sg_a46b5f5bbd1aae60,2,0.6617162336358021
no_variance,BRATS_369,flair,sg_46b6c66765483f24,1,0.698224208524191
no_variance,BRATS_369,t1,sg_46b6c66765483f24,1,0.6039516276409517
no_variance,BRATS_369,t1+flair,sg_46b6c66765483f24,2,0.6952444591793694
no_variance,BRATS_369,t1+t1ce,sg_46b6c66765483f24,2,0.8148517795669474
no_variance,BRATS_369,t1+t1ce+flair,sg_46b6c66765483f24,3,0.8074731461862724
no_variance,BRATS_369,t1+t1ce+t2,sg_46b6c66765483f24,3,0.8649015498181951
no_variance,BRATS_369,t1+t1ce+t2+flair,sg_46b6c66765483f24,4,0.8559440476698627
no_variance,BRATS_369,t1+t2,sg_46b6c66765483f24,2,0.6968482560425615
no_variance,BRATS_369,t1+t2+flair,sg_46b6c66765483f24,3,0.7051903518224812
no_variance,BRATS_369,t1ce,sg_46b6c66765483f24,1,0.7417243174819254
no_variance,BRATS_369,t1ce+flair,sg_46b6c66765483f24,2,0.8084277482647627
no_variance,BRATS_369,t1ce+t2,sg_46b6c66765483f24,2,0.8597036492920438
no_variance,BRATS_369,t1ce+t2+flair,sg_46b6c66765483f24,3,0.8543391219757822
no_variance,BRATS_369,t2,sg_46b6c66765483f24,1,0.6917195089490734
no_variance,BRATS_369,t2+flair,sg_46b6c66765483f24,2,0.702589496976976
no_variance,BRATS_404,flair,sg_294e1273de6f57c3,1,0.5860217624055173
no_variance,BRATS_404,t1,sg_294e1273de6f57c3,1,0.10564396090805243
no_variance,BRATS_404,t1+flair,sg_294e1273de6f57c3,2,0.6071373679553848
no_variance,BRATS_404,t1+t1ce,sg_294e1273de6f57c3,2,0.5960993207346331
no_variance,BRATS_404,t1+t1ce+flair,sg_294e1273de6f57c3,3,0.8098940796087656
no_variance,BRATS_404,t1+t1ce+t2,sg_294e1273de6f57c3,3,0.8099438026453586
no_variance,BRATS_404,t1+t1ce+t2+flair,sg_294e1273de6f57c3,4,0.8188513813196603
no_variance,BRATS_404,t1+t2,sg_294e1273de6f57c3,2,0.6534400937815962
no_variance,BRATS_404,t1+t2+flair,sg_294e1273de6f57c3,3,0.6642136926218979
no_variance,BRATS_404,t1ce,sg_294e1273de6f57c3,1,0.5139781063062353
no_variance,BRATS_404,t1ce+flair,sg_294e1273de6f57c3,2,0.7993068037897261
no_variance,BRATS_404,t1ce+t2,sg_294e1273de6f57c3,2,0.7611759053721595
no_variance,BRATS_404,t1ce+t2+flair,sg_294e1273de6f57c3,3,0.8074893778695512
no_variance,BRATS_404,t2,sg_294e1273de6f57c3,1,0.6324555692554632
no_variance,BRATS_404,t2+flair,sg_294e1273de6f57c3,2,0.6658760460969516
no_variance,BRATS_413,flair,sg_3b44f65ab67602cc,1,0.25613469907260683
no_variance,BRATS_413,t1,sg_3b44f65ab67602cc,1,0.2870674229647039
no_variance,BRATS_413,t1+flair,sg_3b44f65ab67602cc,2,0.4527353405069952
no_variance,BRATS_413,t1+t1ce,sg_3b44f65ab67602cc,2,0.5311776434944772
no_variance,BRATS_413,t1+t1ce+flair,sg_3b44f65ab67602cc,3,0.7846769669797201
no_variance,BRATS_413,t1+t1ce+t2,sg_3b44f65ab67602cc,3,0.6352068617441065
no_variance,BRATS_413,t1+t1ce+t2+flair,sg_3b44f65ab67602cc,4,0.7346428015824927
no_variance,BRATS_413,t1+t2,sg_3b44f65ab67602cc,2,0.4726756484029872
no_variance,BRATS_413,t1+t2+flair,sg_3b44f65ab67602cc,3,0.5018612968384235
no_variance,BRATS_413,t1ce,sg_3b44f65ab67602cc,1,0.44431725086714274
no_variance,BRATS_413,t1ce+flair,sg_3b44f65ab67602cc,2,0.6890352789511334
no_variance,BRATS_413,t1ce+t2,sg_3b44f65ab67602cc,2,0.6277961780149971
no_variance,BRATS_413,t1ce+t2+flair,sg_3b44f65ab67602cc,3,0.6668803854025831
no_variance,BRATS_413,t2,sg_3b44f65ab67602cc,1,0.3245243628921814
no_variance,BRATS_413,t2+flair,sg_3b44f65ab67602cc,2,0.39950438574722397
no_variance,BRATS_430,flair,sg_a4981b8b123d95c4,1,0.36989922443083284
no_variance,BRATS_430,t1,sg_a4981b8b123d95c4,1,0.35147849673155857
no_variance,BRATS_430,t1+flair,sg_a4981b8b123d95c4,2,0.40990853814231915
no_variance,BRATS_430,t1+t1ce,sg_a4981b8b123d95c4,2,0.7107768866820162
no_variance,BRATS_430,t1+t1ce+flair,sg_a4981b8b123d95c4,3,0.8070389358834705
no_variance,BRATS_430,t1+t1ce+t2,sg_a4981b8b123d95c4,3,0.7878897539654023
no_variance,BRATS_430,t1+t1ce+t2+flair,sg_a4981b8b123d95c4,4,0.815633079791905
no_variance,BRATS_430,t1+t2,sg_a4981b8b123d95c4,2,0.4664211216727853
no_variance,BRATS_430,t1+t2+flair,sg_a4981b8b123d95c4,3,0.48333700930746043
no_variance,BRATS_430,t1ce,sg_a4981b8b123d95c4,1,0.7085720131047976
no_variance,BRATS_430,t1ce+flair,sg_a4981b8b123d95c4,2,0.7997829096566064
no_variance,BRATS_430,t1ce+t2,sg_a4981b8b123d95c4,2,0.7896696355050046
no_variance,BRATS_430,t1ce+t2+flair,sg_a4981b8b123d95c4,3,0.8186381638139452
no_variance,BRATS_430,t2,sg_a4981b8b123d95c4,1,0.4212706629878196
no_variance,BRATS_430,t2+flair,sg_a4981b8b123d95c4,2,0.45508324090371044
no_variance,BRATS_441,flair,sg_baba356c1735c37c,1,0.4500883785763267
no_variance,BRATS_441,t1,sg_baba356c1735c37c,1,0.35875189755481013
no_variance,BRATS_441,t1+flair,sg_baba356c1735c37c,2,0.4789401875419219
no_variance,BRATS_441,t1+t1ce,sg_baba356c1735c37c,2,0.7352065934454207
no_variance,BRATS_441,t1+t1ce+flair,sg_baba356c1735c37c,3,0.8111384317739182
no_variance,BRATS_441,t1+t1ce+t2,sg_baba356c1735c37c,3,0.8308438508750055
no_variance,BRATS_441,t1+t1ce+t2+flair,sg_baba356c1735c37c,4,0.8422303710774353
no_variance,BRATS_441,t1+t2,sg_baba356c1735c37c,2,0.5161527752915805
no_variance,BRATS_441,t1+t2+flair,sg_baba356c1735c37c,3,0.5288965071978756
no_variance,BRATS_441,t1ce,sg_baba356c1735c37c,1,0.6768851874189896
no_variance,BRATS_441,t1ce+flair,sg_baba356c1735c37c,2,0.7906068161493534
no_variance,BRATS_441,t1ce+t2,sg_baba356c1735c37c,2,0.8208619527001101
no_variance,BRATS_441,t1ce+t2+flair,sg_baba356c1735c37c,3,0.8318024145066086
no_variance,BRATS_441,t2,sg_baba356c1735c37c,1,0.3973792315849661
no_variance,BRATS_441,t2+flair,sg_baba356c1735c37c,2,0.48850415470676545
no_variance,BRATS_484,flair,sg_482440ccbb01f4b6,1,0.6316210125424542
no_variance,BRATS_484,t1,sg_482440ccbb01f4b6,1,0.5748306333952732
no_variance,BRATS_484,t1+flair,sg_482440ccbb01f4b6,2,0.7282466841584095
no_variance,BRATS_484,t1+t1ce,sg_482440ccbb01f4b6,2,0.8037344510830359
no_variance,BRATS_484,t1+t1ce+flair,sg_482440ccbb01f4b6,3,0.9021574272188636
no_variance,BRATS_484,t1+t1ce+t2,sg_482440ccbb01f4b6,3,0.8228595067515978
no_variance,BRATS_484,t1+t1ce+t2+flair,sg_482440ccbb01f4b6,4,0.8830514696075434
no_variance,BRATS_484,t1+t2,sg_482440ccbb01f4b6,2,0.6468743712893721
no_variance,BRATS_484,t1+t2+flair,sg_482440ccbb01f4b6,3,0.7062784292697096
no_variance,BRATS_484,t1ce,sg_482440ccbb01f4b6,1,0.7896891192740431
no_variance,BRATS_484,t1ce+flair,sg_482440ccbb01f4b6,2,0.8957296670111239
no_variance,BRATS_484,t1ce+t2,sg_482440ccbb01f4b6,2,0.8121316744475681
no_variance,BRATS_484,t1ce+t2+flair,sg_482440ccbb01f4b6,3,0.8752492823802411
no_variance,BRATS_484,t2,sg_482440ccbb01f4b6,1,0.5667296766078572
no_variance,BRATS_484,t2+flair,sg_482440ccbb01f4b6,2,0.6271583811283872
no_max,BRATS_021,flair,sg_8a56096263e207fc,1,0.5293611888192838
no_max,BRATS_021,t1,sg_8a56096263e207fc,1,0.4518059047751486
no_max,BRATS_021,t1+flair,sg_8a56096263e207fc,2,0.5967572061675752
no_max,BRATS_021,t1+t1ce,sg_8a56096263e207fc,2,0.5194236452147839
no_max,BRATS_021,t1+t1ce+flair,sg_8a56096263e207fc,3,0.6251808025722451
no_max,BRATS_021,t1+t1ce+t2,sg_8a56096263e207fc,3,0.7054058121120482
no_max,BRATS_021,t1+t1ce+t2+flair,sg_8a56096263e207fc,4,0.7540400737250404
no_max,BRATS_021,t1+t2,sg_8a56096263e207fc,2,0.5654362840491866
no_max,BRATS_021,t1+t2+flair,sg_8a56096263e207fc,3,0.6522903087557084
no_max,BRATS_021,t1ce,sg_8a56096263e207fc,1,0.3361479618062602
no_max,BRATS_021,t1ce+flair,sg_8a56096263e207fc,2,0.545871666936001
no_max,BRATS_021,t1ce+t2,sg_8a56096263e207fc,2,0.675702105067114
no_max,BRATS_021,t1ce+t2+flair,sg_8a56096263e207fc,3,0.7523207390225245
no_max,BRATS_021,t2,sg_8a56096263e207fc,1,0.44607092680249566
no_max,BRATS_021,t2+flair,sg_8a56096263e207fc,2,0.7166039043685656
no_max,BRATS_111,flair,sg_74969a1c98337c11,1,0.6321300574350005
no_max,BRATS_111,t1,sg_74969a1c98337c11,1,0.37705178424158087
no_max,BRATS_111,t1+flair,sg_74969a1c98337c11,2,0.6703545792406592
no_max,BRATS_111,t1+t1ce,sg_74969a1c98337c11,2,0.7949796586422634
no_max,BRATS_111,t1+t1ce+flair,sg_74969a1c98337c11,3,0.9172898934323447
no_max,BRATS_111,t1+t1ce+t2,sg_74969a1c98337c11,3,0.8757162077750147
no_max,BRATS_111,t1+t1ce+t2+flair,sg_74969a1c98337c11,4,0.9051636158896939
no_max,BRATS_111,t1+t2,sg_74969a1c98337c11,2,0.5729941395614369
no_max,BRATS_111,t1+t2+flair,sg_74969a1c98337c11,3,0.6396145653716302
no_max,BRATS_111,t1ce,sg_74969a1c98337c11,1,0.7421580708822018
no_max,BRATS_111,t1ce+flair,sg_74969a1c98337c11,2,0.9158303069612073
no_max,BRATS_111,t1ce+t2,sg_74969a1c98337c11,2,0.8625316083896749
no_max,BRATS_111,t1ce+t2+flair,sg_74969a1c98337c11,3,0.9032724854048636
no_max,BRATS_111,t2,sg_74969a1c98337c11,1,0.5602837683928444
no_max,BRATS_111,t2+flair,sg_74969a1c98337c11,2,0.6480368307825327
no_max,BRATS_172,flair,sg_cb857fb98a0abf51,1,0.7056445815857663
no_max,BRATS_172,t1,sg_cb857fb98a0abf51,1,0.6033632954705634
no_max,BRATS_172,t1+flair,sg_cb857fb98a0abf51,2,0.7450208321955056
no_max,BRATS_172,t1+t1ce,sg_cb857fb98a0abf51,2,0.8839955640137879
no_max,BRATS_172,t1+t1ce+flair,sg_cb857fb98a0abf51,3,0.929822384659809
no_max,BRATS_172,t1+t1ce+t2,sg_cb857fb98a0abf51,3,0.9261882831825954
no_max,BRATS_172,t1+t1ce+t2+flair,sg_cb857fb98a0abf51,4,0.934689869963564
no_max,BRATS_172,t1+t2,sg_cb857fb98a0abf51,2,0.7103189679793814
no_max,BRATS_172,t1+t2+flair,sg_cb857fb98a0abf51,3,0.7562842534714238
no_max,BRATS_172,t1ce,sg_cb857fb98a0abf51,1,0.8680404019950408
no_max,BRATS_172,t1ce+flair,sg_cb857fb98a0abf51,2,0.9287698224596076
no_max,BRATS_172,t1ce+t2,sg_cb857fb98a0abf51,2,0.9223931594451851
no_max,BRATS_172,t1ce+t2+flair,sg_cb857fb98a0abf51,3,0.9347001300896514
no_max,BRATS_172,t2,sg_cb857fb98a0abf51,1,0.6927582531266273
no_max,BRATS_172,t2+flair,sg_cb857fb98a0abf51,2,0.7362526723806545
no_max,BRATS_219,flair,sg_4634c4d061d30852,1,0.6236778079899524
no_max,BRATS_219,t1,sg_4634c4d061d30852,1,0.6165748451051288
no_max,BRATS_219,t1+flair,sg_4634c4d061d30852,2,0.6241397893540522
no_max,BRATS_219,t1+t1ce,sg_4634c4d061d30852,2,0.8082563170974778
no_max,BRATS_219,t1+t1ce+flair,sg_4634c4d061d30852,3,0.8758605751032276
no_max,BRATS_219,t1+t1ce+t2,sg_4634c4d061d30852,3,0.8835544247223002
no_max,BRATS_219,t1+t1ce+t2+flair,sg_4634c4d061d30852,4,0.8944702360009273
no_max,BRATS_219,t1+t2,sg_4634c4d061d30852,2,0.6631945674796978
no_max,BRATS_219,t1+t2+flair,sg_4634c4d061d30852,3,0.6649711295271462
no_max,BRATS_219,t1ce,sg_4634c4d061d30852,1,0.7889734785255245
no_max,BRATS_219,t1ce+flair,sg_4634c4d061d30852,2,0.8799825381901263
no_max,BRATS_219,t1ce+t2,sg_4634c4d061d30852,2,0.8776754311316535
no_max,BRATS_219,t1ce+t2+flair,sg_4634c4d061d30852,3,0.9019831782264177
no_max,BRATS_219,t2,sg_4634c4d061d30852,1,0.599073811392603
no_max,BRATS_219,t2+flair,sg_4634c4d061d30852,2,0.6778353976902082
no_max,BRATS_230,flair,sg_1669c905c2882ce2,1,0.24856452074279525
no_max,BRATS_230,t1,sg_1669c905c2882ce2,1,0.2479097210110316
no_max,BRATS_230,t1+flair,sg_1669c905c2882ce2,2,0.43620164827628144
no_max,BRATS_230,t1+t1ce,sg_1669c905c2882ce2,2,0.37848681590564914
no_max,BRATS_230,t1+t1ce+flair,sg_1669c905c2882ce2,3,0.6161206760745733
no_max,BRATS_230,t1+t1ce+t2,sg_1669c905c2882ce2,3,0.7210229702043796
no_max,BRATS_230,t1+t1ce+t2+flair,sg_1669c905c2882ce2,4,0.6880837165071892
no_max,BRATS_230,t1+t2,sg_1669c905c2882ce2,2,0.45357757326428394
no_max,BRATS_230,t1+t2+flair,sg_1669c905c2882ce2,3,0.4911067037076953
no_max,BRATS_230,t1ce,sg_1669c905c2882ce2,1,0.34729426645099165
no_max,BRATS_230,t1ce+flair,sg_1669c905c2882ce2,2,0.6016616545715037
no_max,BRATS_230,t1ce+t2,sg_1669c905c2882ce2,2,0.6911981326198879
no_max,BRATS_230,t1ce+t2+flair,sg_1669c905c2882ce2,3,0.6796076106326718
no_max,BRATS_230,t2,sg_1669c905c2882ce2,1,0.4035282359800252
no_max,BRATS_230,t2+flair,sg_1669c905c2882ce2,2,0.48237336666184866
no_max,BRATS_258,flair,sg_9568e8757c7f7a03,1,0.5818303208315202
no_max,BRATS_258,t1,sg_9568e8757c7f7a03,1,0.06918045698757834
no_max,BRATS_258,t1+flair,sg_9568e8757c7f7a03,2,0.6002478395568022
no_max,BRATS_258,t1+t1ce,sg_9568e8757c7f7a03,2,0.7800360725558813
no_max,BRATS_258,t1+t1ce+flair,sg_9568e8757c7f7a03,3,0.8955879467067672
no_max,BRATS_258,t1+t1ce+t2,sg_9568e8757c7f7a03,3,0.8756595094044627
no_max,BRATS_258,t1+t1ce+t2+flair,sg_9568e8757c7f7a03,4,0.8955325551266716
no_max,BRATS_258,t1+t2,sg_9568e8757c7f7a03,2,0.4658088562223361
no_max,BRATS_258,t1+t2+flair,sg_9568e8757c7f7a03,3,0.6094817318528837
no_max,BRATS_258,t1ce,sg_9568e8757c7f7a03,1,0.7736201504114725
no_max,BRATS_258,t1ce+flair,sg_9568e8757c7f7a03,2,0.9004866004985402
no_max,BRATS_258,t1ce+t2,sg_9568e8757c7f7a03,2,0.8850772226773778
no_max,BRATS_258,t1ce+t2+flair,sg_9568e8757c7f7a03,3,0.9036348750015705
no_max,BRATS_258,t2,sg_9568e8757c7f7a03,1,0.4553952915377392
no_max,BRATS_258,t2+flair,sg_9568e8757c7f7a03,2,0.6169024233366699
no_max,BRATS_324,flair,sg_dbb5dd7d7605593e,1,0.3463775092652636
no_max,BRATS_324,t1,sg_dbb5dd7d7605593e,1,0.23522823494042014
no_max,BRATS_324,t1+flair,sg_dbb5dd7d7605593e,2,0.3382681886067784
no_max,BRATS_324,t1+t1ce,sg_dbb5dd7d7605593e,2,0.5837288032815701
no_max,BRATS_324,t1+t1ce+flair,sg_dbb5dd7d7605593e,3,0.7558418115471707
no_max,BRATS_324,t1+t1ce+t2,sg_dbb5dd7d7605593e,3,0.7239989264745016
no_max,BRATS_324,t1+t1ce+t2+flair,sg_dbb5dd7d7605593e,4,0.7648372470832525
no_max,BRATS_324,t1+t2,sg_dbb5dd7d7605593e,2,0.29223204210117487
no_max,BRATS_324,t1+t2+flair,sg_dbb5dd7d7605593e,3,0.3921976470201753
no_max,BRATS_324,t1ce,sg_dbb5dd7d7605593e,1,0.5677306033091016
no_max,BRATS_324,t1ce+flair,sg_dbb5dd7d7605593e,2,0.7725547595967376
no_max,BRATS_324,t1ce+t2,sg_dbb5dd7d7605593e,2,0.7355009951036915
no_max,BRATS_324,t1ce+t2+flair,sg_dbb5dd7d7605593e,3,0.7869024110229378
no_max,BRATS_324,t2,sg_dbb5dd7d7605593e,1,0.3076708950661687
no_max,BRATS_324,t2+flair,sg_dbb5dd7d7605593e,2,0.42477628901263187
no_max,BRATS_335,flair,sg_1dd2f970abd2e8ef,1,0.5905477177711945
no_max,BRATS_335,t1,sg_1dd2f970abd2e8ef,1,0.36532701313983135
no_max,BRATS_335,t1+flair,sg_1dd2f970abd2e8ef,2,0.6139082068283584
no_max,BRATS_335,t1+t1ce,sg_1dd2f970abd2e8ef,2,0.6713996571679015
no_max,BRATS_335,t1+t1ce+flair,sg_1dd2f970abd2e8ef,3,0.8152113371329128
no_max,BRATS_335,t1+t1ce+t2,sg_1dd2f970abd2e8ef,3,0.8117820527418084
no_max,BRATS_335,t1+t1ce+t2+flair,sg_1dd2f970abd2e8ef,4,0.8328861998161807
no_max,BRATS_335,t1+t2,sg_1dd2f970abd2e8ef,2,0.5761333885745353
no_max,BRATS_335,t1+t2+flair,sg_1dd2f970abd2e8ef,3,0.6397324130523342
no_max,BRATS_335,t1ce,sg_1dd2f970abd2e8ef,1,0.5737075177600706
no_max,BRATS_335,t1ce+flair,sg_1dd2f970abd2e8ef,2,0.800706732882416
no_max,BRATS_335,t1ce+t2,sg_1dd2f970abd2e8ef,2,0.7996374114732259
no_max,BRATS_335,t1ce+t2+flair,sg_1dd2f970abd2e8ef,3,0.8266283362972672
no_max,BRATS_335,t2,sg_1dd2f970abd2e8ef,1,0.5398460094619028
no_max,BRATS_335,t2+flair,sg_1dd2f970abd2e8ef,2,0.6377144924813924
no_max,BRATS_338,flair,sg_602726c0ba192496,1,0.3643796181854162
no_max,BRATS_338,t1,sg_602726c0ba192496,1,0.10305480891830447
no_max,BRATS_338,t1+flair,sg_602726c0ba192496,2,0.4091579007433885
no_max,BRATS_338,t1+t1ce,sg_602726c0ba192496,2,0.26676418806798824
no_max,BRATS_338,t1+t1ce+flair,sg_602726c0ba192496,3,0.707262436162913
no_max,BRATS_338,t1+t1ce+t2,sg_602726c0ba192496,3,0.6100533245989447
no_max,BRATS_338,t1+t1ce+t2+flair,sg_602726c0ba192496,4,0.6690687488206422
no_max,BRATS_338,t1+t2,sg_602726c0ba192496,2,0.3156720667660754
no_max,BRATS_338,t1+t2+flair,sg_602726c0ba192496,3,0.4526384729949238
no_max,BRATS_338,t1ce,sg_602726c0ba192496,1,0.2963814564858936
no_max,BRATS_338,t1ce+flair,sg_602726c0ba192496,2,0.6929023305623795
no_max,BRATS_338,t1ce+t2,sg_602726c0ba192496,2,0.6063451812525492
no_max,BRATS_338,t1ce+t2+flair,sg_602726c0ba192496,3,0.6873465831558375
no_max,BRATS_338,t2,sg_602726c0ba192496,1,0.27871989720187346
no_max,BRATS_338,t2+flair,sg_602726c0ba192496,2,0.4537834419514574
no_max,BRATS_367,flair,sg_a46b5f5bbd1aae60,1,0.6827146568610066
no_max,BRATS_367,t1,sg_a46b5f5bbd1aae60,1,0.3318658842635753
no_max,BRATS_367,t1+flair,sg_a46b5f5bbd1aae60,2,0.6633274895517497
no_max,BRATS_367,t1+t1ce,sg_a46b5f5bbd1aae60,2,0.7708594725787812
no_max,BRATS_367,t1+t1ce+flair,sg_a46b5f5bbd1aae60,3,0.8745564942019247
no_max,BRATS_367,t1+t1ce+t2,sg_a46b5f5bbd1aae60,3,0.8585284847335712
no_max,BRATS_367,t1+t1ce+t2+flair,sg_a46b5f5bbd1aae60,4,0.8551824549910334
no_max,BRATS_367,t1+t2,sg_a46b5f5bbd1aae60,2,0.6094615916518964
no_max,BRATS_367,t1+t2+flair,sg_a46b5f5bbd1aae60,3,0.6769504681649173
no_max,BRATS_367,t1ce,sg_a46b5f5bbd1aae60,1,0.7671843093455512
no_max,BRATS_367,t1ce+flair,sg_a46b5f5bbd1aae60,2,0.8793002767810173
no_max,BRATS_367,t1ce+t2,sg_a46b5f5bbd1aae60,2,0.8546750126093045
no_max,BRATS_367,t1ce+t2+flair,sg_a46b5f5bbd1aae60,3,0.8565770257227721
no_max,BRATS_367,t2,sg_a46b5f5bbd1aae60,1,0.5161985063262228
no_max,BRATS_367,t2+flair,sg_a46b5f5bbd1aae60,2,0.664919737193569
no_max,BRATS_369,flair,sg_46b6c66765483f24,1,0.7058382863797678
no_max,BRATS_369,t1,sg_46b6c66765483f24,1,0.6156124304981591
no_max,BRATS_369,t1+flair,sg_46b6c66765483f24,2,0.6901976235792889
no_max,BRATS_369,t1+t1ce,sg_46b6c66765483f24,2,0.8109919354616038
no_max,BRATS_369,t1+t1ce+flair,sg_46b6c66765483f24,3,0.8327027060630495
no_max,BRATS_369,t1+t1ce+t2,sg_46b6c66765483f24,3,0.8733592273619702
no_max,BRATS_369,t1+t1ce+t2+flair,sg_46b6c66765483f24,4,0.8686847197811352
no_max,BRATS_369,t1+t2,sg_46b6c66765483f24,2,0.7005114354792833
no_max,BRATS_369,t1+t2+flair,sg_46b6c66765483f24,3,0.708648697234798
no_max,BRATS_369,t1ce,sg_46b6c66765483f24,1,0.705220199178551
no_max,BRATS_369,t1ce+flair,sg_46b6c66765483f24,2,0.8194053764996073
no_max,BRATS_369,t1ce+t2,sg_46b6c66765483f24,2,0.8675502409707031
no_max,BRATS_369,t1ce+t2+flair,sg_46b6c66765483f24,3,0.8631902899536676
no_max,BRATS_369,t2,sg_46b6c66765483f24,1,0.6864634211364283
no_max,BRATS_369,t2+flair,sg_46b6c66765483f24,2,0.7032568926924526
no_max,BRATS_404,flair,sg_294e1273de6f57c3,1,0.585189687384568
no_max,BRATS_404,t1,sg_294e1273de6f57c3,1,0.07761407478989608
no_max,BRATS_404,t1+flair,sg_294e1273de6f57c3,2,0.5930077803844163
no_max,BRATS_404,t1+t1ce,sg_294e1273de6f57c3,2,0.5197040530140967
no_max,BRATS_404,t1+t1ce+flair,sg_294e1273de6f57c3,3,0.7865849905474497
no_max,BRATS_404,t1+t1ce+t2,sg_294e1273de6f57c3,3,0.8076054346231799
no_max,BRATS_404,t1+t1ce+t2+flair,sg_294e1273de6f57c3,4,0.8182390267699855
no_max,BRATS_404,t1+t2,sg_294e1273de6f57c3,2,0.7161248072163465
no_max,BRATS_404,t1+t2+flair,sg_294e1273de6f57c3,3,0.7137224828033357
no_max,BRATS_404,t1ce,sg_294e1273de6f57c3,1,0.3090972935201409
no_max,BRATS_404,t1ce+flair,sg_294e1273de6f57c3,2,0.781811390344791
no_max,BRATS_404,t1ce+t2,sg_294e1273de6f57c3,2,0.7924257876133621
no_max,BRATS_404,t1ce+t2+flair,sg_294e1273de6f57c3,3,0.8179203393053847
no_max,BRATS_404,t2,sg_294e1273de6f57c3,1,0.6822577553053276
no_max,BRATS_404,t2+flair,sg_294e1273de6f57c3,2,0.6941679067129952
no_max,BRATS_413,flair,sg_3b44f65ab67602cc,1,0.3768890539037056
no_max,BRATS_413,t1,sg_3b44f65ab67602cc,1,0.2071931757425611
no_max,BRATS_413,t1+flair,sg_3b44f65ab67602cc,2,0.45619815825256893
no_max,BRATS_413,t1+t1ce,sg_3b44f65ab67602cc,2,0.4710722254707866
no_max,BRATS_413,t1+t1ce+flair,sg_3b44f65ab67602cc,3,0.7753618303793509
no_max,BRATS_413,t1+t1ce+t2,sg_3b44f65ab67602cc,3,0.6870960102517526
no_max,BRATS_413,t1+t1ce+t2+flair,sg_3b44f65ab67602cc,4,0.7648592938671807
no_max,BRATS_413,t1+t2,sg_3b44f65ab67602cc,2,0.4487180944317039
no_max,BRATS_413,t1+t2+flair,sg_3b44f65ab67602cc,3,0.4785971497166243
no_max,BRATS_413,t1ce,sg_3b44f65ab67602cc,1,0.3769110056030409
no_max,BRATS_413,t1ce+flair,sg_3b44f65ab67602cc,2,0.744864152968297
no_max,BRATS_413,t1ce+t2,sg_3b44f65ab67602cc,2,0.6878940035912088
no_max,BRATS_413,t1ce+t2+flair,sg_3b44f65ab67602cc,3,0.7482893055078191
no_max,BRATS_413,t2,sg_3b44f65ab67602cc,1,0.36896487421799984
no_max,BRATS_413,t2+flair,sg_3b44f65ab67602cc,2,0.45347915855640814
no_max,BRATS_430,flair,sg_a4981b8b123d95c4,1,0.2020933188627779
no_max,BRATS_430,t1,sg_a4981b8b123d95c4,1,0.31276675693128886
no_max,BRATS_430,t1+flair,sg_a4981b8b123d95c4,2,0.33541164282812486
no_max,BRATS_430,t1+t1ce,sg_a4981b8b123d95c4,2,0.6858450193177242
no_max,BRATS_430,t1+t1ce+flair,sg_a4981b8b123d95c4,3,0.7982209059648667
no_max,BRATS_430,t1+t1ce+t2,sg_a4981b8b123d95c4,3,0.78078071207255
no_max,BRATS_430,t1+t1ce+t2+flair,sg_a4981b8b123d95c4,4,0.811785100606956
no_max,BRATS_430,t1+t2,sg_a4981b8b123d95c4,2,0.4597447298344135
no_max,BRATS_430,t1+t2+flair,sg_a4981b8b123d95c4,3,0.45364759765315354
no_max,BRATS_430,t1ce,sg_a4981b8b123d95c4,1,0.6649446924977577
no_max,BRATS_430,t1ce+flair,sg_a4981b8b123d95c4,2,0.7928761984674959
no_max,BRATS_430,t1ce+t2,sg_a4981b8b123d95c4,2,0.7816559877260315
no_max,BRATS_430,t1ce+t2+flair,sg_a4981b8b123d95c4,3,0.8145630741830138
no_max,BRATS_430,t2,sg_a4981b8b123d95c4,1,0.4426747865316425
no_max,BRATS_430,t2+flair,sg_a4981b8b123d95c4,2,0.44683447784792046
no_max,BRATS_441,flair,sg_baba356c1735c37c,1,0.46552069363754384
no_max,BRATS_441,t1,sg_baba356c1735c37c,1,0.3468275185460692
no_max,BRATS_441,t1+flair,sg_baba356c1735c37c,2,0.4862276122325249
no_max,BRATS_441,t1+t1ce,sg_baba356c1735c37c,2,0.7146171176751964
no_max,BRATS_441,t1+t1ce+flair,sg_baba356c1735c37c,3,0.8003902716103232
no_max,BRATS_441,t1+t1ce+t2,sg_baba356c1735c37c,3,0.8164535315113778
no_max,BRATS_441,t1+t1ce+t2+flair,sg_baba356c1735c37c,4,0.8384234301896901
no_max,BRATS_441,t1+t2,sg_baba356c1735c37c,2,0.5149287624217348
no_max,BRATS_441,t1+t2+flair,sg_baba356c1735c37c,3,0.5499016720706775
no_max,BRATS_441,t1ce,sg_baba356c1735c37c,1,0.6168707103325608
no_max,BRATS_441,t1ce+flair,sg_baba356c1735c37c,2,0.7938009047733784
no_max,BRATS_441,t1ce+t2,sg_baba356c1735c37c,2,0.8051116447877416
no_max,BRATS_441,t1ce+t2+flair,sg_baba356c1735c37c,3,0.8346691896165271
no_max,BRATS_441,t2,sg_baba356c1735c37c,1,0.44361202266575567
no_max,BRATS_441,t2+flair,sg_baba356c1735c37c,2,0.5323715501914202
no_max,BRATS_484,flair,sg_482440ccbb01f4b6,1,0.5925621381468389
no_max,BRATS_484,t1,sg_482440ccbb01f4b6,1,0.5159475940417741
no_max,BRATS_484,t1+flair,sg_482440ccbb01f4b6,2,0.701391924516309
no_max,BRATS_484,t1+t1ce,sg_482440ccbb01f4b6,2,0.7814883882419678
no_max,BRATS_484,t1+t1ce+flair,sg_482440ccbb01f4b6,3,0.8923116917403893
no_max,BRATS_484,t1+t1ce+t2,sg_482440ccbb01f4b6,3,0.8311801028961648
no_max,BRATS_484,t1+t1ce+t2+flair,sg_482440ccbb01f4b6,4,0.8820275680655428
no_max,BRATS_484,t1+t2,sg_482440ccbb01f4b6,2,0.6551537447624504
no_max,BRATS_484,t1+t2+flair,sg_482440ccbb01f4b6,3,0.704548413201269
no_max,BRATS_484,t1ce,sg_482440ccbb01f4b6,1,0.7455212163918817
no_max,BRATS_484,t1ce+flair,sg_482440ccbb01f4b6,2,0.875152203394585
no_max,BRATS_484,t1ce+t2,sg_482440ccbb01f4b6,2,0.8109648562526602
no_max,BRATS_484,t1ce+t2+flair,sg_482440ccbb01f4b6,3,0.8709316912548596
no_max,BRATS_484,t2,sg_482440ccbb01f4b6,1,0.5634772230529311
no_max,BRATS_484,t2+flair,sg_482440ccbb01f4b6,2,0.634207706232505
no_consistency,BRATS_021,flair,sg_8a56096263e207fc,1,0.45609332198689145
no_consistency,BRATS_021,t1,sg_8a56096263e207fc,1,0.3686061713699383
no_consistency,BRATS_021,t1+flair,sg_8a56096263e207fc,2,0.5845091893581192
no_consistency,BRATS_021,t1+t1ce,sg_8a56096263e207fc,2,0.4376760187213086
no_consistency,BRATS_021,t1+t1ce+flair,sg_8a56096263e207fc,3,0.6161924000664182
no_consistency,BRATS_021,t1+t1ce+t2,sg_8a56096263e207fc,3,0.6274883059582407
no_consistency,BRATS_021,t1+t1ce+t2+flair,sg_8a56096263e207fc,4,0.7048265380930094
no_consistency,BRATS_021,t1+t2,sg_8a56096263e207fc,2,0.376013578569981
no_consistency,BRATS_021,t1+t2+flair,sg_8a56096263e207fc,3,0.5981273268950268
no_consistency,BRATS_021,t1ce,sg_8a56096263e207fc,1,0.27264190252462955
no_consistency,BRATS_021,t1ce+flair,sg_8a56096263e207fc,2,0.5893527321550246
no_consistency,BRATS_021,t1ce+t2,sg_8a56096263e207fc,2,0.5805641279934904
no_consistency,BRATS_021,t1ce+t2+flair,sg_8a56096263e207fc,3,0.6929358192231759
no_consistency,BRATS_021,t2,sg_8a56096263e207fc,1,0.3442292328731534
no_consistency,BRATS_021,t2+flair,sg_8a56096263e207fc,2,0.554504803307094
no_consistency,BRATS_111,flair,sg_74969a1c98337c11,1,0.6131637801175451
no_consistency,BRATS_111,t1,sg_74969a1c98337c11,1,0.4040845272071447
no_consistency,BRATS_111,t1+flair,sg_74969a1c98337c11,2,0.6769629757297011
no_consistency,BRATS_111,t1+t1ce,sg_74969a1c98337c11,2,0.7719143480518253
no_consistency,BRATS_111,t1+t1ce+flair,sg_74969a1c98337c11,3,0.912497010826181
no_consistency,BRATS_111,t1+t1ce+t2,sg_74969a1c98337c11,3,0.8549218549391089
no_consistency,BRATS_111,t1+t1ce+t2+flair,sg_74969a1c98337c11,4,0.9083732246251254
no_consistency,BRATS_111,t1+t2,sg_74969a1c98337c11,2,0.5933052133104514
no_consistency,BRATS_111,t1+t2+flair,sg_74969a1c98337c11,3,0.6767405203541363
no_consistency,BRATS_111,t1ce,sg_74969a1c98337c11,1,0.7374529963246129
no_consistency,BRATS_111,t1ce+flair,sg_74969a1c98337c11,2,0.9169581628933469
no_consistency,BRATS_111,t1ce+t2,sg_74969a1c98337c11,2,0.8292456311411692
no_consistency,BRATS_111,t1ce+t2+flair,sg_74969a1c98337c11,3,0.9062567059507439
no_consistency,BRATS_111,t2,sg_74969a1c98337c11,1,0.46338530389412286
no_consistency,BRATS_111,t2+flair,sg_74969a1c98337c11,2,0.5993252786977943
no_consistency,BRATS_172,flair,sg_cb857fb98a0abf51,1,0.6670858361909041
no_consistency,BRATS_172,t1,sg_cb857fb98a0abf51,1,0.6109235603466521
no_consistency,BRATS_172,t1+flair,sg_cb857fb98a0abf51,2,0.7368608585820643
no_consistency,BRATS_172,t1+t1ce,sg_cb857fb98a0abf51,2,0.8726573171809596
no_consistency,BRATS_172,t1+t1ce+flair,sg_cb857fb98a0abf51,3,0.9269611179215382
no_consistency,BRATS_172,t1+t1ce+t2,sg_cb857fb98a0abf51,3,0.9201621171646447
no_consistency,BRATS_172,t1+t1ce+t2+flair,sg_cb857fb98a0abf51,4,0.9305414127288384
no_consistency,BRATS_172,t1+t2,sg_cb857fb98a0abf51,2,0.7140457128641667
no_consistency,BRATS_172,t1+t2+flair,sg_cb857fb98a0abf51,3,0.7275958672281839
no_consistency,BRATS_172,t1ce,sg_cb857fb98a0abf51,1,0.8444591438880118
no_consistency,BRATS_172,t1ce+flair,sg_cb857fb98a0abf51,2,0.9220345061069337
no_consistency,BRATS_172,t1ce+t2,sg_cb857fb98a0abf51,2,0.910880531111483
no_consistency,BRATS_172,t1ce+t2+flair,sg_cb857fb98a0abf51,3,0.9271377128131196
no_consistency,BRATS_172,t2,sg_cb857fb98a0abf51,1,0.6778917126614976
no_consistency,BRATS_172,t2+flair,sg_cb857fb98a0abf51,2,0.7122169922088252
no_consistency,BRATS_219,flair,sg_4634c4d061d30852,1,0.6530466051770571
no_consistency,BRATS_219,t1,sg_4634c4d061d30852,1,0.661273787325059
no_consistency,BRATS_219,t1+flair,sg_4634c4d061d30852,2,0.6210096123838168
no_consistency,BRATS_219,t1+t1ce,sg_4634c4d061d30852,2,0.819296362582671
no_consistency,BRATS_219,t1+t1ce+flair,sg_4634c4d061d30852,3,0.8753252802624732
no_consistency,BRATS_219,t1+t1ce+t2,sg_4634c4d061d30852,3,0.8763095207266137
no_consistency,BRATS_219,t1+t1ce+t2+flair,sg_4634c4d061d30852,4,0.8872120733686676
no_consistency,BRATS_219,t1+t2,sg_4634c4d061d30852,2,0.6522804826306122
no_consistency,BRATS_219,t1+t2+flair,sg_4634c4d061d30852,3,0.6550604223517068
no_consistency,BRATS_219,t1ce,sg_4634c4d061d30852,1,0.7806670567117632
no_consistency,BRATS_219,t1ce+flair,sg_4634c4d061d30852,2,0.8737981954718054
no_consistency,BRATS_219,t1ce+t2,sg_4634c4d061d30852,2,0.869995098059731
no_consistency,BRATS_219,t1ce+t2+flair,sg_4634c4d061d30852,3,0.8914131357282028
no_consistency,BRATS_219,t2,sg_4634c4d061d30852,1,0.5567697277010984
no_consistency,BRATS_219,t2+flair,sg_4634c4d061d30852,2,0.6724452200988423
no_consistency,BRATS_230,flair,sg_1669c905c2882ce2,1,0.2389263447461246
no_consistency,BRATS_230,t1,sg_1669c905c2882ce2,1,0.2530317821585373
no_consistency,BRATS_230,t1+flair,sg_1669c905c2882ce2,2,0.4286850733050493
no_consistency,BRATS_230,t1+t1ce,sg_1669c905c2882ce2,2,0.39305124957356985
no_consistency,BRATS_230,t1+t1ce+flair,sg_1669c905c2882ce2,3,0.5618232272674519
no_consistency,BRATS_230,t1+t1ce+t2,sg_1669c905c2882ce2,3,0.6050436280019594
no_consistency,BRATS_230,t1+t1ce+t2+flair,sg_1669c905c2882ce2,4,0.6773476096559737
no_consistency,BRATS_230,t1+t2,sg_1669c905c2882ce2,2,0.4252158390646999
no_consistency,BRATS_230,t1+t2+flair,sg_1669c905c2882ce2,3,0.4902778006892427
no_consistency,BRATS_230,t1ce,sg_1669c905c2882ce2,1,0.3409754486958807
no_consistency,BRATS_230,t1ce+flair,sg_1669c905c2882ce2,2,0.3357554143491151
no_consistency,BRATS_230,t1ce+t2,sg_1669c905c2882ce2,2,0.5851780609072158
no_consistency,BRATS_230,t1ce+t2+flair,sg_1669c905c2882ce2,3,0.6672723981966501
no_consistency,BRATS_230,t2,sg_1669c905c2882ce2,1,0.39441198376860814
no_consistency,BRATS_230,t2+flair,sg_1669c905c2882ce2,2,0.47930556130943547
no_consistency,BRATS_258,flair,sg_9568e8757c7f7a03,1,0.5932464479484348
no_consistency,BRATS_258,t1,sg_9568e8757c7f7a03,1,0.054112211413229326
no_consistency,BRATS_258,t1+flair,sg_9568e8757c7f7a03,2,0.5831005056582009
no_consistency,BRATS_258,t1+t1ce,sg_9568e8757c7f7a03,2,0.7721725784764879
no_consistency,BRATS_258,t1+t1ce+flair,sg_9568e8757c7f7a03,3,0.8937569335941907
no_consistency,BRATS_258,t1+t1ce+t2,sg_9568e8757c7f7a03,3,0.8643658476418535
no_consistency,BRATS_258,t1+t1ce+t2+flair,sg_9568e8757c7f7a03,4,0.8948142260757194
no_consistency,BRATS_258,t1+t2,sg_9568e8757c7f7a03,2,0.6253371399637532
no_consistency,BRATS_258,t1+t2+flair,sg_9568e8757c7f7a03,3,0.6068055400620728
no_consistency,BRATS_258,t1ce,sg_9568e8757c7f7a03,1,0.7436569356823287
no_consistency,BRATS_258,t1ce+flair,sg_9568e8757c7f7a03,2,0.89844566453041
no_consistency,BRATS_258,t1ce+t2,sg_9568e8757c7f7a03,2,0.8618990113648574
no_consistency,BRATS_258,t1ce+t2+flair,sg_9568e8757c7f7a03,3,0.8984164618482356
no_consistency,BRATS_258,t2,sg_9568e8757c7f7a03,1,0.45629939849756423
no_consistency,BRATS_258,t2+flair,sg_9568e8757c7f7a03,2,0.6247229677785611
no_consistency,BRATS_324,flair,sg_dbb5dd7d7605593e,1,0.3494537295501523
no_consistency,BRATS_324,t1,sg_dbb5dd7d7605593e,1,0.2318418235064299
no_consistency,BRATS_324,t1+flair,sg_dbb5dd7d7605593e,2,0.3449771844479525
no_consistency,BRATS_324,t1+t1ce,sg_dbb5dd7d7605593e,2,0.5639531160855404
no_consistency,BRATS_324,t1+t1ce+flair,sg_dbb5dd7d7605593e,3,0.7412421907991269
no_consistency,BRATS_324,t1+t1ce+t2,sg_dbb5dd7d7605593e,3,0.7285452349442506
no_consistency,BRATS_324,t1+t1ce+t2+flair,sg_dbb5dd7d7605593e,4,0.7884041691028623
no_consistency,BRATS_324,t1+t2,sg_dbb5dd7d7605593e,2,0.3051780717765002
no_consistency,BRATS_324,t1+t2+flair,sg_dbb5dd7d7605593e,3,0.4008751493879678
no_consistency,BRATS_324,t1ce,sg_dbb5dd7d7605593e,1,0.5440927012708686
no_consistency,BRATS_324,t1ce+flair,sg_dbb5dd7d7605593e,2,0.7672145061662375
no_consistency,BRATS_324,t1ce+t2,sg_dbb5dd7d7605593e,2,0.747839946576539
no_consistency,BRATS_324,t1ce+t2+flair,sg_dbb5dd7d7605593e,3,0.8104768591645427
no_consistency,BRATS_324,t2,sg_dbb5dd7d7605593e,1,0.2842349091472514
no_consistency,BRATS_324,t2+flair,sg_dbb5dd7d7605593e,2,0.42724870732530595
no_consistency,BRATS_335,flair,sg_1dd2f970abd2e8ef,1,0.5969707961485209
no_consistency,BRATS_335,t1,sg_1dd2f970abd2e8ef,1,0.39053850267277945
no_consistency,BRATS_335,t1+flair,sg_1dd2f970abd2e8ef,2,0.6247216224422049
no_consistency,BRATS_335,t1+t1ce,sg_1dd2f970abd2e8ef,2,0.7063641970046445
no_consistency,BRATS_335,t1+t1ce+flair,sg_1dd2f970abd2e8ef,3,0.8292105450003344
no_consistency,BRATS_335,t1+t1ce+t2,sg_1dd2f970abd2e8ef,3,0.8144450415359107
no_consistency,BRATS_335,t1+t1ce+t2+flair,sg_1dd2f970abd2e8ef,4,0.8291678861562871
no_consistency,BRATS_335,t1+t2,sg_1dd2f970abd2e8ef,2,0.5729698838828349
no_consistency,BRATS_335,t1+t2+flair,sg_1dd2f970abd2e8ef,3,0.6546712288614617
no_consistency,BRATS_335,t1ce,sg_1dd2f970abd2e8ef,1,0.6321319083855198
no_consistency,BRATS_335,t1ce+flair,sg_1dd2f970abd2e8ef,2,0.8142269458292914
no_consistency,BRATS_335,t1ce+t2,sg_1dd2f970abd2e8ef,2,0.8014964234778154
no_consistency,BRATS_335,t1ce+t2+flair,sg_1dd2f970abd2e8ef,3,0.8183212724369652
no_consistency,BRATS_335,t2,sg_1dd2f970abd2e8ef,1,0.5353320578034969
no_consistency,BRATS_335,t2+flair,sg_1dd2f970abd2e8ef,2,0.6554822187769752
no_consistency,BRATS_338,flair,sg_602726c0ba192496,1,0.3692014358012112
no_consistency,BRATS_338,t1,sg_602726c0ba192496,1,0.10542582658712761
no_consistency,BRATS_338,t1+flair,sg_602726c0ba192496,2,0.40776630930107677
no_consistency,BRATS_338,t1+t1ce,sg_602726c0ba192496,2,0.27546036388709666
no_consistency,BRATS_338,t1+t1ce+flair,sg_602726c0ba192496,3,0.7337124209784989
no_consistency,BRATS_338,t1+t1ce+t2,sg_602726c0ba192496,3,0.6589017686357413
no_consistency,BRATS_338,t1+t1ce+t2+flair,sg_602726c0ba192496,4,0.7133008890138871
no_consistency,BRATS_338,t1+t2,sg_602726c0ba192496,2,0.28920487946971707
no_consistency,BRATS_338,t1+t2+flair,sg_602726c0ba192496,3,0.38962502386024545
no_consistency,BRATS_338,t1ce,sg_602726c0ba192496,1,0.24664460979265126
no_consistency,BRATS_338,t1ce+flair,sg_602726c0ba192496,2,0.7165493119473029
no_consistency,BRATS_338,t1ce+t2,sg_602726c0ba192496,2,0.6163507737523718
no_consistency,BRATS_338,t1ce+t2+flair,sg_602726c0ba192496,3,0.6881246960821964
no_consistency,BRATS_338,t2,sg_602726c0ba192496,1,0.2108679817725404
no_consistency,BRATS_338,t2+flair,sg_602726c0ba192496,2,0.3266085867661444
no_consistency,BRATS_367,flair,sg_a46b5f5bbd1aae60,1,0.6609098476278499
no_consistency,BRATS_367,t1,sg_a46b5f5bbd1aae60,1,0.3593459773443308
no_consistency,BRATS_367,t1+flair,sg_a46b5f5bbd1aae60,2,0.6739733170940703
no_consistency,BRATS_367,t1+t1ce,sg_a46b5f5bbd1aae60,2,0.7654263164583557
no_consistency,BRATS_367,t1+t1ce+flair,sg_a46b5f5bbd1aae60,3,0.8570925117368763
no_consistency,BRATS_367,t1+t1ce+t2,sg_a46b5f5bbd1aae60,3,0.850200467924019
no_consistency,BRATS_367,t1+t1ce+t2+flair,sg_a46b5f5bbd1aae60,4,0.8542450769666866
no_consistency,BRATS_367,t1+t2,sg_a46b5f5bbd1aae60,2,0.6238695374189105
no_consistency,BRATS_367,t1+t2+flair,sg_a46b5f5bbd1aae60,3,0.6529377705154649
no_consistency,BRATS_367,t1ce,sg_a46b5f5bbd1aae60,1,0.7585561798510915
no_consistency,BRATS_367,t1ce+flair,sg_a46b5f5bbd1aae60,2,0.8654180051834567
no_consistency,BRATS_367,t1ce+t2,sg_a46b5f5bbd1aae60,2,0.8388171861450292
no_consistency,BRATS_367,t1ce+t2+flair,sg_a46b5f5bbd1aae60,3,0.855023901036477
no_consistency,BRATS_367,t2,sg_a46b5f5bbd1aae60,1,0.5437007301403495
no_consistency,BRATS_367,t2+flair,sg_a46b5f5bbd1aae60,2,0.6469478413865045
no_consistency,BRATS_369,flair,sg_46b6c66765483f24,1,0.6823384440070424
no_consistency,BRATS_369,t1,sg_46b6c66765483f24,1,0.593176736656991
no_consistency,BRATS_369,t1+flair,sg_46b6c66765483f24,2,0.6624833094836889
no_consistency,BRATS_369,t1+t1ce,sg_46b6c66765483f24,2,0.8006037264971972
no_consistency,BRATS_369,t1+t1ce+flair,sg_46b6c66765483f24,3,0.8145509279345012
no_consistency,BRATS_369,t1+t1ce+t2,sg_46b6c66765483f24,3,0.8646757079420473
no_consistency,BRATS_369,t1+t1ce+t2+flair,sg_46b6c66765483f24,4,0.8519479583503397
no_consistency,BRATS_369,t1+t2,sg_46b6c66765483f24,2,0.6875350196838341
no_consistency,BRATS_369,t1+t2+flair,sg_46b6c66765483f24,3,0.6915132320672507
no_consistency,BRATS_369,t1ce,sg_46b6c66765483f24,1,0.7188156798651849
no_consistency,BRATS_369,t1ce+flair,sg_46b6c66765483f24,2,0.8177036413890683
no_consistency,BRATS_369,t1ce+t2,sg_46b6c66765483f24,2,0.8652917691921198
no_consistency,BRATS_369,t1ce+t2+flair,sg_46b6c66765483f24,3,0.8591875184758956
no_consistency,BRATS_369,t2,sg_46b6c66765483f24,1,0.6771777225972916
no_consistency,BRATS_369,t2+flair,sg_46b6c66765483f24,2,0.6908293069926001
no_consistency,BRATS_404,flair,sg_294e1273de6f57c3,1,0.5730989271496193
no_consistency,BRATS_404,t1,sg_294e1273de6f57c3,1,0.08154349928231298
no_consistency,BRATS_404,t1+flair,sg_294e1273de6f57c3,2,0.6040404416231723
no_consistency,BRATS_404,t1+t1ce,sg_294e1273de6f57c3,2,0.6234096195838773
no_consistency,BRATS_404,t1+t1ce+flair,sg_294e1273de6f57c3,3,0.8180166855877502
no_consistency,BRATS_404,t1+t1ce+t2,sg_294e1273de6f57c3,3,0.8294562509204543
no_consistency,BRATS_404,t1+t1ce+t2+flair,sg_294e1273de6f57c3,4,0.8253766942305768
no_consistency,BRATS_404,t1+t2,sg_294e1273de6f57c3,2,0.7309459375582996
no_consistency,BRATS_404,t1+t2+flair,sg_294e1273de6f57c3,3,0.7116653612211428
no_consistency,BRATS_404,t1ce,sg_294e1273de6f57c3,1,0.5667598853835328
no_consistency,BRATS_404,t1ce+flair,sg_294e1273de6f57c3,2,0.8218351295145929
no_consistency,BRATS_404,t1ce+t2,sg_294e1273de6f57c3,2,0.8299083774583907
no_consistency,BRATS_404,t1ce+t2+flair,sg_294e1273de6f57c3,3,0.8282503516693174
no_consistency,BRATS_404,t2,sg_294e1273de6f57c3,1,0.7217968467468417
no_consistency,BRATS_404,t2+flair,sg_294e1273de6f57c3,2,0.6812807821301701
no_consistency,BRATS_413,flair,sg_3b44f65ab67602cc,1,0.3441690553549115
no_consistency,BRATS_413,t1,sg_3b44f65ab67602cc,1,0.2043059894371896
no_consistency,BRATS_413,t1+flair,sg_3b44f65ab67602cc,2,0.43353992298876826
no_consistency,BRATS_413,t1+t1ce,sg_3b44f65ab67602cc,2,0.3999115257820529
no_consistency,BRATS_413,t1+t1ce+flair,sg_3b44f65ab67602cc,3,0.7676751633679298
no_consistency,BRATS_413,t1+t1ce+t2,sg_3b44f65ab67602cc,3,0.5761989326813998
no_consistency,BRATS_413,t1+t1ce+t2+flair,sg_3b44f65ab67602cc,4,0.7516753229237995
no_consistency,BRATS_413,t1+t2,sg_3b44f65ab67602cc,2,0.3772598698145056
no_consistency,BRATS_413,t1+t2+flair,sg_3b44f65ab67602cc,3,0.4769043224464
no_consistency,BRATS_413,t1ce,sg_3b44f65ab67602cc,1,0.33196679558615255
no_consistency,BRATS_413,t1ce+flair,sg_3b44f65ab67602cc,2,0.7201790439826413
no_consistency,BRATS_413,t1ce+t2,sg_3b44f65ab67602cc,2,0.531052710397007
no_consistency,BRATS_413,t1ce+t2+flair,sg_3b44f65ab67602cc,3,0.7441737332721744
no_consistency,BRATS_413,t2,sg_3b44f65ab67602cc,1,0.34426496054035227
no_consistency,BRATS_413,t2+flair,sg_3b44f65ab67602cc,2,0.46685493416327284
no_consistency,BRATS_430,flair,sg_a4981b8b123d95c4,1,0.28458871165543065
no_consistency,BRATS_430,t1,sg_a4981b8b123d95c4,1,0.2892247153959952
no_consistency,BRATS_430,t1+flair,sg_a4981b8b123d95c4,2,0.3661298630376006
no_consistency,BRATS_430,t1+t1ce,sg_a4981b8b123d95c4,2,0.6606057529255204
no_consistency,BRATS_430,t1+t1ce+flair,sg_a4981b8b123d95c4,3,0.7877619452590836
no_consistency,BRATS_430,t1+t1ce+t2,sg_a4981b8b123d95c4,3,0.7517992303561826
no_consistency,BRATS_430,t1+t1ce+t2+flair,sg_a4981b8b123d95c4,4,0.7964075218274579
no_consistency,BRATS_430,t1+t2,sg_a4981b8b123d95c4,2,0.4017130038545104
no_consistency,BRATS_430,t1+t2+flair,sg_a4981b8b123d95c4,3,0.45804096399412925
no_consistency,BRATS_430,t1ce,sg_a4981b8b123d95c4,1,0.625028849104328
no_consistency,BRATS_430,t1ce+flair,sg_a4981b8b123d95c4,2,0.7866818298496838
no_consistency,BRATS_430,t1ce+t2,sg_a4981b8b123d95c4,2,0.7535574777300479
no_consistency,BRATS_430,t1ce+t2+flair,sg_a4981b8b123d95c4,3,0.7992144438586907
no_consistency,BRATS_430,t2,sg_a4981b8b123d95c4,1,0.38040912952962364
no_consistency,BRATS_430,t2+flair,sg_a4981b8b123d95c4,2,0.4732405613598169
no_consistency,BRATS_441,flair,sg_baba356c1735c37c,1,0.47692900300700786
no_consistency,BRATS_441,t1,sg_baba356c1735c37c,1,0.36821853302473845
no_consistency,BRATS_441,t1+flair,sg_baba356c1735c37c,2,0.49562408219913195
no_consistency,BRATS_441,t1+t1ce,sg_baba356c1735c37c,2,0.7533890332351488
no_consistency,BRATS_441,t1+t1ce+flair,sg_baba356c1735c37c,3,0.8229050600643162
no_consistency,BRATS_441,t1+t1ce+t2,sg_baba356c1735c37c,3,0.8290095172878381
no_consistency,BRATS_441,t1+t1ce+t2+flair,sg_baba356c1735c37c,4,0.8447414058237044
no_consistency,BRATS_441,t1+t2,sg_baba356c1735c37c,2,0.511565680066499
no_consistency,BRATS_441,t1+t2+flair,sg_baba356c1735c37c,3,0.5478831455246808
no_consistency,BRATS_441,t1ce,sg_baba356c1735c37c,1,0.6699500277885925
no_consistency,BRATS_441,t1ce+flair,sg_baba356c1735c37c,2,0.798553352247178
no_consistency,BRATS_441,t1ce+t2,sg_baba356c1735c37c,2,0.8134178429212494
no_consistency,BRATS_441,t1ce+t2+flair,sg_baba356c1735c37c,3,0.8342113613464859
no_consistency,BRATS_441,t2,sg_baba356c1735c37c,1,0.44862850526201276
no_consistency,BRATS_441,t2+flair,sg_baba356c1735c37c,2,0.5302869503770921
no_consistency,BRATS_484,flair,sg_482440ccbb01f4b6,1,0.5410416331890566
no_consistency,BRATS_484,t1,sg_482440ccbb01f4b6,1,0.5261358001534279
no_consistency,BRATS_484,t1+flair,sg_482440ccbb01f4b6,2,0.7285647822270684
no_consistency,BRATS_484,t1+t1ce,sg_482440ccbb01f4b6,2,0.748858941606966
no_consistency,BRATS_484,t1+t1ce+flair,sg_482440ccbb01f4b6,3,0.8794937327351345
no_consistency,BRATS_484,t1+t1ce+t2,sg_482440ccbb01f4b6,3,0.8320791343282181
no_consistency,BRATS_484,t1+t1ce+t2+flair,sg_482440ccbb01f4b6,4,0.872906597007268
no_consistency,BRATS_484,t1+t2,sg_482440ccbb01f4b6,2,0.6554483446916071
no_consistency,BRATS_484,t1+t2+flair,sg_482440ccbb01f4b6,3,0.7169736754340951
no_consistency,BRATS_484,t1ce,sg_482440ccbb01f4b6,1,0.7358548331225178
no_consistency,BRATS_484,t1ce+flair,sg_482440ccbb01f4b6,2,0.865747905935624
no_consistency,BRATS_484,t1ce+t2,sg_482440ccbb01f4b6,2,0.8223143836299888
no_consistency,BRATS_484,t1ce+t2+flair,sg_482440ccbb01f4b6,3,0.8618052554771297
no_consistency,BRATS_484,t2,sg_482440ccbb01f4b6,1,0.6061378174928587
no_consistency,BRATS_484,t2+flair,sg_482440ccbb01f4b6,2,0.651524882166766
shuffled_quality,BRATS_021,flair,sg_8a56096263e207fc,1,0.5754728085993004
shuffled_quality,BRATS_021,t1,sg_8a56096263e207fc,1,0.3503560125244667
shuffled_quality,BRATS_021,t1+flair,sg_8a56096263e207fc,2,0.6754581598771895
shuffled_quality,BRATS_021,t1+t1ce,sg_8a56096263e207fc,2,0.5329548567949707
shuffled_quality,BRATS_021,t1+t1ce+flair,sg_8a56096263e207fc,3,0.6748804508248432
shuffled_quality,BRATS_021,t1+t1ce+t2,sg_8a56096263e207fc,3,0.6929218591407266
shuffled_quality,BRATS_021,t1+t1ce+t2+flair,sg_8a56096263e207fc,4,0.7525121392511368
shuffled_quality,BRATS_021,t1+t2,sg_8a56096263e207fc,2,0.5561170243752177
shuffled_quality,BRATS_021,t1+t2+flair,sg_8a56096263e207fc,3,0.710475401939998
shuffled_quality,BRATS_021,t1ce,sg_8a56096263e207fc,1,0.3457052362066741
shuffled_quality,BRATS_021,t1ce+flair,sg_8a56096263e207fc,2,0.6376219589329354
shuffled_quality,BRATS_021,t1ce+t2,sg_8a56096263e207fc,2,0.6391662518276675
shuffled_quality,BRATS_021,t1ce+t2+flair,sg_8a56096263e207fc,3,0.7368285114942014
shuffled_quality,BRATS_021,t2,sg_8a56096263e207fc,1,0.4138550103757743
shuffled_quality,BRATS_021,t2+flair,sg_8a56096263e207fc,2,0.676144103779802
shuffled_quality,BRATS_111,flair,sg_74969a1c98337c11,1,0.6549708307337992
shuffled_quality,BRATS_111,t1,sg_74969a1c98337c11,1,0.42278857423136723
shuffled_quality,BRATS_111,t1+flair,sg_74969a1c98337c11,2,0.6962873291950208
shuffled_quality,BRATS_111,t1+t1ce,sg_74969a1c98337c11,2,0.8139994458125811
shuffled_quality,BRATS_111,t1+t1ce+flair,sg_74969a1c98337c11,3,0.9122567388629085
shuffled_quality,BRATS_111,t1+t1ce+t2,sg_74969a1c98337c11,3,0.8839876377363433
shuffled_quality,BRATS_111,t1+t1ce+t2+flair,sg_74969a1c98337c11,4,0.9070418601253748
shuffled_quality,BRATS_111,t1+t2,sg_74969a1c98337c11,2,0.6234804371823567
shuffled_quality,BRATS_111,t1+t2+flair,sg_74969a1c98337c11,3,0.7070757600229594
shuffled_quality,BRATS_111,t1ce,sg_74969a1c98337c11,1,0.7935286047811513
shuffled_quality,BRATS_111,t1ce+flair,sg_74969a1c98337c11,2,0.9111195152547467
shuffled_quality,BRATS_111,t1ce+t2,sg_74969a1c98337c11,2,0.862547494703656
shuffled_quality,BRATS_111,t1ce+t2+flair,sg_74969a1c98337c11,3,0.9048449039587979
shuffled_quality,BRATS_111,t2,sg_74969a1c98337c11,1,0.5111001390425717
shuffled_quality,BRATS_111,t2+flair,sg_74969a1c98337c11,2,0.6729521184002235
shuffled_quality,BRATS_172,flair,sg_cb857fb98a0abf51,1,0.6866219770704772
shuffled_quality,BRATS_172,t1,sg_cb857fb98a0abf51,1,0.6047758888831816
shuffled_quality,BRATS_172,t1+flair,sg_cb857fb98a0abf51,2,0.7279063151932998
shuffled_quality,BRATS_172,t1+t1ce,sg_cb857fb98a0abf51,2,0.8759874991087063
shuffled_quality,BRATS_172,t1+t1ce+flair,sg_cb857fb98a0abf51,3,0.9297369352950784
shuffled_quality,BRATS_172,t1+t1ce+t2,sg_cb857fb98a0abf51,3,0.9222274688296118
shuffled_quality,BRATS_172,t1+t1ce+t2+flair,sg_cb857fb98a0abf51,4,0.9339151381138119
shuffled_quality,BRATS_172,t1+t2,sg_cb857fb98a0abf51,2,0.7178428101956945
shuffled_quality,BRATS_172,t1+t2+flair,sg_cb857fb98a0abf51,3,0.731268721657293
shuffled_quality,BRATS_172,t1ce,sg_cb857fb98a0abf51,1,0.8577102625527545
shuffled_quality,BRATS_172,t1ce+flair,sg_cb857fb98a0abf51,2,0.9272231922313168
shuffled_quality,BRATS_172,t1ce+t2,sg_cb857fb98a0abf51,2,0.9158887278361937
shuffled_quality,BRATS_172,t1ce+t2+flair,sg_cb857fb98a0abf51,3,0.9310073948745755
shuffled_quality,BRATS_172,t2,sg_cb857fb98a0abf51,1,0.7072655400462211
shuffled_quality,BRATS_172,t2+flair,sg_cb857fb98a0abf51,2,0.7142781257799559
shuffled_quality,BRATS_219,flair,sg_4634c4d061d30852,1,0.6776743050703146
shuffled_quality,BRATS_219,t1,sg_4634c4d061d30852,1,0.6718287191440332
shuffled_quality,BRATS_219,t1+flair,sg_4634c4d061d30852,2,0.6488103813317755
shuffled_quality,BRATS_219,t1+t1ce,sg_4634c4d061d30852,2,0.8217511936970522
shuffled_quality,BRATS_219,t1+t1ce+flair,sg_4634c4d061d30852,3,0.8822687712627427
shuffled_quality,BRATS_219,t1+t1ce+t2,sg_4634c4d061d30852,3,0.8790980321041101
shuffled_quality,BRATS_219,t1+t1ce+t2+flair,sg_4634c4d061d30852,4,0.8935891206055938
shuffled_quality,BRATS_219,t1+t2,sg_4634c4d061d30852,2,0.663924658114197
shuffled_quality,BRATS_219,t1+t2+flair,sg_4634c4d061d30852,3,0.6884079943150133
shuffled_quality,BRATS_219,t1ce,sg_4634c4d061d30852,1,0.7886611527610111
shuffled_quality,BRATS_219,t1ce+flair,sg_4634c4d061d30852,2,0.880836846647338
shuffled_quality,BRATS_219,t1ce+t2,sg_4634c4d061d30852,2,0.8703663994369167
shuffled_quality,BRATS_219,t1ce+t2+flair,sg_4634c4d061d30852,3,0.8947941740874491
shuffled_quality,BRATS_219,t2,sg_4634c4d061d30852,1,0.5709417801883446
shuffled_quality,BRATS_219,t2+flair,sg_4634c4d061d30852,2,0.6992917528176928
shuffled_quality,BRATS_230,flair,sg_1669c905c2882ce2,1,0.2413342153667161
shuffled_quality,BRATS_230,t1,sg_1669c905c2882ce2,1,0.2881882258328486
shuffled_quality,BRATS_230,t1+flair,sg_1669c905c2882ce2,2,0.4505271546291463
shuffled_quality,BRATS_230,t1+t1ce,sg_1669c905c2882ce2,2,0.388395687925428
shuffled_quality,BRATS_230,t1+t1ce+flair,sg_1669c905c2882ce2,3,0.6081591609794513
shuffled_quality,BRATS_230,t1+t1ce+t2,sg_1669c905c2882ce2,3,0.5855330720991746
shuffled_quality,BRATS_230,t1+t1ce+t2+flair,sg_1669c905c2882ce2,4,0.6365928970764921
shuffled_quality,BRATS_230,t1+t2,sg_1669c905c2882ce2,2,0.4218939622674029
shuffled_quality,BRATS_230,t1+t2+flair,sg_1669c905c2882ce2,3,0.4911955303247944
shuffled_quality,BRATS_230,t1ce,sg_1669c905c2882ce2,1,0.4206518597436719
shuffled_quality,BRATS_230,t1ce+flair,sg_1669c905c2882ce2,2,0.49289130239269335
shuffled_quality,BRATS_230,t1ce+t2,sg_1669c905c2882ce2,2,0.5616188043456979
shuffled_quality,BRATS_230,t1ce+t2+flair,sg_1669c905c2882ce2,3,0.620544675517213
shuffled_quality,BRATS_230,t2,sg_1669c905c2882ce2,1,0.41242758591462286
shuffled_quality,BRATS_230,t2+flair,sg_1669c905c2882ce2,2,0.4866972691348879
shuffled_quality,BRATS_258,flair,sg_9568e8757c7f7a03,1,0.5964383324042664
shuffled_quality,BRATS_258,t1,sg_9568e8757c7f7a03,1,0.06671050490080684
shuffled_quality,BRATS_258,t1+flair,sg_9568e8757c7f7a03,2,0.5965697648013738
shuffled_quality,BRATS_258,t1+t1ce,sg_9568e8757c7f7a03,2,0.7744378870677324
shuffled_quality,BRATS_258,t1+t1ce+flair,sg_9568e8757c7f7a03,3,0.8881491851746465
shuffled_quality,BRATS_258,t1+t1ce+t2,sg_9568e8757c7f7a03,3,0.8449422668433294
shuffled_quality,BRATS_258,t1+t1ce+t2+flair,sg_9568e8757c7f7a03,4,0.8738752836054001
shuffled_quality,BRATS_258,t1+t2,sg_9568e8757c7f7a03,2,0.57063853394248
shuffled_quality,BRATS_258,t1+t2+flair,sg_9568e8757c7f7a03,3,0.601509312792106
shuffled_quality,BRATS_258,t1ce,sg_9568e8757c7f7a03,1,0.7667038318966576
shuffled_quality,BRATS_258,t1ce+flair,sg_9568e8757c7f7a03,2,0.8859486958919373
shuffled_quality,BRATS_258,t1ce+t2,sg_9568e8757c7f7a03,2,0.8429071120250841
shuffled_quality,BRATS_258,t1ce+t2+flair,sg_9568e8757c7f7a03,3,0.8675605027437685
shuffled_quality,BRATS_258,t2,sg_9568e8757c7f7a03,1,0.4484706579208746
shuffled_quality,BRATS_258,t2+flair,sg_9568e8757c7f7a03,2,0.6064956674460101
shuffled_quality,BRATS_324,flair,sg_dbb5dd7d7605593e,1,0.34206252785498403
shuffled_quality,BRATS_324,t1,sg_dbb5dd7d7605593e,1,0.26615646711142055
shuffled_quality,BRATS_324,t1+flair,sg_dbb5dd7d7605593e,2,0.3361910232280448
shuffled_quality,BRATS_324,t1+t1ce,sg_dbb5dd7d7605593e,2,0.6059463875357928
shuffled_quality,BRATS_324,t1+t1ce+flair,sg_dbb5dd7d7605593e,3,0.759121741970843
shuffled_quality,BRATS_324,t1+t1ce+t2,sg_dbb5dd7d7605593e,3,0.7256836795043685
shuffled_quality,BRATS_324,t1+t1ce+t2+flair,sg_dbb5dd7d7605593e,4,0.797731209810669
shuffled_quality,BRATS_324,t1+t2,sg_dbb5dd7d7605593e,2,0.3277470354086663
shuffled_quality,BRATS_324,t1+t2+flair,sg_dbb5dd7d7605593e,3,0.3862774269010076
shuffled_quality,BRATS_324,t1ce,sg_dbb5dd7d7605593e,1,0.6246746066716967
shuffled_quality,BRATS_324,t1ce+flair,sg_dbb5dd7d7605593e,2,0.7801293009346765
shuffled_quality,BRATS_324,t1ce+t2,sg_dbb5dd7d7605593e,2,0.7335379768552928
shuffled_quality,BRATS_324,t1ce+t2+flair,sg_dbb5dd7d7605593e,3,0.8140696830731967
shuffled_quality,BRATS_324,t2,sg_dbb5dd7d7605593e,1,0.2900687280633354
shuffled_quality,BRATS_324,t2+flair,sg_dbb5dd7d7605593e,2,0.39622786337185684
shuffled_quality,BRATS_335,flair,sg_1dd2f970abd2e8ef,1,0.6141974409467142
shuffled_quality,BRATS_335,t1,sg_1dd2f970abd2e8ef,1,0.3917238323984862
shuffled_quality,BRATS_335,t1+flair,sg_1dd2f970abd2e8ef,2,0.6205682863426797
shuffled_quality,BRATS_335,t1+t1ce,sg_1dd2f970abd2e8ef,2,0.6844669784257854
shuffled_quality,BRATS_335,t1+t1ce+flair,sg_1dd2f970abd2e8ef,3,0.8332437089332956
shuffled_quality,BRATS_335,t1+t1ce+t2,sg_1dd2f970abd2e8ef,3,0.8103527988394109
shuffled_quality,BRATS_335,t1+t1ce+t2+flair,sg_1dd2f970abd2e8ef,4,0.8319311317505426
shuffled_quality,BRATS_335,t1+t2,sg_1dd2f970abd2e8ef,2,0.5643211299616198
shuffled_quality,BRATS_335,t1+t2+flair,sg_1dd2f970abd2e8ef,3,0.6461933356735011
shuffled_quality,BRATS_335,t1ce,sg_1dd2f970abd2e8ef,1,0.6255098067356993
shuffled_quality,BRATS_335,t1ce+flair,sg_1dd2f970abd2e8ef,2,0.8244404252371903
shuffled_quality,BRATS_335,t1ce+t2,sg_1dd2f970abd2e8ef,2,0.806030595767802
shuffled_quality,BRATS_335,t1ce+t2+flair,sg_1dd2f970abd2e8ef,3,0.8235290446878106
shuffled_quality,BRATS_335,t2,sg_1dd2f970abd2e8ef,1,0.5467979950787215
shuffled_quality,BRATS_335,t2+flair,sg_1dd2f970abd2e8ef,2,0.6504035456910706
shuffled_quality,BRATS_338,flair,sg_602726c0ba192496,1,0.3687811158493748
shuffled_quality,BRATS_338,t1,sg_602726c0ba192496,1,0.16215015928840396
shuffled_quality,BRATS_338,t1+flair,sg_602726c0ba192496,2,0.40785547294050595
shuffled_quality,BRATS_338,t1+t1ce,sg_602726c0ba192496,2,0.33721484962551673
shuffled_quality,BRATS_338,t1+t1ce+flair,sg_602726c0ba192496,3,0.7267472269033103
shuffled_quality,BRATS_338,t1+t1ce+t2,sg_602726c0ba192496,3,0.5905067749575222
shuffled_quality,BRATS_338,t1+t1ce+t2+flair,sg_602726c0ba192496,4,0.7039264373504107
shuffled_quality,BRATS_338,t1+t2,sg_602726c0ba192496,2,0.332795233089958
shuffled_quality,BRATS_338,t1+t2+flair,sg_602726c0ba192496,3,0.4091322754973097
shuffled_quality,BRATS_338,t1ce,sg_602726c0ba192496,1,0.2983328327877557
shuffled_quality,BRATS_338,t1ce+flair,sg_602726c0ba192496,2,0.7136701440658383
shuffled_quality,BRATS_338,t1ce+t2,sg_602726c0ba192496,2,0.6270529181231087
shuffled_quality,BRATS_338,t1ce+t2+flair,sg_602726c0ba192496,3,0.6852786060712982
shuffled_quality,BRATS_338,t2,sg_602726c0ba192496,1,0.28456224486197207
shuffled_quality,BRATS_338,t2+flair,sg_602726c0ba192496,2,0.3759750791438845
shuffled_quality,BRATS_367,flair,sg_a46b5f5bbd1aae60,1,0.6746001553678841
shuffled_quality,BRATS_367,t1,sg_a46b5f5bbd1aae60,1,0.41703054043928584
shuffled_quality,BRATS_367,t1+flair,sg_a46b5f5bbd1aae60,2,0.6668792204236896
shuffled_quality,BRATS_367,t1+t1ce,sg_a46b5f5bbd1aae60,2,0.7887746741032019
shuffled_quality,BRATS_367,t1+t1ce+flair,sg_a46b5f5bbd1aae60,3,0.8579976039288505
shuffled_quality,BRATS_367,t1+t1ce+t2,sg_a46b5f5bbd1aae60,3,0.8586701645834912
shuffled_quality,BRATS_367,t1+t1ce+t2+flair,sg_a46b5f5bbd1aae60,4,0.8575228313363649
shuffled_quality,BRATS_367,t1+t2,sg_a46b5f5bbd1aae60,2,0.6166274082150357
shuffled_quality,BRATS_367,t1+t2+flair,sg_a46b5f5bbd1aae60,3,0.6621816273472093
shuffled_quality,BRATS_367,t1ce,sg_a46b5f5bbd1aae60,1,0.7862928909255563
shuffled_quality,BRATS_367,t1ce+flair,sg_a46b5f5bbd1aae60,2,0.865633953175288
shuffled_quality,BRATS_367,t1ce+t2,sg_a46b5f5bbd1aae60,2,0.8501680231478265
shuffled_quality,BRATS_367,t1ce+t2+flair,sg_a46b5f5bbd1aae60,3,0.8565582731249436
shuffled_quality,BRATS_367,t2,sg_a46b5f5bbd1aae60,1,0.5333033862200406
shuffled_quality,BRATS_367,t2+flair,sg_a46b5f5bbd1aae60,2,0.6529540052556343
shuffled_quality,BRATS_369,flair,sg_46b6c66765483f24,1,0.6593714909091708
shuffled_quality,BRATS_369,t1,sg_46b6c66765483f24,1,0.5841318630460465
shuffled_quality,BRATS_369,t1+flair,sg_46b6c66765483f24,2,0.6685742421764896
shuffled_quality,BRATS_369,t1+t1ce,sg_46b6c66765483f24,2,0.8058944402855185
shuffled_quality,BRATS_369,t1+t1ce+flair,sg_46b6c66765483f24,3,0.8065651284290537
shuffled_quality,BRATS_369,t1+t1ce+t2,sg_46b6c66765483f24,3,0.8682451439493253
shuffled_quality,BRATS_369,t1+t1ce+t2+flair,sg_46b6c66765483f24,4,0.8282482762028901
shuffled_quality,BRATS_369,t1+t2,sg_46b6c66765483f24,2,0.6828071347492218
shuffled_quality,BRATS_369,t1+t2+flair,sg_46b6c66765483f24,3,0.7009097528213771
shuffled_quality,BRATS_369,t1ce,sg_46b6c66765483f24,1,0.7271792552989599
shuffled_quality,BRATS_369,t1ce+flair,sg_46b6c66765483f24,2,0.7935025469743393
shuffled_quality,BRATS_369,t1ce+t2,sg_46b6c66765483f24,2,0.8575142837727897
shuffled_quality,BRATS_369,t1ce+t2+flair,sg_46b6c66765483f24,3,0.8260138135459232
shuffled_quality,BRATS_369,t2,sg_46b6c66765483f24,1,0.6880525328424468
shuffled_quality,BRATS_369,t2+flair,sg_46b6c66765483f24,2,0.6995712593723189
shuffled_quality,BRATS_404,flair,sg_294e1273de6f57c3,1,0.5294370016941657
shuffled_quality,BRATS_404,t1,sg_294e1273de6f57c3,1,0.09939929580017326
shuffled_quality,BRATS_404,t1+flair,sg_294e1273de6f57c3,2,0.6132196039544134
shuffled_quality,BRATS_404,t1+t1ce,sg_294e1273de6f57c3,2,0.47333513229029484
shuffled_quality,BRATS_404,t1+t1ce+flair,sg_294e1273de6f57c3,3,0.7611343708833256
shuffled_quality,BRATS_404,t1+t1ce+t2,sg_294e1273de6f57c3,3,0.786795883566163
shuffled_quality,BRATS_404,t1+t1ce+t2+flair,sg_294e1273de6f57c3,4,0.7719413509024987
shuffled_quality,BRATS_404,t1+t2,sg_294e1273de6f57c3,2,0.697844306048122
shuffled_quality,BRATS_404,t1+t2+flair,sg_294e1273de6f57c3,3,0.6948821140219721
shuffled_quality,BRATS_404,t1ce,sg_294e1273de6f57c3,1,0.3576004389349339
shuffled_quality,BRATS_404,t1ce+flair,sg_294e1273de6f57c3,2,0.7577905779943461
shuffled_quality,BRATS_404,t1ce+t2,sg_294e1273de6f57c3,2,0.7835781299425696
shuffled_quality,BRATS_404,t1ce+t2+flair,sg_294e1273de6f57c3,3,0.7792927801019479
shuffled_quality,BRATS_404,t2,sg_294e1273de6f57c3,1,0.7101422201671599
shuffled_quality,BRATS_404,t2+flair,sg_294e1273de6f57c3,2,0.6765178452050811
shuffled_quality,BRATS_413,flair,sg_3b44f65ab67602cc,1,0.32752667263213925
shuffled_quality,BRATS_413,t1,sg_3b44f65ab67602cc,1,0.2313542337852961
shuffled_quality,BRATS_413,t1+flair,sg_3b44f65ab67602cc,2,0.4366543034218257
shuffled_quality,BRATS_413,t1+t1ce,sg_3b44f65ab67602cc,2,0.4987228998421718
shuffled_quality,BRATS_413,t1+t1ce+flair,sg_3b44f65ab67602cc,3,0.8378535533068489
shuffled_quality,BRATS_413,t1+t1ce+t2,sg_3b44f65ab67602cc,3,0.7064224865005757
shuffled_quality,BRATS_413,t1+t1ce+t2+flair,sg_3b44f65ab67602cc,4,0.8300604710102166
shuffled_quality,BRATS_413,t1+t2,sg_3b44f65ab67602cc,2,0.38783153678741095
shuffled_quality,BRATS_413,t1+t2+flair,sg_3b44f65ab67602cc,3,0.4648553497443228
shuffled_quality,BRATS_413,t1ce,sg_3b44f65ab67602cc,1,0.48391046390110976
shuffled_quality,BRATS_413,t1ce+flair,sg_3b44f65ab67602cc,2,0.8019159860359059
shuffled_quality,BRATS_413,t1ce+t2,sg_3b44f65ab67602cc,2,0.6761535944170101
shuffled_quality,BRATS_413,t1ce+t2+flair,sg_3b44f65ab67602cc,3,0.8035892141731562
shuffled_quality,BRATS_413,t2,sg_3b44f65ab67602cc,1,0.35261550894012084
shuffled_quality,BRATS_413,t2+flair,sg_3b44f65ab67602cc,2,0.4651275318654548
shuffled_quality,BRATS_430,flair,sg_a4981b8b123d95c4,1,0.3159477143658983
shuffled_quality,BRATS_430,t1,sg_a4981b8b123d95c4,1,0.32706654123732437
shuffled_quality,BRATS_430,t1+flair,sg_a4981b8b123d95c4,2,0.3863829602612862
shuffled_quality,BRATS_430,t1+t1ce,sg_a4981b8b123d95c4,2,0.6748431897575523
shuffled_quality,BRATS_430,t1+t1ce+flair,sg_a4981b8b123d95c4,3,0.7855280372730921
shuffled_quality,BRATS_430,t1+t1ce+t2,sg_a4981b8b123d95c4,3,0.7415993155212925
shuffled_quality,BRATS_430,t1+t1ce+t2+flair,sg_a4981b8b123d95c4,4,0.7873199455577072
shuffled_quality,BRATS_430,t1+t2,sg_a4981b8b123d95c4,2,0.42794100936562507
shuffled_quality,BRATS_430,t1+t2+flair,sg_a4981b8b123d95c4,3,0.4704735965342565
shuffled_quality,BRATS_430,t1ce,sg_a4981b8b123d95c4,1,0.6764792857384813
shuffled_quality,BRATS_430,t1ce+flair,sg_a4981b8b123d95c4,2,0.7784754453147963
shuffled_quality,BRATS_430,t1ce+t2,sg_a4981b8b123d95c4,2,0.7386537275395842
shuffled_quality,BRATS_430,t1ce+t2+flair,sg_a4981b8b123d95c4,3,0.7860119449591432
shuffled_quality,BRATS_430,t2,sg_a4981b8b123d95c4,1,0.384806343366221
shuffled_quality,BRATS_430,t2+flair,sg_a4981b8b123d95c4,2,0.4650311988033891
shuffled_quality,BRATS_441,flair,sg_baba356c1735c37c,1,0.47076156377243245
shuffled_quality,BRATS_441,t1,sg_baba356c1735c37c,1,0.38065428347322233
shuffled_quality,BRATS_441,t1+flair,sg_baba356c1735c37c,2,0.4842844466198457
shuffled_quality,BRATS_441,t1+t1ce,sg_baba356c1735c37c,2,0.7348323200446796
shuffled_quality,BRATS_441,t1+t1ce+flair,sg_baba356c1735c37c,3,0.818072919393985
shuffled_quality,BRATS_441,t1+t1ce+t2,sg_baba356c1735c37c,3,0.8241993624323033
shuffled_quality,BRATS_441,t1+t1ce+t2+flair,sg_baba356c1735c37c,4,0.8405414487972389
shuffled_quality,BRATS_441,t1+t2,sg_baba356c1735c37c,2,0.5025860614455144
shuffled_quality,BRATS_441,t1+t2+flair,sg_baba356c1735c37c,3,0.5539478886892598
shuffled_quality,BRATS_441,t1ce,sg_baba356c1735c37c,1,0.6869978427628919
shuffled_quality,BRATS_441,t1ce+flair,sg_baba356c1735c37c,2,0.7998738451015525
shuffled_quality,BRATS_441,t1ce+t2,sg_baba356c1735c37c,2,0.8124681718952443
shuffled_quality,BRATS_441,t1ce+t2+flair,sg_baba356c1735c37c,3,0.8300507955612987
shuffled_quality,BRATS_441,t2,sg_baba356c1735c37c,1,0.43135193097806274
shuffled_quality,BRATS_441,t2+flair,sg_baba356c1735c37c,2,0.5161406060638501
shuffled_quality,BRATS_484,flair,sg_482440ccbb01f4b6,1,0.5779915187684429
shuffled_quality,BRATS_484,t1,sg_482440ccbb01f4b6,1,0.5427451113416281
shuffled_quality,BRATS_484,t1+flair,sg_482440ccbb01f4b6,2,0.7335669640158883
shuffled_quality,BRATS_484,t1+t1ce,sg_482440ccbb01f4b6,2,0.7807504352356361
shuffled_quality,BRATS_484,t1+t1ce+flair,sg_482440ccbb01f4b6,3,0.8996784711513829
shuffled_quality,BRATS_484,t1+t1ce+t2,sg_482440ccbb01f4b6,3,0.857061023456804
shuffled_quality,BRATS_484,t1+t1ce+t2+flair,sg_482440ccbb01f4b6,4,0.8961175836911037
shuffled_quality,BRATS_484,t1+t2,sg_482440ccbb01f4b6,2,0.6790282321562939
shuffled_quality,BRATS_484,t1+t2+flair,sg_482440ccbb01f4b6,3,0.7298481944320324
shuffled_quality,BRATS_484,t1ce,sg_482440ccbb01f4b6,1,0.7920290129275266
shuffled_quality,BRATS_484,t1ce+flair,sg_482440ccbb01f4b6,2,0.8783022572238522
shuffled_quality,BRATS_484,t1ce+t2,sg_482440ccbb01f4b6,2,0.8399294079263444
shuffled_quality,BRATS_484,t1ce+t2+flair,sg_482440ccbb01f4b6,3,0.8811765401183947
shuffled_quality,BRATS_484,t2,sg_482440ccbb01f4b6,1,0.6427757032361628
shuffled_quality,BRATS_484,t2+flair,sg_482440ccbb01f4b6,2,0.68266805203094
matched_moment_fusion,BRATS_021,flair,sg_8a56096263e207fc,1,0.5985428628247468
matched_moment_fusion,BRATS_021,t1,sg_8a56096263e207fc,1,0.4646173159921529
matched_moment_fusion,BRATS_021,t1+flair,sg_8a56096263e207fc,2,0.6871899727748595
matched_moment_fusion,BRATS_021,t1+t1ce,sg_8a56096263e207fc,2,0.5751644285443557
matched_moment_fusion,BRATS_021,t1+t1ce+flair,sg_8a56096263e207fc,3,0.6827206384990646
matched_moment_fusion,BRATS_021,t1+t1ce+t2,sg_8a56096263e207fc,3,0.7258604454999172
matched_moment_fusion,BRATS_021,t1+t1ce+t2+flair,sg_8a56096263e207fc,4,0.7537065635149519
matched_moment_fusion,BRATS_021,t1+t2,sg_8a56096263e207fc,2,0.6265830725964646
matched_moment_fusion,BRATS_021,t1+t2+flair,sg_8a56096263e207fc,3,0.7393860204462964
matched_moment_fusion,BRATS_021,t1ce,sg_8a56096263e207fc,1,0.40427326596284724
matched_moment_fusion,BRATS_021,t1ce+flair,sg_8a56096263e207fc,2,0.6142616840882308
matched_moment_fusion,BRATS_021,t1ce+t2,sg_8a56096263e207fc,2,0.6939355365933514
matched_moment_fusion,BRATS_021,t1ce+t2+flair,sg_8a56096263e207fc,3,0.7411874989382827
matched_moment_fusion,BRATS_021,t2,sg_8a56096263e207fc,1,0.48786347629881166
matched_moment_fusion,BRATS_021,t2+flair,sg_8a56096263e207fc,2,0.7097717618041607
matched_moment_fusion,BRATS_111,flair,sg_74969a1c98337c11,1,0.6535014760783656
matched_moment_fusion,BRATS_111,t1,sg_74969a1c98337c11,1,0.49352383118116167
matched_moment_fusion,BRATS_111,t1+flair,sg_74969a1c98337c11,2,0.7170735056237652
matched_moment_fusion,BRATS_111,t1+t1ce,sg_74969a1c98337c11,2,0.8074113519804255
matched_moment_fusion,BRATS_111,t1+t1ce+flair,sg_74969a1c98337c11,3,0.9242196751885382
matched_moment_fusion,BRATS_111,t1+t1ce+t2,sg_74969a1c98337c11,3,0.8931020062401857
matched_moment_fusion,BRATS_111,t1+t1ce+t2+flair,sg_74969a1c98337c11,4,0.9141740783297868
matched_moment_fusion,BRATS_111,t1+t2,sg_74969a1c98337c11,2,0.6372980342425909
matched_moment_fusion,BRATS_111,t1+t2+flair,sg_74969a1c98337c11,3,0.7044718566832436
matched_moment_fusion,BRATS_111,t1ce,sg_74969a1c98337c11,1,0.7796722618913835
matched_moment_fusion,BRATS_111,t1ce+flair,sg_74969a1c98337c11,2,0.9211484976315908
matched_moment_fusion,BRATS_111,t1ce+t2,sg_74969a1c98337c11,2,0.8721449825703965
matched_moment_fusion,BRATS_111,t1ce+t2+flair,sg_74969a1c98337c11,3,0.9046151975692368
matched_moment_fusion,BRATS_111,t2,sg_74969a1c98337c11,1,0.4891541830617964
matched_moment_fusion,BRATS_111,t2+flair,sg_74969a1c98337c11,2,0.6466334245647426
matched_moment_fusion,BRATS_172,flair,sg_cb857fb98a0abf51,1,0.7115260911361109
matched_moment_fusion,BRATS_172,t1,sg_cb857fb98a0abf51,1,0.6043622322024166
matched_moment_fusion,BRATS_172,t1+flair,sg_cb857fb98a0abf51,2,0.7300676080194761
matched_moment_fusion,BRATS_172,t1+t1ce,sg_cb857fb98a0abf51,2,0.8856130534953053
matched_moment_fusion,BRATS_172,t1+t1ce+flair,sg_cb857fb98a0abf51,3,0.9338450744293626
matched_moment_fusion,BRATS_172,t1+t1ce+t2,sg_cb857fb98a0abf51,3,0.925620179938984
matched_moment_fusion,BRATS_172,t1+t1ce+t2+flair,sg_cb857fb98a0abf51,4,0.9386553514127991
matched_moment_fusion,BRATS_172,t1+t2,sg_cb857fb98a0abf51,2,0.704882397581838
matched_moment_fusion,BRATS_172,t1+t2+flair,sg_cb857fb98a0abf51,3,0.7498175415667124
matched_moment_fusion,BRATS_172,t1ce,sg_cb857fb98a0abf51,1,0.8610732052117496
matched_moment_fusion,BRATS_172,t1ce+flair,sg_cb857fb98a0abf51,2,0.9340690886152995
matched_moment_fusion,BRATS_172,t1ce+t2,sg_cb857fb98a0abf51,2,0.9189848182444519
matched_moment_fusion,BRATS_172,t1ce+t2+flair,sg_cb857fb98a0abf51,3,0.9384626139222924
matched_moment_fusion,BRATS_172,t2,sg_cb857fb98a0abf51,1,0.6716935852892032
matched_moment_fusion,BRATS_172,t2+flair,sg_cb857fb98a0abf51,2,0.7295240908448347
matched_moment_fusion,BRATS_219,flair,sg_4634c4d061d30852,1,0.6542730265355413
matched_moment_fusion,BRATS_219,t1,sg_4634c4d061d30852,1,0.6417055007031055
matched_moment_fusion,BRATS_219,t1+flair,sg_4634c4d061d30852,2,0.6179372312803384
matched_moment_fusion,BRATS_219,t1+t1ce,sg_4634c4d061d30852,2,0.8200933079076074
matched_moment_fusion,BRATS_219,t1+t1ce+flair,sg_4634c4d061d30852,3,0.876332121826822
matched_moment_fusion,BRATS_219,t1+t1ce+t2,sg_4634c4d061d30852,3,0.8810257718600883
matched_moment_fusion,BRATS_219,t1+t1ce+t2+flair,sg_4634c4d061d30852,4,0.8945704270507532
matched_moment_fusion,BRATS_219,t1+t2,sg_4634c4d061d30852,2,0.6362943130403816
matched_moment_fusion,BRATS_219,t1+t2+flair,sg_4634c4d061d30852,3,0.6401596963419994
matched_moment_fusion,BRATS_219,t1ce,sg_4634c4d061d30852,1,0.799074895604566
matched_moment_fusion,BRATS_219,t1ce+flair,sg_4634c4d061d30852,2,0.8779278034924068
matched_moment_fusion,BRATS_219,t1ce+t2,sg_4634c4d061d30852,2,0.8657806668814491
matched_moment_fusion,BRATS_219,t1ce+t2+flair,sg_4634c4d061d30852,3,0.8987632360283468
matched_moment_fusion,BRATS_219,t2,sg_4634c4d061d30852,1,0.5936759265060223
matched_moment_fusion,BRATS_219,t2+flair,sg_4634c4d061d30852,2,0.6705701722016694
matched_moment_fusion,BRATS_230,flair,sg_1669c905c2882ce2,1,0.24161588914186052
matched_moment_fusion,BRATS_230,t1,sg_1669c905c2882ce2,1,0.3030880352785732
matched_moment_fusion,BRATS_230,t1+flair,sg_1669c905c2882ce2,2,0.46922169075457393
matched_moment_fusion,BRATS_230,t1+t1ce,sg_1669c905c2882ce2,2,0.40238433122264694
matched_moment_fusion,BRATS_230,t1+t1ce+flair,sg_1669c905c2882ce2,3,0.57991126155606
matched_moment_fusion,BRATS_230,t1+t1ce+t2,sg_1669c905c2882ce2,3,0.581929337696994
matched_moment_fusion,BRATS_230,t1+t1ce+t2+flair,sg_1669c905c2882ce2,4,0.593107994801526
matched_moment_fusion,BRATS_230,t1+t2,sg_1669c905c2882ce2,2,0.41672138713100554
matched_moment_fusion,BRATS_230,t1+t2+flair,sg_1669c905c2882ce2,3,0.4717727969921752
matched_moment_fusion,BRATS_230,t1ce,sg_1669c905c2882ce2,1,0.3864559603728623
matched_moment_fusion,BRATS_230,t1ce+flair,sg_1669c905c2882ce2,2,0.4461222302300247
matched_moment_fusion,BRATS_230,t1ce+t2,sg_1669c905c2882ce2,2,0.5810730808366541
matched_moment_fusion,BRATS_230,t1ce+t2+flair,sg_1669c905c2882ce2,3,0.6041265883136838
matched_moment_fusion,BRATS_230,t2,sg_1669c905c2882ce2,1,0.37165543624658476
matched_moment_fusion,BRATS_230,t2+flair,sg_1669c905c2882ce2,2,0.4784706591602185
matched_moment_fusion,BRATS_258,flair,sg_9568e8757c7f7a03,1,0.5816050140638862
matched_moment_fusion,BRATS_258,t1,sg_9568e8757c7f7a03,1,0.10783417109128794
matched_moment_fusion,BRATS_258,t1+flair,sg_9568e8757c7f7a03,2,0.583882408091472
matched_moment_fusion,BRATS_258,t1+t1ce,sg_9568e8757c7f7a03,2,0.7633261467411793
matched_moment_fusion,BRATS_258,t1+t1ce+flair,sg_9568e8757c7f7a03,3,0.881042811590199
matched_moment_fusion,BRATS_258,t1+t1ce+t2,sg_9568e8757c7f7a03,3,0.8579666217256808
matched_moment_fusion,BRATS_258,t1+t1ce+t2+flair,sg_9568e8757c7f7a03,4,0.880464808314759
matched_moment_fusion,BRATS_258,t1+t2,sg_9568e8757c7f7a03,2,0.5587368980772647
matched_moment_fusion,BRATS_258,t1+t2+flair,sg_9568e8757c7f7a03,3,0.6151573237871063
matched_moment_fusion,BRATS_258,t1ce,sg_9568e8757c7f7a03,1,0.7971251730088437
matched_moment_fusion,BRATS_258,t1ce+flair,sg_9568e8757c7f7a03,2,0.8845269328608136
matched_moment_fusion,BRATS_258,t1ce+t2,sg_9568e8757c7f7a03,2,0.8734856164403079
matched_moment_fusion,BRATS_258,t1ce+t2+flair,sg_9568e8757c7f7a03,3,0.8879003764438119
matched_moment_fusion,BRATS_258,t2,sg_9568e8757c7f7a03,1,0.4052164198586146
matched_moment_fusion,BRATS_258,t2+flair,sg_9568e8757c7f7a03,2,0.6136182779347462
matched_moment_fusion,BRATS_324,flair,sg_dbb5dd7d7605593e,1,0.32814102448610094
matched_moment_fusion,BRATS_324,t1,sg_dbb5dd7d7605593e,1,0.2809769560412134
matched_moment_fusion,BRATS_324,t1+flair,sg_dbb5dd7d7605593e,2,0.3353615210067844
matched_moment_fusion,BRATS_324,t1+t1ce,sg_dbb5dd7d7605593e,2,0.6316468530874009
matched_moment_fusion,BRATS_324,t1+t1ce+flair,sg_dbb5dd7d7605593e,3,0.7595880936160521
matched_moment_fusion,BRATS_324,t1+t1ce+t2,sg_dbb5dd7d7605593e,3,0.7738258149887999
matched_moment_fusion,BRATS_324,t1+t1ce+t2+flair,sg_dbb5dd7d7605593e,4,0.7922905543573835
matched_moment_fusion,BRATS_324,t1+t2,sg_dbb5dd7d7605593e,2,0.33345003889973807
matched_moment_fusion,BRATS_324,t1+t2+flair,sg_dbb5dd7d7605593e,3,0.3716599978425685
matched_moment_fusion,BRATS_324,t1ce,sg_dbb5dd7d7605593e,1,0.6491368331362968
matched_moment_fusion,BRATS_324,t1ce+flair,sg_dbb5dd7d7605593e,2,0.7816886522357267
matched_moment_fusion,BRATS_324,t1ce+t2,sg_dbb5dd7d7605593e,2,0.7871763694053072
matched_moment_fusion,BRATS_324,t1ce+t2+flair,sg_dbb5dd7d7605593e,3,0.8113764374507518
matched_moment_fusion,BRATS_324,t2,sg_dbb5dd7d7605593e,1,0.30328096912164876
matched_moment_fusion,BRATS_324,t2+flair,sg_dbb5dd7d7605593e,2,0.37562863549820397
matched_moment_fusion,BRATS_335,flair,sg_1dd2f970abd2e8ef,1,0.5784491624746195
matched_moment_fusion,BRATS_335,t1,sg_1dd2f970abd2e8ef,1,0.38759024879276144
matched_moment_fusion,BRATS_335,t1+flair,sg_1dd2f970abd2e8ef,2,0.6197587025780709
matched_moment_fusion,BRATS_335,t1+t1ce,sg_1dd2f970abd2e8ef,2,0.6783970237545282
matched_moment_fusion,BRATS_335,t1+t1ce+flair,sg_1dd2f970abd2e8ef,3,0.833275588244312
matched_moment_fusion,BRATS_335,t1+t1ce+t2,sg_1dd2f970abd2e8ef,3,0.828445478026962
matched_moment_fusion,BRATS_335,t1+t1ce+t2+flair,sg_1dd2f970abd2e8ef,4,0.8371852240705487
matched_moment_fusion,BRATS_335,t1+t2,sg_1dd2f970abd2e8ef,2,0.5813633442434368
matched_moment_fusion,BRATS_335,t1+t2+flair,sg_1dd2f970abd2e8ef,3,0.6631961161164854
matched_moment_fusion,BRATS_335,t1ce,sg_1dd2f970abd2e8ef,1,0.5994184450733452
matched_moment_fusion,BRATS_335,t1ce+flair,sg_1dd2f970abd2e8ef,2,0.8173116334994767
matched_moment_fusion,BRATS_335,t1ce+t2,sg_1dd2f970abd2e8ef,2,0.809015812905148
matched_moment_fusion,BRATS_335,t1ce+t2+flair,sg_1dd2f970abd2e8ef,3,0.8313624960726589
matched_moment_fusion,BRATS_335,t2,sg_1dd2f970abd2e8ef,1,0.5219693920106041
matched_moment_fusion,BRATS_335,t2+flair,sg_1dd2f970abd2e8ef,2,0.625614656286065
matched_moment_fusion,BRATS_338,flair,sg_602726c0ba192496,1,0.33711108189426753
matched_moment_fusion,BRATS_338,t1,sg_602726c0ba192496,1,0.19379956345611696
matched_moment_fusion,BRATS_338,t1+flair,sg_602726c0ba192496,2,0.3601936809554498
matched_moment_fusion,BRATS_338,t1+t1ce,sg_602726c0ba192496,2,0.3045131516147091
matched_moment_fusion,BRATS_338,t1+t1ce+flair,sg_602726c0ba192496,3,0.7158358179369059
matched_moment_fusion,BRATS_338,t1+t1ce+t2,sg_602726c0ba192496,3,0.6223618910055263
matched_moment_fusion,BRATS_338,t1+t1ce+t2+flair,sg_602726c0ba192496,4,0.6999279677386179
matched_moment_fusion,BRATS_338,t1+t2,sg_602726c0ba192496,2,0.3064169348201961
matched_moment_fusion,BRATS_338,t1+t2+flair,sg_602726c0ba192496,3,0.36886444171084976
matched_moment_fusion,BRATS_338,t1ce,sg_602726c0ba192496,1,0.26029206089668216
matched_moment_fusion,BRATS_338,t1ce+flair,sg_602726c0ba192496,2,0.6992049635552555
matched_moment_fusion,BRATS_338,t1ce+t2,sg_602726c0ba192496,2,0.6139459713038177
matched_moment_fusion,BRATS_338,t1ce+t2+flair,sg_602726c0ba192496,3,0.674126868133507
matched_moment_fusion,BRATS_338,t2,sg_602726c0ba192496,1,0.23157206895552399
matched_moment_fusion,BRATS_338,t2+flair,sg_602726c0ba192496,2,0.325523530519719
matched_moment_fusion,BRATS_367,flair,sg_a46b5f5bbd1aae60,1,0.6700971525791374
matched_moment_fusion,BRATS_367,t1,sg_a46b5f5bbd1aae60,1,0.4309140609474927
matched_moment_fusion,BRATS_367,t1+flair,sg_a46b5f5bbd1aae60,2,0.6551171102633526
matched_moment_fusion,BRATS_367,t1+t1ce,sg_a46b5f5bbd1aae60,2,0.8117700877945618
matched_moment_fusion,BRATS_367,t1+t1ce+flair,sg_a46b5f5bbd1aae60,3,0.868318034871043
matched_moment_fusion,BRATS_367,t1+t1ce+t2,sg_a46b5f5bbd1aae60,3,0.8749358503239
matched_moment_fusion,BRATS_367,t1+t1ce+t2+flair,sg_a46b5f5bbd1aae60,4,0.8737487822531115
matched_moment_fusion,BRATS_367,t1+t2,sg_a46b5f5bbd1aae60,2,0.6693779441553976
matched_moment_fusion,BRATS_367,t1+t2+flair,sg_a46b5f5bbd1aae60,3,0.6817248734425149
matched_moment_fusion,BRATS_367,t1ce,sg_a46b5f5bbd1aae60,1,0.8075754915809975
matched_moment_fusion,BRATS_367,t1ce+flair,sg_a46b5f5bbd1aae60,2,0.8698478312858889
matched_moment_fusion,BRATS_367,t1ce+t2,sg_a46b5f5bbd1aae60,2,0.8580574868915168
matched_moment_fusion,BRATS_367,t1ce+t2+flair,sg_a46b5f5bbd1aae60,3,0.8724819713107612
matched_moment_fusion,BRATS_367,t2,sg_a46b5f5bbd1aae60,1,0.5599188504773068
matched_moment_fusion,BRATS_367,t2+flair,sg_a46b5f5bbd1aae60,2,0.654419012063367
matched_moment_fusion,BRATS_369,flair,sg_46b6c66765483f24,1,0.6983158062075518
matched_moment_fusion,BRATS_369,t1,sg_46b6c66765483f24,1,0.6029424397204121
matched_moment_fusion,BRATS_369,t1+flair,sg_46b6c66765483f24,2,0.6599910911015084
matched_moment_fusion,BRATS_369,t1+t1ce,sg_46b6c66765483f24,2,0.8041271945140278
matched_moment_fusion,BRATS_369,t1+t1ce+flair,sg_46b6c66765483f24,3,0.8018916857575215
matched_moment_fusion,BRATS_369,t1+t1ce+t2,sg_46b6c66765483f24,3,0.8702548409204148
matched_moment_fusion,BRATS_369,t1+t1ce+t2+flair,sg_46b6c66765483f24,4,0.8249946196686117
matched_moment_fusion,BRATS_369,t1+t2,sg_46b6c66765483f24,2,0.695165063998627
matched_moment_fusion,BRATS_369,t1+t2+flair,sg_46b6c66765483f24,3,0.7000310774070377
matched_moment_fusion,BRATS_369,t1ce,sg_46b6c66765483f24,1,0.7570808341664543
matched_moment_fusion,BRATS_369,t1ce+flair,sg_46b6c66765483f24,2,0.7997311729888802
matched_moment_fusion,BRATS_369,t1ce+t2,sg_46b6c66765483f24,2,0.8732204685975122
matched_moment_fusion,BRATS_369,t1ce+t2+flair,sg_46b6c66765483f24,3,0.8438376719885041
matched_moment_fusion,BRATS_369,t2,sg_46b6c66765483f24,1,0.6888434847216671
matched_moment_fusion,BRATS_369,t2+flair,sg_46b6c66765483f24,2,0.7024370124948908
matched_moment_fusion,BRATS_404,flair,sg_294e1273de6f57c3,1,0.5926702371983706
matched_moment_fusion,BRATS_404,t1,sg_294e1273de6f57c3,1,0.11138199488793543
matched_moment_fusion,BRATS_404,t1+flair,sg_294e1273de6f57c3,2,0.6438598214163561
matched_moment_fusion,BRATS_404,t1+t1ce,sg_294e1273de6f57c3,2,0.6471533972791065
matched_moment_fusion,BRATS_404,t1+t1ce+flair,sg_294e1273de6f57c3,3,0.7583250031929109
matched_moment_fusion,BRATS_404,t1+t1ce+t2,sg_294e1273de6f57c3,3,0.7673265326940754
matched_moment_fusion,BRATS_404,t1+t1ce+t2+flair,sg_294e1273de6f57c3,4,0.7607505283455658
matched_moment_fusion,BRATS_404,t1+t2,sg_294e1273de6f57c3,2,0.700914527370338
matched_moment_fusion,BRATS_404,t1+t2+flair,sg_294e1273de6f57c3,3,0.6664777250321346
matched_moment_fusion,BRATS_404,t1ce,sg_294e1273de6f57c3,1,0.642241377590391
matched_moment_fusion,BRATS_404,t1ce+flair,sg_294e1273de6f57c3,2,0.760148865649505
matched_moment_fusion,BRATS_404,t1ce+t2,sg_294e1273de6f57c3,2,0.7651088015715845
matched_moment_fusion,BRATS_404,t1ce+t2+flair,sg_294e1273de6f57c3,3,0.7609983358605117
matched_moment_fusion,BRATS_404,t2,sg_294e1273de6f57c3,1,0.6393506472904552
matched_moment_fusion,BRATS_404,t2+flair,sg_294e1273de6f57c3,2,0.6272898993908288
matched_moment_fusion,BRATS_413,flair,sg_3b44f65ab67602cc,1,0.3387982845203938
matched_moment_fusion,BRATS_413,t1,sg_3b44f65ab67602cc,1,0.26885147055413205
matched_moment_fusion,BRATS_413,t1+flair,sg_3b44f65ab67602cc,2,0.4325881132439076
matched_moment_fusion,BRATS_413,t1+t1ce,sg_3b44f65ab67602cc,2,0.5883372911277125
matched_moment_fusion,BRATS_413,t1+t1ce+flair,sg_3b44f65ab67602cc,3,0.789177172157621
matched_moment_fusion,BRATS_413,t1+t1ce+t2,sg_3b44f65ab67602cc,3,0.6411795587095089
matched_moment_fusion,BRATS_413,t1+t1ce+t2+flair,sg_3b44f65ab67602cc,4,0.759363042007586
matched_moment_fusion,BRATS_413,t1+t2,sg_3b44f65ab67602cc,2,0.41062011569545637
matched_moment_fusion,BRATS_413,t1+t2+flair,sg_3b44f65ab67602cc,3,0.45515184213270005
matched_moment_fusion,BRATS_413,t1ce,sg_3b44f65ab67602cc,1,0.5381305178887767
matched_moment_fusion,BRATS_413,t1ce+flair,sg_3b44f65ab67602cc,2,0.7662428910572793
matched_moment_fusion,BRATS_413,t1ce+t2,sg_3b44f65ab67602cc,2,0.6242834210621386
matched_moment_fusion,BRATS_413,t1ce+t2+flair,sg_3b44f65ab67602cc,3,0.7348422167461909
matched_moment_fusion,BRATS_413,t2,sg_3b44f65ab67602cc,1,0.33035043417813126
matched_moment_fusion,BRATS_413,t2+flair,sg_3b44f65ab67602cc,2,0.44106238575361684
matched_moment_fusion,BRATS_430,flair,sg_a4981b8b123d95c4,1,0.2803890575259824
matched_moment_fusion,BRATS_430,t1,sg_a4981b8b123d95c4,1,0.3221779857949176
matched_moment_fusion,BRATS_430,t1+flair,sg_a4981b8b123d95c4,2,0.35799958998059295
matched_moment_fusion,BRATS_430,t1+t1ce,sg_a4981b8b123d95c4,2,0.6886524387218813
matched_moment_fusion,BRATS_430,t1+t1ce+flair,sg_a4981b8b123d95c4,3,0.7882758823835215
matched_moment_fusion,BRATS_430,t1+t1ce+t2,sg_a4981b8b123d95c4,3,0.7828785435764575
matched_moment_fusion,BRATS_430,t1+t1ce+t2+flair,sg_a4981b8b123d95c4,4,0.8164543119092503
matched_moment_fusion,BRATS_430,t1+t2,sg_a4981b8b123d95c4,2,0.45777763946411176
matched_moment_fusion,BRATS_430,t1+t2+flair,sg_a4981b8b123d95c4,3,0.45789667514963855
matched_moment_fusion,BRATS_430,t1ce,sg_a4981b8b123d95c4,1,0.6911946842730328
matched_moment_fusion,BRATS_430,t1ce+flair,sg_a4981b8b123d95c4,2,0.7995878747447791
matched_moment_fusion,BRATS_430,t1ce+t2,sg_a4981b8b123d95c4,2,0.786633650555305
matched_moment_fusion,BRATS_430,t1ce+t2+flair,sg_a4981b8b123d95c4,3,0.813580149643285
matched_moment_fusion,BRATS_430,t2,sg_a4981b8b123d95c4,1,0.4108808173747516
matched_moment_fusion,BRATS_430,t2+flair,sg_a4981b8b123d95c4,2,0.43910701839533206
matched_moment_fusion,BRATS_441,flair,sg_baba356c1735c37c,1,0.47007618155819947
matched_moment_fusion,BRATS_441,t1,sg_baba356c1735c37c,1,0.36493751293850835
matched_moment_fusion,BRATS_441,t1+flair,sg_baba356c1735c37c,2,0.47524654848016296
matched_moment_fusion,BRATS_441,t1+t1ce,sg_baba356c1735c37c,2,0.7549496727928667
matched_moment_fusion,BRATS_441,t1+t1ce+flair,sg_baba356c1735c37c,3,0.8077719931304711
matched_moment_fusion,BRATS_441,t1+t1ce+t2,sg_baba356c1735c37c,3,0.8268610436395841
matched_moment_fusion,BRATS_441,t1+t1ce+t2+flair,sg_baba356c1735c37c,4,0.8339364771388063
matched_moment_fusion,BRATS_441,t1+t2,sg_baba356c1735c37c,2,0.5178345932863372
matched_moment_fusion,BRATS_441,t1+t2+flair,sg_baba356c1735c37c,3,0.5424241792676198
matched_moment_fusion,BRATS_441,t1ce,sg_baba356c1735c37c,1,0.6730586442815231
matched_moment_fusion,BRATS_441,t1ce+flair,sg_baba356c1735c37c,2,0.7947358288010765
matched_moment_fusion,BRATS_441,t1ce+t2,sg_baba356c1735c37c,2,0.8147989278735764
matched_moment_fusion,BRATS_441,t1ce+t2+flair,sg_baba356c1735c37c,3,0.8286427592914808
matched_moment_fusion,BRATS_441,t2,sg_baba356c1735c37c,1,0.42720723555271567
matched_moment_fusion,BRATS_441,t2+flair,sg_baba356c1735c37c,2,0.501185360424231
matched_moment_fusion,BRATS_484,flair,sg_482440ccbb01f4b6,1,0.6705222154953754
matched_moment_fusion,BRATS_484,t1,sg_482440ccbb01f4b6,1,0.5721764289967814
matched_moment_fusion,BRATS_484,t1+flair,sg_482440ccbb01f4b6,2,0.7377786424705577
matched_moment_fusion,BRATS_484,t1+t1ce,sg_482440ccbb01f4b6,2,0.7829928576483806
matched_moment_fusion,BRATS_484,t1+t1ce+flair,sg_482440ccbb01f4b6,3,0.9021325633105038
matched_moment_fusion,BRATS_484,t1+t1ce+t2,sg_482440ccbb01f4b6,3,0.8492804158934776
matched_moment_fusion,BRATS_484,t1+t1ce+t2+flair,sg_482440ccbb01f4b6,4,0.8959673181725366
matched_moment_fusion,BRATS_484,t1+t2,sg_482440ccbb01f4b6,2,0.6739951164959089
matched_moment_fusion,BRATS_484,t1+t2+flair,sg_482440ccbb01f4b6,3,0.7370038250998833
matched_moment_fusion,BRATS_484,t1ce,sg_482440ccbb01f4b6,1,0.7937511553893127
matched_moment_fusion,BRATS_484,t1ce+flair,sg_482440ccbb01f4b6,2,0.894862491630648
matched_moment_fusion,BRATS_484,t1ce+t2,sg_482440ccbb01f4b6,2,0.8287187009722131
matched_moment_fusion,BRATS_484,t1ce+t2+flair,sg_482440ccbb01f4b6,3,0.8862272243930042
matched_moment_fusion,BRATS_484,t2,sg_482440ccbb01f4b6,1,0.6045009860452945
matched_moment_fusion,BRATS_484,t2+flair,sg_482440ccbb01f4b6,2,0.7030481486911979
