epoch,dice,bce,seg,boundary,nested,deep_supervision,total,epoch_seconds,lr,val_full_macro_dice,val_mean_subset_macro_dice,val_worst_subset_macro_dice,val_macro_dice::t1+t1ce+t2+flair,val_macro_dice::t1+t2+flair,val_macro_dice::t1+t1ce+t2,selection_score,consistency,model,seed,fold
9,0.8917105144262314,0.1280024909228086,0.5862273281812668,0.6771677899360656,0.0062126305047422,0.3469166001677513,1.0011713373661042,23.664346282999983,0.0002990896015976,0.4429655935839252,0.427751792084355,0.3531186332342963,0.4429655935839252,0.3861441276343967,0.4541456550347429,0.4294167570990912,,qmmf,42,0
19,0.8234954887628555,0.0440569342300295,0.5117200866341591,0.7796007195115089,0.0019907006330322,0.3435274624824524,0.9365394407510758,22.55810038300001,0.0002889741100822,0.6056960939873185,0.5243588322912944,0.4068620432871064,0.6056960939873185,0.4261766625785925,0.5412037403079725,0.56141151040849,0.0161614250554703,qmmf,42,0
29,0.7402781429886818,0.0284976942371577,0.4555659821629524,0.8134616082906723,0.0004116609346237,0.319801571816206,0.8574365293979644,23.24439600899996,0.0002683710764094,0.6805252775214784,0.5750469835495744,0.4199175800083339,0.6805252775214784,0.4539824805828691,0.5906331925443756,0.6228210195785927,0.0035111681954003,qmmf,42,0
39,0.7156535808742046,0.0209627070860005,0.4377772508561611,0.7881474789977073,0.0001084134548045,0.3137927129864692,0.8307272964715957,22.73641717600003,0.0002388352878997,0.6919153857661575,0.5937632928389347,0.4736299738206637,0.6919153857661575,0.4822648776815386,0.607109615069108,0.6406412166934413,0.0016858218895504,qmmf,42,0
49,0.6936337807774544,0.0194950286555103,0.4239782981574535,0.776089226603508,8.06703074161419e-05,0.3074672892689705,0.8094046592712403,23.17864982599985,0.0002025956332789,0.6941822602295606,0.6018486968902299,0.471371725955451,0.6941822602295606,0.4984564837361975,0.6129073467049316,0.6442011378003504,0.0017305505052718,qmmf,42,0
59,0.6869142210483551,0.0166492061549797,0.4188082325458526,0.7516465225815773,4.744570403801163e-05,0.3047767252475023,0.7990966853499413,24.20188579700016,0.0001623869018208,0.7064851715497585,0.6050139041983935,0.4758490781000379,0.7064851715497585,0.48975186619581,0.6188046748496122,0.6529801819993769,0.0017235138980322,qmmf,42,0
69,0.7239587730169297,0.01444728081231,0.4401541922986507,0.775338661968708,4.08552498976178e-05,0.3196252816915512,0.8375846749544144,24.71491460700008,0.0001212434052114,0.7127958407317463,0.6117573810826237,0.4711308904940837,0.7127958407317463,0.4882318432716541,0.6342444592444706,0.6583178078132432,0.0013464591544016,qmmf,42,0
79,0.7030702865123749,0.0204541473882272,0.4300238484144211,0.7907063749432564,8.205194378660963e-05,0.3110454200208187,0.8207333531975746,24.94378586499988,8.226999625336662e-05,0.7412285712726526,0.652051183544342,0.525014466578833,0.7412285712726526,0.5255649336527283,0.6893600457076449,0.6928539444847774,0.0029467060530441,qmmf,42,0
89,0.6929435694217682,0.0190924460673704,0.4234031355381012,0.7886789834499359,8.873175566122882e-05,0.3089039580523968,0.8117249855399131,24.533410452000226,4.840776425613886e-05,0.7162016572498396,0.6304555037771249,0.5061592957376904,0.7162016572498396,0.5061592957376904,0.6690055583438447,0.6694735750568103,0.0027278039851807,qmmf,42,0
99,0.7279591482877731,0.015470299697481,0.4429636263847351,0.785816747546196,6.786415002977719e-05,0.3240340037643909,0.846007032096386,24.105143618000056,2.221208867425096e-05,0.7131558795076872,0.6264044725561088,0.5112110308926804,0.7131558795076872,0.5140631392017455,0.6519943989588936,0.6669359725607129,0.0021216445559457,qmmf,42,0
109,0.7157944935560226,0.0151808093627914,0.4355490383505821,0.7616602611541748,6.104427188745376e-05,0.3179548148065805,0.830032616853714,24.16689398499966,5.659799953612438e-06,0.7240053730058703,0.6390371216226193,0.5216478083936187,0.7240053730058703,0.5216478083936187,0.6714581834683688,0.6782791411296698,0.0017984179628626,qmmf,42,0
119,0.6937816390395164,0.0147234635532367,0.4221583844721317,0.7508736971020699,4.481536823647048e-05,0.307379719465971,0.8049737587571144,23.415772958999696,0.0,0.7265534674534937,0.6413145612785297,0.5224491415179785,0.7265534674534937,0.5224491415179785,0.674941074864117,0.680571363007453,0.0017301993537341,qmmf,42,0
9,0.8981256502866745,0.1488483953475952,0.5984147733449936,0.7079368364810944,0.0846291468292474,,0.6734399104118347,23.688385960999994,0.0002990896015976,0.3900071083001506,0.3625607283048354,0.3113090760799882,0.3900071083001506,0.343063355384802,0.3546117212295537,0.3739033910795398,,hemis,42,0
19,0.8443709588050843,0.0554108867794275,0.5287869510054588,0.8114323443174363,0.0221804227121174,,0.6127085742354393,24.464981814999987,0.0002889741100822,0.455186475285839,0.4373338527752052,0.374212203216614,0.455186475285839,0.4049260671658956,0.4518890158738809,0.4417332613257263,0.0083468324365094,hemis,42,0
29,0.787386943101883,0.0407747172750532,0.4887420749664307,0.8208755320310592,0.0066436279658228,,0.5719860914349556,25.332187662000024,0.0002683710764094,0.5314524711942431,0.4769729677327748,0.3635213859852073,0.5314524711942431,0.3892593177015491,0.5102071143025323,0.498315511634899,0.0041213947790674,hemis,42,0
39,0.760535618364811,0.0299346243217587,0.4682952405512333,0.8008653992414474,0.0025410440610721,,0.5488781908154488,24.907213633000083,0.0002388352878997,0.5175861180769349,0.4720217477228626,0.3765156765780212,0.5175861180769349,0.3851502115538815,0.5133289135377715,0.4898097628208218,0.0018467859370866,hemis,42,0
49,0.7378706240653992,0.0268239964358508,0.4534519901871681,0.816427752673626,0.0012345860200002,,0.5354537451267243,24.71060539199993,0.0002025956332789,0.5139008998229325,0.4761799598739674,0.3827052984242439,0.5139008998229325,0.4002891994097444,0.5143497803892255,0.4894650576983741,0.001486244709813,hemis,42,0
59,0.7451196795701981,0.0273590700468048,0.4580154529213905,0.8187242048978806,0.0006660950230434,,0.5403094759583473,25.482385013000112,0.0001623869018208,0.6058462881916431,0.5336399782393397,0.4038574321269939,0.6058462881916431,0.428436336800567,0.566637309725809,0.5639855095994871,0.001941473992374,hemis,42,0
69,0.7585254114866257,0.0206752774561755,0.4633853740990162,0.8179800695180893,0.0004328824079129,,0.5454268583655357,24.441253357999813,0.0001212434052114,0.5791876389837348,0.5144193669337754,0.3941143164403304,0.5791876389837348,0.3997231027277204,0.5643473590898708,0.5412498251144066,0.0011091482153278,hemis,42,0
79,0.7438897302746773,0.0304002447798848,0.4584939551353454,0.8358922785520554,0.0003431781785911,,0.5427360337972641,24.57221070500009,8.226999625336662e-05,0.5926265897854134,0.538626318498141,0.4281801239906111,0.5926265897854134,0.4383356057592968,0.5849167599497128,0.5599818618197514,0.0031784428389801,hemis,42,0
89,0.7402978196740151,0.0285983869247138,0.4556180652976036,0.8509030798077584,0.0002880885257036,,0.5412743759155273,25.077647680000155,4.840776425613886e-05,0.5705821056092398,0.5213986858841252,0.4199332754103393,0.5705821056092398,0.426665914705945,0.5669480373371908,0.5407621966718154,0.0027579876846721,hemis,42,0
99,0.771145878136158,0.0237114858347922,0.4721721437573433,0.8457890412211418,0.000259255979181,,0.557189601957798,24.566553343000123,2.221208867425096e-05,0.5977063544968703,0.5416037361148469,0.4331587757904668,0.5977063544968703,0.4404749311641242,0.586629922683546,0.5644208111116229,0.0021279249091094,hemis,42,0
109,0.7598274737596512,0.0228475051233544,0.4650355061888694,0.812840228676796,0.0002808585079037,,0.546730890572071,23.2715462340002,5.659799953612438e-06,0.6035168892497755,0.540219386415594,0.420982946588579,0.6035168892497755,0.4278705594802778,0.5892707105167286,0.5662742441334014,0.0019865691723225,hemis,42,0
119,0.7406607213616371,0.0218089718651026,0.4531200402975082,0.7809698283672333,0.0002814682196185,,0.5315798598527909,21.85338906900052,0.0,0.6022458075019729,0.5407204921071664,0.42231025010226,0.6022458075019729,0.4283488379481363,0.5915668308713903,0.5657946571435597,0.0017438075244353,hemis,42,0
9,0.8790877014398575,0.1052422144263982,0.5695495304465293,0.6794256854057312,0.0042412683693692,,0.6377041625976563,20.38850852499945,0.0002990896015976,0.5963240812061353,0.4769995615362414,0.35890266860399,0.5963240812061353,0.4339782983179894,0.4006963050845991,0.5367845840449527,,unet25d,42,0
19,0.8121727895736695,0.0416605209931731,0.5039679047465324,0.8049473887681962,0.0019699763983953,,0.58617879986763,24.217092429999862,0.0002889741100822,0.6232111185010144,0.4875507519102624,0.343487583946607,0.6232111185010144,0.4681263397209836,0.3713147975087891,0.554540655068348,0.0080882741976529,unet25d,42,0
29,0.74911028444767,0.0339700873382389,0.4630542242527008,0.8172589924931526,0.000438028902281,,0.5454038226604462,23.88859892999972,0.0002683710764094,0.5878984796454293,0.4638736103798384,0.3463126124511082,0.5878984796454293,0.4116258147433227,0.3920965367507631,0.52653243214632,0.0030089622817467,unet25d,42,0
39,0.7264889629185199,0.0250824519013986,0.4459263762831688,0.7775399896502495,0.0001419536056164,,0.5240210437774658,25.18312897099986,0.0002388352878997,0.6080728332297263,0.4883713380832976,0.3707145203826202,0.6080728332297263,0.4080879308915843,0.448953250128582,0.548426553401087,0.0016678600267914,unet25d,42,0
49,0.7045580425858498,0.0233654375467449,0.4320810160040855,0.7836492121219635,8.753256423915445e-05,,0.5108587917685509,23.97610236799937,0.0002025956332789,0.6289035454326993,0.5197806811561692,0.3895241682362417,0.6289035454326993,0.4379626493160254,0.4924758487197829,0.5722287484300945,0.0020423838980786,unet25d,42,0
59,0.7091258785128594,0.0211064257263205,0.4339181135594845,0.7648542475700378,0.0001364947517959,,0.5108887633681297,21.46003779200055,0.0001623869018208,0.6719749326166613,0.5615246524856518,0.430048190695483,0.6719749326166613,0.4690818363455403,0.5435171884947534,0.6146471743852406,0.0023919952267897,unet25d,42,0
69,0.7361429041624069,0.017206236673519,0.4485682544112205,0.7624852120876312,6.566020128389028e-05,,0.525146351158619,21.11248177600009,0.0001212434052114,0.6813403695097993,0.5734096753010759,0.4463123651874724,0.6813403695097993,0.5026955618033787,0.5361930945900498,0.6254583608149495,0.0016314741656242,unet25d,42,0
79,0.7196102970838547,0.0260182590177282,0.4421735019981861,0.810036995112896,8.801042529739789e-05,,0.5239474856853485,21.223975118000453,8.226999625336662e-05,0.6759931260424712,0.5714401611112118,0.4391164081937381,0.6759931260424712,0.4749432108851356,0.5633841464060283,0.6209395647782201,0.0038294102507643,unet25d,42,0
89,0.7128506064414978,0.0244711517868563,0.4374988406896591,0.8058062669634819,0.0001415558652206,,0.5187989020347595,22.40870042499955,4.840776425613886e-05,0.6806813071058296,0.5811944337742325,0.4463632903952745,0.6806813071058296,0.4940915145088427,0.5688104797080252,0.627403443435295,0.0035617698525493,unet25d,42,0
99,0.7509912511706353,0.0214404148352332,0.4591709372401237,0.8047480282187461,0.0001436128708155,,0.5403050792217254,24.350369404999583,2.221208867425096e-05,0.6908042930724068,0.5867816418269929,0.4523454543430915,0.6908042930724068,0.510045106857771,0.5594955255508007,0.6357516138258511,0.0032607906498742,unet25d,42,0
109,0.7370733380317688,0.020047939158976,0.4502631977200508,0.7867909955978394,0.0001336655537909,,0.5294792822003365,24.515849381999946,5.659799953612438e-06,0.6914180491432461,0.590889682130902,0.4582478056582424,0.6914180491432461,0.5056194974160951,0.5756314998333641,0.6379425146910425,0.002651512803186,unet25d,42,0
119,0.7132930833101273,0.0185917708766646,0.435412577688694,0.7694236299395562,0.0001177886487357,,0.5128271773457527,25.254994876999262,0.0,0.6919463457380779,0.5928724902420923,0.4589912273901269,0.6919463457380779,0.5092669264563361,0.5774041985318631,0.6389286772544871,0.0023317237299954,unet25d,42,0
9,0.9015768319368362,0.1518867321312427,0.6017008143663406,0.6852435946464539,0.0015899974846979,0.3517473168671131,1.022051995396614,23.80984404999981,0.0002990896015976,0.478229088366506,0.461131895694898,0.3720826338027111,0.478229088366506,0.4126502043311621,0.4925163943870252,0.4624852851086441,,no_quality,42,0
19,0.8307722461223602,0.0491468472406268,0.5181221050024033,0.7691387063264847,0.0006648645759378,0.3423206937313079,0.942681856751442,24.83387175400003,0.0002889741100822,0.6309184694803059,0.5277199145435716,0.365588756510004,0.6309184694803059,0.4203670783512538,0.5318741957991552,0.5734259317022554,0.0264597540773684,no_quality,42,0
29,0.749425727725029,0.0293233758676797,0.4613848057389259,0.8116176763176918,0.0001242724465828,0.3220183427631855,0.8653974050283432,24.713577714000166,0.0002683710764094,0.6755248394800532,0.5882727140972682,0.4426585060667845,0.6755248394800532,0.4747741402188858,0.6145191625928658,0.6260625685238908,0.0041313565755262,no_quality,42,0
39,0.7217413501441479,0.0211571637750603,0.4415076929330825,0.7773733329772949,6.122833398393368e-05,0.3151760755479336,0.8347279554605485,24.847595242999887,0.0002388352878997,0.7065065815452053,0.5972760202541317,0.4602037936479967,0.7065065815452053,0.4832999788515322,0.6020215003656575,0.6491071343681624,0.0015190034176339,no_quality,42,0
49,0.6967767468094825,0.0196232302254065,0.4259153580665588,0.7945066368579865,2.5741373011172185e-05,0.3087075210362673,0.8143646907806397,24.976984162999543,0.0002025956332789,0.6982025813543711,0.6067312037710059,0.4653732480181307,0.6982025813543711,0.5003252665275217,0.621665763431125,0.6474782347457374,0.0014493134569784,no_quality,42,0
59,0.6931950855255127,0.0178740994422696,0.4230667082965374,0.7574484050273895,2.9912883272231737e-05,0.3072163549065589,0.806420333981514,24.99163421100002,0.0001623869018208,0.7109734920797021,0.6099567286410275,0.47158358837819,0.7109734920797021,0.4959660683864991,0.622930625456881,0.6567294726779485,0.0019546577039727,no_quality,42,0
69,0.7220344519615174,0.0141207247204147,0.4388689786195755,0.7623758444190025,3.305607591215676e-05,0.3187189304828643,0.8340977352857589,24.413014723999368,0.0001212434052114,0.723620954232373,0.61151012242255,0.4649856612305478,0.723620954232373,0.4962232469483015,0.6146861660869753,0.6641241753892436,0.0013529591916267,no_quality,42,0
79,0.7032122802734375,0.0205454324372112,0.4301455591619014,0.7996716836094856,3.394815224453396e-05,0.3115795662999153,0.8222840455174446,23.86284364199946,8.226999625336662e-05,0.7243259552053426,0.6318910085944448,0.4988749851754399,0.7243259552053426,0.5119211618882004,0.6594259086897917,0.674050374219083,0.0029502352177587,no_quality,42,0
89,0.6975742903351784,0.0189673941209912,0.4261315478384495,0.7848247450590133,4.218012612795974e-05,0.3106373007595539,0.8157924348115921,22.56066573300086,4.840776425613886e-05,0.7237923638755466,0.6315383492520705,0.5049146813861385,0.7237923638755466,0.5057174441318399,0.6651052397488252,0.6742283912395629,0.0026949983521444,no_quality,42,0
99,0.7326980772614479,0.016378633568529,0.4461703172326088,0.8035241392254829,4.5410287509639605e-05,0.3272951845824718,0.8542891573905945,22.805631346000155,2.221208867425096e-05,0.7269912002694615,0.6271644936625914,0.4967996996532347,0.7269912002694615,0.5170310815765263,0.6374711991417863,0.6740240382257778,0.0023448288972394,no_quality,42,0
109,0.717855418920517,0.0154242000880185,0.4368829523026943,0.766849555671215,3.8992649552938016e-05,0.3196651077270507,0.8336048874258996,23.07019880199914,5.659799953612438e-06,0.7354465128969285,0.6397050423263927,0.5127698067810427,0.7354465128969285,0.5239694377136919,0.6596991763685577,0.6844564011141792,0.0018495700729454,no_quality,42,0
119,0.6959070298075676,0.014889755170443,0.4235001374781131,0.7403254616260528,3.5574120810224484e-05,0.3077994824200868,0.8056956148147583,23.02077736899992,0.0,0.7341222753990193,0.6391768576992684,0.5113019458554618,0.7341222753990193,0.5226347561736119,0.6607735415251733,0.6833566171347383,0.0018083178616058,no_quality,42,0
9,0.8941041994094848,0.1316453370451927,0.5891206759214401,0.6812263983488083,0.0093701944500207,0.3498942114412784,1.007606034874916,21.587473035000585,0.0002990896015976,0.5070997334388204,0.4780947486179744,0.3867884367659104,0.5070997334388204,0.435190457575057,0.4919940548400456,0.4863671083252756,,no_variance,42,0
19,0.8219548964500427,0.0436937580071389,0.5106504601240158,0.77835036277771,0.0048962825117632,0.3451823049783706,0.9388215374946596,22.411339573998703,0.0002889741100822,0.6661192960716482,0.5632061700536534,0.4043201353762303,0.6661192960716482,0.4518773728998664,0.5716218411894456,0.609065442196708,0.0245446028292644,no_variance,42,0
29,0.7411645430326462,0.0280259938444942,0.4559091421961784,0.8080077403783799,0.0013218531874008,0.3215205842256546,0.8590103369951249,22.969350952998862,0.0002683710764094,0.6838344173638466,0.5741805376675528,0.4275005809327936,0.6838344173638466,0.4688779127905588,0.5698292828482533,0.6253048698118532,0.0035686930804513,no_variance,42,0
39,0.7166873773932457,0.0210463760979473,0.4384309962391853,0.7747958594560623,0.0004558114518295,0.3147797695547342,0.831027456521988,24.86166048599989,0.0002388352878997,0.7101654757908767,0.6149445927507351,0.4786595474964759,0.7101654757908767,0.50509870145559,0.6295696010057387,0.6584486180493941,0.0015715641572023,no_variance,42,0
49,0.6976977753639221,0.0203680834942497,0.4267659145593643,0.7877912932634353,0.0001609785359323,0.3084954356402158,0.8143694123625755,24.721672300000137,0.0002025956332789,0.658959750340029,0.5670284098300855,0.4302614435776815,0.658959750340029,0.4783454156704445,0.563780063479783,0.6085105175108112,0.0016044000369947,no_variance,42,0
59,0.692445634007454,0.0172762711835093,0.4223779043555259,0.744155738055706,0.000108981872363,0.3074043476581573,0.8045710530877114,25.94919413499884,0.0001623869018208,0.7048054734897136,0.6058020534829802,0.4644396658702405,0.7048054734897136,0.4936650215638944,0.6189356653953328,0.6510678667257462,0.0018389110952011,no_variance,42,0
69,0.7212949043512344,0.0147802651207894,0.43868906468153,0.7824153313040734,5.57266092619102e-05,0.3188886108994484,0.8361119693517685,25.055095216001064,0.0001212434052114,0.7051134983792493,0.6024918454645932,0.4608997081703255,0.7051134983792493,0.4979404501646078,0.6044215878499224,0.6499056234839601,0.0014498418343282,no_variance,42,0
79,0.7012436100840569,0.021265393779613,0.429252337962389,0.793848241865635,5.842418827342044e-05,0.3108919848501682,0.8201475918293,25.24932601399996,8.226999625336662e-05,0.7323063020838791,0.648167510268371,0.5268074648690243,0.7323063020838791,0.5282618500317281,0.6839343786895058,0.6865147808177412,0.0030775845658718,no_variance,42,0
89,0.6918447688221931,0.0177967645972967,0.4222255846858024,0.7855655580759049,6.619814238547406e-05,0.3074182283878326,0.8086669424176216,25.44241702399995,4.840776425613886e-05,0.7219403600576206,0.6371517724025311,0.519501806898869,0.7219403600576206,0.519501806898869,0.6700131502511035,0.6762599284452185,0.0023162947389937,no_variance,42,0
99,0.7294552132487298,0.0160848619509488,0.4441070894896984,0.7845257610082627,6.13324335336074e-05,0.3253493720293045,0.8483723479509354,25.326300710001306,2.221208867425096e-05,0.7203510007112658,0.6308801519716286,0.5115583328496079,0.7203510007112658,0.5267768968308671,0.6455125583727529,0.6726304793032089,0.0023012138094964,no_variance,42,0
109,0.7167751382291317,0.0155010813835542,0.4362655316293239,0.76812494546175,6.941431913219276e-05,0.3185713969171047,0.8320267072319985,25.06440897399989,5.659799953612438e-06,0.7322591002036435,0.6432875531096479,0.5251671623117881,0.7322591002036435,0.5339549228493482,0.6636486362759517,0.6848584422862593,0.0018690695110444,no_variance,42,0
119,0.6949865835905075,0.0149646043428219,0.4229778052866459,0.760257585644722,5.148307790477702e-05,0.3075669448822736,0.8069232362508774,25.85558746200149,0.0,0.7285907274743479,0.6414146983003527,0.5226062015694851,0.7285907274743479,0.5338202011910328,0.6618331662356773,0.6818394661316631,0.0017507398287835,no_variance,42,0
9,0.8945713722705841,0.1334391396492719,0.5901185035705566,0.6841312801837921,0.0082954541873186,0.3534337124228477,1.0123801112174988,22.90463949700097,0.0002990896015976,0.4919942072853036,0.4626594816276722,0.378020709756563,0.4919942072853036,0.4160073582854092,0.479976879312304,0.4717964398351401,,no_max,42,0
19,0.8212530827522277,0.04507318880409,0.5107811483740806,0.783550044298172,0.0045848069316707,0.3434777988493442,0.9376280361413956,22.991339869999138,0.0002889741100822,0.5946522548639683,0.533187561640265,0.4065860299708261,0.5946522548639683,0.4577724820797361,0.5471379479770908,0.5574062244075431,0.0239242228830698,no_max,42,0
29,0.7443228855729103,0.0292754067713394,0.4583039128780365,0.8324078553915024,0.0013469566195271,0.322431626021862,0.8647702163457871,23.34583189200021,0.0002683710764094,0.6887894314377242,0.5829537917879757,0.4311684185324272,0.6887894314377242,0.4746566587553296,0.585415285170873,0.63127663825227,0.0036327062919735,no_max,42,0
39,0.7168106545507907,0.0213689532480202,0.4386339916288853,0.7834113383293152,0.0004688977799378,0.3150963854789734,0.8324123474955559,22.73485335100122,0.0002388352878997,0.6832267752704141,0.586861211534154,0.4538260950153066,0.6832267752704141,0.4599324706080954,0.6174243887239524,0.6313770381240252,0.0015869308932451,no_max,42,0
49,0.6936857758462429,0.0190205209446139,0.4238196928799152,0.8000127750635148,0.0002093250387406,0.3080384430289268,0.8121280908584595,22.33591963700019,0.0002025956332789,0.6773622112976305,0.5917064405504662,0.4565818430503228,0.6773622112976305,0.4901751029161529,0.6075820074376153,0.6295874432487505,0.0012910681669382,no_max,42,0
59,0.6911879828572274,0.0175790647999383,0.4217444321513175,0.7569207003712655,0.0001114003263137,0.3067957163602113,0.8046031442284584,23.06060373099899,0.0001623869018208,0.6934883859582057,0.60673372302096,0.4894830884597005,0.6934883859582057,0.4915529855487044,0.6351597975559701,0.6470614573271815,0.0018267682846635,no_max,42,0
69,0.7207141384482384,0.0142922116024419,0.4381453894078732,0.7739126312732697,0.0001086634478997,0.3183818063884973,0.8341815274953842,22.46699350200106,0.0001212434052114,0.7165571725833605,0.6145629239491646,0.4749477959512188,0.7165571725833605,0.5084917602208168,0.6186398390433162,0.6617979603298876,0.0012881784089859,no_max,42,0
79,0.7005948603153229,0.0210791772371158,0.4287886026501655,0.8022416016459465,9.28595931691234e-05,0.3103483477979898,0.819947656095028,23.01500431900058,8.226999625336662e-05,0.7247483791278396,0.6423128253076011,0.5226281130116589,0.7247483791278396,0.5254349021026351,0.676755194692329,0.67980568637015,0.0029095105910164,no_max,42,0
89,0.6919526109099388,0.0177793426136486,0.4222833208739757,0.7847687041759491,0.0001230149876937,0.3074369320273399,0.8086496764421462,23.260666906999177,4.840776425613886e-05,0.7120191467821012,0.6318066153187257,0.510976423891457,0.7120191467821012,0.5174099298103485,0.6659907693637276,0.6678511150540242,0.0022320348329321,no_max,42,0
99,0.7284303715825081,0.016132674398832,0.4435113131999969,0.7834788876771926,0.0001203560720568,0.324763430505991,0.8470678624510765,22.951045965999583,2.221208867425096e-05,0.7026820775330952,0.6203621720071897,0.5072294922171873,0.7026820775330952,0.5162355656300784,0.6421688728583955,0.6584408473437326,0.0021960510734697,no_max,42,0
109,0.7176120267808437,0.0155345370678696,0.4367810478806496,0.7709175118803978,0.0001109350257866,0.3200000840425491,0.8342464387416839,22.4943701939992,5.659799953612438e-06,0.7240869856696174,0.6400870235467492,0.5245996143252031,0.7240869856696174,0.5284812963369995,0.6676927886336306,0.6789382598983155,0.0018400162855186,no_max,42,0
119,0.6940325209498406,0.0152471226680791,0.4225183781981468,0.7540886679291725,9.821504123465274e-05,0.3072619444131851,0.8055600512027741,22.933162889001323,0.0,0.7234751335989175,0.6400998654247098,0.5267557203654053,0.7234751335989175,0.5305754467509581,0.6662490159242538,0.6787906118233039,0.0018297490891006,no_max,42,0
9,0.8918985044956207,0.1280651469528675,0.5863651871681214,0.676733980178833,0.0062273335200734,0.3470326870679855,1.0013826429843902,21.79513876599958,0.0002990896015976,0.4392424304984987,0.4246490416962774,0.3498330784174399,0.4392424304984987,0.3818190524251542,0.4528856421651794,0.4259234786497264,,no_consistency,42,0
19,0.8225884771347046,0.0427490565739572,0.5106527310609817,0.7867869701981545,0.0020198333915323,0.3437977269291877,0.9332301467657088,21.97245432099953,0.0002889741100822,0.5830735615626196,0.501582696698232,0.3771584610179085,0.5830735615626196,0.3977773184543518,0.5238972100777245,0.5380347920488322,,no_consistency,42,0
29,0.741445027589798,0.0281166522111743,0.4561136946082115,0.8157630833983421,0.0004130575559975,0.3209954205155372,0.8587060838937759,22.232740569999805,0.0002683710764094,0.6733915509978313,0.5672295030418918,0.4233276160966666,0.6733915509978313,0.4568712539004966,0.5714257042273475,0.616536543120933,,no_consistency,42,0
39,0.714902906268835,0.020475069405511,0.4371317881345749,0.7679369708895684,0.0001102804243555,0.3135986337065696,0.8275296413898467,24.4457578549991,0.0002388352878997,0.7004902658997781,0.5933082620950494,0.4579436696119622,0.7004902658997781,0.478900380502401,0.600534139882969,0.6440810051295779,,no_consistency,42,0
49,0.692388018667698,0.0197993218759074,0.4233525550365448,0.7749368605017662,6.83420550095093e-05,0.3068997041881084,0.8077493616938591,24.71293683299882,0.0002025956332789,0.6874934410076267,0.5972723487613707,0.4587748621569509,0.6874934410076267,0.4927103360980906,0.6116132691783948,0.6375552554486823,,no_consistency,42,0
59,0.6866837790608407,0.0168920352030545,0.4187670980393886,0.7550401157140731,4.1457964490270175e-05,0.3042957903444767,0.7985689744353295,25.1303381459984,0.0001623869018208,0.7229351336189778,0.6195504565304097,0.4825436935816391,0.7229351336189778,0.5016475085351108,0.6340687274371414,0.6678805864886735,,no_consistency,42,0
69,0.7240309086441994,0.0146263414272107,0.4402690966427326,0.7750924655795097,3.632350288455655e-05,0.3199720972776413,0.8377522569894791,24.90233466400241,0.0001212434052114,0.7077811667865834,0.6061628366627512,0.4702601618950052,0.7077811667865834,0.4875590492401495,0.6231482939615206,0.653543567260276,,no_consistency,42,0
79,0.703126668035984,0.0205025550536811,0.4300770398974418,0.7934301283955574,9.998984016419854e-05,0.3110515844076872,0.8204766348004341,24.941754390001734,8.226999625336662e-05,0.7330180842609598,0.6439411091575152,0.520168371303111,0.7330180842609598,0.5249782334708205,0.6738270097407654,0.6850100204341416,,no_consistency,42,0
89,0.6931996828317643,0.0192122875573113,0.4236047410964966,0.7853084927797318,0.0001074069520768,0.3087979206442833,0.8109388843178749,25.448446685997624,4.840776425613886e-05,0.6991952358660241,0.6130911960970968,0.4905776537990966,0.6991952358660241,0.4905776537990966,0.6495006986261695,0.6525022657286532,,no_consistency,42,0
99,0.7262669441103935,0.0155258173239417,0.4419705098867416,0.7761937609314918,8.163371246455497e-05,0.3234012727439403,0.8429952389001847,25.16858936800054,2.221208867425096e-05,0.7151977304779141,0.627121874945317,0.5110380206072153,0.7151977304779141,0.5132631025479711,0.652904791810066,0.6683590028310651,,no_consistency,42,0
109,0.7158444562554359,0.015469661867246,0.4356945553421974,0.7623822247982025,6.676263474446387e-05,0.3182097096741199,0.8301458287239075,24.961264965000737,5.659799953612438e-06,0.7207901738719696,0.6351086830572639,0.5164235562026496,0.7207901738719696,0.5169563248244718,0.6675795504753501,0.6746490648606259,,no_consistency,42,0
119,0.6931304648518563,0.0146855395263992,0.4217525121569633,0.7475651308894158,4.727889452880163e-05,0.3067153711616993,0.8032267609238625,25.38627841199923,0.0,0.7240652226237311,0.6379201106133501,0.5176007127866462,0.7240652226237311,0.5184187967209201,0.671276312495399,0.6775752380369083,,no_consistency,42,0
9,0.8926616030931472,0.1293611992150545,0.5873414665460587,0.6778759407997131,0.006184179468546,0.3479125206172466,1.0033507907390595,22.083387253000183,0.0002990896015976,0.4728631316897697,0.4538299463144983,0.3785355493223254,0.4728631316897697,0.4240067917888426,0.4646199154648824,0.4577204178404438,,shuffled_quality,42,0
19,0.8241518867015839,0.0451331027783453,0.5125443956255913,0.7822665801644325,0.0019748016714584,0.3447577783465385,0.9385208278894424,22.957266432000324,0.0002889741100822,0.6194358568371475,0.5245943048584201,0.3851838583397487,0.6194358568371475,0.4082996092304415,0.5460474485076712,0.5675581913937893,0.0144662684388458,shuffled_quality,42,0
29,0.7408651456236839,0.0275145848840475,0.4555249413847923,0.8147001397609711,0.0003460211621495,0.3202920946478844,0.8579571980237961,22.92607588499959,0.0002683710764094,0.6649197412998227,0.5654760422408762,0.4250975252049755,0.6649197412998227,0.4690164801080641,0.5624919053147418,0.611104409972654,0.0032642434374429,shuffled_quality,42,0
39,0.7148059576749801,0.0202786010294221,0.4369950330257415,0.778192566037178,9.857732235104777e-05,0.3135174883902072,0.8286436954140664,22.31230415999744,0.0002388352878997,0.6869478772694886,0.5912658919802116,0.466143025676702,0.6869478772694886,0.4812774197043641,0.6055723789667821,0.6361627965234269,0.0015349535492714,shuffled_quality,42,0
49,0.6955907125771046,0.0194521560054272,0.4251353052258491,0.7964846608042717,7.241736142759691e-05,0.3087114818394184,0.8138094529509544,22.884617878000427,0.0002025956332789,0.6909548479787614,0.5956793469349173,0.4559522950246997,0.6909548479787614,0.5001415408932098,0.5959416519327808,0.638871942370202,0.0015528869937043,shuffled_quality,42,0
59,0.6885376822948456,0.0170356735889799,0.4199368961155414,0.7512254029512405,5.94742826814354e-05,0.305484207868576,0.8009051316976548,23.34214054800032,0.0001623869018208,0.7101400369753925,0.6105248015542275,0.481751348164355,0.7101400369753925,0.5015196758989032,0.6199146917883869,0.6574165974679392,0.0017925386252863,shuffled_quality,42,0
69,0.7239297401905059,0.0142475359642412,0.4400568796694278,0.7724619814753533,3.3685561738252546e-05,0.3191443680226802,0.836706905066967,22.88093753299836,0.0001212434052114,0.7207896279356629,0.6198087848210727,0.4822295575216432,0.7207896279356629,0.5049719450873436,0.6336647814402121,0.6666393679598839,0.0012888487594409,shuffled_quality,42,0
79,0.7022859045863151,0.020747484602034,0.4296705515682697,0.7964718335866928,6.0343401855789125e-05,0.3109840820729732,0.8209079533815384,22.991159826000512,8.226999625336662e-05,0.7341291056605908,0.6421931714387432,0.5180113334426024,0.7341291056605908,0.5241143054028171,0.6683361032528216,0.6849365481722377,0.003015573624325,shuffled_quality,42,0
89,0.6928997790813446,0.0189592548925429,0.4233235849440098,0.7872344347834587,7.134581217997037e-05,0.3083537758886814,0.8109280776977539,22.778270194998186,4.840776425613886e-05,0.717268651530912,0.6299330281392969,0.5079819141408574,0.717268651530912,0.5081056656935193,0.664424767193459,0.6701392907744219,0.0026185197746963,shuffled_quality,42,0
99,0.7279935058951378,0.0154810718540102,0.4429885517060756,0.7860261535644532,5.83280499142802e-05,0.3240729580819607,0.8460944637656211,22.597266408,2.221208867425096e-05,0.7176483528679704,0.6254010668485634,0.5013853840225978,0.7176483528679704,0.5194292855308232,0.6391255621468969,0.668347870177611,0.0021370868801056,shuffled_quality,42,0
109,0.7161654505133629,0.0151058266428299,0.4357416175305843,0.7569946479797364,4.805909601145686e-05,0.3180540155619383,0.8298511517047882,22.31607915100176,5.659799953612438e-06,0.7271578880742186,0.6368094648294768,0.5175991560291635,0.7271578880742186,0.525726319698547,0.657544186715665,0.6790974878962905,0.0017682404084212,shuffled_quality,42,0
119,0.6939149987697601,0.0148063890915364,0.4222715720534324,0.7453818327188492,3.7878390543824025e-05,0.3073015829920769,0.8044578033685684,23.35103184699983,0.0,0.7293667059508189,0.6386281007196697,0.5171025833060731,0.7293667059508189,0.5260453625843704,0.6604722336238197,0.6809187121169995,0.0017228337571521,shuffled_quality,42,0
9,0.8961653178930282,0.1317259659618139,0.5903895968198776,0.6787356913089753,0.0007174051402398,0.3566048759222031,1.0149039179086683,21.337015191002138,0.0002990896015976,0.5487041199762489,0.4924425537489775,0.3665326378505308,0.5487041199762489,0.4137352691095687,0.5148882721611149,0.5136085018954957,,matched_moment_fusion,42,0
19,0.8233751165866852,0.044913321621716,0.5119904226064682,0.780612228512764,0.0001889969726471,0.3443928903341293,0.9401902115345,22.08982025200021,0.0002889741100822,0.6414923196672123,0.5661873602328209,0.4316556035585719,0.6414923196672123,0.4698991517903451,0.5871706092409055,0.5979171602260308,0.0286811005952768,matched_moment_fusion,42,0
29,0.7454178184270859,0.0279731799243018,0.4584399828314781,0.824595981836319,5.726610701572099e-05,0.3226140378415584,0.8641723251342773,22.91769003400259,0.0002683710764094,0.6540530641925039,0.5509632054901483,0.3996515305499165,0.6540530641925039,0.4446518205106355,0.5541847317673053,0.5976859532175385,0.0032792330347001,matched_moment_fusion,42,0
39,0.7187885546684265,0.0214688038034364,0.4398606742918491,0.7702306947112083,6.58337027667244e-05,0.3153047448396682,0.8325228247046471,19.79373507800119,0.0002388352878997,0.7130778263898625,0.6156417428370222,0.4828323092679833,0.7130778263898625,0.5012651004748049,0.632582301646399,0.6608224496118225,0.0016552525837323,matched_moment_fusion,42,0
49,0.6976073563098908,0.0206808188790455,0.426836756914854,0.7921008822321892,2.243337957376301e-05,0.3087120128422975,0.8151197838783264,19.639326800999697,0.0002025956332789,0.6733198103273308,0.579786509657398,0.440715561075622,0.6733198103273308,0.4859431690828368,0.5800965495620264,0.6219993952011801,0.0017990373184875,matched_moment_fusion,42,0
59,0.6937378770112992,0.0190222554747015,0.4238516433537006,0.7441620635986328,6.596474270637032e-05,0.3079466941207647,0.8066603001952172,19.91647071999978,0.0001623869018208,0.7257618996104319,0.6275595582999673,0.4898775130642545,0.7257618996104319,0.5192204960810765,0.6376962792083939,0.6727127585626748,0.0022122890190439,matched_moment_fusion,42,0
69,0.7228384801745414,0.0144423055951483,0.43948002576828,0.7782018083333969,1.6724583744682774e-05,0.3188536448776722,0.836405942440033,19.161090551999223,0.0001212434052114,0.7270065563314799,0.6249784512420162,0.4831675272180817,0.7270065563314799,0.5218826377285047,0.6260461596660641,0.672014221893301,0.0012562684121076,matched_moment_fusion,42,0
79,0.705483121573925,0.0215289230598136,0.4319014593958855,0.7991331830620766,3.293204591514609e-05,0.3118933782726526,0.8243134623765945,19.626562256002217,8.226999625336662e-05,0.7238363182995733,0.6301487666211802,0.501909348712616,0.7238363182995733,0.5109714189704925,0.655638562593475,0.6735373558373596,0.0030183162315006,matched_moment_fusion,42,0
89,0.6934449726343155,0.0187747847940772,0.4235769157111644,0.7907311630249023,3.508933183361762e-05,0.3085263234376907,0.8116682621836663,19.623285180001403,4.840776425613886e-05,0.7141640099971885,0.6328751274427801,0.512614892680566,0.7141640099971885,0.5174587749026176,0.6670025974285337,0.6696224334992038,0.0024507213179458,matched_moment_fusion,42,0
99,0.7339330080151558,0.016026349607855,0.4467703592777252,0.8034422227740288,3.77570976853292e-05,0.3273626087605953,0.854904158115387,19.42043580799873,2.221208867425096e-05,0.7204596005846184,0.6316196110694215,0.509403290424081,0.7204596005846184,0.5220724085563101,0.6523268240673357,0.6727019727140056,0.0021253612182181,matched_moment_fusion,42,0
109,0.7175799661874771,0.0150784588803071,0.4365793810784816,0.7595924434065818,2.9611511695808445e-05,0.3187499515712261,0.8316211074590683,19.3363723140028,5.659799953612438e-06,0.7305161861843184,0.6469444388791319,0.5277031145152838,0.7305161861843184,0.5346331090830592,0.675684021370018,0.6851633548258589,0.0016552419026743,matched_moment_fusion,42,0
119,0.6957406631112099,0.0149300875922199,0.4234164491295814,0.7514336010813714,2.369268609868413e-05,0.3075110030174255,0.8064021208882332,20.095824801999697,0.0,0.729394223822123,0.6460628287478865,0.525371776181104,0.729394223822123,0.5335983758578546,0.6751958865636812,0.6839925605357501,0.0016506100431348,matched_moment_fusion,42,0
9,0.9115888565778733,0.1350980693846941,0.6009925645589829,0.6795073640346527,0.0278764931112527,0.3694381409883499,1.039775267243385,24.77429745899985,0.0002990896015976,0.4364345977104347,0.4043299901300226,0.3364403966492277,0.4364345977104347,0.3776557766467771,0.3988995960328563,0.4168037953301904,,qmmf,43,0
19,0.8205942124128341,0.0434544731676578,0.5097383385896683,0.7878475570678711,0.0074898180784657,0.3458717864751816,0.9388221681118012,22.51403656599996,0.0002889741100822,0.4747921887174804,0.4398260394205687,0.3748295909986482,0.4747921887174804,0.424255081747925,0.4204308477963005,0.4543060841565237,0.0202640159311704,qmmf,43,0
29,0.7690645027160644,0.0257678446313366,0.4717458587884903,0.7888538417220116,0.0020208936952985,0.334587070941925,0.885989042520523,22.59030062900001,0.0002683710764094,0.5360590785928648,0.4552910469730712,0.3478436559380168,0.5360590785928648,0.3589600789437663,0.4708539833825824,0.493007126841442,0.0033484084927476,qmmf,43,0
39,0.761000517308712,0.0221449199900962,0.4654582992196083,0.8296982270479202,0.0005899516545468,0.3348093722760677,0.8836181035637856,22.96411783600024,0.0002388352878997,0.6132591187727757,0.5476503055041155,0.4302443045122062,0.6132591187727757,0.4663858904346358,0.5633059073049349,0.5752749933661206,0.0017555614261073,qmmf,43,0
49,0.7223201090097428,0.0203776273899711,0.441543133109808,0.793811004459858,0.000253901083488,0.3186855560541153,0.8399481999874115,24.279458471999988,0.0002025956332789,0.6344231231556329,0.5392782133831542,0.4064395508481095,0.6344231231556329,0.4180416410451967,0.565369875948633,0.583081292993137,0.0016285658180277,qmmf,43,0
59,0.6812441493570804,0.0188996959920041,0.4163063850998878,0.7803823843598365,0.0001353422897591,0.3005011549592018,0.7951612669229507,24.349604995999925,0.0001623869018208,0.6910846120613692,0.6075193790475565,0.4891924856841184,0.6910846120613692,0.4977601979235373,0.6337133271577635,0.6458258295195003,0.0015436200998738,qmmf,43,0
69,0.7141781035065651,0.0170615245401859,0.4353314884006977,0.7655991423130035,8.441352632871712e-05,0.3175724293291568,0.8298175826668739,24.62744242000008,0.0001212434052114,0.7156963027322076,0.6182292770840688,0.4813149035500095,0.7156963027322076,0.5201485835296061,0.6188429449903932,0.6630180551195461,0.0017476596165215,qmmf,43,0
79,0.7359025579690933,0.019206819422543,0.449224279075861,0.8206752163171768,0.0001419472186444,0.3265391351282596,0.8583869788050652,25.1434889760003,8.226999625336662e-05,0.7164564015263567,0.6268633843883575,0.5057526855867355,0.7164564015263567,0.5132935244715647,0.6508402271671511,0.6685081247909948,0.0027447221354668,qmmf,43,0
89,0.690610162615776,0.0179085782798938,0.4215295454859734,0.8061812937259674,0.0001086367477046,0.3070145808160305,0.8096253833174706,25.12337897099951,4.840776425613886e-05,0.7421586654236315,0.6489186162277008,0.5214115010695457,0.7421586654236315,0.5217517238524304,0.6828454594070407,0.6921119342294436,0.002288466504342,qmmf,43,0
99,0.6942862460017204,0.0182163334917277,0.4238582962751389,0.7775084114074707,0.0001217309024696,0.308536082804203,0.8105866038799285,24.79031835600017,2.221208867425096e-05,0.7054551182048249,0.6160512936666116,0.4899351274990811,0.7054551182048249,0.4976478998232274,0.645050862971782,0.6570819717727865,0.0021764552637159,qmmf,43,0
109,0.7200261117517948,0.0153570258850231,0.4381584915518761,0.7937500575184822,9.31847917399864e-05,0.3188123969733715,0.8367167797684669,25.52628560399989,5.659799953612438e-06,0.7343011583414784,0.6450321738296448,0.5233092767311728,0.7343011583414784,0.5233092767311728,0.6774860864162832,0.6864212748268977,0.0018311356869116,qmmf,43,0
119,0.6893720409274101,0.016145269065164,0.4200813516974449,0.789800965487957,6.664874416856037e-05,0.3071561141312122,0.8066087093949318,23.6546844100003,0.0,0.7338597069515153,0.6435741781257474,0.5202447372476978,0.7338597069515153,0.5202447372476978,0.6766180901780291,0.6854125513334032,0.0019390800661221,qmmf,43,0
9,0.929275393486023,0.1655481992661953,0.623784539103508,0.6812912547588348,0.0006364181941899,,0.6919454842805862,24.83066243899998,0.0002990896015976,0.418418271546642,0.3738479899613612,0.2937503560047426,0.418418271546642,0.3209772400130998,0.3821484583243417,0.3925803955168678,,hemis,43,0
19,0.8507347047328949,0.0605237099900841,0.5346503260731698,0.7795360100269317,0.0004791309894062,,0.6232605090737343,24.58161734400005,0.0002889741100822,0.488599635504542,0.4248584049050069,0.3192893805519289,0.488599635504542,0.3450773001235478,0.4408982790869309,0.4525462408294202,0.0531631413690047,hemis,43,0
29,0.8116086941957473,0.0394073514919728,0.5027281749248504,0.8130996435880661,0.0002268874815126,,0.5849251189827919,24.03234521799982,0.0002683710764094,0.5087788339188938,0.4423450476868285,0.3341621663840935,0.5087788339188938,0.3483428622048255,0.469913446936766,0.4713870312957942,0.0043781886762008,hemis,43,0
39,0.8075771859288216,0.0335627910075709,0.4979714488983154,0.831410391330719,0.0002230989768395,,0.5815421864390373,25.281085290999727,0.0002388352878997,0.5205942943063845,0.4790504054776058,0.3946841277888999,0.5205942943063845,0.4165235452113207,0.5000333769151123,0.4955401110060025,0.0020926865178626,hemis,43,0
49,0.7651949709653855,0.0299080676445737,0.4710802263021469,0.8485563635826111,0.0001362236764134,,0.5563020902872086,25.841351535000285,0.0002025956332789,0.5278225654935703,0.4737150449225878,0.3725815599763419,0.5278225654935703,0.3962746629183036,0.4970479063558899,0.4960662087705528,0.0017970735422568,hemis,43,0
59,0.7264840212464333,0.026496648308821,0.4464890913665295,0.8103508883714676,0.0001153452011385,,0.5278773936629295,24.532654611,0.0001623869018208,0.5576235747865994,0.5035103735032107,0.3909071875230285,0.5576235747865994,0.419419542452839,0.5334880032701934,0.5247179756752257,0.0017372233701826,hemis,43,0
69,0.7600642025470734,0.0262749442784115,0.4665485194325447,0.815036992430687,0.0001262220443823,,0.5484797260165215,24.96454697599984,0.0001212434052114,0.6009995308714037,0.5291151437073508,0.4120264216805261,0.6009995308714037,0.4341667982637779,0.5521791019868706,0.5605369038031,0.0021059730742672,hemis,43,0
79,0.7839895582199097,0.0294264316232874,0.4821643278002739,0.8552895724773407,0.0001096335405964,,0.5683460995554924,24.538449630000287,8.226999625336662e-05,0.6389649837098653,0.5528200333400348,0.4177326760974028,0.6389649837098653,0.443511240287431,0.5759838760228084,0.59099826783767,0.0032366543085663,hemis,43,0
89,0.7450500684976578,0.0287080762675032,0.4585132902860641,0.8769919800758362,6.215759778569918e-05,,0.5467642912268639,24.34592614799976,4.840776425613886e-05,0.627304899346587,0.543984469676444,0.4161715229514361,0.627304899346587,0.4390595462874969,0.5655889633952482,0.5811954328060289,0.002743459656267,hemis,43,0
99,0.7316106778383255,0.0251157259894534,0.4490127165615558,0.8146765041351318,6.433438416934222e-05,,0.5309102739393711,23.167051457000525,2.221208867425096e-05,0.5886385876265802,0.5258580681085738,0.4200252032098452,0.5886385876265802,0.4347130640962056,0.5542225526029356,0.5529430933295048,0.002133445140389,hemis,43,0
109,0.7704460608959198,0.024636195236817,0.4721221342682838,0.8696596693992614,5.4914527945584266e-05,,0.5595793196558952,21.59274216699941,5.659799953612438e-06,0.6127711183979433,0.536904448804414,0.4146289812074203,0.6127711183979433,0.4368580496225474,0.5610841783927512,0.5701969038008322,0.0024423423235475,hemis,43,0
119,0.7458519393205643,0.0257963320240378,0.4578297147154808,0.8135776734352111,6.278262837440707e-05,,0.5396626958251,22.13144439499956,0.0,0.6154622873971457,0.5391784891978351,0.4162398710192848,0.6154622873971457,0.4373706978413425,0.564702482355017,0.5726549062995664,0.0023603741386796,hemis,43,0
9,0.8957442706823349,0.1112924305349588,0.5819635519385338,0.6541458922624588,0.0246943716332316,,0.6486128628253937,21.270452644000216,0.0002990896015976,0.6435056252583835,0.4768056968025596,0.3150247026100349,0.6435056252583835,0.3559867123371538,0.4309247528121417,0.5606475544568015,,unet25d,43,0
19,0.8181201136112213,0.0433019377291202,0.5081928640604019,0.7835446134209633,0.0066392547218129,,0.5884693142771721,23.481266878000497,0.0002889741100822,0.615253497979748,0.4649187710345102,0.3227886769301031,0.615253497979748,0.3690944339075321,0.4104083812162503,0.5409065977912122,0.007950113704428,unet25d,43,0
29,0.7743405750393868,0.028317456934601,0.475931346565485,0.763909760415554,0.0015596580109559,,0.5529628917574883,22.830172431000392,0.0002683710764094,0.5845568147387442,0.452447273224715,0.3080988410844643,0.5845568147387442,0.3390845820311631,0.4337004229042378,0.5172781549191074,0.0028129525668919,unet25d,43,0
39,0.7767089426517486,0.0261807308741845,0.4764976775646209,0.8173016995191574,0.000495687983639,,0.5587552192807198,21.464965687000586,0.0002388352878997,0.6412317081125131,0.5263933468226248,0.3862119077687929,0.6412317081125131,0.4657934093324384,0.4721549230229229,0.5812782196911745,0.0025129304525034,unet25d,43,0
49,0.7283633095026016,0.0224897124432027,0.4460138888657093,0.7916812631487846,0.0002469484315224,,0.5256097960472107,22.29068914599975,0.0002025956332789,0.6504928712048171,0.5265265358947029,0.3893694618437259,0.6504928712048171,0.41767691996096,0.511409816518332,0.5871906296756737,0.0020771530380079,unet25d,43,0
59,0.6985011486709118,0.0221344028506428,0.4279544676840305,0.7716679108142853,0.0001504718634259,,0.5056050348281861,20.57168271699993,0.0001623869018208,0.6817995266024982,0.5821503142561599,0.4451239892279255,0.6817995266024982,0.4754358916983112,0.5892155244676706,0.6282372091611395,0.0023812355496738,unet25d,43,0
69,0.7290577086806297,0.0198782668844796,0.4453859482705593,0.7602993363142013,0.0001401826496032,,0.5219044381380081,24.29782344599971,0.0001212434052114,0.6987547353627033,0.5963318501990202,0.464928348473467,0.6987547353627033,0.4946817444740451,0.5955590707603123,0.6446452311246748,0.0024077300735734,unet25d,43,0
79,0.7554536974430084,0.0217037382768467,0.4619537332653999,0.8110176390409469,0.0001463826635153,,0.5437146401405335,24.83709514400107,8.226999625336662e-05,0.6981870665475395,0.6171408323978794,0.497948897898382,0.6981870665475395,0.5170780598180121,0.6361573708280864,0.6538493794377256,0.0032591287410468,unet25d,43,0
89,0.7064507299661636,0.0200570471421815,0.4318932765722275,0.8056253069639205,0.0001023915858797,,0.5130088835954666,24.55153442700066,4.840776425613886e-05,0.7210317584897177,0.630019339011457,0.5011625863044172,0.7210317584897177,0.5189645009260423,0.6500617576186113,0.6717411154277093,0.0027397849296903,unet25d,43,0
99,0.7097673472762108,0.0213076890772208,0.4343835020065307,0.7939581573009491,0.000126772416379,,0.5143509559333325,24.2655996350004,2.221208867425096e-05,0.7007616351090836,0.6050307232706825,0.4785121310782308,0.7007616351090836,0.5047339258106921,0.6095966088922722,0.6498174111544779,0.0028264988714363,unet25d,43,0
109,0.7417802354693412,0.0200863842386752,0.4531027145683765,0.8165178987383842,0.0001081711468941,,0.5353434589505196,24.895791928000108,5.659799953612438e-06,0.7056079887940477,0.6080962899589809,0.4786611267351832,0.7056079887940477,0.5038633736207679,0.614817507462127,0.6536597929376412,0.0029177240426452,unet25d,43,0
119,0.7085300543904305,0.0188411188311874,0.4326544977724552,0.7757074868679047,0.0001024422365304,,0.5107119101285934,26.52337112100031,0.0,0.7070081515686336,0.6112685582169286,0.4825377350969357,0.7070081515686336,0.5041062841351475,0.6226912389470051,0.6558392319159524,0.0024077212289193,unet25d,43,0
9,0.9010512566566468,0.1102102515101432,0.5847148752212524,0.6788074725866318,0.0251744816079735,0.3663413828611374,1.020195731520653,24.735041777999868,0.0002990896015976,0.5185238045236754,0.4205778186894429,0.2874702094842497,0.5185238045236754,0.3076429842834381,0.4355666672612154,0.466034649269463,,no_quality,43,0
19,0.8068509763479232,0.0380812724120914,0.4993431133031845,0.7775295430421829,0.0061470080353319,0.3421678936481476,0.9203907728195192,24.46256086999984,0.0002889741100822,0.5038069868449773,0.4571735874255573,0.3814142682523408,0.5038069868449773,0.4360485872553355,0.4316651881763593,0.4775776951598876,0.0040972844627685,no_quality,43,0
29,0.760698022544384,0.0233283609524369,0.4657501757144928,0.7930254453420639,0.0015968006756156,0.3321873743832111,0.8778236171603203,24.636534813999788,0.0002683710764094,0.5593039622269149,0.484545157108274,0.3753513682946569,0.5593039622269149,0.398303386041755,0.4960281230561523,0.5184810612980969,0.0025184194848407,no_quality,43,0
39,0.7515187001228333,0.0203114716778509,0.4590358275175095,0.8235931187868119,0.0005557214177679,0.331552367657423,0.8732796818017959,24.437547055999858,0.0002388352878997,0.5858076305149039,0.5044676251948734,0.3902888945345446,0.5858076305149039,0.4353673217381351,0.4922279233315811,0.5418537553208589,0.0015219196656835,no_quality,43,0
49,0.7180617922544479,0.019006269860547,0.4384396003186703,0.7946761325001717,0.0002278129563637,0.3171449579298496,0.8353993651270867,24.94355527100015,0.0002025956332789,0.6426565179182165,0.5512060653681912,0.4168304385660484,0.6426565179182165,0.4451632548029822,0.5657984233833746,0.592638774217992,0.0016789631466599,no_quality,43,0
59,0.6764496965706348,0.0183841623994521,0.4132235007733106,0.783593809902668,0.0001470522877934,0.2992831999063491,0.7911947301030159,22.45982810200076,0.0001623869018208,0.7096752363582303,0.6245738483419052,0.4980420301222752,0.7096752363582303,0.5132764172084731,0.6507698914590118,0.6629814993297373,0.0016064849558824,no_quality,43,0
69,0.7111561983823776,0.0165703833289444,0.4333218893408775,0.756531653702259,0.0001207174101,0.3162822785973549,0.8256139105558395,22.99912249299996,0.0001212434052114,0.7257164514160624,0.6344859526339434,0.5035586322322217,0.7257164514160624,0.5291318214562325,0.6486095850295349,0.6761315198630427,0.0017527048796819,no_quality,43,0
79,0.7349499115347862,0.0189447483932599,0.4485478627681732,0.8161254668235779,0.0001278724426447,0.3260540828108788,0.8567604717612266,23.51841023400084,8.226999625336662e-05,0.7066142960572414,0.6213309601078907,0.497338051672231,0.7066142960572414,0.5024572899924705,0.6549212942739601,0.6601016708339351,0.0026979287662106,no_quality,43,0
89,0.6858866256475449,0.017432192354463,0.4185048694908619,0.8065718561410904,0.0001018084367024,0.3059038256108761,0.8055256527662277,24.64350866000132,4.840776425613886e-05,0.7355064719336406,0.6462619793720679,0.5151761035633514,0.7355064719336406,0.5233855752919799,0.679893890890583,0.6867000873281399,0.0022734077014047,no_quality,43,0
99,0.6937290105223656,0.0176158071076497,0.4232837472856045,0.7723261332511902,0.0001095811216873,0.3086533097922802,0.8096009916067124,23.03254201299933,2.221208867425096e-05,0.7143619727353622,0.6291591323451836,0.5104138317244447,0.7143619727353622,0.5185303769808067,0.6545850473193815,0.6684063065172169,0.0021291801927327,no_quality,43,0
109,0.7150407703220845,0.0148521121626254,0.434965324550867,0.7971905195713043,8.512075371982064e-05,0.3156890097260475,0.8307321491837502,23.637494754999352,5.659799953612438e-06,0.7300912804343875,0.6425888201664599,0.5205665466848113,0.7300912804343875,0.526765897860741,0.6709092822042514,0.6828880689790515,0.0017725335603586,no_quality,43,0
119,0.6867140339314938,0.0154689480783417,0.418216016292572,0.7870464581251144,8.525687360815936e-05,0.3057505840808153,0.8030382335186005,23.619727174998843,0.0,0.7316217879255816,0.6441834371394256,0.5209823119811273,0.7316217879255816,0.5281228408438408,0.6728056826488545,0.6843263350952894,0.0018135961839016,no_quality,43,0
9,0.9130765408277512,0.1319827991724014,0.600639072060585,0.6796842360496521,0.0003239933544682,0.365861337184906,1.0344850301742554,21.990982012999662,0.0002990896015976,0.5746305207661903,0.4775715078746598,0.3527455483648442,0.5746305207661903,0.3794613792651384,0.4786226235926513,0.5233243196585965,,no_variance,43,0
19,0.8253685575723648,0.0456793790310621,0.5134929090738296,0.7868151611089707,0.0002435062754011,0.3464735986292362,0.9468696451187134,21.92324559699955,0.0002889741100822,0.5063710471103514,0.4491931322288238,0.3706505225137533,0.5063710471103514,0.4170677434710181,0.4241406061051019,0.4756456201862333,0.0410472427366767,no_variance,43,0
29,0.7685960963368416,0.0257477740058675,0.4714567855000496,0.7888969025015831,0.0001149995184027,0.3334581218659878,0.8844694492220878,21.63958733599975,0.0002683710764094,0.5733766694675865,0.4937025914281982,0.3742305618923767,0.5733766694675865,0.3765298153169091,0.531201289500099,0.529559835298249,0.0032954917708411,no_variance,43,0
39,0.7593352323770524,0.0216118536191061,0.4642459000647068,0.8175859493017197,7.654775306264128e-05,0.3329486303031445,0.8793108868598938,24.78777730399997,0.0002388352878997,0.5893561847550046,0.5241744377764335,0.4083320750960698,0.5893561847550046,0.4440381801442679,0.5391289484300279,0.5516992496955397,0.0017696637014159,no_variance,43,0
49,0.7240204164385795,0.0204322663578204,0.4425851744413376,0.8011809909343719,5.518566954032078e-05,0.319222901314497,0.8422680646181107,25.2412054230008,0.0002025956332789,0.610207955637241,0.5158837094341133,0.3785908117310749,0.610207955637241,0.3994030299396969,0.5380401427254021,0.5587489673856861,0.0016956401514471,no_variance,43,0
59,0.6831324826180935,0.0185419016540981,0.4172962664067745,0.7914425161480904,5.609561398134843e-05,0.2999754532426595,0.7967473286390304,24.250691594999807,0.0001623869018208,0.7010165892047361,0.6157689019290912,0.4909530259179493,0.7010165892047361,0.5124556365002862,0.6338344800822514,0.6544359266933639,0.001642740508214,no_variance,43,0
69,0.7140064096450806,0.0170973178837448,0.43524279281497,0.7679572269320488,4.424621030524392e-05,0.3163715349137783,0.8287698501348495,26.444918413999403,0.0001212434052114,0.7246691169568483,0.6340873069606151,0.499747653521886,0.7246691169568483,0.5256927630834122,0.6519000408415846,0.675002427614482,0.0017879258910215,no_variance,43,0
79,0.7358258765935898,0.019117562843021,0.4491425701975822,0.8233357915282249,5.295826469648546e-05,0.3269666257500648,0.8589867308735848,26.37993729399932,8.226999625336662e-05,0.7087678537052743,0.6280737483541629,0.5001588126809751,0.7087678537052743,0.5125382302644602,0.6629151610927547,0.6636987179975109,0.0027065743920684,no_variance,43,0
89,0.691496136188507,0.0173179941624403,0.4218248942494392,0.8121430796384811,4.505820964368468e-05,0.3075765198469162,0.8110580512881279,26.14636463399984,4.840776425613886e-05,0.7271108397389976,0.643117818283896,0.5129989600312096,0.7271108397389976,0.5198713110332419,0.6823713040794485,0.6805017453316884,0.0022003783146828,no_variance,43,0
99,0.6950151732563973,0.0177775782207027,0.4241201522946358,0.7668713811039924,4.050434592954844e-05,0.3082018060982227,0.8094309169054031,26.053139204001127,2.221208867425096e-05,0.704580258636514,0.6217491388352554,0.4981343932655906,0.704580258636514,0.5080025401743464,0.6526646176949058,0.659086336159044,0.0020989497111713,no_variance,43,0
109,0.7191119004786014,0.015083470903337,0.437500547170639,0.8034082847833633,3.1271972437991736e-05,0.3174478045105934,0.8356509679555892,26.25511977000133,5.659799953612438e-06,0.7234715928701223,0.6396578678578811,0.5163602396821981,0.7234715928701223,0.5206898537815728,0.6748121569219484,0.6776163400476576,0.0018011133703771,no_variance,43,0
119,0.6904456487298012,0.0158489587856456,0.420606989711523,0.791426094174385,3.4166539759326046e-05,0.3064379645884037,0.8065522024035454,27.22725323099985,0.0,0.7236719893996032,0.6404932588594688,0.5165542378076224,0.7236719893996032,0.52143657553962,0.6763712116391836,0.6780065950783648,0.0018146357219666,no_variance,43,0
9,0.9073239779472352,0.1236850973963737,0.5938684517145156,0.6769880092144013,0.0064534104382619,0.3634398210048675,1.0253297472000122,24.704614615000537,0.0002990896015976,0.4710211166534623,0.4350856382701629,0.3381133218097135,0.4710211166534623,0.3893051225770178,0.4449306755800086,0.4469496936540975,,no_max,43,0
19,0.8222783404588699,0.042642182726413,0.5104238989949227,0.8009627628326416,0.0026430581335444,0.3480669991672039,0.941092344522476,24.677823750000243,0.0002889741100822,0.5172438641506788,0.4680376760131643,0.3778790194526548,0.5172438641506788,0.413006899679022,0.4738622642097921,0.4885455232396221,0.0118650919664651,no_max,43,0
29,0.766881472170353,0.024880526093766,0.4700811150670052,0.7989279407262803,0.0005194008722901,0.3345210881531238,0.8851369538903237,25.62718576999941,0.0002683710764094,0.5984053482339745,0.4989509813872746,0.3648743927651743,0.5984053482339745,0.3873587724673206,0.5110888234605286,0.5452159426330846,0.0030799530097283,no_max,43,0
39,0.7591765025258064,0.022307620793581,0.4644289711117744,0.8151958954334259,0.0001541284420818,0.3341988207399845,0.8805449768900871,28.701172525999937,0.0002388352878997,0.6011420774619131,0.5314470880311252,0.4097379081225833,0.6011420774619131,0.4478722949975908,0.5453268916338717,0.5610931636987437,0.0019494414044311,no_max,43,0
49,0.7229742476344109,0.0205666290153749,0.4420112183690071,0.7864672875404358,9.732415612347724e-05,0.3191833037137985,0.8402012142539025,27.19662671200058,0.0002025956332789,0.6209406475574135,0.5296834783280353,0.39907708318681,0.6209406475574135,0.4163670517825464,0.5517427356441463,0.5713771403515396,0.0017755015457805,no_max,43,0
59,0.6819282215833664,0.0187135507166385,0.4166423696279526,0.7885253542661667,8.274378841633733e-05,0.3008120629936456,0.7966271099448204,25.891139010000188,0.0001623869018208,0.6746637540179093,0.5886944544918647,0.4709990829196091,0.6746637540179093,0.4995203368681634,0.591899272589521,0.6285064970502658,0.0015800108518669,no_max,43,0
69,0.714003064930439,0.016615194955375,0.4350479352474212,0.7844704419374466,5.753831259468711e-05,0.3171929377317428,0.8310115599632263,25.96815522199904,0.0001212434052114,0.7217318054572021,0.6272040626783896,0.5007812914850268,0.7217318054572021,0.515632956770388,0.6442474258075787,0.6712784312263407,0.0016038270749959,no_max,43,0
79,0.7371111989021302,0.0188718802295625,0.4498154899477958,0.8185884758830071,8.255052510207861e-05,0.326850960701704,0.8590411576628685,25.76947102799932,8.226999625336662e-05,0.7061797824395706,0.6168995914569095,0.4887696793289164,0.7061797824395706,0.5041218774409669,0.6403971144901911,0.6576547148337069,0.0025586396660946,no_max,43,0
89,0.6916130805015563,0.0179587971675209,0.422151386141777,0.8144658052921295,7.013539002343804e-05,0.3077385768294334,0.8117933723330498,22.78711743900021,4.840776425613886e-05,0.7221684660296579,0.6374916685374054,0.514152235360085,0.7221684660296579,0.5217901230802516,0.6685164165023063,0.6759638037150248,0.002266608196187,no_max,43,0
99,0.6944166848063469,0.0177779262466356,0.4237611983716488,0.7923938807845116,7.181500112160677e-05,0.3078175981342792,0.8112286278605461,23.34056892800072,2.221208867425096e-05,0.7049822031736896,0.6211891534254038,0.500901321262133,0.7049822031736896,0.5126934373481157,0.6458918197544061,0.6594362000580483,0.0020342386450829,no_max,43,0
109,0.7200516003370285,0.0152671221212949,0.4381378251314163,0.8039175069332123,5.131886133374231e-05,0.3184123062342405,0.8373065993189812,24.062927958000728,5.659799953612438e-06,0.7192231250103269,0.6340394934117652,0.5126387518830201,0.7192231250103269,0.5208130000706797,0.662082355154289,0.6730095982180277,0.0018107237983667,no_max,43,0
119,0.6890672639012336,0.0160133895184844,0.4198457314074039,0.7867073208093643,4.917999582630728e-05,0.3061451007425785,0.8050370183587074,26.14028637299998,0.0,0.7177577121745996,0.6325507542856187,0.5107724162242012,0.7177577121745996,0.518393119703697,0.6615014309785598,0.6714970952128654,0.0018649593994541,no_max,43,0
9,0.9115877938270568,0.1351452749222517,0.6010108137130737,0.6794165933132171,0.0278719280287623,0.3694630023837089,1.0398090767860413,23.35314533000019,0.0002990896015976,0.4441701470671976,0.4105247100507759,0.3400504676834297,0.4441701470671976,0.3829672009516208,0.4044367821335092,0.4236645480238943,,no_consistency,43,0
19,0.8190919691324234,0.0429073806293308,0.5086181560158729,0.7824995702505112,0.0075275401817634,0.3454850287735462,0.93272951900959,21.994011245000365,0.0002889741100822,0.4647755337977344,0.4235785607460205,0.3601124148973466,0.4647755337977344,0.4172865322750254,0.3886736161653021,0.4419501299921815,,no_consistency,43,0
29,0.7678137427568436,0.0255641374969854,0.4709139186143875,0.787604095339775,0.0021003999945241,0.3338582400977611,0.8836375933885574,22.107037121999383,0.0002683710764094,0.4817704504425444,0.4168142438089577,0.3298126205487279,0.4817704504425444,0.3545802999254921,0.4140919810588366,0.4470878054630867,,no_consistency,43,0
39,0.7621914744377136,0.0235964236198924,0.4667534743249416,0.8387796795368194,0.0005682097974931,0.3361389991641044,0.8867988499999047,24.51835960599783,0.0002388352878997,0.6077813532425412,0.5389075190186542,0.4271821705178671,0.6077813532425412,0.4679544305491537,0.5409867732642674,0.5690592847029077,,no_consistency,43,0
49,0.7211561578512192,0.0202711562765762,0.4408021727204322,0.7968969318270683,0.0002364312639838,0.3177947853505611,0.8382984772324562,25.94749898199734,0.0002025956332789,0.6504330815590085,0.5535105660783655,0.4093664192917053,0.6504330815590085,0.4288065531302653,0.5812920635458227,0.5972496606880853,,no_consistency,43,0
59,0.6807512690126896,0.0192779982206411,0.4161619783937931,0.7785538288950921,0.000120631548998,0.2998144499957561,0.7938378423452377,25.22361550700225,0.0001623869018208,0.6996708682162279,0.6122162167075919,0.4892972118030965,0.6996708682162279,0.5067399966403875,0.6302377852661599,0.652397107122324,,no_consistency,43,0
69,0.7136710557341576,0.0170516876038163,0.4350233270227909,0.7611327096819878,8.905451766622719e-05,0.3174127896130085,0.8285538440942765,25.97274289100096,0.0001212434052114,0.7139467201365526,0.6110780341609485,0.464991266593959,0.7139467201365526,0.5003256466130979,0.618961735733195,0.658190568989612,,no_consistency,43,0
79,0.735614743232727,0.018997276299633,0.4489677737653255,0.8210158747434616,0.0001262017100816,0.3265968741476536,0.8576725503802299,25.298115939000127,8.226999625336662e-05,0.7093034024164481,0.6205978169656996,0.5001363474433813,0.7093034024164481,0.5037568472982596,0.6487332011823909,0.6617750212839169,,no_consistency,43,0
89,0.6896115478873253,0.0180753990751691,0.4209971034526825,0.8108517098426818,0.0001066358572006,0.3067791842669248,0.8088667902350426,25.83339111100213,4.840776425613886e-05,0.7417167194696387,0.6427805019927848,0.5154270453680921,0.7417167194696387,0.5154270453680921,0.6711977411406238,0.6894068868164278,,no_consistency,43,0
99,0.6943338875472546,0.0184463081718422,0.4239788743853569,0.7791297918558121,0.0001280486003679,0.30865298576653,0.8105512446165085,25.88067939500252,2.221208867425096e-05,0.7053509320683871,0.6117479702893774,0.4841237438041219,0.7053509320683871,0.4956028692334593,0.6342901095662863,0.6551473247082577,,no_consistency,43,0
109,0.7202014471590519,0.0156509072880726,0.4383812510967255,0.7925338414311409,8.904222725504951e-05,0.3188135357946157,0.8364526256918907,25.68725213700236,5.659799953612438e-06,0.7319197715806144,0.6390253216049402,0.5176215634448136,0.7319197715806144,0.5176215634448136,0.6675346297893924,0.682621615774332,,no_consistency,43,0
119,0.6891024090349674,0.0164712427929043,0.4200499583780765,0.7892024964094162,7.116153823062632e-05,0.306881058961153,0.8058548268675804,27.36090439100008,0.0,0.729908300404177,0.6358950360778254,0.513515296109152,0.729908300404177,0.513515296109152,0.6642615117201472,0.680065020676769,,no_consistency,43,0
9,0.9116379410028458,0.1350163234770298,0.6009893202781678,0.6785326844453812,0.0278077673539519,0.3686104770004749,1.0388434553146362,25.53869560500243,0.0002990896015976,0.4241499409408263,0.4011926484803756,0.3404028452819648,0.4241499409408263,0.3717243130842242,0.4077036914160765,0.4088880436368049,,shuffled_quality,43,0
19,0.8179803729057312,0.0419310458004474,0.5075606632232667,0.7735724419355392,0.0076050781225785,0.3447374577820301,0.93356856405735,25.33520506199784,0.0002889741100822,0.4200507366464238,0.3598704175694593,0.2920845295562347,0.4200507366464238,0.3674759865057196,0.2920845295562347,0.3892000202143155,0.0176647317060269,shuffled_quality,43,0
29,0.7698564419150352,0.025299330051057,0.4720336148142814,0.8017166671156883,0.0020720067108049,0.3353241831064224,0.8882993060350418,25.20206897900061,0.0002683710764094,0.468295511490832,0.409702638031951,0.3214523987390901,0.468295511490832,0.3396832230802815,0.4211291795247394,0.4360333381779935,0.003331201558467,shuffled_quality,43,0
39,0.7624399161338806,0.0229763790173456,0.466654519289732,0.8254483360052108,0.000615839017264,0.3356862980127335,0.8853078144788742,25.90228192900031,0.0002388352878997,0.6163591344517805,0.5397150916417012,0.4141037499450351,0.6163591344517805,0.4616550414378149,0.5411310990355082,0.5731403831580821,0.0019568303760024,shuffled_quality,43,0
49,0.7207905489206314,0.0196093661035411,0.4403180947899818,0.7939706352353096,0.0002466507744247,0.3175730633735656,0.8376038131117821,26.58432333499877,0.0002025956332789,0.6600572266758674,0.5563692619123706,0.4151074931840036,0.6600572266758674,0.4375246703798242,0.5715258886814204,0.6044558638976321,0.0015163084957021,shuffled_quality,43,0
59,0.6821929578483105,0.0187557396525517,0.4168180878460407,0.781539560854435,0.0001398233793224,0.2999883881956339,0.79526312738657,25.906786703999387,0.0001623869018208,0.7011569180081217,0.6158986583505288,0.4973004613690319,0.7011569180081217,0.5144992586698961,0.632039798373568,0.6551937944469349,0.0014784787220742,shuffled_quality,43,0
69,0.7139357030391693,0.0168739009206183,0.4351110027730465,0.7629300910234451,0.0001014175693308,0.3172316747903824,0.8289812421798706,25.682799776997854,0.0001212434052114,0.7257880472167147,0.625680163194389,0.4796401542332473,0.7257880472167147,0.5148994507445731,0.636352991621879,0.6711408927116702,0.0017024191068594,shuffled_quality,43,0
79,0.7363327303528786,0.0189050731295719,0.4493616843223572,0.8211010760068893,0.0001308732914003,0.3267289555072784,0.858726858496666,25.90907700900061,8.226999625336662e-05,0.6928385738732974,0.6088754019844573,0.49242827539855,0.6928385738732974,0.5024120312131243,0.6313756008669502,0.6476085924591706,0.0025978241990378,shuffled_quality,43,0
89,0.6897622027993202,0.0175356591213494,0.4208716028928757,0.8107869333028793,0.000104590115734,0.3071153108775615,0.8094973775744438,23.39147340300042,4.840776425613886e-05,0.7297454703021974,0.6391184233092159,0.5207221082191945,0.7297454703021974,0.5293741387518437,0.6582356608736065,0.6816550199960026,0.002132699970225,shuffled_quality,43,0
99,0.6939106753468514,0.0181446650484576,0.4236042885482311,0.783652625977993,0.0001284931093505,0.3080986031144857,0.8104942435026169,23.27866122100022,2.221208867425096e-05,0.7032896056962795,0.6135201727033741,0.4944921204413761,0.7032896056962795,0.5047551530201748,0.6325157593936681,0.6554790272729176,0.0020983041134786,shuffled_quality,43,0
109,0.7197372569143772,0.0155122694512829,0.4380472800135612,0.7954294365644455,9.864837751138112e-05,0.3185202444344759,0.8364924564957619,23.410509919001925,5.659799953612438e-06,0.7314287079860802,0.6414799772652404,0.5227296445623617,0.7314287079860802,0.5272754557520063,0.6657357680576351,0.6835741824274564,0.0018852758302091,shuffled_quality,43,0
119,0.689642648845911,0.0161659254715777,0.4202519743144512,0.7929663094878197,7.327621712647669e-05,0.3073556207120418,0.8073000338673592,26.34345039800246,0.0,0.7297349222412549,0.6415533716827515,0.5219093058648491,0.7297349222412549,0.5277039536784716,0.6672212391285274,0.6824978954360633,0.0019607130693975,shuffled_quality,43,0
9,0.9132205307483672,0.1478942342102527,0.6070900350809098,0.6703203547000885,0.0029000084020663,0.3633979985117912,1.0376650708913804,22.571084495000832,0.0002990896015976,0.4920124984501489,0.4398914644742621,0.3505424229858264,0.4920124984501489,0.3798449225163514,0.4478169724562857,0.4622291807109505,,matched_moment_fusion,43,0
19,0.8288891726732254,0.0481923398375511,0.5166104573011399,0.7682224959135056,0.0015494640148244,0.3425180156528949,0.9443332982063294,23.3879895680002,0.0002889741100822,0.4705671833590862,0.4335172355175495,0.3678489708717412,0.4705671833590862,0.415706948004756,0.4142775751888062,0.4491803777578907,0.0415254891844233,matched_moment_fusion,43,0
29,0.7745390367507935,0.0259400164801627,0.4750994497537613,0.7855192577838898,0.0005396155542985,0.3321524894237518,0.8865895330905914,22.882962165000208,0.0002683710764094,0.5286552644610533,0.4471551014283762,0.3385123379727877,0.5286552644610533,0.3576141049972529,0.4551959348268223,0.4851909229024235,0.0037934346543624,matched_moment_fusion,43,0
39,0.7682467225193977,0.0227585307694971,0.4700514657795429,0.8065898019075394,0.0003118810351224,0.3333992645144462,0.8845053726434707,20.11744034199728,0.0002388352878997,0.6111987344580656,0.545511857976375,0.4253438222708163,0.6111987344580656,0.451358360333477,0.5739784791375824,0.5729071802948335,0.0019003316981252,matched_moment_fusion,43,0
49,0.7270771840214729,0.0203681173059158,0.4443935759365559,0.7946160972118378,0.0001348538668025,0.3182535403966903,0.8424036461114883,20.577224427001056,0.0002025956332789,0.5984028742458752,0.5177419577550171,0.4014142294973806,0.5984028742458752,0.4149302302089142,0.5398927688102618,0.5545057348237683,0.0014408503954473,matched_moment_fusion,43,0
59,0.6816145536303521,0.0182065041083842,0.4162513506412506,0.7840233474969864,0.0001284829343001,0.2982088319957256,0.7931382855772973,19.970223380998505,0.0001623869018208,0.7114261546763129,0.6261859227514424,0.5069435597381795,0.7114261546763129,0.5187116292037303,0.6484199843742843,0.6654058256050384,0.0013467076228334,matched_moment_fusion,43,0
69,0.7134652245044708,0.0173202890111133,0.4350072681903839,0.7625552746653557,7.44839852268342e-05,0.3165820785611868,0.8281834220886231,20.48686435700074,0.0001212434052114,0.7059270304303124,0.6160089966167788,0.4904170029703056,0.7059270304303124,0.5055599347799992,0.6365400246400243,0.6574006175402516,0.0016740948694132,matched_moment_fusion,43,0
79,0.7362548047304154,0.0190847512008622,0.4493868033587933,0.8181504794955253,0.0001065457350046,0.3264121703803539,0.8581262668967247,19.822804317998816,8.226999625336662e-05,0.6965775152501813,0.6140753597792117,0.4877929934094413,0.6965775152501813,0.4966291516180637,0.6490194124693901,0.6509484164248165,0.0025345963578001,matched_moment_fusion,43,0
89,0.6918690651655197,0.0177800788474269,0.4222334915399551,0.8058947521448135,0.0001013754950827,0.3069618016481399,0.8102181327342987,19.95838601500145,4.840776425613886e-05,0.7238186567460602,0.6308243481200697,0.5052032876097277,0.7238186567460602,0.513790919398558,0.6548634682155906,0.6740588272446298,0.00214145931659,matched_moment_fusion,43,0
99,0.6953575840592384,0.0178779358323663,0.4243657404184341,0.778770986199379,0.0001604535743899,0.3079534365981817,0.8106128585338592,20.0368218299991,2.221208867425096e-05,0.7073142884348874,0.6224352373799596,0.497402530494464,0.7073142884348874,0.5148122840083299,0.6451791396966613,0.6608593973243667,0.0020428184709817,matched_moment_fusion,43,0
109,0.7209400297701358,0.0155940372485201,0.4388016487658024,0.7969552725553513,0.0001170485802049,0.3180696641653776,0.8369330951571464,20.382544278996647,5.659799953612438e-06,0.7191405164901016,0.634019923223356,0.5104127270664232,0.7191405164901016,0.5208051851264716,0.6621140680534948,0.67273155956771,0.0018019890677601,matched_moment_fusion,43,0
119,0.6933814471960068,0.0161210081283934,0.4224772877991199,0.7966306647658348,0.000113267110546,0.3074678332358598,0.8099967190623283,20.798894643001404,0.0,0.7204233354960795,0.635234782641066,0.5131862166369086,0.7204233354960795,0.5198164132334255,0.6654645991936928,0.6741430577536583,0.0019143705053375,matched_moment_fusion,43,0
9,0.8822266322374344,0.1006618472933769,0.5696007379889488,0.7309667593240738,0.0376145309954881,0.3617678575217724,1.006345997452736,23.56313269500004,0.0002990896015976,0.3551978668903968,0.3431684710587285,0.3132726389913227,0.3551978668903968,0.3400166374896433,0.3342909087961452,0.3473965253509889,,qmmf,44,0
19,0.8067829644680024,0.0370157220773398,0.498876087963581,0.8006791245937347,0.0085215069260448,0.341411097496748,0.922125678062439,22.023961234999888,0.0002889741100822,0.6058384602444172,0.5314151221405973,0.4160983580435549,0.6058384602444172,0.4662659144673333,0.5221409917100407,0.564537448593185,0.006722509083338,qmmf,44,0
29,0.7551267701387405,0.023766411775723,0.4625826467573642,0.805547109246254,0.00190259436029,0.3273684960603714,0.8710426586866379,22.98202239400007,0.0002683710764094,0.6901717805631562,0.6038404288498535,0.4785782402086218,0.6901717805631562,0.5034962655311755,0.6178532404552285,0.6431130210137119,0.0022083462192676,qmmf,44,0
39,0.7201792898774148,0.0210026099532842,0.4405086362361908,0.8336697244644165,0.0005051953284419,0.3170912743359804,0.8412431854009629,24.40513604200009,0.0002388352878997,0.684862525141412,0.58545869116404,0.4385083508598615,0.684862525141412,0.4771436126512098,0.5943699356994981,0.6304059575200454,0.0012551948982581,qmmf,44,0
49,0.692098641693592,0.016896255693864,0.4220177067816257,0.7508678194880486,0.0001761547943897,0.3050867483019829,0.8024083814024925,22.842011947000174,0.0002025956332789,0.6582474538189729,0.5786743447707564,0.4590534987136629,0.6582474538189729,0.4954685843052918,0.582306996188004,0.6144561255939769,0.0010416827863809,qmmf,44,0
59,0.7299411135911942,0.0147235353570431,0.4438540990650654,0.7821755591034889,0.0001020767637965,0.3225812943279743,0.8448834410309791,24.499515138999868,0.0001623869018208,0.7025820521090486,0.6091205862590303,0.4733420113068189,0.7025820521090486,0.507418564785375,0.6173611418826672,0.6516196082738202,0.0011269492675273,qmmf,44,0
69,0.6960640576481819,0.0150533821200951,0.4236598020792007,0.7557884508371353,7.056352109430008e-05,0.3091240939497948,0.8086630326509475,25.273461995999696,0.0001212434052114,0.720629861156321,0.6305925191093621,0.5067895183550593,0.720629861156321,0.5165167531426871,0.6546309430290782,0.6722346242621072,0.0014838383288224,qmmf,44,0
79,0.6955320432782173,0.0180767552508041,0.4245499467849731,0.7904214054346085,5.493509981533862e-05,0.3093433552980423,0.8133689987659455,24.47710626299977,8.226999625336662e-05,0.6932411810490041,0.6076506736790924,0.4905943017159666,0.6932411810490041,0.5032488469608313,0.626461993027442,0.6472993409047268,0.0021540472439846,qmmf,44,0
89,0.6929391217231751,0.0179061195719987,0.4229259392619133,0.8100330626964569,7.112662326107965e-05,0.3082623644918203,0.8126421445608139,23.84119872799965,4.840776425613886e-05,0.690745783382089,0.6061674818827256,0.4953622069268431,0.690745783382089,0.5052654620315944,0.6224912002344934,0.6458339352867555,0.0022348799721657,qmmf,44,0
99,0.6891926704347133,0.0181330811977386,0.4207688511908054,0.7900634425878524,8.187901132259867e-05,0.3076277177035809,0.8078814828395844,24.442037335999885,2.221208867425096e-05,0.7200948003841976,0.6305206322659396,0.5123840049670335,0.7200948003841976,0.5154380578069969,0.6560290386066238,0.6724514704070038,0.0023723602386053,qmmf,44,0
109,0.6924047718942166,0.0136768221412785,0.420913610085845,0.7477881407737732,4.883219292423746e-05,0.3079144310951233,0.8039301593601703,24.09846896199997,5.659799953612438e-06,0.7246321555669493,0.632449717918187,0.5143800788965865,0.7246321555669493,0.5171214147174386,0.6555955834701732,0.6759522166052844,0.0016042951361748,qmmf,44,0
119,0.706217634677887,0.0167685078352224,0.4304379993677139,0.745223813354969,5.631038326100679e-05,0.3137068983912467,0.8190747621655464,22.68775436099986,0.0,0.7225460742015498,0.6332953070860878,0.5188717388398899,0.7225460742015498,0.5217862621338977,0.6555535849228159,0.6754034105307453,0.0020233292799451,qmmf,44,0
9,0.919119980931282,0.1563944317400455,0.6140297824144363,0.7015973117947578,0.0030550573242362,,0.6843422657251358,23.516615236000007,0.0002990896015976,0.3719522853348833,0.3558730600683394,0.3074304961304047,0.3719522853348833,0.3327350465296199,0.362931848340515,0.3606763388344722,,hemis,44,0
19,0.8591704392433166,0.0637347808666527,0.5409961968660355,0.7852933627367019,0.001668464395334,,0.6306746578216553,24.19374360300003,0.0002889741100822,0.427658394202688,0.3931834563675983,0.3161467037640977,0.427658394202688,0.3327394433674125,0.4191525315326943,0.406164743808302,0.0553285195329226,hemis,44,0
29,0.7969962212443352,0.0359713303297758,0.4925862899422645,0.8192540973424911,0.00045591209142,,0.5753417745232582,24.25191579899979,0.0002683710764094,0.4896267822140009,0.4393619913448466,0.34559727411776,0.4896267822140009,0.3542562541336264,0.4742029376869123,0.4601443941436305,0.004036389789544,hemis,44,0
39,0.7772836354374886,0.0318533523473888,0.4791115412116051,0.8613878011703491,0.0001242021627149,,0.5655921706557274,25.38335203699989,0.0002388352878997,0.5754627786016714,0.4898857608782662,0.3631378151266652,0.5754627786016714,0.3858342082489425,0.508360295784185,0.5285571769371492,0.0016781612543854,hemis,44,0
49,0.7458902624249458,0.026870622751303,0.458282424211502,0.8083280712366104,8.735872700412983e-05,,0.5394179236888885,24.522544354000047,0.0002025956332789,0.6122932478566364,0.5421150132897516,0.4131443742396894,0.6122932478566364,0.4290850205011813,0.5849667715114374,0.5713248901248762,0.0014916086854645,hemis,44,0
59,0.7809388449788094,0.0247638703370466,0.4784688767790794,0.8131052276492119,8.215412653953536e-05,,0.5601161313056946,25.598379552000097,0.0001623869018208,0.6413096522855112,0.5315202458703112,0.3779955181827377,0.6413096522855112,0.3847920581362745,0.5684590271891478,0.5820414169506738,0.0016631211326603,hemis,44,0
69,0.7448979988694191,0.0226284780050627,0.4559902110695839,0.8076109164953231,5.238485404731818e-05,,0.537091406583786,25.401252058999944,0.0001212434052114,0.6067209011731104,0.5358084328198802,0.4208174012361816,0.6067209011731104,0.4426937865886562,0.5580106106978736,0.5668568106734485,0.0016874212022958,hemis,44,0
79,0.7412337160110474,0.027450894084759,0.4557206067442894,0.8297895961999893,4.358668209988536e-05,,0.539211491048336,24.4796234989999,8.226999625336662e-05,0.5682000749953289,0.5196073069804044,0.4256369789974968,0.5682000749953289,0.4349802396534776,0.5556416062924064,0.5393659349910683,0.002548700030602,hemis,44,0
89,0.7391839531064034,0.0267517859535291,0.4542111064493656,0.8206670439243317,5.093738171240148e-05,,0.5367985144257545,23.84457539899995,4.840776425613886e-05,0.5603221196356257,0.5100654620033873,0.4198196484224794,0.5603221196356257,0.4311477106293009,0.5387265557452353,0.5311948752246396,0.0025907841041771,hemis,44,0
99,0.7339140197634697,0.0261905059125274,0.4508246302604675,0.816415983736515,4.87176546550927e-05,,0.5329487815499305,24.77761485400015,2.221208867425096e-05,0.627817637484845,0.5520023545905012,0.4392369089017889,0.627817637484845,0.4491189930510129,0.5790704332356458,0.5862149797582362,0.0024005684929215,hemis,44,0
109,0.7416537338495255,0.0225531386630609,0.4540135139226913,0.7869545823335647,3.915185268624555e-05,,0.533121393173933,21.948645829999805,5.659799953612438e-06,0.6111834913936759,0.5435915517790676,0.4413783790247305,0.6111834913936759,0.450188941871295,0.5694022220722322,0.5739253982723989,0.0020522977646555,hemis,44,0
119,0.7578558561205864,0.0262667758995667,0.4652202424407005,0.8303842759132385,4.990692886167381e-05,,0.5487450110912323,21.11803211300048,0.0,0.6180097627831581,0.5465757332014198,0.4395722735424536,0.6180097627831581,0.4482772324735448,0.5734402043475564,0.5787358049845662,0.0024192050042393,hemis,44,0
9,0.8706859147548676,0.0761691949516534,0.5528792479634285,0.6933932340145111,0.0002585782154403,,0.6222315010428429,20.56206478900004,0.0002990896015976,0.4825831661681467,0.3778408945509092,0.2959322379774052,0.4825831661681467,0.3457621123835987,0.3051774051009823,0.4324953918639013,,unet25d,44,0
19,0.8016991963982583,0.0379763551428914,0.4962100800871849,0.8035192295908928,0.0002484173233965,,0.5775640910863876,23.468961461999243,0.0002889741100822,0.5596581848236407,0.4518164063283962,0.3437385346629948,0.5596581848236407,0.3945547531705866,0.4012362809909612,0.5057136862590027,0.0049483131454326,unet25d,44,0
29,0.7562269362807273,0.0274620870687067,0.4647210110723972,0.8049758806824684,9.698492609302887e-05,,0.5456333881616593,23.657915200999923,0.0002683710764094,0.6909972897883021,0.5762342548884394,0.4296570641726723,0.6909972897883021,0.4973232284436863,0.5403822464333298,0.6304343567567803,0.0020497042924398,unet25d,44,0
39,0.7258732116222382,0.0232241535326465,0.444813605248928,0.8383017730712891,0.0001211381995108,,0.528990208953619,25.228185111999665,0.0002388352878997,0.646730345503568,0.5304143836988043,0.4015028764302839,0.646730345503568,0.4365699123970811,0.5079428931957639,0.5873128100548105,0.0017018309429113,unet25d,44,0
49,0.7000034520030022,0.0198884486616589,0.4279574705660343,0.7683420473337174,0.000144977029798,,0.5051751399040222,20.92330177500025,0.0002025956332789,0.6508990636761331,0.5327752088820429,0.4037070735672581,0.6508990636761331,0.4546891507094068,0.4927374122605889,0.5907427082270185,0.0018810735792794,unet25d,44,0
59,0.7441445586085319,0.0179074739408679,0.4536497434973717,0.7869468474388123,7.386541122173185e-05,,0.5327095112204552,21.28628556100012,0.0001623869018208,0.695643022961423,0.5845393865815358,0.4502623907552537,0.695643022961423,0.4825650619174688,0.5754100748657159,0.63777386882684,0.001806958669913,unet25d,44,0
69,0.7083808073401451,0.0184073674678802,0.4323914495110512,0.7876246628165245,0.0001183427249168,,0.5115954296290874,21.17430219200014,0.0001212434052114,0.6671133885845971,0.5392438024948478,0.4083428751381568,0.6671133885845971,0.4316009418494193,0.519017077050527,0.6028754614130283,0.0021779933128618,unet25d,44,0
79,0.7061149886250496,0.0220117527456022,0.4324737150967121,0.7866762751340866,0.0001697404885908,,0.5117502541840077,21.27264658399963,8.226999625336662e-05,0.6635256394722956,0.5637397408462427,0.44341156527532,0.6635256394722956,0.4724941911135232,0.5551993919529089,0.6115784624647822,0.0030021296702761,unet25d,44,0
89,0.7089139573276043,0.0209985351702198,0.4337478050589561,0.8072734007239342,0.0001462099794116,,0.5150818751752376,23.35801940600049,4.840776425613886e-05,0.6935522971786763,0.598643621040447,0.473884947234493,0.6935522971786763,0.493164125284149,0.6092144406585155,0.6431129593427891,0.002997074791474,unet25d,44,0
99,0.7009061521291733,0.0209864385123364,0.4289382800459861,0.7894233170151711,0.0001514563589807,,0.5084901621937752,24.369888191000427,2.221208867425096e-05,0.6935961473416543,0.596317145655834,0.4744103843752648,0.6935961473416543,0.4943623194207797,0.6009929702050686,0.6424938705392692,0.0030098823068692,unet25d,44,0
109,0.7067930319905281,0.0163919206475839,0.4306326062977314,0.7632181802392006,0.0001182750951556,,0.5073840616643429,24.53809053899932,5.659799953612438e-06,0.6961944718903682,0.6029273975706915,0.4811557478030714,0.6961944718903682,0.4952259009641135,0.6173618198575925,0.6467104771857355,0.0021186021620019,unet25d,44,0
119,0.7214195427298545,0.020640580196632,0.4411079733073711,0.7845090636610985,0.000144375882221,,0.520109256207943,25.043541241999264,0.0,0.6962438648914699,0.6028032158578279,0.4809133937993917,0.6962438648914699,0.4969097408643572,0.6152560418176568,0.6466786230721695,0.0027157705026775,unet25d,44,0
9,0.8961341434717178,0.1302731744945049,0.5897897797822952,0.6976332914829254,0.0982091074436903,0.3605862179398537,1.0250497829914094,23.373631790000218,0.0002990896015976,0.4520966177837171,0.427957576262219,0.3712549742643081,0.4520966177837171,0.4134868902362971,0.4182892207666428,0.4367707409753267,,no_quality,44,0
19,0.8140455049276352,0.0430281433090567,0.5056385800242424,0.782558780014515,0.0226765231415629,0.3414998802542686,0.9276899367570876,23.95559341399985,0.0002889741100822,0.6197518615143792,0.5340036962296195,0.4107171348659998,0.6197518615143792,0.4630621778589065,0.519197049315573,0.5731239392641134,0.0058088665315881,no_quality,44,0
29,0.7571089944243431,0.0262297946028411,0.4647573347389698,0.7860934728384018,0.0050203430326655,0.3273244044184685,0.8715834718942642,24.8673055700001,0.0002683710764094,0.6982783601309078,0.6028357348215853,0.4579023171441869,0.6982783601309078,0.4994175455065586,0.6108112988272895,0.6456079682394389,0.0032068362738937,no_quality,44,0
39,0.7203454497456551,0.0214811348170042,0.4407997411489486,0.8327715575695038,0.0016423862462397,0.3163209380209446,0.8408358004689217,24.60468293899976,0.0002388352878997,0.6734048780334355,0.5767827525848115,0.4288657250307013,0.6734048780334355,0.4693654219088389,0.5875779578121595,0.6199643250985749,0.0017792175558861,no_quality,44,0
49,0.6896580350399018,0.0176100576831959,0.4208388593792915,0.7480685475468636,0.0007308496488258,0.3041913664340973,0.8001098537445068,24.50886051399993,0.0002025956332789,0.6689278377341115,0.5807518895227721,0.4496466986686676,0.6689278377341115,0.4897202912570213,0.5836075395771837,0.6205469393641653,0.0011811519241746,no_quality,44,0
59,0.7317405691742898,0.0156146187079139,0.4452902048826218,0.7895771154761314,0.0003863707961863,0.3229831122606992,0.8475124689936638,24.760028491999947,0.0001623869018208,0.6998176946580584,0.6098833170605624,0.4807195284549548,0.6998176946580584,0.5084090729957133,0.6214231835279156,0.6509275647584992,0.0013106298286948,no_quality,44,0
69,0.6963524028658867,0.0148588476795703,0.4237549974024295,0.7667301973700523,0.0002364971213683,0.3088556079566478,0.8095891758799553,23.28049453299991,0.0001212434052114,0.7081331616002782,0.6070377057133426,0.4687427519844907,0.7081331616002782,0.482743958742696,0.6302359967970537,0.6538654838726188,0.0014686410270041,no_quality,44,0
79,0.6958379067480565,0.0186752211651764,0.4249728490412235,0.8034047394990921,0.0001800832719163,0.309162825345993,0.8149413195252418,22.472124313999306,8.226999625336662e-05,0.6954774439499833,0.6088717744362675,0.478727456011812,0.6954774439499833,0.4876386146804566,0.6434992646783627,0.6478207443020514,0.0022808013650319,no_quality,44,0
89,0.6943535383045674,0.0185750425234436,0.4240421567112207,0.7930355960130692,0.0001515614693926,0.3079212881624699,0.8117784941196442,22.8056901609998,4.840776425613886e-05,0.7091825123985614,0.6197938278214873,0.488770232027658,0.7091825123985614,0.5009052110792982,0.6492937599866019,0.6603246789883488,0.002519552803642,no_quality,44,0
99,0.6877291333675385,0.0183940918510779,0.4199951349198818,0.7843660202622413,0.0001421953115641,0.3065358537435532,0.8054574671387672,22.765225193999868,2.221208867425096e-05,0.7202876659365423,0.631872705955947,0.5044614452983062,0.7202876659365423,0.5104687746567638,0.6648616772745348,0.6721805558785401,0.0024138575300457,no_quality,44,0
109,0.6943437968194485,0.0143525740143377,0.4223473227769136,0.7596724247932434,0.0001356277214654,0.3090647151321172,0.8077431786060333,22.119449674999487,5.659799953612438e-06,0.7263307318333118,0.635495696048531,0.5062425323825767,0.7263307318333118,0.5119214149570112,0.6682349413552698,0.6770714011528041,0.0017855522527338,no_quality,44,0
119,0.7061342439055442,0.0160917922999942,0.4301172828674316,0.745182728767395,0.0001346579168603,0.3128226317465305,0.8178335791826248,23.916883860998496,0.0,0.7266426625384992,0.6368519280469332,0.5085803913147765,0.7266426625384992,0.5148940166138263,0.6690191049884743,0.6778992150686571,0.0018433038753198,no_quality,44,0
9,0.907634887099266,0.1462413086742162,0.6030774766206741,0.710634982585907,0.041785837188363,0.359103464782238,1.035333732366562,21.58097843900032,0.0002990896015976,0.4107718683173677,0.3926383193750465,0.339671805016356,0.4107718683173677,0.3733746553654808,0.3937684344422908,0.3982217973045702,,no_variance,44,0
19,0.8253957945108413,0.0478447625413537,0.5143753978610038,0.7773014432191849,0.0123711575660854,0.3427076455950737,0.9428423529863358,21.999045760001536,0.0002889741100822,0.6685076781405953,0.5648230096988142,0.4231459866076468,0.6685076781405953,0.4644639949012003,0.5614973560546468,0.6128661084547661,0.0370530749973841,no_variance,44,0
29,0.7626424938440323,0.025630346443504,0.4678376539051532,0.8177695819735527,0.0024951723031699,0.3275677379965782,0.8781758725643158,22.49434585600102,0.0002683710764094,0.6865287918691214,0.5934046758439853,0.453179172147951,0.6865287918691214,0.4905892693322259,0.6030959663306079,0.6352565950894635,0.0043438227474689,no_variance,44,0
39,0.7273264545202255,0.0222817257652059,0.4453085823357105,0.824896023273468,0.0005339932633796,0.3170376852154731,0.8452020895481109,25.6342097859997,0.0002388352878997,0.6683188375497607,0.56428722229851,0.4254748317244846,0.6683188375497607,0.4685792934903421,0.5559635358554275,0.612824952391858,0.0016976127744419,no_variance,44,0
49,0.6920686334371566,0.0170744376583024,0.422070972174406,0.7529605057835579,0.0001204915746347,0.3041032792627811,0.8016904380917549,24.604789364999306,0.0002025956332789,0.6452575964793476,0.5664496883033817,0.4491507584676482,0.6452575964793476,0.4882538647524385,0.5658376036783596,0.6020045402253879,0.0010705246681027,no_variance,44,0
59,0.7363246047496795,0.015209695714293,0.4478786590695381,0.7992830848693848,4.685173062171089e-05,0.3244798132777214,0.8525026682019233,26.77358536600149,0.0001623869018208,0.7123702428649263,0.6136867750846239,0.47283115183757,0.7123702428649263,0.5015592578766084,0.6271308245123366,0.6588112934281,0.0010677040840164,no_variance,44,0
69,0.6981799522042275,0.0151915424573235,0.4249846075475216,0.7640563413500786,2.8382500331645134e-05,0.310039042532444,0.811736815571785,25.803051861999847,0.0001212434052114,0.7134454983959032,0.6222955361059435,0.4939413703467418,0.7134454983959032,0.508918852223734,0.6445222576981932,0.6641500969039992,0.0015305681052086,no_variance,44,0
79,0.6968747371435166,0.0188810297462623,0.4256772708892822,0.8125117337703704,5.03486221532512e-05,0.3091139339655637,0.8165074950456619,25.38996210999904,8.226999625336662e-05,0.6941023017640102,0.5983940591691632,0.4695464794748876,0.6941023017640102,0.4822369507054846,0.6188429250379949,0.6429342467566438,0.0023129649308793,no_variance,44,0
89,0.694190439581871,0.0183672678098082,0.4238611862063408,0.808576706647873,4.399094736527332e-05,0.3087657611817122,0.8139552772045135,25.067165180000305,4.840776425613886e-05,0.6874668370185524,0.6002277456278826,0.4820082992750791,0.6874668370185524,0.4969594055097615,0.6162569943553343,0.6407492558270041,0.0023422944722369,no_variance,44,0
99,0.6904109066724777,0.0184309085342101,0.4216189242899418,0.7919513759016991,5.7900653675915234e-05,0.3078302703797817,0.8091348615288735,25.402322169999024,2.221208867425096e-05,0.7167721087894999,0.6278819848704106,0.5033378734293926,0.7167721087894999,0.5151814034378369,0.6516924423838947,0.6687616480777623,0.0024381706299027,no_variance,44,0
109,0.6952761732041836,0.0140727933798916,0.4227948354929685,0.7579314181208611,4.675106186709854e-05,0.3087211833894253,0.8076503701508045,24.64531356600128,5.659799953612438e-06,0.7207142262675427,0.6268991990411052,0.5013979992782872,0.7207142262675427,0.5136371134599463,0.6463462573958271,0.6706380954006859,0.0016943326723236,no_variance,44,0
119,0.7074366509914398,0.016874228104134,0.4312116986513137,0.7542491194605827,4.473649544479486e-05,0.3141982831060886,0.8212366035580635,26.169905471000675,0.0,0.7182340765630819,0.626261645991264,0.5025679598099408,0.7182340765630819,0.514492412582166,0.646058448828544,0.6690757357162225,0.0019973850740291,no_variance,44,0
9,0.9074280422925948,0.1466223372519016,0.6031057834625244,0.703469415307045,0.0419416748732328,0.3593459242582321,1.0348957341909408,22.10949077300029,0.0002990896015976,0.4045288559122881,0.3956667313419036,0.3354019593254807,0.4045288559122881,0.36186740442639,0.4206039336870327,0.394957528882492,,no_max,44,0
19,0.8240530616044999,0.047489052042365,0.5134274798631668,0.7692942273616791,0.0123664872627705,0.341551435738802,0.9385899633169176,22.55484988900025,0.0002889741100822,0.616363798302965,0.5258451757947993,0.3955623284356197,0.616363798302965,0.4545667155568907,0.5066050135245427,0.5671280645637807,0.0303164958453271,no_max,44,0
29,0.762808188199997,0.0263132119458168,0.4682102158665657,0.8039152348041534,0.0025660141929984,0.3277721792459488,0.8773595127463341,23.900396428000025,0.0002683710764094,0.699865076987976,0.5978570674852892,0.4528146345232549,0.699865076987976,0.4943475538685416,0.5993585715993496,0.6445576298906979,0.0042864368250593,no_max,44,0
39,0.7274074810743332,0.0218285426776856,0.4451759240031242,0.8418478775024414,0.0005373198870802,0.3172819852828979,0.8469760203361512,23.51632024399987,0.0002388352878997,0.7066442828203677,0.6031146333526872,0.4489956257057694,0.7066442828203677,0.4865934640852405,0.6161061531524532,0.6498205222686038,0.0015322655509226,no_max,44,0
49,0.696985491514206,0.0177972581190988,0.4253102155029774,0.7507799729704857,0.000124416856488,0.3072102600336074,0.8078330418467522,22.921737983999265,0.0002025956332789,0.6458454325676679,0.5749372706265601,0.4501458067170112,0.6458454325676679,0.4946732786465067,0.5842931006655059,0.6050030214002698,0.0011417474354675,no_max,44,0
59,0.7339026749134063,0.0146022159943822,0.4461825086176395,0.7887978413701058,3.552213874172594e-05,0.3235170948505401,0.8487777277827263,22.71437559799961,0.0001623869018208,0.7214020447571731,0.62150150625203,0.4783148502381706,0.7214020447571731,0.5088302476713623,0.6342722263275543,0.6671231637537299,0.0009827978501016,no_max,44,0
69,0.6991810616850853,0.0149793121835682,0.4255003793537616,0.7458371829986572,3.828330262535928e-05,0.3100973404943943,0.8104780617356301,23.37964176499917,0.0001212434052114,0.700636322392464,0.6139205845876131,0.4780285630830734,0.700636322392464,0.4969428690136687,0.6441825623567069,0.6523608251200697,0.0014735092783939,no_max,44,0
79,0.6949388267099857,0.017846412777435,0.424101880043745,0.8014218366146088,4.000793278464698e-05,0.3078859907388687,0.8125486096739769,22.8921393640012,8.226999625336662e-05,0.7079165957049738,0.6252690606317101,0.5067555368957368,0.7079165957049738,0.5191755007213347,0.6487150854688215,0.663006229302071,0.0020827647355508,no_max,44,0
89,0.6950041364133358,0.0181371497362852,0.4242573593556881,0.7968534183502197,4.772399877765565e-05,0.3092568741738796,0.8136741292476654,22.68339425700105,4.840776425613886e-05,0.6963447944698812,0.6149106779209215,0.4990002095525925,0.6963447944698812,0.510115074012745,0.6382721652801389,0.6521801010134644,0.0023608011194301,no_max,44,0
99,0.6906002770364285,0.0180577616556547,0.4215832881629467,0.7921033698320389,5.9265668091939006e-05,0.3085467071831226,0.8098093509674072,23.083710844999587,2.221208867425096e-05,0.7262228099650448,0.641914139704675,0.5248826724667423,0.7262228099650448,0.5298940450165516,0.6696255641324287,0.6807961951371037,0.0023302751900337,no_max,44,0
109,0.6963908691704274,0.0138210150552913,0.4233629435300827,0.7616537401080131,3.483104470660692e-05,0.3097091057151556,0.8095729061961174,22.28276665900012,5.659799953612438e-06,0.7319754056153894,0.6489865949740264,0.5309563927301236,0.7319754056153894,0.5326637259352837,0.6823206533714062,0.686976861134454,0.0016687087032482,no_max,44,0
119,0.7062321591377259,0.0165500325220637,0.4303593257069588,0.757891731262207,3.923026608958935e-05,0.3135348552465439,0.8200561770796776,25.649878583000827,0.0,0.7284194689796711,0.6463284747091279,0.5300111417014193,0.7284194689796711,0.5317198575392604,0.6788460976084522,0.683951337970683,0.0018542830159634,no_max,44,0
9,0.8821042865514755,0.1009001962840557,0.5696226727962493,0.7293378400802613,0.0375661087408661,0.3616107302904129,1.0060454976558686,22.55748397299976,0.0002990896015976,0.3685005400297794,0.3569836050735741,0.324081550784461,0.3685005400297794,0.3550492761181549,0.3474009990727881,0.3606035606183859,,no_consistency,44,0
19,0.8062657636404037,0.0366183410584926,0.4984068131446838,0.7948808342218399,0.0085326191363856,0.3402925014495849,0.9186140304803848,21.875118431000374,0.0002889741100822,0.6270998329248877,0.5359346483867299,0.4040610996378498,0.6270998329248877,0.4455961247823665,0.5351079874529353,0.5774464042347366,,no_consistency,44,0
29,0.7529863220453262,0.0240458257496356,0.4614101466536522,0.7977559354901314,0.0018520321173127,0.3272142232954502,0.8684925639629364,23.20734981100032,0.0002683710764094,0.7016242842548093,0.6097460828188943,0.4706866461716436,0.7016242842548093,0.4935353098018031,0.6340786544000706,0.6509670600157182,,no_consistency,44,0
39,0.7192323723435402,0.0207500591129064,0.4398394630849361,0.8273604097962379,0.0004962753079598,0.3169387009739876,0.8395390191674232,25.976819928999248,0.0002388352878997,0.6739291466003082,0.5783783167089803,0.4365041520405305,0.6739291466003082,0.4777486267950072,0.5834571767316256,0.6215213981769321,,no_consistency,44,0
49,0.6950168168544769,0.0174915355560369,0.4240067191421985,0.7508522117137909,0.0001762236032664,0.3060912784934044,0.8051920315623283,25.41898911000135,0.0002025956332789,0.6652705140752315,0.5819718325628108,0.4599749668859805,0.6652705140752315,0.4959629728940233,0.5846820107191778,0.6197513549025803,,no_consistency,44,0
59,0.7296967130899429,0.015037239647936,0.4438329423964023,0.7852232375741005,0.0001001975537292,0.3227920736372471,0.8451523545384407,25.86325252700044,0.0001623869018208,0.703578435615432,0.6091512172534161,0.4731886449308629,0.703578435615432,0.5076408956555426,0.6162343204892741,0.6522112910383703,,no_consistency,44,0
69,0.696595404446125,0.0150570031115785,0.4239800588786602,0.7499756145477295,6.979340698308078e-05,0.3092298802733421,0.8082109901309014,25.17291472899888,0.0001212434052114,0.7218187455419408,0.6257970675508742,0.4972759131687064,0.7218187455419408,0.5149760218074398,0.6405964353032418,0.6705579589072974,,no_consistency,44,0
79,0.6965341353416443,0.0184241782221943,0.4252901704609394,0.7859875595569611,5.516595031622273e-05,0.3098561856150627,0.8137478706240654,25.36197336999976,8.226999625336662e-05,0.6857135760207148,0.6011941207185809,0.4886956324452036,0.6857135760207148,0.5039690788569048,0.6138997072781228,0.6406559450725235,,no_consistency,44,0
89,0.6926748341321946,0.0183029662864282,0.4229261040687561,0.8006687831878662,6.610567887037177e-05,0.3079617878049612,0.8109580716490745,24.56680708499698,4.840776425613886e-05,0.6935923720446722,0.6064204892531524,0.4973465222803029,0.6935923720446722,0.5064225874386079,0.6192465082761776,0.6478162222307793,,no_consistency,44,0
99,0.6891369737684727,0.0182202047621831,0.4207702814042568,0.7943267220258713,7.065773927934061e-05,0.3075403881818056,0.8077468773722649,25.106708690000232,2.221208867425096e-05,0.7234570991550581,0.62950325615155,0.507926331177727,0.7234570991550581,0.5114085087841989,0.6536441605153929,0.6737178694562725,,no_consistency,44,0
109,0.6920541422069073,0.0138822492887265,0.4207854001224041,0.7442890012264252,4.606228547345381e-05,0.3080287131667137,0.8032453189790248,24.55858440800148,5.659799953612438e-06,0.7258405166141896,0.6313225790261082,0.5119035434632359,0.7258405166141896,0.5164881563856846,0.65163906407845,0.6760914380226698,,no_consistency,44,0
119,0.7068831899762154,0.0171193160203984,0.4309776557981968,0.7494800448417663,5.215357722590853e-05,0.3143796144425869,0.8203078785538673,25.520019035000587,0.0,0.7243890756607066,0.6325064860681879,0.5166469924957352,0.7243890756607066,0.5207019061642421,0.6524284763796147,0.6760500904664538,,no_consistency,44,0
9,0.8809419667720795,0.1001939310133457,0.5686427733302116,0.7239182358980178,0.0373578695580363,0.3606189887225628,1.0035214734077451,22.50617729000077,0.0002990896015976,0.4362557108606328,0.4132530840054628,0.369078667030876,0.4362557108606328,0.4113156467717501,0.3921878943840055,0.4226372184211061,,shuffled_quality,44,0
19,0.8054023617506028,0.036043408922851,0.4976588043570518,0.7977895337343216,0.0084283606708049,0.3393633195757866,0.9185406041145324,23.4347046139992,0.0002889741100822,0.6169317240568545,0.5198291559598145,0.3833727380041682,0.6169317240568545,0.4157553875856507,0.5268003562369382,0.5644450550224739,0.0065905407583341,shuffled_quality,44,0
29,0.7534671321511268,0.0241427192091941,0.4617373828589916,0.8100628620386123,0.0018703738262411,0.3274992808699608,0.8707857188582421,23.9262703409986,0.0002683710764094,0.711870948874244,0.6049567711041904,0.4362277367695047,0.711870948874244,0.4706115708937431,0.632387793544584,0.6522323743327539,0.002246252791956,shuffled_quality,44,0
39,0.7203811633586884,0.0208571493579074,0.4405715788900852,0.8264485573768616,0.0005103290037368,0.3170710912346839,0.8405474546551704,23.580367747999844,0.0002388352878997,0.682513220029207,0.582455347862383,0.4373111677365566,0.682513220029207,0.4694581117740902,0.595394711783852,0.6279756531498948,0.0011720852775033,shuffled_quality,44,0
49,0.6913691806793213,0.0173195215745363,0.4217493344843387,0.7449439176917076,0.0001733758998307,0.3040606342256069,0.8005328074097633,23.174525203001394,0.0002025956332789,0.6627034460364905,0.5779769849141728,0.4484579514092162,0.6627034460364905,0.4923664756785571,0.5788610330274707,0.6158609582370677,0.0010988722340698,shuffled_quality,44,0
59,0.729325747191906,0.0147663556772749,0.4435020069777965,0.7835379499197006,9.956153538951184e-05,0.3221801810711622,0.8442669382691383,23.64592820500184,0.0001623869018208,0.6982358579542566,0.6077138600956151,0.4751337351073721,0.6982358579542566,0.503361716751042,0.621544005581547,0.6487690463119757,0.0011298893012644,shuffled_quality,44,0
69,0.6954519036412239,0.0148184838588349,0.4231985521316528,0.7576128336787223,6.71480804157909e-05,0.3090592366456985,0.8083202224969864,23.47792513499735,0.0001212434052114,0.7364496376633908,0.6425481160616101,0.5143858367452504,0.7364496376633908,0.515569946348601,0.6756247641728383,0.6860728010910425,0.0014889392845088,shuffled_quality,44,0
79,0.6950969842076301,0.0180955232109408,0.4242964205145836,0.8017637819051743,6.700320488562284e-05,0.3090058771520853,0.8139108550548554,22.51538381100181,8.226999625336662e-05,0.7046295428453407,0.6184802731829793,0.4997638777850068,0.7046295428453407,0.5077824515797834,0.6430288251238139,0.6582981954405989,0.0021441334122573,shuffled_quality,44,0
89,0.6912016902863979,0.0179804837144911,0.4219132256507873,0.8019150385260582,7.996199430635897e-05,0.3076045032590627,0.8101680365204811,22.685479182000563,4.840776425613886e-05,0.6944841485053507,0.6141554945104226,0.500723134799301,0.6944841485053507,0.5044588065652614,0.6435235284606556,0.6510094509362673,0.0022739975316835,shuffled_quality,44,0
99,0.6883096222579479,0.0181742963870055,0.4202555118501186,0.7887014263868332,8.536655178431829e-05,0.307334489300847,0.8069372177124023,23.592222004001087,2.221208867425096e-05,0.7239532568948782,0.6357663959153202,0.5113621763524678,0.7239532568948782,0.5142054402805003,0.6691404905705826,0.6762380905467698,0.0023640016680747,shuffled_quality,44,0
109,0.6929904571175576,0.0137717234320007,0.4213029818236828,0.7557278862595558,5.380130901357916e-05,0.3079223506897688,0.8051275658607483,22.268571571999928,5.659799953612438e-06,0.7265070334114409,0.6362703579043981,0.5143521006026635,0.7265070334114409,0.5184566958305826,0.6638473444711711,0.6782205374784502,0.0016337565781122,shuffled_quality,44,0
119,0.7062024307250977,0.016877413552138,0.4304724386334419,0.7477217176556588,6.408833816749393e-05,0.3138369171321392,0.8194829198718071,21.984825824001742,0.0,0.7239587045462277,0.6363927786988678,0.5169460188693148,0.7239587045462277,0.5206671980655786,0.664552433484797,0.6769876582243284,0.0019909071733269,shuffled_quality,44,0
9,0.9252028012275696,0.1833767466247081,0.6284724020957947,0.6785897046327591,0.0038957739510806,0.364739828556776,1.0612659865617753,21.78006281000125,0.0002990896015976,0.4413269308331655,0.4166057705845014,0.3304509010807062,0.4413269308331655,0.3490612154725538,0.4594291654477846,0.4228229797833203,,matched_moment_fusion,44,0
19,0.8340936315059662,0.0510702950507402,0.5208843159675598,0.7398507073521614,0.0047195312124677,0.3404170370101929,0.9440178453922272,22.357459157999983,0.0002889741100822,0.6123160628590146,0.5193823321019102,0.3861029756814201,0.6123160628590146,0.4050183182319444,0.5408126152147715,0.5618146349141239,0.0424772748118266,matched_moment_fusion,44,0
29,0.7649674436450005,0.0270548844523727,0.4698024353384971,0.7933050480484962,0.0011842431564582,0.3273585066199302,0.8777303102612496,23.59731582399764,0.0002683710764094,0.7002676582115829,0.5982014408513676,0.4419255397114399,0.7002676582115829,0.4875668554165847,0.6067698089259348,0.643813581153504,0.0058982667839154,matched_moment_fusion,44,0
39,0.7251644167304039,0.0210864169849082,0.4435332342982292,0.820281218290329,0.0002838379722379,0.3161440010368824,0.8420419779419899,20.66867721900053,0.0002388352878997,0.6681970120362651,0.5678033771887743,0.4269410683572796,0.6681970120362651,0.4653326352617621,0.5698804842682951,0.6139533272141193,0.0016121297288918,matched_moment_fusion,44,0
49,0.6945219266414643,0.0171485464274883,0.4235725884139538,0.7573520541191101,9.051431296029476e-05,0.3061058446764946,0.8056341573596001,19.57687394999812,0.0002025956332789,0.6389544143626417,0.5636281101496642,0.4446841226326871,0.6389544143626417,0.491220172871476,0.5607097432148748,0.5969294939257529,0.0010799560732993,matched_moment_fusion,44,0
59,0.7329241126775742,0.0150583491998258,0.445777824819088,0.7808180049061775,5.414068435584341e-05,0.3227759979665279,0.846886323094368,20.35291293800037,0.0001623869018208,0.7114363373042404,0.61515428530279,0.4729902926291727,0.7114363373042404,0.5070902887958112,0.6269362298083183,0.6587071172362985,0.0012399700282367,matched_moment_fusion,44,0
69,0.6990006992220879,0.0149827391048893,0.4253935344517231,0.7499043443799018,5.305453473511079e-05,0.3094556567072868,0.8101388525962829,20.71969895300208,0.0001212434052114,0.7027311825864141,0.6136232477959253,0.4859612886076246,0.7027311825864141,0.4943532116383264,0.6437853491630355,0.6543218127513885,0.0014828795065568,matched_moment_fusion,44,0
79,0.6983911611139775,0.0188659563404507,0.4265810948610306,0.7926143389940262,6.37332646510913e-05,0.3103062114864587,0.8166159030795097,20.230279341001733,8.226999625336662e-05,0.6791886718750672,0.6001152215149348,0.4854105460491326,0.6791886718750672,0.4941177624039789,0.6270392302657584,0.636088824184434,0.0023198745090576,matched_moment_fusion,44,0
89,0.6955923019349575,0.0187058192351833,0.4248377266526222,0.8049105659127236,0.0001147678032293,0.3087405307590961,0.8145680600404739,19.315084877001937,4.840776425613886e-05,0.6907008079778101,0.6126156520362223,0.4944217475809622,0.6907008079778101,0.5085756061651004,0.6385705419657562,0.6476473551556489,0.0024650230766928,matched_moment_fusion,44,0
99,0.6902775274217129,0.0182707158382982,0.4214748208224773,0.7877264213562012,0.0001049673287434,0.3076503597944975,0.8083827793598175,19.921804721998345,2.221208867425096e-05,0.7163746388475171,0.6339674884735769,0.5122263751982052,0.7163746388475171,0.5197305283201749,0.6657972982530388,0.6712376673704038,0.002398553951707,matched_moment_fusion,44,0
109,0.6937646941840648,0.0140292421425692,0.4218705281615257,0.7388011187314987,5.7687584589984905e-05,0.3079477734863758,0.8040362426638603,19.298938215000817,5.659799953612438e-06,0.7149160265206357,0.6281150812285037,0.5062003949218283,0.7149160265206357,0.5158289640337118,0.6536002531311634,0.6680041797731153,0.0016747268248673,matched_moment_fusion,44,0
119,0.7065032857656479,0.0161230978590901,0.4303512242436409,0.742271426320076,7.444616461384613e-05,0.3133759947121143,0.8183134227991105,19.781723181000416,0.0,0.7182162536765458,0.6338995450864107,0.5120491886636315,0.7182162536765458,0.5211260749187335,0.6623563066639525,0.6723045345982138,0.0017767155619162,matched_moment_fusion,44,0
