epoch,dice,bce,seg,boundary,nested,deep_supervision,total,epoch_seconds,lr,val_full_macro_dice,val_mean_subset_macro_dice,val_worst_subset_macro_dice,val_macro_dice::t1+t1ce+t2+flair,val_macro_dice::t1+t2+flair,val_macro_dice::t1+t1ce+t2,selection_score,consistency,model,seed,fold
0,0.9746867430210112,0.6532614481449127,0.8461166542768478,0.7283077204227447,0.0495578376203775,0.5914580219984055,1.512883335351944,27.51506907800001,5.1e-05,,,,,,,,,qmmf,42,0
1,0.9687437200546264,0.4759150800108909,0.7716122949123383,0.6954866003990173,0.0283373701386153,0.4865248993039131,1.3291027176380157,24.866534855,0.0001009999999999,,,,,,,,,qmmf,42,0
2,0.9560945254564284,0.3843146482110023,0.7273826020956039,0.6945295321941376,0.0234629078768193,0.4590667870640754,1.2570754778385165,24.08150556800001,0.0001509999999999,,,,,,,,,qmmf,42,0
3,0.947257342338562,0.3449374821782112,0.7063294279575348,0.6806098836660385,0.0194021526817232,0.4374616551399231,1.212822185754776,24.45573884300001,0.0002009999999999,,,,,,,,,qmmf,42,0
4,0.9578228360414504,0.3007688298821449,0.6950012576580048,0.6738196778297424,0.0134873675089329,0.4300937792658806,1.1931513679027557,23.74847050400001,0.000251,,,,,,,,,qmmf,42,0
5,0.9418535089492798,0.2579959763586521,0.6683105176687241,0.6788613730669022,0.0096996393240988,0.4048124840855598,1.1414941197633743,24.104665065999995,0.0003,,,,,,,,,qmmf,42,0
6,0.9374012506008148,0.2144948747754097,0.6482387232780457,0.6784361308813095,0.0069594749109819,0.3892692691087723,1.1056995791196824,23.362897662000023,0.0002999430460537,,,,,,,,,qmmf,42,0
7,0.9286455792188644,0.176358286589384,0.6277306813001633,0.665959153175354,0.005799415288493,0.3715592634677886,1.066175833940506,23.80033725799996,0.0002997722274649,,,,,,,,,qmmf,42,0
8,0.9228746122121811,0.1496777218580246,0.6135958775877952,0.6880470436811447,0.0043578137340955,0.371978512853384,1.0545969885587692,24.04873280700008,0.000299487673951,,,,,,,,,qmmf,42,0
9,0.8917105144262314,0.1280024909228086,0.5862273281812668,0.6771677899360656,0.0062126305047422,0.3469166001677513,1.0011713373661042,23.664346282999983,0.0002990896015976,0.4429655935839252,0.427751792084355,0.3531186332342963,0.4429655935839252,0.3861441276343967,0.4541456550347429,0.4294167570990912,,qmmf,42,0
10,0.8964313942193985,0.1055154720693826,0.5800650480389595,0.6695732772350311,0.0048842595680616,0.3506599110364914,0.9979265010356904,24.579442170999982,0.0002985783126956,,,,,,,,,qmmf,42,0
11,0.8745293760299683,0.0894824068248272,0.5605106100440025,0.6865301203727722,0.004826362238964,0.3388531197607517,0.968258062005043,24.600122386999946,0.0002979541955104,,,,,,,,,qmmf,42,0
12,0.856867208480835,0.0776534835621714,0.5451817402243614,0.6909630998969079,0.0049589648144319,0.3262165196239948,0.9407425159215927,24.614305554,0.0002972177239878,,,,,,,,,qmmf,42,0
13,0.8549745982885361,0.0656058523803949,0.5392271181941033,0.6848120629787445,0.0048198898066766,0.3332718327641487,0.9412211507558824,25.31055126499996,0.0002963694573941,,,,,,,,,qmmf,42,0
14,0.8372817099094391,0.0571114907041192,0.525213643014431,0.7009337881207466,0.0042778422893024,0.3288646118342876,0.9243855276703834,23.50034061999997,0.0002954100398908,,,,,,,,,qmmf,42,0
15,0.8128724360466003,0.0502993344143033,0.5078432151675224,0.6968183952569962,0.0042459501349367,0.3170044378936291,0.8947417896986007,24.62710073900007,0.0002943402000463,,,,,,,,,qmmf,42,0
16,0.8244252318143844,0.0427636422775685,0.511760616004467,0.722015663087368,0.0033595666615292,0.3286665211617947,0.9127966845035552,23.88567063000005,0.0002931607502819,,,,,,,,,qmmf,42,0
17,0.8069621711969376,0.0408327847346663,0.5005104383826255,0.7161258459091187,0.0029479972831904,0.3208796092122793,0.8931500282883644,24.177190139000004,0.000291872586255,,,,,,,,,qmmf,42,0
18,0.8397749388217925,0.0446931519173085,0.5217422437667847,0.7958772593736648,0.0024137933854945,0.3526223781704902,0.9656723523139954,24.739238202000024,0.0002904766861795,,,,,,,,0.0579965383559465,qmmf,42,0
19,0.8234954887628555,0.0440569342300295,0.5117200866341591,0.7796007195115089,0.0019907006330322,0.3435274624824524,0.9365394407510758,22.55810038300001,0.0002889741100822,0.6056960939873185,0.5243588322912944,0.4068620432871064,0.6056960939873185,0.4261766625785925,0.5412037403079725,0.56141151040849,0.0161614250554703,qmmf,42,0
20,0.8011870998144149,0.0411779524572193,0.4971834602952003,0.7709639409184456,0.0017820914980256,0.3361063793301582,0.9121044671535492,25.248042338999998,0.0002873659989982,,,,,,,,0.008145653582178,qmmf,42,0
21,0.8051541012525558,0.0362782344035804,0.4976037746667862,0.8030750674009323,0.0014151627611136,0.3371956051886082,0.9166898423433304,25.35763784200003,0.0002856535741046,,,,,,,,0.0075609997473657,qmmf,42,0
22,0.7642901763319969,0.0354522656276822,0.4727550302445888,0.7776077824831009,0.001239616057137,0.319996962249279,0.8718945860862732,26.01166496199994,0.0002838381357927,,,,,,,,0.006599178770557,qmmf,42,0
23,0.7744402474164963,0.0322888532094657,0.4775797095894813,0.7830726981163025,0.0009466620284365,0.3254450872540474,0.8825365960597992,25.06930123699999,0.0002819210626809,,,,,,,,0.0057859798334538,qmmf,42,0
24,0.7763128331303597,0.0292293538246303,0.4774794596433639,0.7772421127557755,0.0008426962365047,0.3291394257545471,0.8853951346874237,25.014101106999988,0.0002799038105676,,,,,,,,0.0050495040789246,qmmf,42,0
25,0.7847754588723183,0.0257544652093201,0.4811670804023742,0.7715980684757233,0.0006912752790958,0.3327295409142971,0.8920222383737564,25.22078113800012,0.0002777879113257,,,,,,,,0.0046562495571561,qmmf,42,0
26,0.7457248392701149,0.0285681548900902,0.4588621827960014,0.7798365709185601,0.0005995496151444,0.3180985516309738,0.8558558130264282,25.597316801000037,0.0002755749717393,,,,,,,,0.0044072065385989,qmmf,42,0
27,0.7720531654357911,0.0267620728490874,0.4739367470145225,0.7942141669988633,0.0005458955235371,0.3321522064507007,0.8864213845133782,25.41776868300008,0.0002732666722837,,,,,,,,0.0044185892306268,qmmf,42,0
28,0.7642956873774529,0.0279137588012963,0.4697429376840591,0.7958652952313423,0.0004699977367999,0.3277582339942455,0.8779140049219132,23.926784451999996,0.0002708647658491,,,,,,,,0.0040139898448251,qmmf,42,0
29,0.7402781429886818,0.0284976942371577,0.4555659821629524,0.8134616082906723,0.0004116609346237,0.319801571816206,0.8574365293979644,23.24439600899996,0.0002683710764094,0.6805252775214784,0.5750469835495744,0.4199175800083339,0.6805252775214784,0.4539824805828691,0.5906331925443756,0.6228210195785927,0.0035111681954003,qmmf,42,0
30,0.7400330096483231,0.0261541343759745,0.4544814758002758,0.7869298684597016,0.0003544353483812,0.3188907565176487,0.8526879042387009,24.862782640999967,0.0002657874976374,,,,,,,,0.003024810020579,qmmf,42,0
31,0.7501919004321098,0.0227160459943115,0.4592015770077705,0.7817358186841011,0.0002713303098607,0.3257846752554178,0.8636874631047249,25.728230290999814,0.0002631159914665,,,,,,,,0.0025702951301354,qmmf,42,0
32,0.7639682149887085,0.0230286480486392,0.4675924055278301,0.790988153219223,0.0001768614812681,0.3298104435950517,0.8769812422990799,25.744860587999938,0.0002603585866009,,,,,,,,0.0023536877613514,qmmf,42,0
33,0.724134281873703,0.0239475476089864,0.4440596026182175,0.7930990600585938,0.0001604978868635,0.3155684822797775,0.8393780893087387,24.84516825300011,0.0002575173769752,,,,,,,,0.002160391069483,qmmf,42,0
34,0.7283491370081902,0.0246095498977229,0.4468533192574977,0.7993530827760696,0.0002291798386795,0.3168737897276878,0.8441146403551102,25.185703086000103,0.000254594520164,,,,,,,,0.0022038218600209,qmmf,42,0
35,0.755234112739563,0.0214198696659877,0.4617084360122681,0.7902695852518081,0.0001345480357576,0.3288755144178867,0.8699514234066009,25.31381227099996,0.0002515922357438,,,,,,,,0.0016690014232881,qmmf,42,0
36,0.7306034243106843,0.0232096633361652,0.4476459364593029,0.7907139527797699,0.0001681690152599,0.3190691637992859,0.8462069079279899,24.426887244,0.0002485128036071,,,,,,,,0.0020600021083373,qmmf,42,0
37,0.7240831491351127,0.021951212179847,0.4432303939759731,0.7919919312000274,0.0001536889053863,0.31722825050354,0.8399882784485817,23.074099545999843,0.0002453585622314,,,,,,,,0.0016137551233987,qmmf,42,0
38,0.7317659571766854,0.0222459492273628,0.4479579707980156,0.7625122171640396,0.0001178678621545,0.3211266250908375,0.8457256656885147,22.907225372000084,0.0002421319069034,,,,,,,,0.0019197885270114,qmmf,42,0
39,0.7156535808742046,0.0209627070860005,0.4377772508561611,0.7881474789977073,0.0001084134548045,0.3137927129864692,0.8307272964715957,22.73641717600003,0.0002388352878997,0.6919153857661575,0.5937632928389347,0.4736299738206637,0.6919153857661575,0.4822648776815386,0.607109615069108,0.6406412166934413,0.0016858218895504,qmmf,42,0
40,0.7071579313278198,0.0228774745203554,0.4334457655251026,0.815361521244049,0.0001220683074609,0.3105953954160213,0.8260074588656425,24.321449164000114,0.0002354712086265,,,,,,,,0.002120179523481,qmmf,42,0
41,0.7421098375320434,0.0230905734794214,0.4545021495223045,0.7867705500125886,0.0001297633776221,0.3265508230030536,0.8601609534025192,25.21751885200001,0.0002320422237183,,,,,,,,0.002122170713992,qmmf,42,0
42,0.7438547471165657,0.0212478380580432,0.454812004417181,0.8084656521677971,0.0001142921030285,0.3267227665334939,0.8627327701449394,24.7036187130002,0.0002285509370981,,,,,,,,0.0017286072946444,qmmf,42,0
43,0.732158076763153,0.0220619371230714,0.4481196373701095,0.8018944185972213,0.0001049683409632,0.3205887416005135,0.8493160545825958,25.076036445,0.000225,,,,,,,,0.0020648909160809,qmmf,42,0
44,0.7099906155467033,0.0218023470882326,0.4347153271734714,0.78578433573246,7.634949360635801e-05,0.3125658611953258,0.8262100344896317,24.263698326000167,0.0002213921089555,,,,,,,,0.0017329852594411,qmmf,42,0
45,0.7359830403327942,0.0184345324989408,0.4489636574685574,0.8126016250252723,6.95638669805021e-05,0.3226538099348545,0.8531567740440369,25.116655478999974,0.0002177300037466,,,,,,,,0.0013782951203029,qmmf,42,0
46,0.7371991676092148,0.0194762085215188,0.4501100006699562,0.7899984419345856,9.697048150883349e-05,0.3245458531379699,0.854005537033081,24.013779774000117,0.0002140164653244,,,,,,,,0.0017249444768094,qmmf,42,0
47,0.7233499571681022,0.020858044726774,0.442353208065033,0.7943989783525467,8.450779718302215e-05,0.3188713177293539,0.8410848626494407,22.794098600000098,0.0002102543136979,,,,,,,,0.0020810527623689,qmmf,42,0
48,0.7246359306573867,0.0193840099917724,0.4425351789593696,0.8013711705803871,6.588110774146117e-05,0.3177366288006306,0.8408109003305435,23.24946831200009,0.0002064464057921,,,,,,,,0.0019934082047984,qmmf,42,0
49,0.6936337807774544,0.0194950286555103,0.4239782981574535,0.776089226603508,8.06703074161419e-05,0.3074672892689705,0.8094046592712403,23.17864982599985,0.0002025956332789,0.6941822602295606,0.6018486968902299,0.471371725955451,0.6941822602295606,0.4984564837361975,0.6129073467049316,0.6442011378003504,0.0017305505052718,qmmf,42,0
50,0.7008386020362377,0.0186367155821062,0.427957864254713,0.7696969106793403,6.136076710021143e-05,0.3087195003032684,0.8139996531605721,24.94936706999988,0.0001987049203807,,,,,,,,0.0017476580894071,qmmf,42,0
51,0.6967444887757301,0.0181439386098645,0.4253042836487293,0.8033169370889663,6.989677742467392e-05,0.3076015077531338,0.8135713732242584,24.13135789099988,0.0001947772216502,,,,,,,,0.0016519701508514,qmmf,42,0
52,0.7177951015532017,0.0195727881346829,0.4385061921179294,0.8060769307613372,7.029275443244387e-05,0.3171258974075317,0.8365878564119339,25.08587571599992,0.0001908155197268,,,,,,,,0.0017227886474574,qmmf,42,0
53,0.715171245187521,0.0193551363819278,0.4368448206782341,0.7631525713205337,9.155515756901876e-05,0.3169748498499393,0.8305014353990555,24.87372866800024,0.0001868228230711,,,,,,,,0.0018096182897716,qmmf,42,0
54,0.7056273518502713,0.0188314650370739,0.4309090137481689,0.7814812532067299,5.7635657872197046e-05,0.3113483922183513,0.8207625156641006,25.75942014800012,0.0001828021636809,,,,,,,,0.001770501796127,qmmf,42,0
55,0.7342905557155609,0.0189689460536465,0.4481619302928448,0.7902579998970032,7.167716119965917e-05,0.324923847913742,0.8524925994873047,23.853497437999977,0.0001787565947885,,,,,,,,0.0018871818829211,qmmf,42,0
56,0.7300589099526406,0.0191672932589426,0.4457022824883461,0.8121455705165863,5.07625871455275e-05,0.3231152142584323,0.8503837805986404,23.20552132900002,0.0001746891885421,,,,,,,,0.0017459221242461,qmmf,42,0
57,0.7386779740452767,0.0155923874536529,0.4494437582790851,0.782086076438427,3.6365032251559626e-05,0.3256315353512764,0.853597748875618,22.8240008570001,0.0001706030336727,,,,,,,,0.0015601257980233,qmmf,42,0
58,0.677199529260397,0.0185763185448013,0.4137502594292164,0.7908839333057404,6.92164333531764e-05,0.2992254889011383,0.7924262803792953,22.148663575000228,0.0001665012331491,,,,,,,,0.0017933818022174,qmmf,42,0
59,0.6869142210483551,0.0166492061549797,0.4188082325458526,0.7516465225815773,4.744570403801163e-05,0.3047767252475023,0.7990966853499413,24.20188579700016,0.0001623869018208,0.7064851715497585,0.6050139041983935,0.4758490781000379,0.7064851715497585,0.48975186619581,0.6188046748496122,0.6529801819993769,0.0017235138980322,qmmf,42,0
60,0.678792099058628,0.0187284248287323,0.4147666449844837,0.7739449340105057,7.307683341380767e-05,0.3009724370390176,0.7935329088568688,23.824520740000025,0.0001582631640533,,,,,,,,0.0019784034399708,qmmf,42,0
61,0.7108534729480743,0.0151831538719125,0.4325853615999221,0.7477878478169441,4.538582414852499e-05,0.3145736591517925,0.8222435355186463,25.154804934000367,0.0001541331513552,,,,,,,,0.0015172824927867,qmmf,42,0
62,0.6965853837132454,0.0162054501660168,0.4244334249198436,0.7724206545948982,6.422930076041666e-05,0.3060933382809162,0.8081243246793747,25.04685307900036,0.00015,,,,,,,,0.00176142881357,qmmf,42,0
63,0.7107315081357956,0.018001620019786,0.4336395689845085,0.8039516711235046,7.805455201491896e-05,0.3145902980864048,0.8290246489644051,24.34252392899998,0.0001458668486447,,,,,,,,0.0019785568389488,qmmf,42,0
64,0.6772538360953331,0.0177423982578329,0.4134492763876915,0.7700941956043243,6.365632764300244e-05,0.3001581259071827,0.790984602868557,22.760561118999703,0.0001417368359466,,,,,,,,0.0018229957497896,qmmf,42,0
65,0.6794263835251332,0.0163903581118211,0.4142119878530502,0.7652853333950043,6.548670076426788e-05,0.3004919402301311,0.7915524128079414,22.753441861999818,0.0001376130981791,,,,,,,,0.0015833849577029,qmmf,42,0
66,0.740194029211998,0.0167692502797581,0.4508241353929043,0.7715652284026145,7.938026883095972e-05,0.3291563019156456,0.857526418864727,21.396903602999828,0.0001334987668508,,,,,,,,0.0019274822148872,qmmf,42,0
67,0.6929447096586228,0.0175066400086507,0.4227694986760616,0.7725411766767502,5.144753426975512e-05,0.3054423302412033,0.805819288790226,22.53535622500021,0.0001293969663272,,,,,,,,0.0017538502043498,qmmf,42,0
68,0.7127874507009984,0.0179256409569643,0.4348427455127239,0.7835805901885032,5.653280528349569e-05,0.3166885239630937,0.8302395397424698,23.541071996000028,0.0001253108114578,,,,,,,,0.001736943258893,qmmf,42,0
69,0.7239587730169297,0.01444728081231,0.4401541922986507,0.775338661968708,4.08552498976178e-05,0.3196252816915512,0.8375846749544144,24.71491460700008,0.0001212434052114,0.7127958407317463,0.6117573810826237,0.4711308904940837,0.7127958407317463,0.4882318432716541,0.6342444592444706,0.6583178078132432,0.0013464591544016,qmmf,42,0
70,0.6788881635665893,0.0164161534723825,0.4138993740081787,0.7949470722675324,4.0590886621885145e-05,0.3005841089785099,0.7943086129426956,24.17824119800025,0.000117197836319,,,,,,,,0.0016419428708468,qmmf,42,0
71,0.7008533221483231,0.0161747011914849,0.4269818912446499,0.7669497430324554,5.384596407061792e-05,0.3094919890165329,0.8135328185558319,24.828123753,0.0001131771769288,,,,,,,,0.001806348428845,qmmf,42,0
72,0.6998922353982926,0.0187812805944122,0.4274478720128536,0.7543896076083183,8.273473852455027e-05,0.3113730099797249,0.8147383764386177,24.664056509000147,0.0001091844802731,,,,,,,,0.0023719687906123,qmmf,42,0
73,0.7194500961899757,0.0200648437207564,0.439696010351181,0.7869157549738884,8.25968529511556e-05,0.3198790253698826,0.8388623118400573,23.72827141100015,0.0001052227783497,,,,,,,,0.0029578647637026,qmmf,42,0
74,0.7268963208794594,0.0199008947005495,0.4440981675684452,0.8151749619841575,6.634987021065797e-05,0.3204360763728618,0.8465846428275108,22.854658697000104,0.0001012950796192,,,,,,,,0.0026479673766516,qmmf,42,0
75,0.7147314362227917,0.0203515338501893,0.4369794946163893,0.8159980255365372,6.847256242679123e-05,0.3188025171309709,0.8378854647278786,22.30685266800037,9.740436672108684e-05,,,,,,,,0.0025010863555507,qmmf,42,0
76,0.7153021648526192,0.0179379795794375,0.4363565081357956,0.7868939632177353,4.3992882046879344e-05,0.3169523744285106,0.8324687525629997,22.960081914000057,9.355359420782469e-05,,,,,,,,0.0023413457026617,qmmf,42,0
77,0.7325542032718658,0.0191561072459444,0.4471949824690819,0.8078532633185387,8.503053593244658e-05,0.3268526788055896,0.8553674247860908,23.68159780499991,8.97456863020546e-05,,,,,,,,0.0026509234852619,qmmf,42,0
78,0.7120319826900959,0.0181300312466919,0.4344712197780609,0.8000076785683632,5.89709020346163e-05,0.3170707805454731,0.8319910535216332,25.77668024400009,8.598353467553945e-05,,,,,,,,0.002226661767454,qmmf,42,0
79,0.7030702865123749,0.0204541473882272,0.4300238484144211,0.7907063749432564,8.205194378660963e-05,0.3110454200208187,0.8207333531975746,24.94378586499988,8.226999625336662e-05,0.7412285712726526,0.652051183544342,0.525014466578833,0.7412285712726526,0.5255649336527283,0.6893600457076449,0.6928539444847774,0.0029467060530441,qmmf,42,0
80,0.7188308100402355,0.0186520560923963,0.4387593284249306,0.8246683427691459,8.99968067892587e-05,0.3199405337125063,0.841620269715786,25.02433825199978,7.860789104443896e-05,,,,,,,,0.0022453845771087,qmmf,42,0
81,0.7010476562380791,0.0177667987009044,0.4277353301644325,0.7967697232961655,9.184743867100442e-05,0.3121542002260685,0.8200394883751869,24.749053814000035,7.500000000000002e-05,,,,,,,,0.0023419915545309,qmmf,42,0
82,0.7120204043388366,0.0201255542004946,0.4352624836564064,0.8163883337378501,8.033130643674723e-05,0.3170109593868255,0.8344631803035736,24.23695068200004,7.144906290181832e-05,,,,,,,,0.0027344561637437,qmmf,42,0
83,0.727285017669201,0.019271491644904,0.444079624414444,0.7821850135922432,8.916104105793465e-05,0.3231805635988712,0.8460131692886352,23.570510847999685,6.795777628163599e-05,,,,,,,,0.0026501044594806,qmmf,42,0
84,0.7195611795783043,0.018701606336981,0.4392173694074154,0.8043844681978226,6.518459467323545e-05,0.3199465069174766,0.8400891220569611,23.05338498399988,6.452879137346007e-05,,,,,,,,0.0024176865969457,qmmf,42,0
85,0.7162574039399624,0.0201080051367171,0.4377976644039154,0.8230323678255081,5.8255673735061465e-05,0.3179934360086918,0.8386102026700973,23.0584918149998,6.1164712100253e-05,,,,,,,,0.0025647639229646,qmmf,42,0
86,0.6947621314227581,0.0188272969843819,0.4243882128596306,0.8049407291412354,5.952015725142701e-05,0.3090390584617853,0.8143952924013138,23.058649247000176,5.786809309654982e-05,,,,,,,,0.0023548665034468,qmmf,42,0
87,0.7133275783061981,0.018731476906687,0.4354891553521156,0.7577293205261231,7.526136256046811e-05,0.316904908567667,0.8286716103553772,25.69775930800006,5.464143776850482e-05,,,,,,,,0.002504274062885,qmmf,42,0
88,0.7076032146811485,0.0181975118163973,0.4318409509956836,0.7969123452901841,9.074018032713128e-05,0.3156404657661915,0.8276491031050682,25.032102159999795,5.148719639283984e-05,,,,,,,,0.0023595874972852,qmmf,42,0
89,0.6929435694217682,0.0190924460673704,0.4234031355381012,0.7886789834499359,8.873175566122882e-05,0.3089039580523968,0.8117249855399131,24.533410452000226,4.840776425613886e-05,0.7162016572498396,0.6304555037771249,0.5061592957376904,0.7162016572498396,0.5061592957376904,0.6690055583438447,0.6694735750568103,0.0027278039851807,qmmf,42,0
90,0.689002919793129,0.0163778344914317,0.4199529032409191,0.7764719581604004,6.463249093485501e-05,0.3040679335594177,0.8020428222417831,25.290688891999707,4.5405479835900685e-05,,,,,,,,0.0018577871095476,qmmf,42,0
91,0.7127545574307441,0.0178668816352728,0.4347995023429394,0.7844389998912811,0.0001084639517807,0.3167348361015319,0.8304404583573342,22.94123925300028,4.2482623024732334e-05,,,,,,,,0.0022839760802617,qmmf,42,0
92,0.717627745270729,0.0190615337889175,0.4382012794911861,0.7794896304607392,7.456887653688682e-05,0.3211406154930591,0.8378552180528641,22.095942335000014,3.964141339903026e-05,,,,,,,,0.0028031415343502,qmmf,42,0
93,0.7024021145701408,0.0164797048247419,0.4280331675708294,0.794659714102745,6.369899847129546e-05,0.3101148349046707,0.8180459007620812,22.68812269199998,3.6884008533465575e-05,,,,,,,,0.0021437177059124,qmmf,42,0
94,0.6746078684926033,0.0171245163748972,0.4116145475208759,0.7907730033993721,5.939785339904802e-05,0.2982862249016761,0.7894183173775673,21.77848464499993,3.4212502362551864e-05,,,,,,,,0.0021863457269409,qmmf,42,0
95,0.7187542334198952,0.0164883048064075,0.4378478786349296,0.7729347550868988,7.608667409840564e-05,0.3196592950820923,0.8352290943264962,23.37140762099989,3.162892359054098e-05,,,,,,,,0.0021232195429956,qmmf,42,0
96,0.6872191010415554,0.0187794941547326,0.4198432739078999,0.7943001371622086,8.431617356336574e-05,0.3054026496410369,0.8051966997981072,25.16183980200003,2.913523415085328e-05,,,,,,,,0.002582733006493,qmmf,42,0
97,0.7087252739071846,0.016659731499385,0.4318990729749202,0.7992536392807961,7.71474325199506e-05,0.3138042801618576,0.8260853597521782,24.534025071000087,2.673332771621324e-05,,,,,,,,0.0022639140119281,qmmf,42,0
98,0.693130978345871,0.015400748073589,0.4220389041304588,0.7569252955913544,5.658316428934995e-05,0.3058698800206184,0.8039538380503655,25.451038873000016,2.4425028260620715e-05,,,,,,,,0.0017484861462617,qmmf,42,0
99,0.7279591482877731,0.015470299697481,0.4429636263847351,0.785816747546196,6.786415002977719e-05,0.3240340037643909,0.846007032096386,24.105143618000056,2.221208867425096e-05,0.7131558795076872,0.6264044725561088,0.5112110308926804,0.7131558795076872,0.5140631392017455,0.6519943989588936,0.6669359725607129,0.0021216445559457,qmmf,42,0
100,0.7127115839719772,0.016883180651348,0.4343802410364151,0.7572944277524948,9.214680535023944e-05,0.3173269659280777,0.8278817236423492,23.493299678999847,2.009618943233419e-05,,,,,,,,0.002202308726919,qmmf,42,0
101,0.6987882116436959,0.0167321637226268,0.425965810418129,0.797758783698082,5.961834407571587e-05,0.3090118942409753,0.8151768395304679,23.101425242999994,1.807893731902665e-05,,,,,,,,0.0021013849689916,qmmf,42,0
102,0.694326036721468,0.0169583116983994,0.4233789627254009,0.7713600736856461,6.087492782626214e-05,0.308213234692812,0.8091818189620972,22.13142785700029,1.616186420724089e-05,,,,,,,,0.0022528549412709,qmmf,42,0
103,0.7260095259547233,0.0185574401542544,0.4430287097394466,0.8191014486551285,7.263663296157574e-05,0.3238673271983862,0.84931216776371,23.659422347000145,1.4346425895363384e-05,,,,,,,,0.0025117486324415,qmmf,42,0
104,0.7209540268778801,0.0159609664860181,0.4389568209648132,0.7673603293299674,5.783729825992623e-05,0.3200778351724148,0.8361800587177277,22.421518986999672,1.2634001001741372e-05,,,,,,,,0.002032418751969,qmmf,42,0
105,0.6919429898262024,0.0177642311109229,0.4222715032100677,0.7942784237861633,7.018610351451571e-05,0.3068977139890194,0.809061119556427,24.454824316000213,1.1025889917779737e-05,,,,,,,,0.002302789483474,qmmf,42,0
106,0.7071008503437042,0.0170436545612756,0.431077988743782,0.7539894747734069,6.628809657115653e-05,0.3149614074826241,0.8219266921281815,24.60192816300014,9.523313820441804e-06,,,,,,,,0.002425168571317,qmmf,42,0
107,0.7118831481039524,0.0173350913694594,0.4340639464557171,0.7863968724012375,6.519086056442802e-05,0.3166741417348385,0.8298499676585197,25.007849197999803,8.127413744904804e-06,,,,,,,,0.0023446496522669,qmmf,42,0
108,0.7062851163744926,0.0155467736627906,0.4299897955358028,0.7679336476325989,5.950426874136383e-05,0.3143408073484897,0.8214922162890435,24.91584549800018,6.839249718073875e-06,,,,,,,,0.001826363830296,qmmf,42,0
109,0.7157944935560226,0.0151808093627914,0.4355490383505821,0.7616602611541748,6.104427188745376e-05,0.3179548148065805,0.830032616853714,24.16689398499966,5.659799953612438e-06,0.7240053730058703,0.6390371216226193,0.5216478083936187,0.7240053730058703,0.5216478083936187,0.6714581834683688,0.6782791411296698,0.0017984179628626,qmmf,42,0
110,0.6927971827983856,0.0153202005056664,0.4218064072728157,0.757749134004116,5.726481554006568e-05,0.3072631582617759,0.8052056488394738,22.60636482100017,4.589960109100444e-06,,,,,,,,0.001791522179069,qmmf,42,0
111,0.7243344804644585,0.0141237073182128,0.4402501891553402,0.764646648466587,4.624577638423943e-05,0.3198036934435367,0.836856614947319,23.415660511999704,3.630542605884657e-06,,,,,,,,0.0016787721048024,qmmf,42,0
112,0.7103655028343201,0.0146755856054369,0.4320895531773567,0.7601716664433479,5.45720723998322e-05,0.314228103607893,0.8227127605676651,23.102433416999705,2.7822760121373187e-06,,,,,,,,0.0018759965158278,qmmf,42,0
113,0.6797877421975136,0.0157593025104142,0.414176382869482,0.7521080139279366,5.680006982458963e-05,0.3023868095874786,0.7921612942218781,23.53958329700072,2.0458044895916517e-06,,,,,,,,0.0019222623460882,qmmf,42,0
114,0.6899519148468971,0.0153797630663029,0.4201230679452419,0.7459411102533341,5.507028602607988e-05,0.306307061240077,0.8014139157533645,22.711187011999755,1.4216873043745137e-06,,,,,,,,0.0019346031928802,qmmf,42,0
115,0.6759408143162727,0.0137628261349163,0.4110696360468864,0.7378490337729454,5.127287030418426e-05,0.2999007211625576,0.7850701171159744,22.155811236000773,9.103984023075772e-07,,,,,,,,0.0015614656698562,qmmf,42,0
116,0.6951951223611832,0.0148191639757715,0.4230447585880756,0.7656684651970863,4.48396415094976e-05,0.3077815777808428,0.8077310994267464,22.46005904199956,5.123260489995229e-07,,,,,,,,0.0016784119678322,qmmf,42,0
117,0.6904398143291474,0.0154444037168286,0.4204416655004024,0.7940089029073715,4.607333737567387e-05,0.3078713893145323,0.8080705466866493,23.46435337799994,2.2777253500257386e-07,,,,,,,,0.0017714936561083,qmmf,42,0
118,0.6533227056264878,0.0154209360410459,0.3981620134413242,0.7714871695637703,6.003408323279447e-05,0.2894209772348404,0.765065436065197,24.064966499000548,5.695394625728767e-08,,,,,,,,0.001653613609385,qmmf,42,0
119,0.6937816390395164,0.0147234635532367,0.4221583844721317,0.7508736971020699,4.481536823647048e-05,0.307379719465971,0.8049737587571144,23.415772958999696,0.0,0.7265534674534937,0.6413145612785297,0.5224491415179785,0.7265534674534937,0.5224491415179785,0.674941074864117,0.680571363007453,0.0017301993537341,qmmf,42,0
0,0.9739579159021378,0.6830356281995773,0.8575890296697617,0.7320977741479874,0.1187350182980299,,0.9367355614900588,27.463305070000047,5.1e-05,,,,,,,,,hemis,42,0
1,0.9687556540966034,0.5056058546900749,0.7834957623481751,0.6914411878585816,0.1225214558094739,,0.8587659549713135,24.930645701000003,0.0001009999999999,,,,,,,,,hemis,42,0
2,0.9591681104898452,0.4341272044181823,0.7491517752408982,0.6871291798353195,0.1362609921395778,,0.8246777391433716,24.11397464800001,0.0001509999999999,,,,,,,,,hemis,42,0
3,0.9504230105876924,0.39273581802845,0.7273481625318527,0.6746466672420501,0.1345432904362678,,0.8015399920940399,24.460370015000024,0.0002009999999999,,,,,,,,,hemis,42,0
4,0.9599418675899506,0.3417663675546646,0.7126716977357864,0.6724846547842026,0.1314707013219594,,0.7864936977624893,23.808770367000022,0.000251,,,,,,,,,hemis,42,0
5,0.943723919391632,0.295047343969345,0.6842533135414124,0.6748818480968475,0.1230912542343139,,0.7578960609436035,24.10992135700002,0.0003,,,,,,,,,hemis,42,0
6,0.9408917981386185,0.2465956632792949,0.6631733691692352,0.6856176328659057,0.1133300467580556,,0.7374016386270523,23.351106346999984,0.0002999430460537,,,,,,,,,hemis,42,0
7,0.9311401623487472,0.2053835970163345,0.6408375608921051,0.6779452639818192,0.1050860331207513,,0.7138863915205002,23.872020750999923,0.0002997722274649,,,,,,,,,hemis,42,0
8,0.9239861363172532,0.1706696414947509,0.6226595604419708,0.6931391364336014,0.094856206998229,,0.6967162859439849,24.08592476299998,0.000299487673951,,,,,,,,,hemis,42,0
9,0.8981256502866745,0.1488483953475952,0.5984147733449936,0.7079368364810944,0.0846291468292474,,0.6734399104118347,23.688385960999994,0.0002990896015976,0.3900071083001506,0.3625607283048354,0.3113090760799882,0.3900071083001506,0.343063355384802,0.3546117212295537,0.3739033910795398,,hemis,42,0
10,0.9036989021301268,0.1269419440627098,0.5929961380362511,0.7063654106855393,0.0750610634684562,,0.6673857313394547,22.602815962000022,0.0002985783126956,,,,,,,,,hemis,42,0
11,0.8821390360593796,0.1075842207670211,0.5723171311616898,0.7107577282190323,0.0667654765769839,,0.6467311775684357,25.013331159000018,0.0002979541955104,,,,,,,,,hemis,42,0
12,0.8631500029563903,0.0935074797272682,0.5552930149435997,0.7022246578335762,0.0593271053954958,,0.6284818363189697,24.600403355000022,0.0002972177239878,,,,,,,,,hemis,42,0
13,0.8628743666410447,0.0829937255010008,0.5509221336245537,0.7254732465744018,0.0518876586481928,,0.626063843369484,24.853151860000025,0.0002963694573941,,,,,,,,,hemis,42,0
14,0.8460092431306839,0.0722877761721611,0.5365206763148308,0.729686313867569,0.0455502593889832,,0.6117668223381042,23.935860434999995,0.0002954100398908,,,,,,,,,hemis,42,0
15,0.822988064289093,0.0633302913606166,0.5191249763965606,0.7344586616754532,0.0399327210336923,,0.5945674794912338,24.958233855999996,0.0002943402000463,,,,,,,,,hemis,42,0
16,0.8384266042709351,0.0558718325942754,0.5254047164320945,0.7602341395616531,0.0344001846387982,,0.6031481403112412,24.400663431999988,0.0002931607502819,,,,,,,,,hemis,42,0
17,0.8219194370508194,0.0516946442984044,0.5138295435905457,0.7545303994417191,0.0298099879547953,,0.590773084461689,24.20059080600004,0.000291872586255,,,,,,,,,hemis,42,0
18,0.8606310325860977,0.0580657989159226,0.5396049618721008,0.8333573067188262,0.0251964626461267,,0.6272129878401757,24.544454392000038,0.0002904766861795,,,,,,,,0.0150623806053772,hemis,42,0
19,0.8443709588050843,0.0554108867794275,0.5287869510054588,0.8114323443174363,0.0221804227121174,,0.6127085742354393,24.464981814999987,0.0002889741100822,0.455186475285839,0.4373338527752052,0.374212203216614,0.455186475285839,0.4049260671658956,0.4518890158738809,0.4417332613257263,0.0083468324365094,hemis,42,0
20,0.8317785406112671,0.0546952683478593,0.520945251584053,0.8144678568840027,0.0191471623443067,,0.6048139837384224,21.8090790870001,0.0002873659989982,,,,,,,,0.0073229482397437,hemis,42,0
21,0.827779546380043,0.0510377801582217,0.5170828577876091,0.8181197190284729,0.0167080114874988,,0.6010368093848228,23.741613540000003,0.0002856535741046,,,,,,,,0.0065328871691599,hemis,42,0
22,0.7963997292518615,0.0491066346876323,0.4974825140833854,0.8209738892316818,0.0148694255109876,,0.581474420428276,25.994745626000054,0.0002838381357927,,,,,,,,0.0057552541745826,hemis,42,0
23,0.8068803694844245,0.0444412231259047,0.5019047322869301,0.8039861905574799,0.0132922441884875,,0.5839528155326843,24.47997376399985,0.0002819210626809,,,,,,,,0.004924276843667,hemis,42,0
24,0.806947683095932,0.0413946847338229,0.5007265067100525,0.8075173008441925,0.0118346916697919,,0.5829077133536339,24.55854918999989,0.0002799038105676,,,,,,,,0.0041887130658142,hemis,42,0
25,0.8197112190723419,0.0400731763709336,0.5078560221195221,0.8294997909665107,0.0104124684259295,,0.5920935934782028,25.44904496000004,0.0002777879113257,,,,,,,,0.003834852327127,hemis,42,0
26,0.7839105093479156,0.0400661682523787,0.4863727912306785,0.8136644786596299,0.0093311550747603,,0.568848522901535,25.393031619999874,0.0002755749717393,,,,,,,,0.003213624197524,hemis,42,0
27,0.8101840293407441,0.0393434701114892,0.501847825050354,0.8345843541622162,0.0082237229449674,,0.5863492012023925,25.41677473599998,0.0002732666722837,,,,,,,,0.0031587743258569,hemis,42,0
28,0.8001546093821525,0.0379535024240613,0.4952741885185241,0.8284854239225388,0.0075269123213365,,0.579105834364891,25.835674248000032,0.0002708647658491,,,,,,,,0.0030338011484127,hemis,42,0
29,0.787386943101883,0.0407747172750532,0.4887420749664307,0.8208755320310592,0.0066436279658228,,0.5719860914349556,25.332187662000024,0.0002683710764094,0.5314524711942431,0.4769729677327748,0.3635213859852073,0.5314524711942431,0.3892593177015491,0.5102071143025323,0.498315511634899,0.0041213947790674,hemis,42,0
30,0.7809347456693649,0.0361040065810084,0.4830024671554565,0.8119869178533554,0.0060075360024347,,0.5652777180075645,21.732097539999813,0.0002657874976374,,,,,,,,0.0038809119071811,hemis,42,0
31,0.8000056996941567,0.0366971689090132,0.4946823090314865,0.8278320419788361,0.0053326091868802,,0.5784428197145463,22.347650675000068,0.0002631159914665,,,,,,,,0.0035533856530673,hemis,42,0
32,0.803616389632225,0.0337160486448556,0.4956562705338001,0.829142918586731,0.0048443044163286,,0.5794245144724846,23.22941673999981,0.0002603585866009,,,,,,,,0.003058680195827,hemis,42,0
33,0.7675649362802506,0.0346180334035307,0.4743861964344978,0.8181765550374984,0.0043675727862864,,0.5569539129734039,24.233804025000158,0.0002575173769752,,,,,,,,0.0026584087766241,hemis,42,0
34,0.7729272091388703,0.0339526646584272,0.4773374080657959,0.8159719622135162,0.0039587033796124,,0.559654855132103,23.743013905999987,0.000254594520164,,,,,,,,0.0026115869660861,hemis,42,0
35,0.7951252204179764,0.0319419008214026,0.4898519100248814,0.7953857010602952,0.0034859384899027,,0.5700183695554734,25.00254451600017,0.0002515922357438,,,,,,,,0.0022679579711984,hemis,42,0
36,0.7816400399804115,0.0347168943379074,0.4828708028793335,0.8382178848981857,0.0032715551555156,,0.5673516124486924,23.98881118500003,0.0002485128036071,,,,,,,,0.0024772177211707,hemis,42,0
37,0.7724480473995209,0.0337551319831982,0.4769709005951881,0.813512524664402,0.0030400932417251,,0.5588785278797149,24.85441559500009,0.0002453585622314,,,,,,,,0.0020218309242045,hemis,42,0
38,0.7729647219181061,0.0316615930292755,0.4764434894919395,0.8028522956371308,0.0026751336804591,,0.5572543263435363,24.629590480999923,0.0002421319069034,,,,,,,,0.0019592652632854,hemis,42,0
39,0.760535618364811,0.0299346243217587,0.4682952405512333,0.8008653992414474,0.0025410440610721,,0.5488781908154488,24.907213633000083,0.0002388352878997,0.5175861180769349,0.4720217477228626,0.3765156765780212,0.5175861180769349,0.3851502115538815,0.5133289135377715,0.4898097628208218,0.0018467859370866,hemis,42,0
40,0.7595516675710678,0.0331056237593293,0.4689732681214809,0.850772215127945,0.0023021914903074,,0.5545861449837685,21.01925200400001,0.0002354712086265,,,,,,,,0.0021027257741661,hemis,42,0
41,0.7865008813142776,0.0314834607252851,0.48449393004179,0.8272611218690872,0.0021359295758884,,0.5677518901228905,22.17222741699993,0.0002320422237183,,,,,,,,0.0021252408553846,hemis,42,0
42,0.7853288561105728,0.0314001249568536,0.4837573838233948,0.8238919407129288,0.0018433667952194,,0.5666436162590981,21.78883132200008,0.0002285509370981,,,,,,,,0.0020243411784758,hemis,42,0
43,0.7791356143355369,0.028896402362734,0.479039948284626,0.8420414513349533,0.0017643224110361,,0.5636912032961845,23.166742912000014,0.000225,,,,,,,,0.0017944585205987,hemis,42,0
44,0.7482596614956856,0.0299596027564257,0.4609396579861641,0.8463980478048324,0.0016505069180857,,0.5459944677352905,24.54517659299995,0.0002213921089555,,,,,,,,0.0016624262765981,hemis,42,0
45,0.7805099615454674,0.0277625683601945,0.4794110223650932,0.8563555383682251,0.0015301489713601,,0.5654084587097168,25.065010975000177,0.0002177300037466,,,,,,,,0.0014268840741715,hemis,42,0
46,0.7779633966088295,0.0283712855307385,0.4781265737116337,0.8200212997198105,0.0014027227088809,,0.5605393621325493,24.969056906999867,0.0002140164653244,,,,,,,,0.0017026104418619,hemis,42,0
47,0.7732037153840065,0.0314948726585134,0.4765201979875564,0.8305989244580269,0.0012849977123551,,0.5601147854328156,24.56354730099997,0.0002102543136979,,,,,,,,0.0023522175769903,hemis,42,0
48,0.7741164830327034,0.0274523273855447,0.475450838804245,0.82962475836277,0.0012190949887735,,0.5588168972730636,24.93280577099995,0.0002064464057921,,,,,,,,0.0017131367040565,hemis,42,0
49,0.7378706240653992,0.0268239964358508,0.4534519901871681,0.816427752673626,0.0012345860200002,,0.5354537451267243,24.71060539199993,0.0002025956332789,0.5139008998229325,0.4761799598739674,0.3827052984242439,0.5139008998229325,0.4002891994097444,0.5143497803892255,0.4894650576983741,0.001486244709813,hemis,42,0
50,0.7468805024027825,0.0271191249834373,0.4589759674668312,0.818876827955246,0.0011039168690331,,0.5411953270435333,22.07133623799996,0.0001987049203807,,,,,,,,0.0013823773400508,hemis,42,0
51,0.7464260983467103,0.0288749344972893,0.4594056516885757,0.8348536634445191,0.0010654848639387,,0.5433067405223846,20.93705964500009,0.0001947772216502,,,,,,,,0.0018122207558189,hemis,42,0
52,0.7625602501630783,0.0279253372782841,0.468706306219101,0.8218249583244324,0.001009648295585,,0.5513006508350372,21.71882794299995,0.0001908155197268,,,,,,,,0.0018068240681895,hemis,42,0
53,0.7606183913350105,0.0289042664971202,0.4679327589273452,0.8230423498153686,0.0009013792377663,,0.5506502048671246,21.24118188200009,0.0001868228230711,,,,,,,,0.001840680663081,hemis,42,0
54,0.7462707608938217,0.0263292780239135,0.4582941855490208,0.821004043519497,0.0008896687120432,,0.5407732939720153,23.516669624000315,0.0001828021636809,,,,,,,,0.0016710789196076,hemis,42,0
55,0.7741507935523987,0.0269985067751258,0.4752898994088173,0.8220552295446396,0.0008021389623172,,0.5578576797246932,24.97087616600038,0.0001787565947885,,,,,,,,0.0016107365465722,hemis,42,0
56,0.7677296435832978,0.0262719155894592,0.4711465725302696,0.8616175597906113,0.0007288448931649,,0.5576658940315247,25.74367539900004,0.0001746891885421,,,,,,,,0.0016056103261507,hemis,42,0
57,0.7751917299628258,0.0224021993111819,0.4740759378671646,0.8131312251091003,0.0007078225596342,,0.5556385815143585,24.904726824000136,0.0001706030336727,,,,,,,,0.0010706656099137,hemis,42,0
58,0.7238507929444313,0.0288684029038995,0.4458578561246395,0.831246685385704,0.0007115516165504,,0.5294261315464973,24.402113259999624,0.0001665012331491,,,,,,,,0.002040160407887,hemis,42,0
59,0.7451196795701981,0.0273590700468048,0.4580154529213905,0.8187242048978806,0.0006660950230434,,0.5403094759583473,25.482385013000112,0.0001623869018208,0.6058462881916431,0.5336399782393397,0.4038574321269939,0.6058462881916431,0.428436336800567,0.566637309725809,0.5639855095994871,0.001941473992374,hemis,42,0
60,0.7212489563226699,0.0267903618281707,0.4434655360877514,0.8262266558408737,0.0006549327878747,,0.5264487943053245,22.101586594999844,0.0001582631640533,,,,,,,,0.0016392201148119,hemis,42,0
61,0.7483112275600433,0.0227550298301503,0.4580887646973133,0.8064113140106202,0.0005938065735972,,0.5390181934833527,21.488602272000207,0.0001541331513552,,,,,,,,0.0012930428538311,hemis,42,0
62,0.7470087334513664,0.0245736651308834,0.4580347260832786,0.828255133330822,0.0005683499097358,,0.5412121921777725,21.37817244500002,0.00015,,,,,,,,0.0016176737024579,hemis,42,0
63,0.7633392536640167,0.0271377939730882,0.4688586893677711,0.8473024559020996,0.0006131496228044,,0.5540220490098,21.77094428800001,0.0001458668486447,,,,,,,,0.0020122789399101,hemis,42,0
64,0.7298128700256348,0.0272635103017091,0.4487931424379349,0.851649698317051,0.000524500060419,,0.5343158507347107,20.42168555900025,0.0001417368359466,,,,,,,,0.0016575581561482,hemis,42,0
65,0.7267710110545158,0.0251432034932076,0.4461199040710926,0.81626573741436,0.0005222677468555,,0.5280352279543876,22.318836709999687,0.0001376130981791,,,,,,,,0.001313169945115,hemis,42,0
66,0.790598267018795,0.0264674946293234,0.484945972263813,0.8096409270167351,0.000485267068143,,0.5663032221794129,24.10996647899992,0.0001334987668508,,,,,,,,0.0018444711619122,hemis,42,0
67,0.7331754311919212,0.0252812966005876,0.4500177934765815,0.8043962144851684,0.0004871244734385,,0.5307898819446564,24.77888836900001,0.0001293969663272,,,,,,,,0.0015405273991927,hemis,42,0
68,0.7604489171504974,0.0266404129215516,0.4669255329668522,0.8284906899929046,0.0004514001231291,,0.5501199772953987,24.316576349000115,0.0001253108114578,,,,,,,,0.001614015760133,hemis,42,0
69,0.7585254114866257,0.0206752774561755,0.4633853740990162,0.8179800695180893,0.0004328824079129,,0.5454268583655357,24.441253357999813,0.0001212434052114,0.5791876389837348,0.5144193669337754,0.3941143164403304,0.5791876389837348,0.3997231027277204,0.5643473590898708,0.5412498251144066,0.0011091482153278,hemis,42,0
70,0.7277481135725975,0.0250910229235887,0.4466852939128876,0.8301423877477646,0.000439348295913,,0.5300153070688247,23.93005947599977,0.000117197836319,,,,,,,,0.0014690320107911,hemis,42,0
71,0.741525716483593,0.0223171498463489,0.4538423112034798,0.8042355555295945,0.0004607775571639,,0.534590362906456,22.98000232000004,0.0001131771769288,,,,,,,,0.0015072896228957,hemis,42,0
72,0.7408254134654999,0.0270008164644241,0.4552955895662308,0.8102436888217927,0.0004484022237011,,0.5367942968010903,21.82135342399988,0.0001091844802731,,,,,,,,0.0022595966199151,hemis,42,0
73,0.7691672176122666,0.029213622873649,0.4731857973337173,0.8559284520149231,0.0003753860777942,,0.55932557284832,21.28154863700001,0.0001052227783497,,,,,,,,0.0026408125299349,hemis,42,0
74,0.7737320095300675,0.0292519697872921,0.4759400135278702,0.8594525510072708,0.0003999094426399,,0.5624731570482254,21.513280283999848,0.0001012950796192,,,,,,,,0.0028394419045798,hemis,42,0
75,0.7604728671908378,0.0290117386169731,0.4678884357213974,0.8507909786701202,0.0003664412631769,,0.5534572589397431,20.62489300399966,9.740436672108684e-05,,,,,,,,0.0023569906932971,hemis,42,0
76,0.7600276777148247,0.0270876493770629,0.4668516871333122,0.8370693182945251,0.0003774484312452,,0.5510844767093659,22.811482136999985,9.355359420782469e-05,,,,,,,,0.0025349119375823,hemis,42,0
77,0.7707519385218621,0.0275503026600927,0.4734713035821914,0.844070417881012,0.0003608941250422,,0.5584664425253868,24.687190321000344,8.97456863020546e-05,,,,,,,,0.0028502536261657,hemis,42,0
78,0.7536693438887596,0.0273546186694875,0.4631434720754623,0.8682439363002777,0.0003989630824071,,0.5504399830102921,25.287914779999937,8.598353467553945e-05,,,,,,,,0.0022608025464433,hemis,42,0
79,0.7438897302746773,0.0304002447798848,0.4584939551353454,0.8358922785520554,0.0003431781785911,,0.5427360337972641,24.57221070500009,8.226999625336662e-05,0.5926265897854134,0.538626318498141,0.4281801239906111,0.5926265897854134,0.4383356057592968,0.5849167599497128,0.5599818618197514,0.0031784428389801,hemis,42,0
80,0.7617749193310738,0.0264139018766582,0.4676305332779884,0.8558698132634163,0.0003420664819714,,0.5536811634898186,24.592751662999945,7.860789104443896e-05,,,,,,,,0.0022327221716113,hemis,42,0
81,0.7486796912550926,0.0273310882225632,0.4601402688026428,0.8320683127641678,0.0003399674859247,,0.5438685762882233,24.336822471999767,7.500000000000002e-05,,,,,,,,0.0025223790881682,hemis,42,0
82,0.7492331686615944,0.0294952295999974,0.4613380098342896,0.8620323812961579,0.0003082128473033,,0.5481362417340279,22.96673392699995,7.144906290181832e-05,,,,,,,,0.0028979294978489,hemis,42,0
83,0.7748883628845215,0.0288238667836412,0.4764625856280327,0.8312665683031082,0.0003246052644681,,0.5601638957858086,21.845044401,6.795777628163599e-05,,,,,,,,0.0027921249904466,hemis,42,0
84,0.7642978456616402,0.0276558154192753,0.4696410486102104,0.8501304054260254,0.0003064711338083,,0.5551663988828659,22.30962627200006,6.452879137346007e-05,,,,,,,,0.0024849378291401,hemis,42,0
85,0.7605087623000145,0.0302023760834708,0.468386226594448,0.8707739168405533,0.0002947712485911,,0.5559892275929451,21.64342061799971,6.1164712100253e-05,,,,,,,,0.0025543457584717,hemis,42,0
86,0.7426698645949363,0.0270339857786893,0.4564155299961567,0.8379975783824921,0.0003007752259145,,0.5406916022300721,21.44475048100003,5.786809309654982e-05,,,,,,,,0.002306373673673,hemis,42,0
87,0.7620508763194084,0.0307061206456273,0.4695129917562008,0.8463382244110107,0.0003103528273641,,0.5547966730594635,24.485062668999944,5.464143776850482e-05,,,,,,,,0.003171696668287,hemis,42,0
88,0.7605196392536163,0.0282857994176447,0.4676261247694492,0.8584348595142365,0.0003066611848771,,0.5540280121564866,24.988872037999958,5.148719639283984e-05,,,,,,,,0.002715346221521,hemis,42,0
89,0.7402978196740151,0.0285983869247138,0.4556180652976036,0.8509030798077584,0.0002880885257036,,0.5412743759155273,25.077647680000155,4.840776425613886e-05,0.5705821056092398,0.5213986858841252,0.4199332754103393,0.5705821056092398,0.426665914705945,0.5669480373371908,0.5407621966718154,0.0027579876846721,hemis,42,0
90,0.7346616634726524,0.0257748630177229,0.4511069625616073,0.8222225779294967,0.0003140399174299,,0.5338063690066338,24.851862799999708,4.5405479835900685e-05,,,,,,,,0.0023072192847757,hemis,42,0
91,0.760421641767025,0.0266801255242899,0.4669250543415546,0.8632586693763733,0.0002914931712439,,0.553703585267067,23.74888948700027,4.2482623024732334e-05,,,,,,,,0.0021904303157134,hemis,42,0
92,0.7568208074569702,0.0264972381945699,0.4646913978457451,0.80676638007164,0.0003050097564118,,0.5458830565214157,24.28311656400001,3.964141339903026e-05,,,,,,,,0.0024988576160831,hemis,42,0
93,0.7457313123345375,0.0250864937948063,0.4574733996391296,0.8214857065677643,0.0002808255681884,,0.5401525187492371,22.87717158499981,3.6884008533465575e-05,,,,,,,,0.0025825203434123,hemis,42,0
94,0.7210035988688469,0.0275141675770282,0.4436078450083732,0.8408829981088638,0.0003028782902401,,0.5282339578866959,20.28994060900004,3.4212502362551864e-05,,,,,,,,0.0026133278140332,hemis,42,0
95,0.7633631584048272,0.0258781443862244,0.4683691695332527,0.8310466518998146,0.000286302135064,,0.5519786623120307,21.92785608200029,3.162892359054098e-05,,,,,,,,0.0024525682145394,hemis,42,0
96,0.7336837252974511,0.0273060652660205,0.4511326763033867,0.8261368668079376,0.0002652882316033,,0.5342949244379998,21.89539022300005,2.913523415085328e-05,,,,,,,,0.0026764924133749,hemis,42,0
97,0.7556043580174446,0.0243354882113635,0.4630968299508095,0.8777640306949616,0.0002645383733033,,0.5513305431604385,21.9477569730002,2.673332771621324e-05,,,,,,,,0.0022204128045268,hemis,42,0
98,0.7389206644892693,0.0239697204111143,0.4529403042793274,0.8005451864004135,0.00027514511763,,0.5334001043438912,24.13293349900005,2.4425028260620715e-05,,,,,,,,0.001957611460748,hemis,42,0
99,0.771145878136158,0.0237114858347922,0.4721721437573433,0.8457890412211418,0.000259255979181,,0.557189601957798,24.566553343000123,2.221208867425096e-05,0.5977063544968703,0.5416037361148469,0.4331587757904668,0.5977063544968703,0.4404749311641242,0.586629922683546,0.5644208111116229,0.0021279249091094,hemis,42,0
100,0.7575620785355568,0.0253364313161,0.4646718391776085,0.8303172487020493,0.0002502680709585,,0.5481322568655014,24.172574300999717,2.009618943233419e-05,,,,,,,,0.0020808756379847,hemis,42,0
101,0.746049298942089,0.0247851544292643,0.4575436601042748,0.8259465643763542,0.0002734380752372,,0.5405950221419334,24.89904387499973,1.807893731902665e-05,,,,,,,,0.0022151319978729,hemis,42,0
102,0.7414463436603547,0.0252996632596477,0.4549876868724823,0.8210832193493843,0.0002622307026467,,0.537622064948082,23.679033193000123,1.616186420724089e-05,,,,,,,,0.0025647302894503,hemis,42,0
103,0.7686765211820602,0.0269951419951394,0.4720039869844913,0.8694671913981438,0.0002590853499714,,0.5595080623030663,25.32400755899971,1.4346425895363384e-05,,,,,,,,0.0027220412983297,hemis,42,0
104,0.7620675000548363,0.0228734541498124,0.4663898992538452,0.812132129073143,0.0002744538620754,,0.5480302175879479,21.741956560999824,1.2634001001741372e-05,,,,,,,,0.0020669124213964,hemis,42,0
105,0.7378677526116371,0.0266185476724058,0.4533680871129036,0.8382853251695633,0.0002925734932068,,0.537690609395504,21.56470566500002,1.1025889917779737e-05,,,,,,,,0.0023967888947299,hemis,42,0
106,0.7479337912797928,0.0245820914395153,0.4585931307077407,0.8140766417980194,0.000269534891122,,0.5404969179630279,21.19786678699984,9.523313820441804e-06,,,,,,,,0.0024132093774096,hemis,42,0
107,0.7603625321388244,0.0261533531465101,0.4666788780689239,0.8452351063489913,0.0002773168851854,,0.5517072337865829,21.297058108999863,8.127413744904804e-06,,,,,,,,0.0024548706697351,hemis,42,0
108,0.7567672413587571,0.0256567870965227,0.4643230789899826,0.8072332322597504,0.0002974057517712,,0.5455031493306159,21.773415157999807,6.839249718073875e-06,,,,,,,,0.0022093699224933,hemis,42,0
109,0.7598274737596512,0.0228475051233544,0.4650355061888694,0.812840228676796,0.0002808585079037,,0.546730890572071,23.2715462340002,5.659799953612438e-06,0.6035168892497755,0.540219386415594,0.420982946588579,0.6035168892497755,0.4278705594802778,0.5892707105167286,0.5662742441334014,0.0019865691723225,hemis,42,0
110,0.7391284862160683,0.0227741767838597,0.4525867837667465,0.7943478357791901,0.0002894952952919,,0.532395843565464,24.955499703999976,4.589960109100444e-06,,,,,,,,0.0017990073226701,hemis,42,0
111,0.7680817469954491,0.0219100508000701,0.4696130865812302,0.8120207592844964,0.0002705565922951,,0.5512196642160415,25.534092958999736,3.630542605884657e-06,,,,,,,,0.0019548431983071,hemis,42,0
112,0.7583187437057495,0.0231349241710267,0.4642452347278595,0.8102319771051407,0.0002733495901338,,0.5457025882601738,24.43904872299981,2.7822760121373187e-06,,,,,,,,0.0021024451430912,hemis,42,0
113,0.7250396010279655,0.023102194131352,0.4442646557092666,0.8159160447120667,0.0002796125657914,,0.5262681359052658,25.382207096,2.0458044895916517e-06,,,,,,,,0.0019894655369353,hemis,42,0
114,0.7378273069858551,0.0240848400443792,0.4523303416371345,0.8106369459629059,0.0002767274384677,,0.5338422539830208,24.478450866000003,1.4216873043745137e-06,,,,,,,,0.0021718918458464,hemis,42,0
115,0.7270205390453338,0.0211937373923137,0.4446898332238197,0.7889764189720154,0.0002784320019418,,0.5239301279187203,21.789122634999785,9.103984023075772e-07,,,,,,,,0.001643650407534,hemis,42,0
116,0.7416825276613236,0.0234447917109355,0.4543874494731426,0.8151850232481956,0.0002703228338214,,0.5363559252023697,21.64474879699992,5.123260489995229e-07,,,,,,,,0.0021822582601089,hemis,42,0
117,0.7364057651162148,0.0230233754683285,0.4510528275370598,0.8154095500707627,0.000275306757976,,0.5329742670059204,22.37360011200008,2.2777253500257386e-07,,,,,,,,0.0018336002702926,hemis,42,0
118,0.7023687466979027,0.0240762817114591,0.4310517776012421,0.801073322892189,0.0002950338463415,,0.5115861755609512,22.213218523999785,5.695394625728767e-08,,,,,,,,0.0020615793496676,hemis,42,0
119,0.7406607213616371,0.0218089718651026,0.4531200402975082,0.7809698283672333,0.0002814682196185,,0.5315798598527909,21.853389069000517,0.0,0.6022458075019729,0.5407204921071664,0.42231025010226,0.6022458075019729,0.4283488379481363,0.5915668308713903,0.5657946571435597,0.0017438075244353,hemis,42,0
0,0.9761067974567412,0.5650459107756615,0.8116824775934219,0.7286290156841279,0.0573310368880629,,0.8874119293689727,21.23191434799992,5.1e-05,,,,,,,,,unet25d,42,0
1,0.9679810124635696,0.3888251310586929,0.7363186877965927,0.6850603592395782,0.0216863410361111,,0.8059090411663056,20.7935413539999,0.0001009999999999,,,,,,,,,unet25d,42,0
2,0.9570774441957474,0.3283009067177772,0.7055668616294861,0.6776075452566147,0.0093859658157452,,0.7737969124317169,20.187463577000017,0.0001509999999999,,,,,,,,,unet25d,42,0
3,0.9465002739429472,0.2901451414823532,0.683958243727684,0.6615366178750992,0.0102448818087577,,0.7506241458654404,20.80653509199965,0.0002009999999999,,,,,,,,,unet25d,42,0
4,0.9562857967615128,0.2491315369307994,0.6734241199493408,0.6608489435911179,0.0046364082361105,,0.7397408360242843,20.443838678999786,0.000251,,,,,,,,,unet25d,42,0
5,0.9391185122728348,0.2111764249205589,0.6479417020082474,0.6618329095840454,0.0041342460468877,,0.7143317037820816,20.467413031000437,0.0003,,,,,,,,,unet25d,42,0
6,0.9327395379543304,0.1748030883073806,0.6295649790763855,0.6636136510968208,0.0035080883861519,,0.6961017513275146,20.20040081799925,0.0002999430460537,,,,,,,,,unet25d,42,0
7,0.9202463364601136,0.1444133677333593,0.6099131751060486,0.6583240312337876,0.0039752401714213,,0.6759443414211274,20.32623485899967,0.0002997722274649,,,,,,,,,unet25d,42,0
8,0.9117332738637924,0.1220623198896646,0.5958649179339409,0.6844949322938919,0.0034707764326594,,0.6644879519939423,20.72805675700056,0.000299487673951,,,,,,,,,unet25d,42,0
9,0.8790877014398575,0.1052422144263982,0.5695495304465293,0.6794256854057312,0.0042412683693692,,0.6377041625976563,20.38850852499945,0.0002990896015976,0.5963240812061353,0.4769995615362414,0.35890266860399,0.5963240812061353,0.4339782983179894,0.4006963050845991,0.5367845840449527,,unet25d,42,0
10,0.8827000832557679,0.0859137444198131,0.5639855724573135,0.6700433847308159,0.0041628833045251,,0.6311980581283569,21.34465523199924,0.0002985783126956,,,,,,,,,unet25d,42,0
11,0.8597059816122055,0.074030170366168,0.5454356813430786,0.6772545945644378,0.0041113311541266,,0.613366711139679,21.280274005999672,0.0002979541955104,,,,,,,,,unet25d,42,0
12,0.8409300804138183,0.0657845811918377,0.5308719009160996,0.6958415165543557,0.003769751721993,,0.6006445387005805,21.598191028000656,0.0002972177239878,,,,,,,,,unet25d,42,0
13,0.8376093983650208,0.0554878414422273,0.5247607988119125,0.683332936167717,0.003883118503727,,0.5932882502675056,21.47167594999973,0.0002963694573941,,,,,,,,,unet25d,42,0
14,0.8231666424870491,0.048013259768486,0.5131053102016448,0.7147748073935509,0.0036175202485173,,0.5847636646032334,19.891097780000564,0.0002954100398908,,,,,,,,,unet25d,42,0
15,0.7971874624490738,0.0453909120522439,0.4964688619971275,0.6990387153625488,0.0034645341476425,,0.5665459606051445,24.25571096599924,0.0002943402000463,,,,,,,,,unet25d,42,0
16,0.8104566422104835,0.0398798771947622,0.5022259604930878,0.741157132089138,0.0029629666917026,,0.5764898252487183,23.69387431300038,0.0002931607502819,,,,,,,,,unet25d,42,0
17,0.791609862446785,0.0353231420740485,0.4890951952338219,0.7123308345675469,0.0026057948055677,,0.5604585683345795,24.15268807299981,0.000291872586255,,,,,,,,,unet25d,42,0
18,0.8290192949771881,0.0417472428269684,0.5141104951500892,0.7913053223490715,0.0024439317279029,,0.5949257829785347,24.18883528599963,0.0002904766861795,,,,,,,,0.0078127838438376,unet25d,42,0
19,0.8121727895736695,0.0416605209931731,0.5039679047465324,0.8049473887681962,0.0019699763983953,,0.58617879986763,24.217092429999862,0.0002889741100822,0.6232111185010144,0.4875507519102624,0.343487583946607,0.6232111185010144,0.4681263397209836,0.3713147975087891,0.554540655068348,0.0080882741976529,unet25d,42,0
20,0.7990037950873375,0.0429232298675924,0.4965715888142585,0.8001144975423813,0.0018139055860228,,0.5782189586758614,24.773832769000364,0.0002873659989982,,,,,,,,0.0077261248882859,unet25d,42,0
21,0.7989525914192199,0.0380771098192781,0.4946024191379547,0.8143000310659408,0.0016230005538091,,0.5774225610494613,21.893349121999563,0.0002856535741046,,,,,,,,0.0065449525276198,unet25d,42,0
22,0.7620205372571945,0.0361219226382672,0.4716611090302467,0.7711075967550278,0.0012246753665385,,0.5499412715435028,21.96701718199984,0.0002838381357927,,,,,,,,0.0055408344278112,unet25d,42,0
23,0.7759387940168381,0.034636081745848,0.4794177281856537,0.8213760083913804,0.0010287281975615,,0.5626032039523124,21.255643640000017,0.0002819210626809,,,,,,,,0.0049821763299405,unet25d,42,0
24,0.7824702468514443,0.03346858240664,0.4828696018457413,0.8088276088237762,0.0008262664597714,,0.564644288122654,21.320139308999387,0.0002799038105676,,,,,,,,0.0042530592810362,unet25d,42,0
25,0.7858002549409866,0.02869313493371,0.4829574277997017,0.7716004684567451,0.0007230357959633,,0.5608766385912896,21.23041324800033,0.0002777879113257,,,,,,,,0.0036150598851963,unet25d,42,0
26,0.7481766462326049,0.0322498696390539,0.4618059518933296,0.8198474082350731,0.0006404640257824,,0.5445006735622883,23.74528813100005,0.0002755749717393,,,,,,,,0.0033897793176583,unet25d,42,0
27,0.7754774019122124,0.0282978881336748,0.4766056156158447,0.7869652503728867,0.0005963604498538,,0.5559093132615089,24.205794374000103,0.0002732666722837,,,,,,,,0.0028867752524092,unet25d,42,0
28,0.764907819032669,0.0285984414350241,0.4703840862214565,0.8107077527046204,0.000490109368402,,0.5520266672968864,24.78470731400012,0.0002708647658491,,,,,,,,0.0027365247276611,unet25d,42,0
29,0.74911028444767,0.0339700873382389,0.4630542242527008,0.8172589924931526,0.000438028902281,,0.5454038226604462,23.88859892999972,0.0002683710764094,0.5878984796454293,0.4638736103798384,0.3463126124511082,0.5878984796454293,0.4116258147433227,0.3920965367507631,0.52653243214632,0.0030089622817467,unet25d,42,0
30,0.7470051112771035,0.0294115512724965,0.4599677067995071,0.7982650172710418,0.000333859391394,,0.5402968829870224,24.55293399599941,0.0002657874976374,,,,,,,,0.0024299075501039,unet25d,42,0
31,0.7578676760196685,0.0268577752495184,0.4654637353122234,0.7771836337447167,0.0002317669537296,,0.5435882723331451,25.959178678999702,0.0002631159914665,,,,,,,,0.0019729137711692,unet25d,42,0
32,0.7794622947275639,0.0297191934520378,0.479565073698759,0.8037537401914596,0.0002085218832507,,0.5604362337291241,22.574197595999976,0.0002603585866009,,,,,,,,0.0024268106324598,unet25d,42,0
33,0.7375864258408547,0.0286280885199084,0.4540031084418297,0.827545908689499,0.0002082163892919,,0.5371459144353866,20.98053907800022,0.0002575173769752,,,,,,,,0.0018889918475179,unet25d,42,0
34,0.7399365106225013,0.0283137297770008,0.4552874195575714,0.8101031762361527,0.0002299892895825,,0.5367193764448166,21.086434574999657,0.000254594520164,,,,,,,,0.0020506777946138,unet25d,42,0
35,0.7601773855090141,0.0257975710975006,0.4664254780113697,0.773455111682415,0.0001780214316022,,0.544119861125946,21.429084090000288,0.0002515922357438,,,,,,,,0.0016998393108951,unet25d,42,0
36,0.7442873007059098,0.0267817101534456,0.4572850823402404,0.8311596858501434,0.0001354406342215,,0.5407807123661041,20.23787670999991,0.0002485128036071,,,,,,,,0.0018644547328585,unet25d,42,0
37,0.7367978203296661,0.0263312890497036,0.4526112279295921,0.7828115218877792,0.0002475944642901,,0.5312616249918938,23.11981702799949,0.0002453585622314,,,,,,,,0.0017843438795534,unet25d,42,0
38,0.7401055365800857,0.0271224558306857,0.4549123182892799,0.7806264445185661,0.0001532993466116,,0.5333910524845124,24.463135478000368,0.0002421319069034,,,,,,,,0.0020421205161255,unet25d,42,0
39,0.7264889629185199,0.0250824519013986,0.4459263762831688,0.7775399896502495,0.0001419536056164,,0.5240210437774658,25.18312897099986,0.0002388352878997,0.6080728332297263,0.4883713380832976,0.3707145203826202,0.6080728332297263,0.4080879308915843,0.448953250128582,0.548426553401087,0.0016678600267914,unet25d,42,0
40,0.7238139182329177,0.0280085746431723,0.445491798967123,0.8087336635589599,0.0001196302356856,,0.5268184781074524,23.4685246479994,0.0002354712086265,,,,,,,,0.0022366696543758,unet25d,42,0
41,0.7511268299818039,0.0258344832202419,0.4610099078714847,0.7895374488830567,0.0001061604865344,,0.5403877863287926,24.80943248299991,0.0002320422237183,,,,,,,,0.0020941019988094,unet25d,42,0
42,0.7600896751880646,0.0301845568837597,0.4681276468932628,0.8187864020466804,9.700885651000135e-05,,0.5505924135446548,24.47449710100045,0.0002285509370981,,,,,,,,0.0029063896922161,unet25d,42,0
43,0.7466568270325661,0.0246736099943518,0.4578635621070862,0.8293814182281494,8.32213174203389e-05,,0.5411889511346817,24.31153867400008,0.000225,,,,,,,,0.0019154392028576,unet25d,42,0
44,0.7237359300255776,0.0264014778798446,0.4448021660745144,0.7863922700285911,8.277766367882577e-05,,0.5238414487242699,21.052335862999826,0.0002213921089555,,,,,,,,0.0019795782727305,unet25d,42,0
45,0.7446336901187897,0.0232226719381287,0.4560692998766899,0.8202796375751495,8.898720059278276e-05,,0.5384614706039429,21.34863437199965,0.0002177300037466,,,,,,,,0.0017987995847943,unet25d,42,0
46,0.7480873990058899,0.0224778011487796,0.4578435789048671,0.8106232506036758,0.0001025131899473,,0.5393066614866256,21.23615563000021,0.0002140164653244,,,,,,,,0.0019781757244345,unet25d,42,0
47,0.7352831983566284,0.0252517718169838,0.4512706445157528,0.7896231523156166,0.0001287291107479,,0.5307589894533158,21.273444395000297,0.0002102543136979,,,,,,,,0.002597948604307,unet25d,42,0
48,0.7397856217622757,0.0239624103484675,0.4534563574194908,0.7948486855626107,9.318401563177758e-05,,0.5334380280971527,21.786285142999983,0.0002064464057921,,,,,,,,0.0024607104149617,unet25d,42,0
49,0.7045580425858498,0.0233654375467449,0.4320810160040855,0.7836492121219635,8.753256423915445e-05,,0.5108587917685509,23.97610236799937,0.0002025956332789,0.6289035454326993,0.5197806811561692,0.3895241682362417,0.6289035454326993,0.4379626493160254,0.4924758487197829,0.5722287484300945,0.0020423838980786,unet25d,42,0
50,0.7156622192263603,0.0235124728595837,0.4388023361563682,0.7855931693315505,8.158409321367798e-05,,0.5178053815662861,24.58697537800072,0.0001987049203807,,,,,,,,0.0021982348321762,unet25d,42,0
51,0.7155174177885055,0.0235963111929595,0.4387489919364452,0.8072768592834473,0.0001337665287087,,0.5199289616942405,23.78100940100012,0.0001947772216502,,,,,,,,0.0022279831252672,unet25d,42,0
52,0.7372024343907833,0.0226990566356107,0.4514011040329933,0.8067623966932297,9.522387929564502e-05,,0.5324802283942699,24.96395018800013,0.0001908155197268,,,,,,,,0.0019906138427177,unet25d,42,0
53,0.7329596392810345,0.0248748975386843,0.4497257639467716,0.7801233875751495,7.900737514177081e-05,,0.5282198815047741,24.206785905000288,0.0001868228230711,,,,,,,,0.0023891256106435,unet25d,42,0
54,0.7160513560473919,0.0225556506263092,0.4386530920863151,0.7837136897444725,9.429951085849098e-05,,0.5174646735191345,25.40436444200077,0.0001828021636809,,,,,,,,0.0021774753572026,unet25d,42,0
55,0.7492167276144027,0.0228379656816832,0.45866524040699,0.7749010843038558,0.0001093340194461,,0.5366248846054077,21.750259372000077,0.0001787565947885,,,,,,,,0.002320335276272,unet25d,42,0
56,0.7483465883135796,0.0246194707369431,0.4588557615876197,0.8238096782565116,0.0001010222631612,,0.5417337420582772,22.416822076000244,0.0001746891885421,,,,,,,,0.0024597959982202,unet25d,42,0
57,0.7536981844902039,0.0199855400342494,0.4602131420373916,0.7815345498919487,8.344589298616257e-05,,0.5387464520335198,21.19294996999997,0.0001706030336727,,,,,,,,0.0018784055939613,unet25d,42,0
58,0.6961095745861531,0.0238840162521228,0.4272193667292595,0.7740141373872756,0.0001172920480348,,0.5051198726892472,21.076233907999267,0.0001665012331491,,,,,,,,0.0024661325163106,unet25d,42,0
59,0.7091258785128594,0.0211064257263205,0.4339181135594845,0.7648542475700378,0.0001364947517959,,0.5108887633681297,21.46003779200055,0.0001623869018208,0.6719749326166613,0.5615246524856518,0.430048190695483,0.6719749326166613,0.4690818363455403,0.5435171884947534,0.6146471743852406,0.0023919952267897,unet25d,42,0
60,0.695706767141819,0.0245055556693114,0.4272262987494468,0.7609775534272194,9.919656107001628e-05,,0.5039400665462017,23.91364639800031,0.0001582631640533,,,,,,,,0.0030552371986777,unet25d,42,0
61,0.7244929237663746,0.0208669212460517,0.4430425408482552,0.7620924261212348,5.068909077078132e-05,,0.5197524562478065,24.4063837169997,0.0001541331513552,,,,,,,,0.0024906871727034,unet25d,42,0
62,0.7149263620376587,0.0199103061808273,0.4369199591875076,0.7988620394468308,8.796416562113053e-05,,0.5172021794319153,24.260686225000427,0.00015,,,,,,,,0.0019580957101061,unet25d,42,0
63,0.7301485043764114,0.0225681563396938,0.4471163818240166,0.7844406655430793,0.0001307678672264,,0.5260849487781525,23.787153808000767,0.0001458668486447,,,,,,,,0.0025898099823825,unet25d,42,0
64,0.6932977858185768,0.0232696104608476,0.425286535769701,0.7789607313275337,9.10276859485748e-05,,0.5037366396188736,24.156148434999523,0.0001417368359466,,,,,,,,0.0027473823512627,unet25d,42,0
65,0.6888891977071762,0.0197153511503711,0.4212196758389473,0.7671031549572944,0.0001259648629172,,0.4983263382315636,23.922975554000004,0.0001376130981791,,,,,,,,0.0019502175738125,unet25d,42,0
66,0.7555152675509453,0.0202098022401332,0.4613931030035019,0.7755775114893914,0.0001299170276502,,0.5393966889381409,23.061410752000484,0.0001334987668508,,,,,,,,0.0021966965030151,unet25d,42,0
67,0.7053911447525024,0.02152237938717,0.4318436570465565,0.7857351639866829,0.0001453803864478,,0.5108778285980224,21.120320672999696,0.0001293969663272,,,,,,,,0.0022669031857367,unet25d,42,0
68,0.7234407502412796,0.021569680890534,0.4426923394203186,0.7543722644448281,8.632690437629264e-05,,0.5185645841062069,21.29653749999943,0.0001253108114578,,,,,,,,0.0021534985016842,unet25d,42,0
69,0.7361429041624069,0.017206236673519,0.4485682544112205,0.7624852120876312,6.566020128389028e-05,,0.525146351158619,21.11248177600009,0.0001212434052114,0.6813403695097993,0.5734096753010759,0.4463123651874724,0.6813403695097993,0.5026955618033787,0.5361930945900498,0.6254583608149495,0.0016314741656242,unet25d,42,0
70,0.6928718683123588,0.0195244571124203,0.4235329233109951,0.8056911879777908,6.18808219451239e-05,,0.5045044386386871,23.72652513199955,0.000117197836319,,,,,,,,0.0019965013675755,unet25d,42,0
71,0.7144053271412849,0.0202202079258859,0.4367312966287136,0.7619088867306709,0.0001411872331493,,0.5134092482924462,24.284319968999625,0.0001131771769288,,,,,,,,0.0024000093796166,unet25d,42,0
72,0.7117719745635986,0.0215293541643768,0.4356749449670314,0.7488967549800872,8.738985103406094e-05,,0.5110983219742775,24.541419723000217,0.0001091844802731,,,,,,,,0.0026466582421926,unet25d,42,0
73,0.7344665351510048,0.0246448294213041,0.4505378687381744,0.8414067405462266,0.0001200235035946,,0.5353948360681534,24.73872902399944,0.0001052227783497,,,,,,,,0.0035514538415736,unet25d,42,0
74,0.7454756531119346,0.0254342893883585,0.4574591283500194,0.806046624481678,0.0001178051886881,,0.5387769716978074,24.28546114700021,0.0001012950796192,,,,,,,,0.0035364141107129,unet25d,42,0
75,0.727908637970686,0.0251094599952921,0.4467889836430549,0.8386455711722374,0.0001503965101119,,0.5313536003232002,23.35211664899998,9.740436672108684e-05,,,,,,,,0.0034626850275162,unet25d,42,0
76,0.7404264202713966,0.0240421094838529,0.4538727189600468,0.7995096069574356,0.0001212055151384,,0.5345236605405808,24.6137894099993,9.355359420782469e-05,,,,,,,,0.0034695963645935,unet25d,42,0
77,0.7493472480773926,0.0245578106166794,0.4594314897060394,0.8125304085016251,0.0001484831827019,,0.5414148074388504,24.961289566999767,8.97456863020546e-05,,,,,,,,0.0036142781356647,unet25d,42,0
78,0.7313722319900989,0.0232073054043576,0.4481062810122966,0.8070660474896431,0.0001131026349946,,0.5294113083183766,22.30483293599991,8.598353467553945e-05,,,,,,,,0.0029638380508913,unet25d,42,0
79,0.7196102970838547,0.0260182590177282,0.4421735019981861,0.810036995112896,8.801042529739789e-05,,0.5239474856853485,21.223975118000453,8.226999625336662e-05,0.6759931260424712,0.5714401611112118,0.4391164081937381,0.6759931260424712,0.4749432108851356,0.5633841464060283,0.6209395647782201,0.0038294102507643,unet25d,42,0
80,0.7342255052924156,0.0240883867116644,0.4501706753671169,0.8290746921300888,9.340965483659149e-05,,0.5337631845474243,23.879342707999967,7.860789104443896e-05,,,,,,,,0.0034018466043198,unet25d,42,0
81,0.7200166967511177,0.0228196791326627,0.4411379073560237,0.8122358146309853,0.0001289620048032,,0.5230430769920349,24.050491813000008,7.500000000000002e-05,,,,,,,,0.0033756988665845,unet25d,42,0
82,0.7271535113453865,0.0250046203238889,0.4462939707934856,0.8040697133541107,0.0001473590653085,,0.5274262562394142,24.401401179999997,7.144906290181832e-05,,,,,,,,0.0035897232882052,unet25d,42,0
83,0.7478746077418328,0.0261156350001692,0.4591710367798805,0.7873698955774308,0.0001308899357145,,0.5386963361501693,24.508929045000517,6.795777628163599e-05,,,,,,,,0.0039088319086295,unet25d,42,0
84,0.743259317278862,0.0251956685399636,0.4560338789224624,0.8183338934183121,0.0001075000988726,,0.5386362054944038,24.81297979800001,6.452879137346007e-05,,,,,,,,0.0038178080515717,unet25d,42,0
85,0.7394182291626931,0.0257297554332762,0.4539428535103798,0.8354554933309555,0.0001240916071469,,0.5382052122056484,25.74934020299952,6.1164712100253e-05,,,,,,,,0.0035530124998331,unet25d,42,0
86,0.712987787425518,0.0245338383130729,0.4376062253117561,0.7845403414964676,0.0001737428676983,,0.5167654004693031,24.372977314999844,5.786809309654982e-05,,,,,,,,0.0034822728132712,unet25d,42,0
87,0.7310619473457336,0.0257309157401323,0.4489295525848865,0.7994978725910187,0.000136112344503,,0.5296571120619774,25.15603068300061,5.464143776850482e-05,,,,,,,,0.0038548217326751,unet25d,42,0
88,0.732720213830471,0.024550856235437,0.4494524909555912,0.8009595668315888,0.0001701674190962,,0.5302779564261436,25.091236428999764,5.148719639283984e-05,,,,,,,,0.0036050311673898,unet25d,42,0
89,0.7128506064414978,0.0244711517868563,0.4374988406896591,0.8058062669634819,0.0001415558652206,,0.5187989020347595,22.40870042499955,4.840776425613886e-05,0.6806813071058296,0.5811944337742325,0.4463632903952745,0.6806813071058296,0.4940915145088427,0.5688104797080252,0.627403443435295,0.0035617698525493,unet25d,42,0
90,0.7069986933469772,0.0215427036234177,0.4328163139522075,0.7874847477674485,0.0001347973366063,,0.5121279156208038,23.07127793499967,4.5405479835900685e-05,,,,,,,,0.002781950769131,unet25d,42,0
91,0.73411500364542,0.0241570459632202,0.4501318378746509,0.8191705110669136,0.0001540804493652,,0.5327585254609585,23.333740627000225,4.2482623024732334e-05,,,,,,,,0.0035096661930037,unet25d,42,0
92,0.736899508535862,0.0233228822797536,0.4514688792824745,0.7867565849423408,0.0001540101109003,,0.5308240741491318,24.124202242000138,3.964141339903026e-05,,,,,,,,0.0033591769009763,unet25d,42,0
93,0.7237175592780113,0.0217549795238301,0.4429325456917286,0.794434249997139,0.0001504099397641,,0.5230070507526398,24.680521083999334,3.6884008533465575e-05,,,,,,,,0.0031177906335506,unet25d,42,0
94,0.6946173569560051,0.0231841854285448,0.4260441048443317,0.7894149029254913,0.0001279129024396,,0.5056681492924691,23.988781801000187,3.4212502362551864e-05,,,,,,,,0.0033808009314088,unet25d,42,0
95,0.7340255239605904,0.0213010994857177,0.4489357733726501,0.7969551259279251,0.0001695656930974,,0.5292552363872528,24.422806032000157,3.162892359054098e-05,,,,,,,,0.0030773614715781,unet25d,42,0
96,0.7092700354754925,0.0238997170142829,0.4351219236850738,0.810377660393715,0.0001756246995955,,0.5168383319675922,24.766785923000494,2.913523415085328e-05,,,,,,,,0.0033492893034417,unet25d,42,0
97,0.7331611165404319,0.0221660302858799,0.4487631022930145,0.7972874161601067,0.0001904839840722,,0.5291585770249366,24.360933890000524,2.673332771621324e-05,,,,,,,,0.0032860264002556,unet25d,42,0
98,0.7115210914611816,0.0195954444864764,0.434750851392746,0.7535706833004951,0.0001340795753802,,0.5106129464507103,24.75325675800013,2.4425028260620715e-05,,,,,,,,0.0024916122894501,unet25d,42,0
99,0.7509912511706353,0.0214404148352332,0.4591709372401237,0.8047480282187461,0.0001436128708155,,0.5403050792217254,24.350369404999583,2.221208867425096e-05,0.6908042930724068,0.5867816418269929,0.4523454543430915,0.6908042930724068,0.510045106857771,0.5594955255508007,0.6357516138258511,0.0032607906498742,unet25d,42,0
100,0.7318105188012123,0.0215469803055748,0.4477051185071468,0.761847670674324,0.0002026051725829,,0.5245184496045112,21.14713168200069,2.009618943233419e-05,,,,,,,,0.0030921659456362,unet25d,42,0
101,0.7190603214502335,0.0219406020641326,0.4402124531567096,0.7736269441246987,0.0001644191086069,,0.518225437104702,22.06759110799976,1.807893731902665e-05,,,,,,,,0.0032103447379631,unet25d,42,0
102,0.7112218478322029,0.0205553523474372,0.4349552674591541,0.7927343216538429,0.0001209284172637,,0.5148252089321613,24.645339268001408,1.616186420724089e-05,,,,,,,,0.0029523070916911,unet25d,42,0
103,0.7440026891231537,0.0239145040209405,0.4559674327075481,0.8300204336643219,0.0001779598193957,,0.5397117075324058,25.584337997999683,1.4346425895363384e-05,,,,,,,,0.0036666602709374,unet25d,42,0
104,0.7407106393575669,0.0208780491631478,0.4527776239812374,0.7845638769865036,0.0001430352251827,,0.5318396943807602,23.73485948800044,1.2634001001741372e-05,,,,,,,,0.0029926619126126,unet25d,42,0
105,0.7124733993411064,0.0228237214963883,0.4366135469079018,0.772019630074501,0.0001459510753193,,0.5144767346978187,24.69849874800093,1.1025889917779737e-05,,,,,,,,0.0032696415267128,unet25d,42,0
106,0.7270884609222412,0.021382457325235,0.4448060774803161,0.7730757874250412,0.0001446381435107,,0.522757753431797,24.722442461001265,9.523313820441804e-06,,,,,,,,0.0031843376963661,unet25d,42,0
107,0.7285851123929024,0.0219886810984462,0.4459465578198432,0.7916020628809929,0.0001536013743202,,0.525747321844101,24.301917812999815,8.127413744904804e-06,,,,,,,,0.0031643778138982,unet25d,42,0
108,0.7267289113998413,0.0218241355428472,0.4447670190036297,0.7892657667398453,0.0001418889234309,,0.5243036371469497,24.73593155600065,6.839249718073875e-06,,,,,,,,0.0030147182362998,unet25d,42,0
109,0.7370733380317688,0.020047939158976,0.4502631977200508,0.7867909955978394,0.0001336655537909,,0.5294792822003365,24.515849381999946,5.659799953612438e-06,0.6914180491432461,0.590889682130902,0.4582478056582424,0.6914180491432461,0.5056194974160951,0.5756314998333641,0.6379425146910425,0.002651512803186,unet25d,42,0
110,0.7116428878903389,0.0197888055094517,0.4349012733995914,0.7572776147723198,0.0001392792724027,,0.5111496469378471,21.44963440299944,4.589960109100444e-06,,,,,,,,0.0025682376495842,unet25d,42,0
111,0.7448229044675827,0.0187781479768455,0.4544050219655037,0.7955112954974175,0.0001138086011337,,0.5344732987880707,21.464754811999228,3.630542605884657e-06,,,,,,,,0.0025572635424828,unet25d,42,0
112,0.7330153754353523,0.0195204513333737,0.447617424428463,0.7586460810899734,0.0001421576688437,,0.524045766890049,21.347167527001147,2.7822760121373187e-06,,,,,,,,0.0027831054986438,unet25d,42,0
113,0.6998450076580047,0.0205823727929964,0.428139971345663,0.7606026440858841,0.0001559194180549,,0.5047776556015015,24.597452927999257,2.0458044895916517e-06,,,,,,,,0.0028481091547655,unet25d,42,0
114,0.7113965645432472,0.019804127884563,0.4347596082091332,0.7533594673871994,0.0001430913218609,,0.5106162697076797,24.68938620299923,1.4216873043745137e-06,,,,,,,,0.0025678014364007,unet25d,42,0
115,0.6976484224200249,0.0177523870347067,0.4256900238990784,0.7609626203775406,0.0001220351579127,,0.5022333757579327,24.25386361600067,9.103984023075772e-07,,,,,,,,0.0022049429756884,unet25d,42,0
116,0.7198482792079449,0.020001233741641,0.4399094812572002,0.7831225961446762,0.0001174351956024,,0.5187590210139752,24.290749876001428,5.123260489995229e-07,,,,,,,,0.0026570458422793,unet25d,42,0
117,0.7098556999862194,0.0194631265569478,0.433698687851429,0.8289762544631958,0.0001019944515718,,0.5170916263759137,25.488677478999307,2.2777253500257386e-07,,,,,,,,0.0024510620317664,unet25d,42,0
118,0.6765383708477021,0.0204483410576358,0.4141023775935173,0.7870924514532089,0.000138006463826,,0.493307780623436,25.66885644500144,5.695394625728767e-08,,,,,,,,0.0024462782363116,unet25d,42,0
119,0.7132930833101273,0.0185917708766646,0.435412577688694,0.7694236299395562,0.0001177886487357,,0.5128271773457527,25.254994876999262,0.0,0.6919463457380779,0.5928724902420923,0.4589912273901269,0.6919463457380779,0.5092669264563361,0.5774041985318631,0.6389286772544871,0.0023317237299954,unet25d,42,0
0,0.9706435191631316,0.6149632322788239,0.828371428847313,0.7320572596788406,0.0584766890481114,0.5990546673536301,1.5035556602478026,24.681113085000103,5.1e-05,,,,,,,,,no_quality,42,0
1,0.9692825645208358,0.4869515141844749,0.7763501757383346,0.6888897943496705,0.022369634900242,0.4967310261726379,1.3430886566638949,23.57427608599937,0.0001009999999999,,,,,,,,,no_quality,42,0
2,0.9599691933393478,0.4336575996875763,0.749444591999054,0.6895967590808868,0.005567529394757,0.4657676115632057,1.2844502532482147,23.005517544000213,0.0001509999999999,,,,,,,,,no_quality,42,0
3,0.952397122979164,0.3918349361419678,0.7281722795963287,0.675467135310173,0.0024276533187367,0.4437933030724525,1.2396336829662322,24.03598178500033,0.0002009999999999,,,,,,,,,no_quality,42,0
4,0.9619050121307372,0.3451787304878235,0.7152145302295685,0.6760114759206772,0.0011643520463258,0.4358643522858619,1.2187382447719577,23.439283089000128,0.000251,,,,,,,,,no_quality,42,0
5,0.9476437538862228,0.2975462260842323,0.6876047676801682,0.6814436542987824,0.0009248939898679,0.4100638449192047,1.1658592224121094,21.747256530999948,0.0003,,,,,,,,,no_quality,42,0
6,0.9442950588464736,0.2506511358916759,0.6668375146389007,0.6766236257553101,0.0007502289561671,0.3959030330181122,1.1304404312372207,21.522412861999328,0.0002999430460537,,,,,,,,,no_quality,42,0
7,0.9360086232423782,0.2095309183001518,0.6454175639152527,0.6763548576831817,0.0012080228183185,0.3796097525954247,1.0927231973409652,21.6503743229996,0.0002997722274649,,,,,,,,,no_quality,42,0
8,0.9311886876821518,0.1784354637563228,0.630087422132492,0.6893435943126679,0.0009678625616652,0.3773819962143898,1.0764521729946137,22.152529775000403,0.000299487673951,,,,,,,,,no_quality,42,0
9,0.9015768319368362,0.1518867321312427,0.6017008143663406,0.6852435946464539,0.0015899974846979,0.3517473168671131,1.022051995396614,23.80984404999981,0.0002990896015976,0.478229088366506,0.461131895694898,0.3720826338027111,0.478229088366506,0.4126502043311621,0.4925163943870252,0.4624852851086441,,no_quality,42,0
10,0.904943773150444,0.1250593522191047,0.5929900255799293,0.6716789838671684,0.0019497025856981,0.3536607067286968,1.013916112780571,24.403093891000022,0.0002985783126956,,,,,,,,,no_quality,42,0
11,0.885585508942604,0.1067052571475505,0.5740334317088127,0.6945512861013412,0.0016750071599381,0.3429132632911205,0.9864855766296386,24.684822991000143,0.0002979541955104,,,,,,,,,no_quality,42,0
12,0.8692934203147888,0.0919674704968929,0.558363065123558,0.693623888194561,0.0015196781686972,0.3290218569338322,0.9568232959508896,24.5643295029995,0.0002972177239878,,,,,,,,,no_quality,42,0
13,0.8685779863595963,0.080010017901659,0.5531508192420006,0.6918703436851501,0.0018599543336313,0.3369338646531105,0.959364720582962,24.5050759249998,0.0002963694573941,,,,,,,,,no_quality,42,0
14,0.8517937499284745,0.0691351406276226,0.538730326294899,0.7085275572538375,0.0015546475321752,0.3343745696544647,0.9440353840589524,21.362911017999977,0.0002954100398908,,,,,,,,,no_quality,42,0
15,0.8323531383275986,0.0619346362352371,0.5241857567429542,0.7074464872479439,0.0014574451354565,0.324693900346756,0.9196971833705904,22.619641878999573,0.0002943402000463,,,,,,,,,no_quality,42,0
16,0.8371622255444526,0.0508348514139652,0.5226312929391861,0.7214062467217446,0.0011645935627166,0.3294994699954987,0.9243296158313752,22.50847462900037,0.0002931607502819,,,,,,,,,no_quality,42,0
17,0.8196285715699196,0.0465969002433121,0.5104159227013588,0.7076787775754929,0.0011758470542554,0.3214317418634891,0.90267433822155,22.4747105739998,0.000291872586255,,,,,,,,,no_quality,42,0
18,0.8488316410779952,0.0488049300014972,0.5288209754228592,0.7869274842739106,0.0006856972611421,0.3522900855541229,0.9674651199579238,24.6478121579994,0.0002904766861795,,,,,,,,0.0381351348391035,no_quality,42,0
19,0.8307722461223602,0.0491468472406268,0.5181221050024033,0.7691387063264847,0.0006648645759378,0.3423206937313079,0.942681856751442,24.83387175400003,0.0002889741100822,0.6309184694803059,0.5277199145435716,0.365588756510004,0.6309184694803059,0.4203670783512538,0.5318741957991552,0.5734259317022554,0.0264597540773684,no_quality,42,0
20,0.8164180040359497,0.0469616934284567,0.5086355003714561,0.7920683187246322,0.0004760732972135,0.3415568226575851,0.9330569404363632,24.87506663800013,0.0002873659989982,,,,,,,,0.0181699238112196,no_quality,42,0
21,0.8157695841789245,0.0416969600878655,0.5061405536532402,0.7934305781126022,0.0003106465452492,0.3389929002523422,0.9280568951368332,25.34057206299985,0.0002856535741046,,,,,,,,0.0178242575877811,no_quality,42,0
22,0.7792681476473808,0.0396571424044668,0.4834237676858902,0.7671100622415543,0.0002872143917193,0.3224138939380646,0.884601674079895,24.70091001699984,0.0002838381357927,,,,,,,,0.0101932270475663,no_quality,42,0
23,0.7837507051229476,0.0355817012581974,0.4844831225275993,0.7722658860683441,0.0002279001992201,0.3277676703035831,0.8914170861244202,22.39770587000021,0.0002819210626809,,,,,,,,0.0096415671287104,no_quality,42,0
24,0.7842662146687508,0.032371794776991,0.483508463203907,0.7643453681468964,0.0002137046519783,0.3298970495164394,0.8913786152005195,23.069796685000256,0.0002799038105676,,,,,,,,0.0076394109567627,no_quality,42,0
25,0.7941700977087021,0.0280331180337816,0.4877153271436691,0.7715288752317429,0.0001810022126483,0.3349563817679882,0.9012029719352722,23.032854254000085,0.0002777879113257,,,,,,,,0.006846631555818,no_quality,42,0
26,0.755593575835228,0.0307399219926446,0.4656521333754063,0.7849971225857735,0.000131566990467,0.3191622491180896,0.8645273631811142,24.329585278000195,0.0002755749717393,,,,,,,,0.0060334359388798,no_quality,42,0
27,0.7818639206886292,0.028035835227929,0.4803327038884163,0.7995134964585304,0.0001402967289686,0.3327901937067509,0.8941653543710708,25.25526034199993,0.0002732666722837,,,,,,,,0.0054204686451703,no_quality,42,0
28,0.7696017971634865,0.0281347579788416,0.4730150006711483,0.7890613514184952,0.0001276989642974,0.3278238321840763,0.8807106247544289,25.114011816999664,0.0002708647658491,,,,,,,,0.0047963617974892,no_quality,42,0
29,0.749425727725029,0.0293233758676797,0.4613848057389259,0.8116176763176918,0.0001242724465828,0.3220183427631855,0.8653974050283432,24.713577714000166,0.0002683710764094,0.6755248394800532,0.5882727140972682,0.4426585060667845,0.6755248394800532,0.4747741402188858,0.6145191625928658,0.6260625685238908,0.0041313565755262,no_quality,42,0
30,0.7468193385004998,0.026608360633254,0.4587349671125412,0.7834916889667511,0.0001198695212269,0.320244667828083,0.8580373314023018,24.975622479000776,0.0002657874976374,,,,,,,,0.0035126982931979,no_quality,42,0
31,0.7558334341645241,0.02300767398905,0.4627031490206718,0.7809391492605209,6.518270148816896e-05,0.3264696335792541,0.8678867030143738,24.01055863700003,0.0002631159914665,,,,,,,,0.0030837362608872,no_quality,42,0
32,0.7717006300389767,0.0240812040492892,0.4726528793573379,0.7922577738761902,6.869998964475598e-05,0.3323784001171589,0.8847953400015831,23.866606790999867,0.0002603585866009,,,,,,,,0.00267422402394,no_quality,42,0
33,0.7318423190712928,0.02525629225187,0.4492079252004623,0.7843269190192222,5.129772815507749e-05,0.3172854189574718,0.8453927093744278,22.752049013000036,0.0002575173769752,,,,,,,,0.0023205176729243,no_quality,42,0
34,0.7323258143663406,0.0244153451174497,0.4491616456210613,0.7948741027712822,5.342924539377236e-05,0.316563034504652,0.8456532388925553,22.936845092000112,0.000254594520164,,,,,,,,0.0021923941723071,no_quality,42,0
35,0.7543545255064964,0.0218650985462591,0.4613587740063667,0.7722982954978943,6.800866952517027e-05,0.3275358086824417,0.8664724296331405,24.826338539000066,0.0002515922357438,,,,,,,,0.0017230687424307,no_quality,42,0
36,0.7361160388588905,0.0233001963957212,0.450989721417427,0.7889386981725692,5.874592833379211e-05,0.320825777053833,0.8510823076963425,24.09005048299969,0.0002485128036071,,,,,,,,0.0018500134762143,no_quality,42,0
37,0.7255918231606483,0.0226726344460621,0.4444241680204868,0.7790173280239105,6.099072733235289e-05,0.3168137726187706,0.8394930112361908,24.69281423900065,0.0002453585622314,,,,,,,,0.0017514094244688,no_quality,42,0
38,0.7334750068187713,0.0213291341718286,0.448616677224636,0.759414059817791,4.931104945399056e-05,0.3204905113577843,0.8453498592972756,24.759221696000168,0.0002421319069034,,,,,,,,0.0014939834031974,no_quality,42,0
39,0.7217413501441479,0.0211571637750603,0.4415076929330825,0.7773733329772949,6.122833398393368e-05,0.3151760755479336,0.8347279554605485,24.847595242999887,0.0002388352878997,0.7065065815452053,0.5972760202541317,0.4602037936479967,0.7065065815452053,0.4832999788515322,0.6020215003656575,0.6491071343681624,0.0015190034176339,no_quality,42,0
40,0.7115776580572128,0.022876621899195,0.4360972583293915,0.819767569899559,5.798338517525536e-05,0.3109493467211723,0.8293903297185898,22.480276049000167,0.0002354712086265,,,,,,,,0.001820338681282,no_quality,42,0
41,0.7445241954922676,0.0222149412380531,0.4556005108356475,0.8035872048139572,6.927939192195253e-05,0.3270706976950168,0.8633596968650817,23.096736647999933,0.0002320422237183,,,,,,,,0.0016314812310156,no_quality,42,0
42,0.7477692767977715,0.0215818108059465,0.4572943046689033,0.8117257648706436,5.715624272127684e-05,0.3281026019155979,0.8668907016515732,22.62799333899966,0.0002285509370981,,,,,,,,0.0015917668680776,no_quality,42,0
43,0.7382457333803177,0.0220955661917105,0.4517856827378273,0.8033070850372315,4.205907553028965e-05,0.323819471001625,0.8563047486543656,24.1535298660001,0.000225,,,,,,,,0.0018339277931954,no_quality,42,0
44,0.7145882359147072,0.0224235135130584,0.4377223655581474,0.8060924959182739,3.12112484406768e-05,0.3141631895303726,0.8328159779310227,24.19666782500008,0.0002213921089555,,,,,,,,0.0015980620506161,no_quality,42,0
45,0.7357871472835541,0.0189022133732214,0.4490331943333149,0.8057086312770844,3.54633339384236e-05,0.3234297473728657,0.8533058506250382,24.814729174000604,0.0002177300037466,,,,,,,,0.0013513747118122,no_quality,42,0
46,0.7409017053246498,0.0192393302940763,0.452236770093441,0.7794842177629471,4.725743054223131e-05,0.3260156764090061,0.8565138959884644,25.15445257200008,0.0002140164653244,,,,,,,,0.0015533384041918,no_quality,42,0
47,0.724985886067152,0.0210251005250029,0.4434015880525112,0.7891655543446541,3.3881416052281565e-05,0.3178547932207584,0.8405632966756821,24.95082259100036,0.0002102543136979,,,,,,,,0.0019433340055547,no_quality,42,0
48,0.725815178155899,0.0198191182524897,0.4434167721867561,0.7941549289226532,4.583619503705449e-05,0.3171827282011509,0.8404093891382217,24.800574815999425,0.0002064464057921,,,,,,,,0.001960496813408,no_quality,42,0
49,0.6967767468094825,0.0196232302254065,0.4259153580665588,0.7945066368579865,2.5741373011172185e-05,0.3087075210362673,0.8143646907806397,24.976984162999543,0.0002025956332789,0.6982025813543711,0.6067312037710059,0.4653732480181307,0.6982025813543711,0.5003252665275217,0.621665763431125,0.6474782347457374,0.0014493134569784,no_quality,42,0
50,0.7056887228786946,0.0199355090898461,0.4313874527812004,0.7667466887831688,3.0208080388547388e-05,0.3109749842435121,0.8193894273042679,23.246024488999865,0.0001987049203807,,,,,,,,0.0017540180039213,no_quality,42,0
51,0.7002970439195633,0.0179112327378243,0.4273427347838878,0.8227267187833786,2.8771587967071355e-05,0.3074166941642761,0.8173226147890091,22.4151502779996,0.0001947772216502,,,,,,,,0.0014453930919262,no_quality,42,0
52,0.7202379278838634,0.0195737455692142,0.4399722757935524,0.80451190918684,3.180668195113867e-05,0.3181964419037104,0.8389425376057624,25.06088351300059,0.0001908155197268,,,,,,,,0.0016051684196645,no_quality,42,0
53,0.7184005717933178,0.0193136549554765,0.4387658224254847,0.7511629489064217,3.5498025457201266e-05,0.3179103079438209,0.8321444851160049,24.844928459000585,0.0001868228230711,,,,,,,,0.0017514336482418,no_quality,42,0
54,0.7067481605708599,0.0191098922956734,0.431692873686552,0.7779314771294594,2.4986772324666617e-05,0.3123800058662891,0.8222278159856796,25.644841662000545,0.0001828021636809,,,,,,,,0.0018026885585277,no_quality,42,0
55,0.7406698435544967,0.0202691851975396,0.4525095960497856,0.7939073312282562,4.555338292675515e-05,0.3274297647178173,0.8597423115372658,24.544099583999923,0.0001787565947885,,,,,,,,0.0020496999203533,no_quality,42,0
56,0.7327864715456962,0.0189922474545892,0.4472688014805317,0.8039146399497986,3.3781138065478444e-05,0.3242789089679718,0.8522725948691368,25.26458083200032,0.0001746891885421,,,,,,,,0.0016586564166209,no_quality,42,0
57,0.7374024945497513,0.0152059440012089,0.448523893803358,0.7832414031028747,2.3796338584531896e-05,0.3247065891325473,0.8518216535449028,24.238282545999937,0.0001706030336727,,,,,,,,0.0013291754382407,no_quality,42,0
58,0.6772443264722824,0.0191143010789528,0.4139923332631588,0.7872426158189774,3.58323699751395e-05,0.2999067551642656,0.7930153608322144,24.42778337799973,0.0001665012331491,,,,,,,,0.0019510770948909,no_quality,42,0
59,0.6931950855255127,0.0178740994422696,0.4230667082965374,0.7574484050273895,2.9912883272231737e-05,0.3072163549065589,0.806420333981514,24.99163421100002,0.0001623869018208,0.7109734920797021,0.6099567286410275,0.47158358837819,0.7109734920797021,0.4959660683864991,0.622930625456881,0.6567294726779485,0.0019546577039727,no_quality,42,0
60,0.6780064569413662,0.0185571994376368,0.4142267671227455,0.7741568791866302,3.271089250091563e-05,0.3015678402781486,0.7936009883880615,22.68993431800027,0.0001582631640533,,,,,,,,0.0019453016667284,no_quality,42,0
61,0.7139745512604714,0.0161741716507822,0.434854416847229,0.7445193853974342,2.612708682477205e-05,0.3164016035944223,0.8260535690188407,25.03071242200076,0.0001541331513552,,,,,,,,0.0017215295264577,no_quality,42,0
62,0.7022732332348823,0.0172762329422403,0.4282744514942169,0.7732307687401772,5.8647121300055005e-05,0.309067322909832,0.8150537642836571,24.80525248599952,0.00015,,,,,,,,0.0019299107545157,no_quality,42,0
63,0.7120106333494186,0.017833541969303,0.4343398123979568,0.8046785315871239,4.050484587196479e-05,0.3154405918717384,0.8306093242764473,23.76775951000036,0.0001458668486447,,,,,,,,0.0017951976523818,no_quality,42,0
64,0.6806728574633598,0.018142593888333,0.4156607675552368,0.7694120296835899,2.639175046795117e-05,0.3022497120499611,0.7952334469556809,24.153304510999988,0.0001417368359466,,,,,,,,0.0019022204757129,no_quality,42,0
65,0.6798743070662021,0.0168360775080509,0.4146590334177017,0.7572838175296783,4.516891968592063e-05,0.300730622857809,0.7914540719985962,24.26893292299974,0.0001376130981791,,,,,,,,0.0016688966743276,no_quality,42,0
66,0.7394952702522278,0.0166032135137356,0.4503384681046009,0.7721736267209053,5.2077211265668665e-05,0.3281872729957104,0.856115089058876,24.04368532100034,0.0001334987668508,,,,,,,,0.0018468929833397,no_quality,42,0
67,0.6961205145716667,0.0176337495213374,0.4247258248925209,0.7742525395751,2.632108584407433e-05,0.3070096527040005,0.809506063759327,24.393627952000315,0.0001293969663272,,,,,,,,0.0017200950110964,no_quality,42,0
68,0.712504918128252,0.0179933575936593,0.43470031067729,0.7712002366781234,4.347210120982936e-05,0.3166531589627266,0.8288218078017234,24.51639637400058,0.0001253108114578,,,,,,,,0.001730690780605,no_quality,42,0
69,0.7220344519615174,0.0141207247204147,0.4388689786195755,0.7623758444190025,3.305607591215676e-05,0.3187189304828643,0.8340977352857589,24.413014723999368,0.0001212434052114,0.723620954232373,0.61151012242255,0.4649856612305478,0.723620954232373,0.4962232469483015,0.6146861660869753,0.6641241753892436,0.0013529591916267,no_quality,42,0
70,0.6835190165042877,0.0166583769209682,0.4167747783660889,0.7815237703919411,2.9230971885993995e-05,0.3018158490955829,0.797068253159523,24.05474945799961,0.000117197836319,,,,,,,,0.0016189195505558,no_quality,42,0
71,0.7027122166752815,0.0164517281984444,0.428208037763834,0.7741006803512573,4.193952716406102e-05,0.3103334203362465,0.8163167989253998,24.62786921300085,0.0001131771769288,,,,,,,,0.0018158743672029,no_quality,42,0
72,0.7018702194094658,0.0192552160890772,0.4288242322206497,0.7535460337996482,4.900951858417102e-05,0.3120790930092335,0.8167537650465966,25.064899359000265,0.0001091844802731,,,,,,,,0.0024668971343726,no_quality,42,0
73,0.7198526188731194,0.0201657873555086,0.4399779030680656,0.7919241040945053,4.819831420718401e-05,0.320111513286829,0.8398666167259217,24.262669593999817,0.0001052227783497,,,,,,,,0.0029118820840085,no_quality,42,0
74,0.7285196578502655,0.0203657207195647,0.4452581010758877,0.7946377623081208,3.794210026853762e-05,0.3214730225503445,0.8467710861563682,24.387888379000287,0.0001012950796192,,,,,,,,0.0028714111272347,no_quality,42,0
75,0.7148041336238384,0.0211555617582052,0.4373447249829769,0.819863403737545,4.2519288072071504e-05,0.3200243776291608,0.8398825976252556,23.42784920000031,9.740436672108684e-05,,,,,,,,0.0026251487138688,no_quality,42,0
76,0.7165704104304313,0.0177240741904824,0.4370318911969661,0.7779317402839661,3.4061711246522464e-05,0.3166193243861198,0.8319031721353531,25.03071251899928,9.355359420782469e-05,,,,,,,,0.0022853868376114,no_quality,42,0
77,0.7347700640559196,0.0192891216394491,0.4485777078568935,0.8105261528491974,4.5558540957131296e-05,0.327193491756916,0.8573490983247757,25.038421291000304,8.97456863020546e-05,,,,,,,,0.0026150086002508,no_quality,42,0
78,0.7144542761147022,0.0187658899044618,0.4361789368093013,0.8033473509550094,3.970527059664164e-05,0.3176447428762913,0.8346221768856048,25.469723065000835,8.598353467553945e-05,,,,,,,,0.0023088924888998,no_quality,42,0
79,0.7032122802734375,0.0205454324372112,0.4301455591619014,0.7996716836094856,3.394815224453396e-05,0.3115795662999153,0.8222840455174446,23.86284364199946,8.226999625336662e-05,0.7243259552053426,0.6318910085944448,0.4988749851754399,0.7243259552053426,0.5119211618882004,0.6594259086897917,0.674050374219083,0.0029502352177587,no_quality,42,0
80,0.7212200708687305,0.019111077041598,0.4403764905035496,0.8391847068071365,2.8234430338045517e-05,0.3202569658309221,0.8450170662999154,25.127879087998732,7.860789104443896e-05,,,,,,,,0.0023186259248359,no_quality,42,0
81,0.7028884357213974,0.0179579456988722,0.4289162556827068,0.7851542598009109,3.3876849698515344e-05,0.3130984042584896,0.8210142150521278,24.433380843000123,7.500000000000002e-05,,,,,,,,0.0024121654696955,no_quality,42,0
82,0.7130329695343971,0.0208814454800449,0.4361723783612251,0.8084506949782372,3.500299589859424e-05,0.3179767861962318,0.8355772888660431,24.354762294000466,7.144906290181832e-05,,,,,,,,0.0029065078885105,no_quality,42,0
83,0.7319068989157677,0.0204089271184057,0.4473077270388603,0.7791981202363968,3.670104706031907e-05,0.3251788726449012,0.8509990602731705,25.029736742999376,6.795777628163599e-05,,,,,,,,0.0029540516568886,no_quality,42,0
84,0.725555953681469,0.0193528738291934,0.4430747377872467,0.7949933284521102,3.621404956220431e-05,0.3224231211841106,0.845514063835144,24.981680146000144,6.452879137346007e-05,,,,,,,,0.0025752598318922,no_quality,42,0
85,0.7183285038173198,0.0201492975885048,0.4390568374097347,0.8169109773635864,3.985399292787406e-05,0.3191452746838331,0.8404238241910934,25.310239416001423,6.1164712100253e-05,,,,,,,,0.0026431145414608,no_quality,42,0
86,0.695942352861166,0.0194170164968818,0.4253322371840477,0.7992028963565826,3.608894030435295e-05,0.3096815782785416,0.8154377692937851,24.73909059199832,5.786809309654982e-05,,,,,,,,0.0025093275035033,no_quality,42,0
87,0.7158386278152465,0.0195758189994376,0.4373335230350494,0.7652113181352616,4.562516367059288e-05,0.3188305616378784,0.8332239490747452,25.37680813500083,5.464143776850482e-05,,,,,,,,0.0026822534987604,no_quality,42,0
88,0.7120211669802665,0.0189037690102122,0.4347742277383804,0.786037620306015,4.786249578046409e-05,0.3168391279876232,0.8307218620181084,22.93726095300008,5.148719639283984e-05,,,,,,,,0.0025117352799497,no_quality,42,0
89,0.6975742903351784,0.0189673941209912,0.4261315478384495,0.7848247450590133,4.218012612795974e-05,0.3106373007595539,0.8157924348115921,22.56066573300086,4.840776425613886e-05,0.7237923638755466,0.6315383492520705,0.5049146813861385,0.7237923638755466,0.5057174441318399,0.6651052397488252,0.6742283912395629,0.0026949983521444,no_quality,42,0
90,0.6914156424999237,0.0165529185626655,0.4214705701172352,0.7795962643623352,3.8539358483831166e-05,0.3057648277282714,0.8055813983082771,24.63672118000068,4.5405479835900685e-05,,,,,,,,0.0019222190575783,no_quality,42,0
91,0.7152204245328904,0.0181672824232373,0.4363991817831993,0.7816273033618927,5.8621350610792433e-05,0.3167732563614845,0.8318264108896255,23.969164097999965,4.2482623024732334e-05,,,,,,,,0.0024415619694536,no_quality,42,0
92,0.7172711259126663,0.018873247395968,0.4379119919240474,0.7858303666114808,4.23512588167796e-05,0.3204846957325935,0.8375122481584549,24.806829402999934,3.964141339903026e-05,,,,,,,,0.0026520317024824,no_quality,42,0
93,0.701919831931591,0.0163245212147012,0.4276817263662815,0.7974725526571274,3.4389653133075624e-05,0.3100666777789593,0.817924075126648,25.03516063499956,3.6884008533465575e-05,,,,,,,,0.0021334664007008,no_quality,42,0
94,0.6755111131072045,0.0174162922846153,0.412273199558258,0.7917398482561111,3.306063845457175e-05,0.2989000949263573,0.7907965263724327,24.212268932998995,3.4212502362551864e-05,,,,,,,,0.0022379593629193,no_quality,42,0
95,0.7198894330859185,0.0167598973982967,0.4386376379430294,0.7827908062934875,4.631936475789189e-05,0.3207455794513225,0.8381001326441765,24.68599678999999,3.162892359054098e-05,,,,,,,,0.0021775841053022,no_quality,42,0
96,0.6878449083864688,0.0189724523504264,0.4202959442138672,0.7874650219082833,5.129574748934829e-05,0.3054187342524528,0.8049858444929123,24.734254498000155,2.913523415085328e-05,,,,,,,,0.0026105211022513,no_quality,42,0
97,0.7094772720336914,0.0165625729877501,0.4323114117980003,0.7856361880898476,5.077443401205528e-05,0.3141490653157234,0.8254837065935134,23.020967004998965,2.673332771621324e-05,,,,,,,,0.0022853743512951,no_quality,42,0
98,0.6951289349794387,0.0157797722751274,0.4233892880380153,0.7601195859909058,4.7420856167264e-05,0.3063905376195908,0.8061563646793366,22.9985970200014,2.4425028260620715e-05,,,,,,,,0.0018110423016696,no_quality,42,0
99,0.7326980772614479,0.016378633568529,0.4461703172326088,0.8035241392254829,4.5410287509639605e-05,0.3272951845824718,0.8542891573905945,22.805631346000155,2.221208867425096e-05,0.7269912002694615,0.6271644936625914,0.4967996996532347,0.7269912002694615,0.5170310815765263,0.6374711991417863,0.6740240382257778,0.0023448288972394,no_quality,42,0
100,0.7144173082709312,0.0170778979011811,0.4354815599322319,0.7446496379375458,4.6923320717269234e-05,0.3175255455076694,0.8279242405295372,22.82507654199981,2.009618943233419e-05,,,,,,,,0.0022491165126848,no_quality,42,0
101,0.7022131606936455,0.017229915803764,0.4282198777794838,0.7973478418588639,3.5401589401544696e-05,0.3104871346056461,0.8188923615217208,22.97278970400112,1.807893731902665e-05,,,,,,,,0.0022439661334828,no_quality,42,0
102,0.6947474344074727,0.0168852127087302,0.4236025610566139,0.7823991104960442,3.7154156838141714e-05,0.3076701168715954,0.809964345395565,22.22831030700036,1.616186420724089e-05,,,,,,,,0.0022494654806723,no_quality,42,0
103,0.7268668180704116,0.0183722998062148,0.4434690283238888,0.827024327814579,3.6820743862335806e-05,0.3248328441381454,0.8514994132518768,24.24036821200025,1.4346425895363384e-05,,,,,,,,0.0024663212561654,no_quality,42,0
104,0.7228899049758911,0.0164995729876682,0.4403337925672531,0.777254946231842,4.184570740903837e-05,0.3209380583465099,0.8394135791063309,22.58222987999943,1.2634001001741372e-05,,,,,,,,0.002070710637563,no_quality,42,0
105,0.6946546506881713,0.0179795201960951,0.4239846162497997,0.7833231049776077,4.109090365773227e-05,0.3077384862303733,0.8105372995138168,23.14187757400032,1.1025889917779737e-05,,,,,,,,0.0023991541940449,no_quality,42,0
106,0.708109110891819,0.0166009390493854,0.4315058594942093,0.7585123819112778,4.1594657486712097e-05,0.3141833977401256,0.8219944649934768,22.56230928200057,9.523313820441804e-06,,,,,,,,0.0022594717615356,no_quality,42,0
107,0.7121946109831333,0.0176170438400004,0.4343636003136635,0.7985864007472991,5.052547781929206e-05,0.3172505620867014,0.8319509637355804,22.998502599000854,8.127413744904804e-06,,,,,,,,0.0023781723192666,no_quality,42,0
108,0.705649399459362,0.0156666588806547,0.4296563240885734,0.7512408378720283,3.6799810632146544e-05,0.3142111173272133,0.8193738383054733,23.447729515999526,6.839249718073875e-06,,,,,,,,0.0019023669296984,no_quality,42,0
109,0.717855418920517,0.0154242000880185,0.4368829523026943,0.766849555671215,3.8992649552938016e-05,0.3196651077270507,0.8336048874258996,23.07019880199914,5.659799953612438e-06,0.7354465128969285,0.6397050423263927,0.5127698067810427,0.7354465128969285,0.5239694377136919,0.6596991763685577,0.6844564011141792,0.0018495700729454,no_quality,42,0
110,0.6913892275094986,0.0155617337231524,0.4210582469403743,0.7523518711328506,4.62850713950047e-05,0.3063920982182025,0.8030571639537811,23.213076644000463,4.589960109100444e-06,,,,,,,,0.0018465940630449,no_quality,42,0
111,0.7270757287740708,0.0144388205604627,0.4420209857821464,0.7626568785309792,3.5099131980587114e-05,0.3218963888287544,0.8405400332808495,23.08382109500053,3.630542605884657e-06,,,,,,,,0.0017760518477257,no_quality,42,0
112,0.7144928154349327,0.0151151685114018,0.4347417718172073,0.7631289130449295,3.518933124382784e-05,0.3160770224034786,0.8275411987304687,23.08651114199893,2.7822760121373187e-06,,,,,,,,0.0020387272687662,no_quality,42,0
113,0.6834972268342971,0.0161252990574575,0.4165484717488288,0.7595497798919678,3.88107152343764e-05,0.3045329263806343,0.7974309462308884,23.129859921999014,2.0458044895916517e-06,,,,,,,,0.0019631286083131,no_quality,42,0
114,0.6937517344951629,0.0152920044050551,0.4223678578436374,0.7561860638856888,3.688660380987585e-05,0.3077574211359024,0.8061153489351273,23.10981706799976,1.4216873043745137e-06,,,,,,,,0.0018480884465907,no_quality,42,0
115,0.6791754546761513,0.0140286342566832,0.4131167431175708,0.7454203188419342,3.89333013004034e-05,0.301240911334753,0.7892134582996368,21.778668386999925,9.103984023075772e-07,,,,,,,,0.0015591271819226,no_quality,42,0
116,0.6962723679840565,0.0147755653830245,0.4236736635118723,0.7518555346131325,3.7441091310483896e-05,0.3080528856813908,0.8072576121985913,22.58115673999964,5.123260489995229e-07,,,,,,,,0.0017181784850026,no_quality,42,0
117,0.6934560064971447,0.0156416643387638,0.4223302890360355,0.7817833554744721,3.78042423324132e-05,0.3088525154441595,0.8097403195500373,23.500652587999863,2.2777253500257386e-07,,,,,,,,0.0018864454551709,no_quality,42,0
118,0.6565026873350144,0.0157045411714352,0.4001834434270859,0.7713934347033501,3.583346198581694e-05,0.2897429460287094,0.7674114313721657,23.39467762899949,5.695394625728767e-08,,,,,,,,0.0017195341188846,no_quality,42,0
119,0.6959070298075676,0.014889755170443,0.4235001374781131,0.7403254616260528,3.5574120810224484e-05,0.3077994824200868,0.8056956148147583,23.02077736899992,0.0,0.7341222753990193,0.6391768576992684,0.5113019458554618,0.7341222753990193,0.5226347561736119,0.6607735415251733,0.6833566171347383,0.0018083178616058,no_quality,42,0
0,0.975379958152771,0.723016357421875,0.8744345480203628,0.7283672267198562,0.0734116863831877,0.5924411022663116,1.543382955789566,22.58701438299977,5.1e-05,,,,,,,,,no_variance,42,0
1,0.972365956902504,0.4987592640519142,0.7829233103990555,0.6886801207065583,0.0524969800561666,0.4948483398556709,1.349264507293701,21.57066133599983,0.0001009999999999,,,,,,,,,no_variance,42,0
2,0.961360228061676,0.4070841339230537,0.7396498185396194,0.6885340440273285,0.0238747483305633,0.4673475316166878,1.2770444917678834,20.993260668001312,0.0001509999999999,,,,,,,,,no_variance,42,0
3,0.951977807879448,0.3647333663702011,0.717080066204071,0.6792075449228286,0.0199610044248402,0.4454830080270767,1.2314818692207337,21.5413422799993,0.0002009999999999,,,,,,,,,no_variance,42,0
4,0.9601399993896484,0.3153304272890091,0.7022161990404129,0.6746325141191483,0.0176133546419441,0.4371005067229271,1.207660617828369,21.63522026000101,0.000251,,,,,,,,,no_variance,42,0
5,0.9448513913154604,0.2694809091091156,0.6747032237052918,0.6826492524147034,0.0140813339408487,0.4105390557646751,1.1542112720012665,20.99774524299937,0.0003,,,,,,,,,no_variance,42,0
6,0.9392487955093384,0.2226643916964531,0.6526150560379028,0.6801304131746292,0.01207901654765,0.3945306369662285,1.1157626861333847,21.095779105000474,0.0002999430460537,,,,,,,,,no_variance,42,0
7,0.9300149792432784,0.1829040841758251,0.6311706507205963,0.6735286831855773,0.010928001711145,0.3759111973643303,1.07498111307621,21.517109694999817,0.0002997722274649,,,,,,,,,no_variance,42,0
8,0.9242744427919388,0.1537447030842304,0.6160625755786896,0.6907334065437317,0.0092364601697772,0.3758530047535896,1.0614507430791855,21.706273451000012,0.000299487673951,,,,,,,,,no_variance,42,0
9,0.8941041994094848,0.1316453370451927,0.5891206759214401,0.6812263983488083,0.0093701944500207,0.3498942114412784,1.007606034874916,21.587473035000585,0.0002990896015976,0.5070997334388204,0.4780947486179744,0.3867884367659104,0.5070997334388204,0.435190457575057,0.4919940548400456,0.4863671083252756,,no_variance,42,0
10,0.8965061187744141,0.1077008065581321,0.5809840154647827,0.6684072756767273,0.0095061321929097,0.3540951120853424,1.002395167350769,22.62844731000041,0.0002985783126956,,,,,,,,,no_variance,42,0
11,0.8759875297546387,0.0911055321246385,0.5620347517728805,0.6955043852329255,0.0093872241023927,0.3436605255305767,0.975715081691742,22.329524892000336,0.0002979541955104,,,,,,,,,no_variance,42,0
12,0.8571174812316894,0.0793330116942525,0.5460037127137184,0.6917086765170097,0.009204007545486,0.3288779056072235,0.9445126885175704,22.39024244900065,0.0002972177239878,,,,,,,,,no_variance,42,0
13,0.8551235103607178,0.0668468217179179,0.5398128563165665,0.6927938750386238,0.0093809568509459,0.3376250901818275,0.9471863830089567,22.270524650999505,0.0002963694573941,,,,,,,,,no_variance,42,0
14,0.8368366929888725,0.0573388113453984,0.5250375610589981,0.7146815049648285,0.0088694581389427,0.3310334195196628,0.92798259973526,21.742643350000435,0.0002954100398908,,,,,,,,,no_variance,42,0
15,0.8165782117843627,0.0514497414603829,0.5105268433690071,0.7080849748849869,0.0082433143956586,0.3220910516381263,0.903838558793068,22.196319897999278,0.0002943402000463,,,,,,,,,no_variance,42,0
16,0.8239136496186257,0.0432746044173836,0.5116580557823182,0.7320073622465134,0.0075328406877815,0.3299947910010815,0.915230229496956,22.003648394000265,0.0002931607502819,,,,,,,,,no_variance,42,0
17,0.8054989168047905,0.0394612021185457,0.4990838494896888,0.7274870175123215,0.0065150951361283,0.3210287421941757,0.8931870460510254,21.94077458600077,0.000291872586255,,,,,,,,,no_variance,42,0
18,0.8383426058292389,0.0426596665009856,0.5200694489479065,0.8097997909784317,0.0055951373279094,0.3522457547485828,0.9602652722597124,22.44871191600032,0.0002904766861795,,,,,,,,0.0334516878081194,no_variance,42,0
19,0.8219548964500427,0.0436937580071389,0.5106504601240158,0.77835036277771,0.0048962825117632,0.3451823049783706,0.9388215374946596,22.411339573998703,0.0002889741100822,0.6661192960716482,0.5632061700536534,0.4043201353762303,0.6661192960716482,0.4518773728998664,0.5716218411894456,0.609065442196708,0.0245446028292644,no_variance,42,0
20,0.8035222539305686,0.0421268510445952,0.4989641168713569,0.7990475243330002,0.0042721414892002,0.3390926086902618,0.920748723745346,22.686954851000337,0.0002873659989982,,,,,,,,0.0128682030190248,no_variance,42,0
21,0.802755543589592,0.0365673438832163,0.4962802815437317,0.8021395277976989,0.0038579158158972,0.3371695376932621,0.9154963701963424,22.933539683001072,0.0002856535741046,,,,,,,,0.0081985427904874,no_variance,42,0
22,0.7634311962127686,0.0341780937556177,0.4717299728095531,0.7807675427198411,0.003379283058457,0.3198693852126598,0.8712744635343551,23.04694741799904,0.0002838381357927,,,,,,,,0.0071469483943656,no_variance,42,0
23,0.7718651714920998,0.0317095984518528,0.4758029609918594,0.8056867653131485,0.0029061155347153,0.3249147841334343,0.8827932333946228,22.43763470599879,0.0002819210626809,,,,,,,,0.0068074997933581,no_variance,42,0
24,0.7751045960187912,0.0296647061780095,0.4769286581873894,0.7924282795190811,0.0025237457570619,0.3291904687881469,0.8867212367057801,22.77968663899992,0.0002799038105676,,,,,,,,0.0061654370697215,no_variance,42,0
25,0.7852867591381073,0.026031569391489,0.4815846988558769,0.7879392939805985,0.0022328232589643,0.334608434587717,0.8961762684583664,22.45597571700091,0.0002777879113257,,,,,,,,0.0053878107108175,no_variance,42,0
26,0.7439641228318215,0.0280855730455368,0.4576127216219902,0.790263015627861,0.0019208593759685,0.3166802399605513,0.8543757885694504,22.48383071599892,0.0002755749717393,,,,,,,,0.0048024122137576,no_variance,42,0
27,0.773756155371666,0.0269026109250262,0.475014756321907,0.8079695010185242,0.0018203248083591,0.3324594834446907,0.889253994524479,22.487230613000065,0.0002732666722837,,,,,,,,0.0044589592143893,no_variance,42,0
28,0.764792021214962,0.0277299448475241,0.469967211484909,0.8034006607532501,0.0015368420653976,0.3269911349564791,0.8781454274058342,23.336768168001072,0.0002708647658491,,,,,,,,0.0038509090081788,no_variance,42,0
29,0.7411645430326462,0.0280259938444942,0.4559091421961784,0.8080077403783799,0.0013218531874008,0.3215205842256546,0.8590103369951249,22.969350952998862,0.0002683710764094,0.6838344173638466,0.5741805376675528,0.4275005809327936,0.6838344173638466,0.4688779127905588,0.5698292828482533,0.6253048698118532,0.0035686930804513,no_variance,42,0
30,0.7372727105021477,0.0249657148960977,0.452349933385849,0.7864662301540375,0.0011639542307239,0.3181787759810686,0.8498369485139847,22.454160179999235,0.0002657874976374,,,,,,,,0.0030170753598213,no_variance,42,0
31,0.7464059880375862,0.0221312540536746,0.4566961140930652,0.7684014689922333,0.0010322921536862,0.3245725883543491,0.8586906889081001,25.69378647799931,0.0002631159914665,,,,,,,,0.0026511397853028,no_variance,42,0
32,0.7676266995072365,0.0227169988956302,0.4696628348529338,0.806855810880661,0.0008300236926879,0.330280212983489,0.8811360633373261,25.142692712999636,0.0002603585866009,,,,,,,,0.0023296630196273,no_variance,42,0
33,0.7225876924395561,0.0236717437161132,0.4430213296413421,0.7922586694359779,0.000773938097991,0.3142808447778225,0.8369828480482101,24.57729867600028,0.0002575173769752,,,,,,,,0.0020805144566111,no_variance,42,0
34,0.7286124780774117,0.0244227705150842,0.4469366163015366,0.8018041184544563,0.0007077204796951,0.3175368697941303,0.845143835246563,24.363193412000328,0.000254594520164,,,,,,,,0.0022727678954834,no_variance,42,0
35,0.7527459448575974,0.021620326838456,0.4602957166731357,0.7837496232986451,0.000618425400462,0.3273344425857067,0.8663654771447181,24.837291535000983,0.0002515922357438,,,,,,,,0.001647176547558,no_variance,42,0
36,0.7293799644708634,0.0224981205817312,0.4466272434592247,0.7957048058509827,0.0005985001166118,0.3194963803887367,0.8460663393139839,24.099253763999517,0.0002485128036071,,,,,,,,0.0017115642956923,no_variance,42,0
37,0.7215579584240913,0.0216731827193871,0.4416040652990341,0.7942957338690758,0.0005152032533078,0.3163705092668533,0.8377522736787796,25.04954711500068,0.0002453585622314,,,,,,,,0.0016118024985189,no_variance,42,0
38,0.7303285777568818,0.0223577249003574,0.4471402534842491,0.7575184458494186,0.0004614380060229,0.3206182059645652,0.8439262688159943,25.02507835599863,0.0002421319069034,,,,,,,,0.0019644751085434,no_variance,42,0
39,0.7166873773932457,0.0210463760979473,0.4384309962391853,0.7747958594560623,0.0004558114518295,0.3147797695547342,0.831027456521988,24.86166048599989,0.0002388352878997,0.7101654757908767,0.6149445927507351,0.4786595474964759,0.7101654757908767,0.50509870145559,0.6295696010057387,0.6584486180493941,0.0015715641572023,no_variance,42,0
40,0.7103114312887192,0.0229351413249969,0.435360936075449,0.8183444535732269,0.0003948829098953,0.3118321779370308,0.8294373941421509,23.161049989001185,0.0002354712086265,,,,,,,,0.0019504448700172,no_variance,42,0
41,0.7409560939669609,0.0226588939782232,0.4536372323334217,0.7985854405164718,0.0003565566262113,0.3269776354730129,0.8609117794036866,25.24344416799977,0.0002320422237183,,,,,,,,0.0021026777857332,no_variance,42,0
42,0.7456040173768997,0.021373993253801,0.4559120233356952,0.8115005776286125,0.0002781581532326,0.3284206163138151,0.8658230340480805,24.9235334649984,0.0002285509370981,,,,,,,,0.0016321647223958,no_variance,42,0
43,0.7340523663163185,0.0217087729135528,0.4491149467229843,0.7992951083183288,0.0002594350760045,0.3220170913636684,0.8514962840080261,24.77050122500077,0.000225,,,,,,,,0.0021088255268114,no_variance,42,0
44,0.7121688035130501,0.022013581553474,0.4361067345738411,0.8070185732841492,0.0002172731077007,0.3136048975586891,0.83076121032238,24.278356082000755,0.0002213921089555,,,,,,,,0.0016843048771261,no_variance,42,0
45,0.734468939602375,0.0192145064845681,0.4483671842515468,0.8001054394245147,0.000210805608367,0.322459916472435,0.8511428788304329,24.891260750000583,0.0002177300037466,,,,,,,,0.0014734724043955,no_variance,42,0
46,0.7378771916031838,0.0191173236514441,0.4503732615709305,0.7891367536783218,0.000196382158756,0.3251784887909889,0.8547956389188767,25.221274509000068,0.0002140164653244,,,,,,,,0.0016019800633512,no_variance,42,0
47,0.7215077289938927,0.0212575850845314,0.4414076897501945,0.797053551375866,0.0001634122602263,0.317157121822238,0.838692633509636,24.544117675999587,0.0002102543136979,,,,,,,,0.0020714888202928,no_variance,42,0
48,0.7231847751140594,0.0190855116862803,0.4415450876951217,0.8100928696990013,0.0001415582719346,0.3163700723648071,0.8392644107341767,24.952476631000536,0.0002064464057921,,,,,,,,0.0016644097620883,no_variance,42,0
49,0.6976977753639221,0.0203680834942497,0.4267659145593643,0.7877912932634353,0.0001609785359323,0.3084954356402158,0.8143694123625755,24.721672300000137,0.0002025956332789,0.658959750340029,0.5670284098300855,0.4302614435776815,0.658959750340029,0.4783454156704445,0.563780063479783,0.6085105175108112,0.0016044000369947,no_variance,42,0
50,0.7035673958063126,0.0205809706822037,0.4303728444874287,0.7726490297913551,0.0001447089060093,0.310788212865591,0.8188455840945243,23.56791814600001,0.0001987049203807,,,,,,,,0.0020619215481201,no_variance,42,0
51,0.6988893812894821,0.0181960098329,0.4266120500862598,0.8090767645835877,0.0001419822203752,0.3081193117797374,0.8159572035074234,24.78221472599944,0.0001947772216502,,,,,,,,0.0015553402786463,no_variance,42,0
52,0.7169708165526391,0.0192764720600098,0.4378930979967117,0.8034438675642014,0.0001198534703871,0.3163265812397003,0.8348810639977455,25.487756152000657,0.0001908155197268,,,,,,,,0.0015550199160134,no_variance,42,0
53,0.7166583426296711,0.0196277947351336,0.4378461387753486,0.7631600069999694,0.0001157839847292,0.3168808184564113,0.8313992595672608,24.97087490999911,0.0001868228230711,,,,,,,,0.0017525477936578,no_variance,42,0
54,0.7037027470767498,0.0180637557269074,0.4294471698999405,0.7856788226962089,9.69166865615989e-05,0.3115844611823559,0.8199148514866829,26.27116749599918,0.0001828021636809,,,,,,,,0.0015524697253931,no_variance,42,0
55,0.7353933152556419,0.0191067098407074,0.4488786926865578,0.7791580748558045,0.0001387253007123,0.3255935581028461,0.8527869302034378,24.9720854520001,0.0001787565947885,,,,,,,,0.0019597310288008,no_variance,42,0
56,0.7311076182126999,0.0194735047407448,0.4464539913833141,0.81782880038023,0.0001121005445384,0.3240409952402114,0.852651361823082,25.875133739999,0.0001746891885421,,,,,,,,0.001839439310097,no_variance,42,0
57,0.7364385703206062,0.0153373041376471,0.4479980815947055,0.7842790901660919,9.176860377920092e-05,0.3244466578960419,0.8511572608351707,24.90517500600072,0.0001706030336727,,,,,,,,0.0014001366278353,no_variance,42,0
58,0.675271251052618,0.0192442291858606,0.4128604590892791,0.7769885700941086,0.0001035615114597,0.2991814892739057,0.790141969025135,24.96186758099975,0.0001665012331491,,,,,,,,0.0019799035058895,no_variance,42,0
59,0.692445634007454,0.0172762711835093,0.4223779043555259,0.744155738055706,0.000108981872363,0.3074043476581573,0.8045710530877114,25.949194134998837,0.0001623869018208,0.7048054734897136,0.6058020534829802,0.4644396658702405,0.7048054734897136,0.4936650215638944,0.6189356653953328,0.6510678667257462,0.0018389110952011,no_variance,42,0
60,0.6774459193646908,0.0188567862426862,0.4140102852880954,0.7733812102675438,0.0001087294378885,0.3007093066722154,0.7924744403362274,22.224434159999877,0.0001582631640533,,,,,,,,0.0020564352887777,no_variance,42,0
61,0.7120824345946312,0.0156111639668233,0.4334939436614513,0.753912148475647,7.899181258835597e-05,0.315749879181385,0.8249581137299538,25.481825836999636,0.0001541331513552,,,,,,,,0.0015956314479626,no_variance,42,0
62,0.6993680995702743,0.0165842053177766,0.4262545596063137,0.7745882448554039,9.753218488185666e-05,0.3073786754906177,0.8114425331354141,25.348671450999973,0.00015,,,,,,,,0.0017279543286713,no_variance,42,0
63,0.710922372341156,0.0173345781420357,0.4334872736036777,0.7995298257470131,9.41010559836286e-05,0.3147377255558967,0.8285320580005646,24.64871709200088,0.0001458668486447,,,,,,,,0.0017468725719845,no_variance,42,0
64,0.6797017472982406,0.0184372580912895,0.4151959671080112,0.7786738362908363,5.8610932010196846e-05,0.3017175491154193,0.7951491379737854,24.43045249300121,0.0001417368359466,,,,,,,,0.0018265135586443,no_variance,42,0
65,0.6780237735807896,0.0163015047344379,0.4133348827064037,0.765006046295166,8.332402054293197e-05,0.2993354071676731,0.7894877368211746,25.02592110200021,0.0001376130981791,,,,,,,,0.0015633887632429,no_variance,42,0
66,0.7397091171145439,0.0158177446271292,0.4501525866985321,0.7845257785916329,7.715474419455858e-05,0.3279564653337001,0.8568828248977661,24.59049512999991,0.0001334987668508,,,,,,,,0.0015866963938788,no_variance,42,0
67,0.6929303061962128,0.0173125580931082,0.4226832261681557,0.7855824783444405,4.724811384221539e-05,0.3051293170452118,0.8066922158002854,25.518525286001022,0.0001293969663272,,,,,,,,0.0015953157305011,no_variance,42,0
68,0.7096222567558289,0.0173561438475735,0.4327158293128013,0.7734637126326561,5.17902105639223e-05,0.3148471061885357,0.8252348774671554,25.40762646399889,0.0001253108114578,,,,,,,,0.0016149010604749,no_variance,42,0
69,0.7212949043512344,0.0147802651207894,0.43868906468153,0.7824153313040734,5.57266092619102e-05,0.3188886108994484,0.8361119693517685,25.055095216001064,0.0001212434052114,0.7051134983792493,0.6024918454645932,0.4608997081703255,0.7051134983792493,0.4979404501646078,0.6044215878499224,0.6499056234839601,0.0014498418343282,no_variance,42,0
70,0.6807213878631592,0.0166510806605219,0.4150932842493057,0.8011670023202896,3.711699024279369e-05,0.3015952806174755,0.7971216982603073,21.81788979200064,0.000117197836319,,,,,,,,0.0015728831812884,no_variance,42,0
71,0.6990939104557037,0.0166005588381085,0.426096586883068,0.7607351642847061,6.303179037786321e-05,0.3085610099136829,0.8110977366566658,24.959084688000075,0.0001131771769288,,,,,,,,0.0018173151913924,no_variance,42,0
72,0.7031737890839577,0.0186698693991638,0.4293722389638424,0.7543341225385666,6.746515375198214e-05,0.3129380814731121,0.8182058078050614,25.32694066100157,0.0001091844802731,,,,,,,,0.0022934837863249,no_variance,42,0
73,0.7188135886192322,0.0200316090718843,0.4393008150160312,0.7925883555412292,8.503557150106644e-05,0.3191410456597805,0.8382878923416137,25.196099540000432,0.0001052227783497,,,,,,,,0.0029147084794385,no_variance,42,0
74,0.7271431142091751,0.0205785612924955,0.4445173081755638,0.8099168407917022,6.61562713321473e-05,0.3219305397570133,0.8479968050122261,25.02081692200045,0.0001012950796192,,,,,,,,0.0027698132758087,no_variance,42,0
75,0.7177477975189686,0.0206596787995658,0.4389125654101372,0.8211982277035713,8.305286050017458e-05,0.3206628015637398,0.8421995168924332,24.263922382999223,9.740436672108684e-05,,,,,,,,0.0025008835357584,no_variance,42,0
76,0.7151300975680351,0.0182075205934233,0.4363610851764679,0.779646064043045,5.1279425315442494e-05,0.3167512765526771,0.8315377336740494,25.533649936000074,9.355359420782469e-05,,,,,,,,0.002290988036857,no_variance,42,0
77,0.7327715227007866,0.019062760323286,0.4472880354523659,0.8123457020521164,8.010260871742503e-05,0.3264254982769489,0.855461565554142,25.762488235999623,8.97456863020546e-05,,,,,,,,0.0025472687796718,no_variance,42,0
78,0.7133463169634342,0.0184585544699803,0.4353912302851677,0.8031700721383095,5.617873281153152e-05,0.3173335324972868,0.8334901767969132,26.005967752998917,8.598353467553945e-05,,,,,,,,0.0022279916070874,no_variance,42,0
79,0.7012436100840569,0.021265393779613,0.429252337962389,0.793848241865635,5.842418827342044e-05,0.3108919848501682,0.8201475918293,25.24932601399996,8.226999625336662e-05,0.7323063020838791,0.648167510268371,0.5268074648690243,0.7323063020838791,0.5282618500317281,0.6839343786895058,0.6865147808177412,0.0030775845658718,no_variance,42,0
80,0.7195909930765629,0.0185639925999566,0.4391802090406418,0.8321295428276062,6.51843433297472e-05,0.3200942643731832,0.8429275920987129,22.523476241000026,7.860789104443896e-05,,,,,,,,0.0021844946296187,no_variance,42,0
81,0.7019137850403786,0.0180092534446157,0.4283519887924194,0.7951560887694359,8.083362599791144e-05,0.3125665801763534,0.8209004041552543,25.192512954999984,7.500000000000002e-05,,,,,,,,0.0023109441806809,no_variance,42,0
82,0.7114225062727928,0.0202042913774494,0.4349352371692657,0.8087106508016586,5.803296473459341e-05,0.3169869564473629,0.8333418363332749,25.01612414900046,7.144906290181832e-05,,,,,,,,0.0027283773594535,no_variance,42,0
83,0.7255429726839066,0.0190195380174554,0.4429336169362068,0.7913291242718696,5.812601079014712e-05,0.32219003200531,0.8447711998224259,25.85151824099921,6.795777628163599e-05,,,,,,,,0.0025586309461505,no_variance,42,0
84,0.7192214393615722,0.0187133055273443,0.4390182028710842,0.8179896920919418,5.086724087050243e-05,0.3192309983074665,0.8405124416947365,25.251072298999134,6.452879137346007e-05,,,,,,,,0.0023086358803448,no_variance,42,0
85,0.7142406064271927,0.019853863029275,0.4364859277009964,0.813099445104599,6.050417921869666e-05,0.3170630611479282,0.8353615543246269,26.075485117000422,6.1164712100253e-05,,,,,,,,0.0024979667257503,no_variance,42,0
86,0.6922384287416935,0.0182763434713706,0.4226536090672016,0.804185362458229,6.099945921050676e-05,0.3082384446263313,0.8117642253637314,25.1040747320003,5.786809309654982e-05,,,,,,,,0.0022529278497677,no_variance,42,0
87,0.71264867156744,0.0193834933359175,0.435342616289854,0.7668407136201858,8.335113599059695e-05,0.3181389097869396,0.8307055217027665,26.123249684000257,5.464143776850482e-05,,,,,,,,0.0026787786519707,no_variance,42,0
88,0.7080005839467048,0.0185745834594126,0.4322302007675171,0.7974769371747971,0.0001041066370453,0.3154426564276218,0.827911459505558,26.089808313001413,5.148719639283984e-05,,,,,,,,0.0024285386304654,no_variance,42,0
89,0.6918447688221931,0.0177967645972967,0.4222255846858024,0.7855655580759049,6.619814238547406e-05,0.3074182283878326,0.8086669424176216,25.44241702399995,4.840776425613886e-05,0.7219403600576206,0.6371517724025311,0.519501806898869,0.7219403600576206,0.519501806898869,0.6700131502511035,0.6762599284452185,0.0023162947389937,no_variance,42,0
90,0.6874264627695084,0.0163784931972622,0.4190072908997536,0.7951386016607285,5.436749880573189e-05,0.3038972502946853,0.8027895629405976,23.569185820999337,4.5405479835900685e-05,,,,,,,,0.0018422198104599,no_variance,42,0
91,0.7127020794153214,0.01775957282749,0.4347250927984714,0.7761212658882141,0.0001240747269184,0.3159061444550752,0.8286970522999764,24.22418257099889,4.2482623024732334e-05,,,,,,,,0.0022374081164025,no_variance,42,0
92,0.7149096658825874,0.0187649994320236,0.4364518164098263,0.7802302667498588,5.63652019809524e-05,0.3200905172526836,0.835097718834877,25.434185444999457,3.964141339903026e-05,,,,,,,,0.0026476601013473,no_variance,42,0
93,0.7015984547138214,0.0161330166389234,0.427412296384573,0.7869693636894226,5.5279771986533886e-05,0.3102993106842041,0.816836050748825,25.642471933000703,3.6884008533465575e-05,,,,,,,,0.0021237099432619,no_variance,42,0
94,0.6728042358160019,0.0173831173958024,0.4106358040869236,0.794851767718792,4.5377720798569495e-05,0.2983174364268779,0.7888949105143547,25.437684064998397,3.4212502362551864e-05,,,,,,,,0.002271114902287,no_variance,42,0
95,0.7175089022517205,0.0168141005211509,0.4372310012578964,0.7676412275433541,8.061239114795171e-05,0.3187438875436783,0.8331714826822281,25.74731179599985,3.162892359054098e-05,,,,,,,,0.0021421866444325,no_variance,42,0
96,0.6860050965845584,0.0185034210421144,0.419004442319274,0.8070119392871856,6.681904822471552e-05,0.3056923795491457,0.8058808493614197,25.466447569000596,2.913523415085328e-05,,,,,,,,0.0023974663636181,no_variance,42,0
97,0.70934345215559,0.0166587689286097,0.4322695970535278,0.8042669495940209,7.772458184263087e-05,0.3145146177709103,0.8276590448617935,25.13752584599933,2.673332771621324e-05,,,,,,,,0.0022212568140776,no_variance,42,0
98,0.692347161769867,0.0152964520175009,0.4215268923342228,0.756940470635891,5.997025669330469e-05,0.3050010572373867,0.8025659695267677,25.555920572000105,2.4425028260620715e-05,,,,,,,,0.0017048562827039,no_variance,42,0
99,0.7294552132487298,0.0160848619509488,0.4441070894896984,0.7845257610082627,6.13324335336074e-05,0.3253493720293045,0.8483723479509354,25.326300710001306,2.221208867425096e-05,0.7203510007112658,0.6308801519716286,0.5115583328496079,0.7203510007112658,0.5267768968308671,0.6455125583727529,0.6726304793032089,0.0023012138094964,no_variance,42,0
100,0.712338799238205,0.0165384898893535,0.4340186965465545,0.7489264464378357,6.73403721248178e-05,0.3170927688479423,0.8264383742213249,21.926061507998384,2.009618943233419e-05,,,,,,,,0.0021544890307268,no_variance,42,0
101,0.7004275700449943,0.0169324322370812,0.4270295305550098,0.8011363744735718,5.9000441528951344e-05,0.3109210658073425,0.8185036152601242,25.442113389999577,1.807893731902665e-05,,,,,,,,0.0021821629082114,no_variance,42,0
102,0.6934714570641518,0.0170471497671678,0.4229017475247383,0.7729116725921631,7.017187448582263e-05,0.3072840955853462,0.8079397013783455,24.798625859999447,1.616186420724089e-05,,,,,,,,0.0022958832635777,no_variance,42,0
103,0.7270411476492882,0.0186086606490425,0.4436681690812111,0.8275704649090767,6.220371295057703e-05,0.3245194976776838,0.8514532727003098,25.76304251699912,1.4346425895363384e-05,,,,,,,,0.0025272274242524,no_variance,42,0
104,0.7192533284425735,0.0157801191229373,0.4378640648722648,0.7483960139751434,6.215105323462921e-05,0.3190157198905944,0.8321282058954239,25.216764321001392,1.2634001001741372e-05,,,,,,,,0.0020285545409205,no_variance,42,0
105,0.6928467065095901,0.0177200458850711,0.42279605910182,0.7845059564709663,6.013507376792404e-05,0.3077847881615161,0.809501833319664,25.27465325599951,1.1025889917779737e-05,,,,,,,,0.00233690431789,no_variance,42,0
106,0.7055427765846253,0.0165045794821344,0.4299275153875351,0.7479010960459709,6.681970922727488e-05,0.3137736155092716,0.8189470538496971,25.47693998500108,9.523313820441804e-06,,,,,,,,0.0022623470994403,no_variance,42,0
107,0.7122805936634541,0.0177363324479665,0.434462908655405,0.7894252768158913,7.615622168486879e-05,0.3171360404789448,0.8310338494181633,24.919663620999927,8.127413744904804e-06,,,,,,,,0.002442798853707,no_variance,42,0
108,0.7045220872759819,0.0156893964996561,0.428989028930664,0.7619760459661484,6.2225518777268e-05,0.3139975206553936,0.8195641943812371,25.386135990000184,6.839249718073875e-06,,,,,,,,0.0018846387473331,no_variance,42,0
109,0.7167751382291317,0.0155010813835542,0.4362655316293239,0.76812494546175,6.941431913219276e-05,0.3185713969171047,0.8320267072319985,25.06440897399989,5.659799953612438e-06,0.7322591002036435,0.6432875531096479,0.5251671623117881,0.7322591002036435,0.5339549228493482,0.6636486362759517,0.6848584422862593,0.0018690695110444,no_variance,42,0
110,0.689328345656395,0.0149958548718132,0.4195953653752803,0.7470898592472076,6.48503044158133e-05,0.3053672003746033,0.8000221368670464,23.136103764998552,4.589960109100444e-06,,,,,,,,0.0017367176815332,no_variance,42,0
111,0.723483544588089,0.0139610124495811,0.4396745476126671,0.7758898550271988,4.760641970733559e-05,0.3197515791654586,0.8373508763313293,25.473804165998445,3.630542605884657e-06,,,,,,,,0.0016669385161753,no_variance,42,0
112,0.7102443856000901,0.0146445854916237,0.4320044815540313,0.7616946378350258,4.898791112282197e-05,0.3139958199858665,0.8225460374355316,25.22833472599996,2.7822760121373187e-06,,,,,,,,0.0018691034242374,no_variance,42,0
113,0.6814813601970673,0.0159003176586702,0.4152489602565765,0.7632773065567017,5.880149255972355e-05,0.302762401252985,0.7947255781292916,26.035687032999704,2.0458044895916517e-06,,,,,,,,0.0019177289851222,no_variance,42,0
114,0.689875331223011,0.0149279420636594,0.4198963922262191,0.7537780672311782,4.44652687292546e-05,0.3060720041394233,0.8016971522569656,25.553330041000663,1.4216873043745137e-06,,,,,,,,0.0017436064437129,no_variance,42,0
115,0.6776419907808304,0.014141178317368,0.4122416821122169,0.7505081877112388,4.9427891244704366e-05,0.3013944198936224,0.7890134426951408,24.46292709000045,9.103984023075772e-07,,,,,,,,0.0016202492301027,no_variance,42,0
116,0.6947183679044246,0.0148680208879522,0.4227782462537288,0.7557033932209015,4.755559950353927e-05,0.3065973758324981,0.8052962571382523,25.289735444001053,5.123260489995229e-07,,,,,,,,0.001739590946945,no_variance,42,0
117,0.6891078971326351,0.0152795602136757,0.4195765812695026,0.7854442054033279,5.096133010738413e-05,0.3067069046199321,0.8051812121272087,26.12139720300001,2.2777253500257386e-07,,,,,,,,0.0017537649450076,no_variance,42,0
118,0.6564896062016488,0.0154340058832895,0.4000673820078373,0.7734426701068878,5.490389747137669e-05,0.2907852625101805,0.768531764447689,26.19469115799984,5.695394625728767e-08,,,,,,,,0.001660521158036,no_variance,42,0
119,0.6949865835905075,0.0149646043428219,0.4229778052866459,0.760257585644722,5.148307790477702e-05,0.3075669448822736,0.8069232362508774,25.85558746200149,0.0,0.7285907274743479,0.6414146983003527,0.5226062015694851,0.7285907274743479,0.5338202011910328,0.6618331662356773,0.6818394661316631,0.0017507398287835,no_variance,42,0
0,0.973962258696556,0.7259907782077789,0.8747736990451813,0.7240390676259995,0.0820611188188195,0.5947032445669174,1.5459839057922364,25.13827972299987,5.1e-05,,,,,,,,,no_max,42,0
1,0.97101176738739,0.4889751446247101,0.7781971484422684,0.6877175271511078,0.0479367160052061,0.4950331816077232,1.3443989229202271,24.637997431000255,0.0001009999999999,,,,,,,,,no_max,42,0
2,0.9602055084705352,0.4059779721498489,0.7385145229101181,0.6887996464967727,0.0251539830304682,0.4674770185351372,1.2761292052268982,23.79738726100004,0.0001509999999999,,,,,,,,,no_max,42,0
3,0.9515835100412368,0.3641609281301498,0.7166145038604737,0.6780882066488266,0.0213535628654062,0.4454497215151787,1.230940718650818,24.28218544399897,0.0002009999999999,,,,,,,,,no_max,42,0
4,0.9605991894006728,0.3150789806246757,0.7023911309242249,0.6770032358169555,0.0179190240707248,0.4380253782868385,1.209012783765793,23.74796445200081,0.000251,,,,,,,,,no_max,42,0
5,0.9452245229482652,0.2704999931156635,0.675334734916687,0.6811892133951187,0.0136730385012924,0.4132214048504829,1.1573587083816528,24.38668542699997,0.0003,,,,,,,,,no_max,42,0
6,0.9399271327257156,0.223626322299242,0.6534068304300308,0.6824635720252991,0.0113363016862422,0.3966461050510406,1.1188661164045337,23.670744078001007,0.0002999430460537,,,,,,,,,no_max,42,0
7,0.9310911422967912,0.184841381907463,0.6325912672281265,0.6767353701591492,0.0098293555993586,0.3806450051069259,1.081401281952858,23.97766204300024,0.0002997722274649,,,,,,,,,no_max,42,0
8,0.9258146524429322,0.1550761443376541,0.6175192713737487,0.69443208694458,0.0083806663611903,0.3797678332030773,1.0671493482589722,24.55101710300005,0.000299487673951,,,,,,,,,no_max,42,0
9,0.8945713722705841,0.1334391396492719,0.5901185035705566,0.6841312801837921,0.0082954541873186,0.3534337124228477,1.0123801112174988,22.90463949700097,0.0002990896015976,0.4919942072853036,0.4626594816276722,0.378020709756563,0.4919942072853036,0.4160073582854092,0.479976879312304,0.4717964398351401,,no_max,42,0
10,0.8986247515678406,0.1090564736723899,0.5827974674105644,0.6784372168779373,0.0087412942014634,0.3572423872351646,1.0083206421136857,25.821286045000303,0.0002985783126956,,,,,,,,,no_max,42,0
11,0.876713877916336,0.0918325982242822,0.5627613872289657,0.6968273907899857,0.0085311964759603,0.3456447181105613,0.9785153973102568,25.44499289400119,0.0002979541955104,,,,,,,,,no_max,42,0
12,0.8580459022521972,0.08006995331496,0.546855543255806,0.6939498203992843,0.0085297587141394,0.332343737334013,0.949020745754242,25.341127736999624,0.0002972177239878,,,,,,,,,no_max,42,0
13,0.8562685620784759,0.0689378025755286,0.5413362783193588,0.7041432097554207,0.0086192541290074,0.3390036030113697,0.9511851668357848,25.741778515000988,0.0002963694573941,,,,,,,,,no_max,42,0
14,0.8397623538970947,0.0590905581414699,0.5274936586618424,0.7196418100595474,0.0080311929574236,0.3342372857034206,0.934096685051918,24.30609117699896,0.0002954100398908,,,,,,,,,no_max,42,0
15,0.8143133848905564,0.0517963718995451,0.5093066054582596,0.707523567378521,0.007630092841573,0.321866362541914,0.9023068350553513,25.30267192700012,0.0002943402000463,,,,,,,,,no_max,42,0
16,0.824752297103405,0.0434612029790878,0.5122358813881874,0.7379481983184815,0.0069278062367811,0.3329929453134537,0.9193700361251832,24.50567109800068,0.0002931607502819,,,,,,,,,no_max,42,0
17,0.8075922501087188,0.0413419026508927,0.5010921314358712,0.7393159914016724,0.0061141198594123,0.3236029697954655,0.8989324048161507,24.651793547000125,0.000291872586255,,,,,,,,,no_max,42,0
18,0.8405150735378265,0.0445898854173719,0.5221450209617615,0.8025342124700546,0.005175393288955,0.3545132377743721,0.9650840312242508,26.13391570299973,0.0002904766861795,,,,,,,,0.0395679174087126,no_max,42,0
19,0.8212530827522277,0.04507318880409,0.5107811483740806,0.783550044298172,0.0045848069316707,0.3434777988493442,0.9376280361413956,22.991339869999138,0.0002889741100822,0.5946522548639683,0.533187561640265,0.4065860299708261,0.5946522548639683,0.4577724820797361,0.5471379479770908,0.5574062244075431,0.0239242228830698,no_max,42,0
20,0.8047331702709198,0.0421159548684954,0.4996863061189651,0.7941887193918228,0.0039584937086328,0.3404786562919616,0.921842758655548,25.89297422399977,0.0002873659989982,,,,,,,,0.0103049993771128,no_max,42,0
21,0.8056356287002564,0.0377431474626064,0.4984786555171013,0.8159803581237793,0.0035719959787093,0.3408554609119892,0.9227759033441544,26.422025134999785,0.0002856535741046,,,,,,,,0.0083257679734379,no_max,42,0
22,0.7642767256498337,0.0343392028659582,0.4723017364740371,0.7746953201293946,0.0030991877126507,0.319365392178297,0.8707454270124435,25.760518985998715,0.0002838381357927,,,,,,,,0.0072690172633156,no_max,42,0
23,0.7738568514585495,0.032551350807771,0.4773346698284149,0.797076587677002,0.0026596847688779,0.3271130663156509,0.8856749087572098,25.344878376999983,0.0002819210626809,,,,,,,,0.0069326308229938,no_max,42,0
24,0.7791179570555687,0.0299316251650452,0.4794434416294098,0.7770549434423447,0.0023528757051099,0.3325996017456055,0.8911226424574852,25.59747858800074,0.0002799038105676,,,,,,,,0.0062822737731039,no_max,42,0
25,0.7852628102898598,0.0262993365060538,0.4816774421930313,0.773914096057415,0.0020556918019428,0.335194012671709,0.8954622477293015,25.558782869000424,0.0002777879113257,,,,,,,,0.0054830187419429,no_max,42,0
26,0.7451946422457695,0.0291663686558604,0.4587833502888679,0.7933048197627067,0.0017957951815333,0.3186484570801258,0.857824324965477,25.195362256999942,0.0002755749717393,,,,,,,,0.0048612223379313,no_max,42,0
27,0.7751103439927101,0.0271260619768872,0.4759166488051414,0.8139828824996949,0.0018029932677745,0.3342420324683189,0.892545685172081,25.849875602001703,0.0002732666722837,,,,,,,,0.0044928148179315,no_max,42,0
28,0.7656177285313607,0.0277065296564251,0.4704532653093338,0.7885714745521546,0.0014701598568353,0.3288049635291099,0.878969698548317,26.2834569860006,0.0002708647658491,,,,,,,,0.0039040514593943,no_max,42,0
29,0.7443228855729103,0.0292754067713394,0.4583039128780365,0.8324078553915024,0.0013469566195271,0.322431626021862,0.8647702163457871,23.34583189200021,0.0002683710764094,0.6887894314377242,0.5829537917879757,0.4311684185324272,0.6887894314377242,0.4746566587553296,0.585415285170873,0.63127663825227,0.0036327062919735,no_max,42,0
30,0.7428271970152855,0.0269430264923721,0.4564735475182533,0.7905087679624557,0.0011417610640637,0.3211834891140461,0.8573914441466332,25.52605408700037,0.0002657874976374,,,,,,,,0.0031322089163586,no_max,42,0
31,0.7497683861851692,0.0220970684010535,0.4586998777091503,0.7779830175638199,0.0010034943209029,0.3257502272725105,0.8628072249889374,25.957629538999758,0.0002631159914665,,,,,,,,0.0025432133430149,no_max,42,0
32,0.7638481678068638,0.0225803454173728,0.467341057062149,0.7946373337507248,0.0008268284605583,0.3299867891520261,0.8772966316342354,25.99602774899904,0.0002603585866009,,,,,,,,0.002318550820928,no_max,42,0
33,0.7260078197717666,0.02390155993402,0.4451653319597244,0.7921218341588974,0.0007590241794241,0.316348719149828,0.8411304026842117,24.61147545499989,0.0002575173769752,,,,,,,,0.0018310776865109,no_max,42,0
34,0.7257524999976158,0.0239292106917127,0.4450232027471065,0.7966587927937507,0.0007432211219565,0.3163232736289501,0.841466580927372,24.670524707998997,0.000254594520164,,,,,,,,0.0020853096770588,no_max,42,0
35,0.7503894650936127,0.0214722544094547,0.4588225997984409,0.7828153067827225,0.0006310420355293,0.3278748492896557,0.86531718313694,25.39653805700073,0.0002515922357438,,,,,,,,0.001533265588805,no_max,42,0
36,0.7279893106222153,0.0226278786757029,0.4458447550237179,0.7962544858455658,0.0006082336022518,0.3193289379775524,0.8451639664173126,24.567275724000865,0.0002485128036071,,,,,,,,0.00167207422317,no_max,42,0
37,0.7246510344743728,0.0230759058170951,0.4440210033953189,0.7900587391853332,0.0005658922824659,0.3178536753356457,0.8412329974770546,25.5924619540001,0.0002453585622314,,,,,,,,0.0016207076949649,no_max,42,0
38,0.7311465352773666,0.0219025324657559,0.4474489516019821,0.7649535694718361,0.0005186611029785,0.3223250104486942,0.8466145038604737,25.38427826200132,0.0002421319069034,,,,,,,,0.0015962648479035,no_max,42,0
39,0.7168106545507907,0.0213689532480202,0.4386339916288853,0.7834113383293152,0.0004688977799378,0.3150963854789734,0.8324123474955559,22.73485335100122,0.0002388352878997,0.6832267752704141,0.586861211534154,0.4538260950153066,0.6832267752704141,0.4599324706080954,0.6174243887239524,0.6313770381240252,0.0015869308932451,no_max,42,0
40,0.7096459671854973,0.0221499820845201,0.4346475930511951,0.819467847943306,0.000389490868547,0.3116476291418075,0.8285825127363204,24.35103775000061,0.0002354712086265,,,,,,,,0.0016051616883487,no_max,42,0
41,0.7429675669968128,0.0226670107105746,0.4548473623394966,0.8044182753562927,0.000390346963104,0.3282059904932976,0.8638771820068359,25.72763080600089,0.0002320422237183,,,,,,,,0.001812430875143,no_max,42,0
42,0.7430317959189415,0.0207111651054583,0.4541035604476928,0.7964136400818824,0.0003117053084133,0.3273299634456634,0.8613897669315338,25.099419384998328,0.0002285509370981,,,,,,,,0.0014964647364104,no_max,42,0
43,0.7293495175242424,0.0210345787531696,0.4460235583782196,0.794499551653862,0.0003005295415641,0.3205084115266799,0.8463684952259064,25.29677727400121,0.000225,,,,,,,,0.0018577166009345,no_max,42,0
44,0.7114650934934617,0.022012461349368,0.4356840580701828,0.7902291849255562,0.0002548750277492,0.3130591534078121,0.828075512945652,24.864660091001497,0.0002213921089555,,,,,,,,0.0014831913191301,no_max,42,0
45,0.7369814643263817,0.0182657510275021,0.4494951964914799,0.8142823752760887,0.0002517403902311,0.3238992358744144,0.85506945759058,25.92943919099889,0.0002177300037466,,,,,,,,0.0011710314233641,no_max,42,0
46,0.7351175940036774,0.0195648426329717,0.4488965117931366,0.781137860417366,0.0002376648862264,0.3239781857281923,0.8513342589139938,25.817162506000383,0.0002140164653244,,,,,,,,0.0016694645531242,no_max,42,0
47,0.7226306694746018,0.0201773057924583,0.441649339646101,0.7958757969737053,0.0002536925165622,0.3188820253312587,0.8404775866866112,25.23952259799989,0.0002102543136979,,,,,,,,0.0017297785409755,no_max,42,0
48,0.7251939076185226,0.0197257132991217,0.4430066484212875,0.8023165220022201,0.0001947538619424,0.3178490589559078,0.8414321008324623,25.04815962400062,0.0002064464057921,,,,,,,,0.0016750464816504,no_max,42,0
49,0.6936857758462429,0.0190205209446139,0.4238196928799152,0.8000127750635148,0.0002093250387406,0.3080384430289268,0.8121280908584595,22.33591963700019,0.0002025956332789,0.6773622112976305,0.5917064405504662,0.4565818430503228,0.6773622112976305,0.4901751029161529,0.6075820074376153,0.6295874432487505,0.0012910681669382,no_max,42,0
50,0.7013385133445262,0.0188551459228619,0.4283451840281486,0.7759256061911582,0.0001630465506605,0.3098322553932667,0.8160928556323052,25.75624499699916,0.0001987049203807,,,,,,,,0.0015734927992161,no_max,42,0
51,0.6968163031339646,0.0179319872474297,0.4252625930309295,0.8080334550142289,0.0002050948043324,0.3072106139361858,0.8135817345976829,24.36846444099865,0.0001947772216502,,,,,,,,0.0014746512139026,no_max,42,0
52,0.7178567676246166,0.0193232294241897,0.4384433715045452,0.795538353919983,0.0001592594561952,0.3171671874076128,0.8354639321565628,25.659504152999943,0.0001908155197268,,,,,,,,0.0014578607905059,no_max,42,0
53,0.7151261721551418,0.0195342264859937,0.4368894106149673,0.7576565876603126,0.0001705825136741,0.3172907714545727,0.8302996760606766,24.939665101001083,0.0001868228230711,,,,,,,,0.0017265170602695,no_max,42,0
54,0.7041986782848835,0.0187789110187441,0.43003078982234,0.8051590797305107,0.0001290986125968,0.3118476521968841,0.8227279379963874,25.9949876160008,0.0001828021636809,,,,,,,,0.0016356313190044,no_max,42,0
55,0.7348468488454819,0.0183701179618947,0.4482561771571636,0.7926118403673172,0.0001895648380377,0.3254949824512005,0.8533607399463654,24.98707045099945,0.0001787565947885,,,,,,,,0.0016945941519952,no_max,42,0
56,0.7292714568972588,0.0188546486478298,0.4451047530770302,0.8032761377096176,0.0001287138423504,0.3219231648743152,0.8476655399799347,26.123974952000932,0.0001746891885421,,,,,,,,0.0015178598398051,no_max,42,0
57,0.7352555900812149,0.0149626831896603,0.4471384438872337,0.777012665271759,0.0001180193721302,0.324370981901884,0.8494650408625603,25.165266052001243,0.0001706030336727,,,,,,,,0.0012422227916977,no_max,42,0
58,0.6742042028903961,0.0182414489332586,0.4118191175162792,0.790756283402443,0.0001458414484295,0.2983375930041074,0.789565509557724,24.788288564999675,0.0001665012331491,,,,,,,,0.0016293878063606,no_max,42,0
59,0.6911879828572274,0.0175790647999383,0.4217444321513175,0.7569207003712655,0.0001114003263137,0.3067957163602113,0.8046031442284584,23.06060373099899,0.0001623869018208,0.6934883859582057,0.60673372302096,0.4894830884597005,0.6934883859582057,0.4915529855487044,0.6351597975559701,0.6470614573271815,0.0018267682846635,no_max,42,0
60,0.6779907058179379,0.0189496045350097,0.4143742816150188,0.779923425912857,0.0001315811114545,0.3016417396068573,0.7944028753042222,24.55544396699952,0.0001582631640533,,,,,,,,0.0019396848513861,no_max,42,0
61,0.712163473367691,0.0157914968393743,0.4336146980524063,0.7494622504711151,9.510777508694444e-05,0.3159152045845985,0.8247993743419647,25.84574320899992,0.0001541331513552,,,,,,,,0.001592441655539,no_max,42,0
62,0.6986373165249824,0.0160618597280699,0.42560715213418,0.7746883872151374,0.0001504770981046,0.3073639035969973,0.8107469907402992,26.097684309001124,0.00015,,,,,,,,0.0014978417018392,no_max,42,0
63,0.7098985978960991,0.0175461671943776,0.432957641929388,0.8022659486532211,0.0001227019861107,0.3149329464137554,0.8284516543149948,24.7205099290004,0.0001458668486447,,,,,,,,0.0016416452133307,no_max,42,0
64,0.6785735669732094,0.0184060535952448,0.4145065769553184,0.7722309270501136,0.000106006060414,0.3016419295966625,0.7937246596813202,24.22853799599943,0.0001417368359466,,,,,,,,0.0017388021979968,no_max,42,0
65,0.6777240504324437,0.0165925410203635,0.4132714655995368,0.7702560406923294,0.0001345941701947,0.3000492292642593,0.790667630136013,24.84396741899945,0.0001376130981791,,,,,,,,0.0015729930860561,no_max,42,0
66,0.7404450196027755,0.0162178888870403,0.4507541877031326,0.7785244980454444,0.0001536416608905,0.329713848978281,0.8586589923501015,24.292413129000124,0.0001334987668508,,,,,,,,0.0016541263662475,no_max,42,0
67,0.6947291201353073,0.0177246528561227,0.4239273519814014,0.7875576865673065,9.172857655357802e-05,0.306149737983942,0.8091562461853027,24.97882067899991,0.0001293969663272,,,,,,,,0.0015940069704083,no_max,42,0
68,0.7074855421483517,0.0172763239429332,0.4314018715918064,0.7745888704061508,8.5963917990739e-05,0.3134998370707035,0.8226709106564521,25.09001426300165,0.0001253108114578,,,,,,,,0.0015300917453168,no_max,42,0
69,0.7207141384482384,0.0142922116024419,0.4381453894078732,0.7739126312732697,0.0001086634478997,0.3183818063884973,0.8341815274953842,22.46699350200106,0.0001212434052114,0.7165571725833605,0.6145629239491646,0.4749477959512188,0.7165571725833605,0.5084917602208168,0.6186398390433162,0.6617979603298876,0.0012881784089859,no_max,42,0
70,0.6815338525176048,0.0165239561675116,0.4155299133062363,0.7768952220678329,8.689658799994504e-05,0.3020319965481758,0.795570924282074,24.50297311599934,0.000117197836319,,,,,,,,0.0015757403883071,no_max,42,0
71,0.6968363499641419,0.0160022140596993,0.4245027132332325,0.7750436249375343,9.264350159355672e-05,0.3074263109266757,0.8097726908326149,25.2427762490006,0.0001131771769288,,,,,,,,0.0016733711632969,no_max,42,0
72,0.7006438148021698,0.0193901466717943,0.4281423634290695,0.7610057383775711,0.0001389932264282,0.3131353901326656,0.8178716981410981,25.66288907099988,0.0001091844802731,,,,,,,,0.0024320938952951,no_max,42,0
73,0.7192045027017593,0.0198615519935265,0.4394673362374305,0.8067678213119507,0.0001435577860138,0.318712377846241,0.8394141721725464,24.82909770199876,0.0001052227783497,,,,,,,,0.0027524983719922,no_max,42,0
74,0.7292799603939056,0.0207986605167388,0.445887459218502,0.8168322598934173,0.000131434636969,0.3223220443725585,0.8504561963677406,24.933395889998792,0.0001012950796192,,,,,,,,0.0027844833216295,no_max,42,0
75,0.7133661146461964,0.019903657415416,0.4359811487793922,0.8226322382688522,0.0001073826556967,0.318981366828084,0.8376857116818428,24.28451843499897,9.740436672108684e-05,,,,,,,,0.0022730006401252,no_max,42,0
76,0.7143053016066552,0.0180403496127109,0.4357993376255035,0.7964548736810684,7.49259435087879e-05,0.3164844197034835,0.8323589426279068,25.397815551999884,9.355359420782469e-05,,,,,,,,0.0021297734404015,no_max,42,0
77,0.7350338020920754,0.0198632539622485,0.4489656016230583,0.8197477608919144,0.0001172876469718,0.3273285172879696,0.8588149449229241,25.069141743999356,8.97456863020546e-05,,,,,,,,0.0027009236259436,no_max,42,0
78,0.7129454632103444,0.0184750160272233,0.4351573015749455,0.804336954653263,9.592756441634263e-05,0.3169036418944597,0.8329322504997253,25.97637754000061,8.598353467553945e-05,,,,,,,,0.0021640537536404,no_max,42,0
79,0.7005948603153229,0.0210791772371158,0.4287886026501655,0.8022416016459465,9.28595931691234e-05,0.3103483477979898,0.819947656095028,23.01500431900058,8.226999625336662e-05,0.7247483791278396,0.6423128253076011,0.5226281130116589,0.7247483791278396,0.5254349021026351,0.676755194692329,0.67980568637015,0.0029095105910164,no_max,42,0
80,0.7190073475241661,0.0187545789405703,0.4389062571525574,0.832052509188652,9.712293871416476e-05,0.3201670341193676,0.8427123662829399,25.17555295099919,7.860789104443896e-05,,,,,,,,0.0021448631737439,no_max,42,0
81,0.7035107305645942,0.0180806497531011,0.4293387162685394,0.7888424330949784,0.0001248865559591,0.3133021312952042,0.8220089194178581,24.95309987899964,7.500000000000002e-05,,,,,,,,0.0023879015147804,no_max,42,0
82,0.710878159403801,0.020417649867013,0.4346939752995968,0.8084643286466598,0.0001014559515078,0.3169842574000359,0.8330895799398422,25.04520415800107,7.144906290181832e-05,,,,,,,,0.002799222392714,no_max,42,0
83,0.7284149423241615,0.0194543910236097,0.4448307392001152,0.7878757172822952,0.000102800259392,0.3233068400621414,0.8474503499269486,25.716807735001566,6.795777628163599e-05,,,,,,,,0.0026002757525566,no_max,42,0
84,0.7255971348285675,0.0197579660802148,0.4432614849507809,0.8140046706795693,0.0001022173957517,0.3227765654027462,0.8479380977153778,25.54193147499973,6.452879137346007e-05,,,,,,,,0.0024723594754686,no_max,42,0
85,0.7149709792435169,0.0199117028596811,0.4369472828507423,0.8168671560287476,0.0001066446529512,0.3177165156602859,0.8368402123451233,26.33719510300034,6.1164712100253e-05,,,,,,,,0.0024218463338183,no_max,42,0
86,0.6941771280765533,0.0194192744093015,0.4242740029096603,0.804998699426651,0.0001239206141326,0.30906264744699,0.8143324154615402,25.67093188800027,5.786809309654982e-05,,,,,,,,0.0024484742532877,no_max,42,0
87,0.713852981030941,0.0192902827821671,0.4360279180109501,0.7641406154632568,0.0001310299359192,0.3178369696438312,0.8308064064383507,25.56871553700148,5.464143776850482e-05,,,,,,,,0.0026045260775026,no_max,42,0
88,0.7076161819696426,0.018486734611215,0.4319644194841385,0.8100304007530212,0.0001463498547127,0.3147760999202728,0.8282151955366135,25.799498051001137,5.148719639283984e-05,,,,,,,,0.0023215709569012,no_max,42,0
89,0.6919526109099388,0.0177793426136486,0.4222833208739757,0.7847687041759491,0.0001230149876937,0.3074369320273399,0.8086496764421462,23.260666906999177,4.840776425613886e-05,0.7120191467821012,0.6318066153187257,0.510976423891457,0.7120191467821012,0.5174099298103485,0.6659907693637276,0.6678511150540242,0.0022320348329321,no_max,42,0
90,0.6888416087627411,0.0164262972283177,0.4198754994571209,0.7783875876665115,9.42030300393526e-05,0.3044380047917366,0.8025322648882866,23.074297475001003,4.5405479835900685e-05,,,,,,,,0.0018764358899716,no_max,42,0
91,0.7120120432972908,0.0174377496773377,0.4341823418438434,0.7878199630975723,0.0001659474463212,0.3165936943888664,0.8299941504001618,21.776340980000896,4.2482623024732334e-05,,,,,,,,0.0021390945892926,no_max,42,0
92,0.7162368440628052,0.0185919528943486,0.4371789041161537,0.7850651025772095,9.930922713465408e-05,0.3203522500395774,0.8365244454145432,22.394070198999543,3.964141339903026e-05,,,,,,,,0.0024090736532798,no_max,42,0
93,0.700129025876522,0.016037333284039,0.426492363512516,0.7943964058160782,0.0001156173769049,0.3092845545709133,0.8156150805950165,23.397480145999,3.6884008533465575e-05,,,,,,,,0.0019636973045271,no_max,42,0
94,0.6744625553488731,0.017442155163153,0.4116544118523598,0.7900078284740448,8.113354234410507e-05,0.2988681682944298,0.7899635058641433,22.75664627200058,3.4212502362551864e-05,,,,,,,,0.0021804054892982,no_max,42,0
95,0.7180816102027893,0.016711146403104,0.4375334423780441,0.7846581396460534,0.0001071391889308,0.31988739579916,0.8363120606541634,22.66588188200149,3.162892359054098e-05,,,,,,,,0.0021002258545377,no_max,42,0
96,0.685540302246809,0.0185268284985795,0.4187349282950163,0.8068453621864319,0.0001206212044598,0.3039135210961103,0.8038109549880028,22.7044120369992,2.913523415085328e-05,,,,,,,,0.0023597066552974,no_max,42,0
97,0.7096038535237312,0.0166923910425975,0.4324392859637737,0.8006525236368179,0.0001532713411506,0.3153514066338539,0.8283080860972405,22.87187765300041,2.673332771621324e-05,,,,,,,,0.0022224022604086,no_max,42,0
98,0.6941897046566009,0.0157697190251201,0.4228217282891273,0.7483615428209305,0.0001286552122655,0.3063978075236082,0.8044155204296112,22.84850862300118,2.4425028260620715e-05,,,,,,,,0.0017669689005742,no_max,42,0
99,0.7284303715825081,0.016132674398832,0.4435113131999969,0.7834788876771926,0.0001203560720568,0.324763430505991,0.8470678624510765,22.951045965999583,2.221208867425096e-05,0.7026820775330952,0.6203621720071897,0.5072294922171873,0.7026820775330952,0.5162355656300784,0.6421688728583955,0.6584408473437326,0.0021960510734697,no_max,42,0
100,0.7132855182886124,0.0169537909189239,0.4347528466582298,0.7467034357786179,0.0001594182473309,0.3172642135620117,0.8271336469054222,22.4512120950003,2.009618943233419e-05,,,,,,,,0.0021913612086791,no_max,42,0
101,0.7011230447888375,0.0175096759572625,0.42767771422863,0.7944247674942017,0.0001167493435514,0.3111337223649025,0.8187222206592559,22.93142341800012,1.807893731902665e-05,,,,,,,,0.0023123299099461,no_max,42,0
102,0.6938786563277245,0.0170526978070847,0.4231482900679111,0.7740815550088882,0.0001318990409345,0.3077053041756153,0.8087149846553803,23.06569778700032,1.616186420724089e-05,,,,,,,,0.0022331807810951,no_max,42,0
103,0.7283006429672241,0.0190567440818995,0.4446031023561954,0.8211440724134446,9.899974074869533e-05,0.3253245536983013,0.8525659602880478,23.37209954499849,1.4346425895363384e-05,,,,,,,,0.0025947601880761,no_max,42,0
104,0.7198642733693122,0.0164581747399643,0.4385018537938595,0.7702876842021942,0.0001125781285736,0.3195215737819671,0.8354738306999206,22.212707675000274,1.2634001001741372e-05,,,,,,,,0.0020800589601276,no_max,42,0
105,0.693288560807705,0.0179680779622867,0.423160385042429,0.7912555697560311,0.0001127816944972,0.3074902608245611,0.8102433389425278,22.666447719000644,1.1025889917779737e-05,,,,,,,,0.0023074593695127,no_max,42,0
106,0.7080789706110955,0.0170862524560652,0.4316818988323211,0.7561866375803947,0.0001242519724473,0.3149412147700786,0.8227087977528572,22.73691629199857,9.523313820441804e-06,,,,,,,,0.0023040385017975,no_max,42,0
107,0.7113115131855011,0.0173788015398895,0.4337384462356567,0.7859775114059449,0.000164085643828,0.3164314044266939,0.82923712849617,23.063975851999203,8.127413744904804e-06,,,,,,,,0.0023066126078578,no_max,42,0
108,0.703802036345005,0.0155732543650083,0.4285105426609516,0.7551428186893463,0.0001014529569602,0.3129883787035942,0.8173939758539199,22.483183731999816,6.839249718073875e-06,,,,,,,,0.0018784880098974,no_max,42,0
109,0.7176120267808437,0.0155345370678696,0.4367810478806496,0.7709175118803978,0.0001109350257866,0.3200000840425491,0.8342464387416839,22.4943701939992,5.659799953612438e-06,0.7240869856696174,0.6400870235467492,0.5245996143252031,0.7240869856696174,0.5284812963369995,0.6676927886336306,0.6789382598983155,0.0018400162855186,no_max,42,0
110,0.6895355176925659,0.0153713705344125,0.4198698750138283,0.7467669427394867,0.0001229285047338,0.3057099339365959,0.8006230965256691,23.22353677499996,4.589960109100444e-06,,,,,,,,0.0018022179644094,no_max,42,0
111,0.7247375470399856,0.0145033307932317,0.4406438784301281,0.7803531885147095,9.202884233673104e-05,0.3215582405030727,0.8405902272462845,23.28921317099957,3.630542605884657e-06,,,,,,,,0.0017409318414252,no_max,42,0
112,0.711943909227848,0.0151883109356276,0.4332416898012161,0.7645462024211883,9.703479805921234e-05,0.3152671234309673,0.8253583359718323,22.371641281000848,2.7822760121373187e-06,,,,,,,,0.0019502506654134,no_max,42,0
113,0.6819229698181153,0.0163556880573742,0.4156960742175579,0.7639610296487809,0.000102348864284,0.3028012090921402,0.7952904683351517,23.013186721998864,2.0458044895916517e-06,,,,,,,,0.0019597800605606,no_max,42,0
114,0.6897468155622483,0.0153383628744632,0.4199834536015987,0.7517508751153946,9.43308184196212e-05,0.3065737704932689,0.8020956435799599,22.39491765599996,1.4216873043745137e-06,,,,,,,,0.0017930680550261,no_max,42,0
115,0.6783604454994202,0.0140542743424884,0.4126379941403866,0.74763078302145,8.413312451466482e-05,0.3018608355522156,0.7895780530571938,22.22694864499863,9.103984023075772e-07,,,,,,,,0.0015596943004675,no_max,42,0
116,0.6945207865536213,0.0147236665105447,0.4226019541174173,0.7550756233930588,8.81297376463408e-05,0.3074501126259565,0.8059020385146141,23.02906487799919,5.123260489995229e-07,,,,,,,,0.0016900186965813,no_max,42,0
117,0.6914500315487385,0.0157512295932974,0.4211705283820629,0.8002663293480873,8.916652388506918e-05,0.3078675442188978,0.8094240447878838,23.213240326000232,2.2777253500257386e-07,,,,,,,,0.0017743938610584,no_max,42,0
118,0.6566292798519134,0.0157575004186946,0.4002805842459201,0.7756736001372337,9.356048192785238e-05,0.2910535439103842,0.7692514801025391,22.81971903600061,5.695394625728767e-08,,,,,,,,0.0017265834440502,no_max,42,0
119,0.6940325209498406,0.0152471226680791,0.4225183781981468,0.7540886679291725,9.821504123465274e-05,0.3072619444131851,0.8055600512027741,22.933162889001323,0.0,0.7234751335989175,0.6400998654247098,0.5267557203654053,0.7234751335989175,0.5305754467509581,0.6662490159242538,0.6787906118233039,0.0018297490891006,no_max,42,0
0,0.9746866631507872,0.653261331319809,0.8461165595054626,0.7283073168992996,0.0495582542940974,0.5914584237337113,1.5128836333751678,22.725790271000733,5.1e-05,,,,,,,,,no_consistency,42,0
1,0.9687437653541564,0.475914254784584,0.7716119903326034,0.6954853218793869,0.0283373498544096,0.4865251955389976,1.3291025972366333,21.71529624499999,0.0001009999999999,,,,,,,,,no_consistency,42,0
2,0.9560939800739288,0.3843137073516846,0.7273819005489349,0.6945304882526397,0.0234632713906466,0.4590663653612137,1.2570744860172272,21.48793221000051,0.0001509999999999,,,,,,,,,no_consistency,42,0
3,0.947256990671158,0.3449379715323448,0.7063294136524201,0.6806114494800568,0.0194025984779,0.4374627581238746,1.2128234481811524,21.91836708200026,0.0002009999999999,,,,,,,,,no_consistency,42,0
4,0.9578237438201904,0.3007666012644768,0.6950009107589722,0.6738215506076812,0.0134875928331166,0.4300923463702202,1.193149789571762,21.842287690000376,0.000251,,,,,,,,,no_consistency,42,0
5,0.9418547916412352,0.2579996222257614,0.6683127474784851,0.6788618075847626,0.0096987625816836,0.4048164880275726,1.1415003579854963,21.64206854500117,0.0003,,,,,,,,,no_consistency,42,0
6,0.9374058693647384,0.2144996060431003,0.6482433885335922,0.6784286123514175,0.00695803825045,0.3892817664146423,1.1057159197330475,21.86075225100103,0.0002999430460537,,,,,,,,,no_consistency,42,0
7,0.928650113940239,0.1763501180708408,0.6277301335334777,0.6659215062856674,0.0057923499890603,0.371554279923439,1.066166181564331,21.71216000099957,0.0002997722274649,,,,,,,,,no_consistency,42,0
8,0.9228582489490508,0.1498428347706794,0.6136521044373512,0.688299805521965,0.0043240663025062,0.3721359673142433,1.0548342484235764,21.96242904399878,0.000299487673951,,,,,,,,,no_consistency,42,0
9,0.8918985044956207,0.1280651469528675,0.5863651871681214,0.676733980178833,0.0062273335200734,0.3470326870679855,1.0013826429843902,21.79513876599958,0.0002990896015976,0.4392424304984987,0.4246490416962774,0.3498330784174399,0.4392424304984987,0.3818190524251542,0.4528856421651794,0.4259234786497264,,no_consistency,42,0
10,0.8963338196277618,0.1054711785912513,0.5799887892603874,0.6686376112699509,0.0049094736750703,0.3507744202017784,0.99787244617939,22.797589830001016,0.0002985783126956,,,,,,,,,no_consistency,42,0
11,0.8743277657032013,0.0892905674874782,0.560312911272049,0.6855278557538986,0.0048601906467229,0.3384571662545204,0.9675658690929412,22.597314115999325,0.0002979541955104,,,,,,,,,no_consistency,42,0
12,0.8569388252496719,0.0775178968533873,0.5451704695820808,0.6907387155294419,0.0049407491111196,0.3261840164661407,0.9406754022836684,22.37715842299985,0.0002972177239878,,,,,,,,,no_consistency,42,0
13,0.8545821517705917,0.0656474417075514,0.5390082892775535,0.683733628988266,0.0047395387711003,0.3326944768428802,0.9403130966424942,23.126308742999758,0.0002963694573941,,,,,,,,,no_consistency,42,0
14,0.8371918401122094,0.0566681188344955,0.5249823731184006,0.7045449426770211,0.004173877981957,0.3296637324988842,0.9253092926740646,21.8421729110014,0.0002954100398908,,,,,,,,,no_consistency,42,0
15,0.8127370512485504,0.0504218950495123,0.507811007797718,0.6975243711471557,0.004234052626416,0.3174842464923859,0.8952593934535981,22.84498518500004,0.0002943402000463,,,,,,,,,no_consistency,42,0
16,0.8245171368122101,0.0427303672209382,0.5118024435639381,0.7227361044287681,0.003313992016483,0.3287886807322502,0.9130304330587388,22.181516771999668,0.0002931607502819,,,,,,,,,no_consistency,42,0
17,0.8057815849781036,0.0400333972088992,0.4994823303818703,0.7159560751914978,0.0029332286457065,0.3199955955147743,0.891220190525055,22.682012106999537,0.000291872586255,,,,,,,,,no_consistency,42,0
18,0.8365673661231995,0.0415166436694562,0.5185470962524414,0.7947935029864311,0.0023167705838568,0.3516815933585167,0.949823881983757,22.437758650001346,0.0002904766861795,,,,,,,,,no_consistency,42,0
19,0.8225884771347046,0.0427490565739572,0.5106527310609817,0.7867869701981545,0.0020198333915323,0.3437977269291877,0.9332301467657088,21.97245432099953,0.0002889741100822,0.5830735615626196,0.501582696698232,0.3771584610179085,0.5830735615626196,0.3977773184543518,0.5238972100777245,0.5380347920488322,,no_consistency,42,0
20,0.8014153409004211,0.0415030101500451,0.4974504280090332,0.7706450766324997,0.0018715519376564,0.3370708546042442,0.911679368019104,22.31579289399997,0.0002873659989982,,,,,,,,,no_consistency,42,0
21,0.8043242323398591,0.0354897609725594,0.4967904654145241,0.8033120137453079,0.0015014496474759,0.3368765507638454,0.9140732914209366,22.84422059999997,0.0002856535741046,,,,,,,,,no_consistency,42,0
22,0.7632165166735649,0.0357579276524484,0.4722330975532531,0.7709113883972168,0.001342334166984,0.3199684602022171,0.8693598139286042,22.75430115000017,0.0002838381357927,,,,,,,,,no_consistency,42,0
23,0.7739905127882958,0.0325826679170131,0.4774273931980133,0.7901558899879455,0.0010061384394066,0.3257445703446865,0.8822378584742546,21.602280294000597,0.0002819210626809,,,,,,,,,no_consistency,42,0
24,0.7754889091849327,0.0285219874046742,0.4767021605372429,0.7766278114914894,0.0008772872260306,0.3288840030133724,0.8832928121089936,22.28721915999995,0.0002799038105676,,,,,,,,,no_consistency,42,0
25,0.7848373666405678,0.0263257955294102,0.4814327549934387,0.7736243405938148,0.0007571083327638,0.3336072994768619,0.8924403417110444,22.22623512899918,0.0002777879113257,,,,,,,,,no_consistency,42,0
26,0.7444185546040535,0.0281475629471242,0.4579101759195327,0.7823628914356232,0.0005894418971729,0.3174698710441589,0.85364580899477,22.119300786998792,0.0002755749717393,,,,,,,,,no_consistency,42,0
27,0.7726345720887184,0.0267851890390738,0.474294838309288,0.795933290719986,0.0005233127066458,0.3325380399823189,0.8864523720741272,22.973568850999072,0.0002732666722837,,,,,,,,,no_consistency,42,0
28,0.7638415083289146,0.0271599182486534,0.4691688913106918,0.7927389019727706,0.0004455723401042,0.3276727491617203,0.8761378067731858,22.848319671000358,0.0002708647658491,,,,,,,,,no_consistency,42,0
29,0.741445027589798,0.0281166522111743,0.4561136946082115,0.8157630833983421,0.0004130575559975,0.3209954205155372,0.8587060838937759,22.232740569999805,0.0002683710764094,0.6733915509978313,0.5672295030418918,0.4233276160966666,0.6733915509978313,0.4568712539004966,0.5714257042273475,0.616536543120933,,no_consistency,42,0
30,0.7389540264010429,0.0261029155785217,0.4538136003911495,0.7840467202663421,0.0003657419119917,0.3188545505702496,0.8510911107063294,21.876370211000904,0.0002657874976374,,,,,,,,,no_consistency,42,0
31,0.749265249967575,0.0235260107740759,0.4589695696532726,0.7787420454621315,0.0002738720601337,0.3255222671478986,0.8623797357082367,25.88257723999959,0.0002631159914665,,,,,,,,,no_consistency,42,0
32,0.766159395724535,0.023444190993905,0.469073333889246,0.7980776631832123,0.0001863212770876,0.3312123122811317,0.8801027289032937,25.34236934700129,0.0002603585866009,,,,,,,,,no_consistency,42,0
33,0.7250410988926888,0.0242413560673594,0.4447212207317352,0.7879837816953659,0.0001719606217557,0.3156995694339275,0.839227768778801,24.8425407679988,0.0002575173769752,,,,,,,,,no_consistency,42,0
34,0.7284874531626702,0.0249112137267366,0.4470569759607315,0.7972265416383744,0.0002467065234031,0.3173559890687465,0.8441479575634002,24.549956920000117,0.000254594520164,,,,,,,,,no_consistency,42,0
35,0.7557489278912545,0.022309219171293,0.4623730650544166,0.7869052988290787,0.0001833774847546,0.3293808531761169,0.8704536157846451,25.53694225899926,0.0002515922357438,,,,,,,,,no_consistency,42,0
36,0.7302490308880806,0.0227601234614849,0.4472534844279289,0.7944675993919372,0.0001669970583498,0.319219417721033,0.8459280133247375,24.347690337999666,0.0002485128036071,,,,,,,,,no_consistency,42,0
37,0.7248299241065979,0.0224326442717574,0.4438710285723209,0.7911904859542847,0.0001471747988489,0.3178584060072899,0.8408558467030525,25.01581013100076,0.0002453585622314,,,,,,,,,no_consistency,42,0
38,0.7321617951989174,0.0228656926658004,0.4484433728456497,0.7549112114310265,0.0001296407356812,0.3216240161657333,0.845564993917942,25.083680723000725,0.0002421319069034,,,,,,,,,no_consistency,42,0
39,0.714902906268835,0.020475069405511,0.4371317881345749,0.7679369708895684,0.0001102804243555,0.3135986337065696,0.8275296413898467,24.4457578549991,0.0002388352878997,0.7004902658997781,0.5933082620950494,0.4579436696119622,0.7004902658997781,0.478900380502401,0.600534139882969,0.6440810051295779,,no_consistency,42,0
40,0.7084535545110703,0.0237989971577189,0.4345917485654354,0.8146468704938888,0.0001420695616045,0.3121335792541504,0.8281971147656441,21.38967582100122,0.0002354712086265,,,,,,,,,no_consistency,42,0
41,0.741959725022316,0.0229600849049165,0.4543598890304565,0.7953959286212922,0.0001391633772254,0.3270586816966533,0.8609651213884354,24.263631252999403,0.0002320422237183,,,,,,,,,no_consistency,42,0
42,0.7418435564637185,0.0207714817067608,0.4534147454798221,0.796704469025135,9.379065084658578e-05,0.3257611635327339,0.8588510450720787,24.376156362000984,0.0002285509370981,,,,,,,,,no_consistency,42,0
43,0.7312570035457611,0.0224410856305621,0.447730652987957,0.8003744548559188,0.0001090323291623,0.3210636836290359,0.8488372385501861,24.82047962100114,0.000225,,,,,,,,,no_consistency,42,0
44,0.7113900753855705,0.0224746438697911,0.4358239191770554,0.7907690468430519,8.553281300464732e-05,0.3127381810545921,0.8276432794332504,23.8392230139998,0.0002213921089555,,,,,,,,,no_consistency,42,0
45,0.7370087707042694,0.0195384614355862,0.4500206625461578,0.806119439303875,7.58352054685929e-05,0.3234290663897991,0.8540654662251472,24.57753972700084,0.0002177300037466,,,,,,,,,no_consistency,42,0
46,0.7344020208716393,0.0190984507394023,0.4482806105911732,0.7859565198421479,8.144168201852153e-05,0.3237596084922552,0.8506399500370025,24.63081996299843,0.0002140164653244,,,,,,,,,no_consistency,42,0
47,0.7214800597727299,0.0214109081309288,0.4414524158835411,0.7905628514289856,8.795159910107486e-05,0.3176524839550256,0.8381655848026276,24.54788268199991,0.0002102543136979,,,,,,,,,no_consistency,42,0
48,0.7228161397576333,0.0196867415099404,0.4415643984079361,0.7985000497102738,5.5192907655623454e-05,0.3165483273565769,0.8379654914140702,24.67113276499913,0.0002064464057921,,,,,,,,,no_consistency,42,0
49,0.692388018667698,0.0197993218759074,0.4233525550365448,0.7749368605017662,6.83420550095093e-05,0.3068997041881084,0.8077493616938591,24.71293683299882,0.0002025956332789,0.6874934410076267,0.5972723487613707,0.4587748621569509,0.6874934410076267,0.4927103360980906,0.6116132691783948,0.6375552554486823,,no_consistency,42,0
50,0.7004927560687065,0.018752507569734,0.4277966736257076,0.7661845368146897,5.756319101635654e-05,0.3095909115672111,0.8140089169144631,22.129408161001265,0.0001987049203807,,,,,,,,,no_consistency,42,0
51,0.6971270686388016,0.0185273099527694,0.4256871820986271,0.8016942322254181,7.158814221838839e-05,0.3076403848826885,0.8135005676746369,24.24491924799986,0.0001947772216502,,,,,,,,,no_consistency,42,0
52,0.7168882973492146,0.0192095820885151,0.4378168298304081,0.7992218682169914,6.693800813764028e-05,0.3166816080361604,0.8344239723682404,25.711105882999615,0.0001908155197268,,,,,,,,,no_consistency,42,0
53,0.714983279556036,0.0195320035167969,0.4368027853965759,0.7657775309681892,9.040222680596343e-05,0.316712421476841,0.8300974786281585,24.86472050500015,0.0001868228230711,,,,,,,,,no_consistency,42,0
54,0.7042245268821716,0.0192011859314516,0.4302152107656002,0.7841953748464584,5.598437042635851e-05,0.3108103147149086,0.8194478660821914,26.06061589700039,0.0001828021636809,,,,,,,,,no_consistency,42,0
55,0.7331893143057823,0.0186113306833431,0.4473581412434578,0.7909856215119362,5.936831812704213e-05,0.3248647487163543,0.8513244199752807,24.88741163699888,0.0001787565947885,,,,,,,,,no_consistency,42,0
56,0.7293889772891998,0.0191496536787599,0.4452932631969452,0.8146664044260978,4.964160000099582e-05,0.3226061479747295,0.8493685358762741,25.567867535002733,0.0001746891885421,,,,,,,,,no_consistency,42,0
57,0.7396581089496612,0.0154833523021079,0.4499882227182388,0.7795335546135902,3.634696765948853e-05,0.3257305972278118,0.8536739981174469,24.85195622300307,0.0001706030336727,,,,,,,,,no_consistency,42,0
58,0.6756737944483757,0.0187677723681554,0.4129114000499248,0.7816905707120896,6.606043193187361e-05,0.298523991331458,0.7896077546477318,25.434864762999496,0.0001665012331491,,,,,,,,,no_consistency,42,0
59,0.6866837790608407,0.0168920352030545,0.4187670980393886,0.7550401157140731,4.1457964490270175e-05,0.3042957903444767,0.7985689744353295,25.130338145998397,0.0001623869018208,0.7229351336189778,0.6195504565304097,0.4825436935816391,0.7229351336189778,0.5016475085351108,0.6340687274371414,0.6678805864886735,,no_consistency,42,0
60,0.6783211076259613,0.0192678495496511,0.4146998211741447,0.7739617723226547,6.861243947881235e-05,0.3011696976423264,0.7932691219449043,21.69884498399915,0.0001582631640533,,,,,,,,,no_consistency,42,0
61,0.7099049285054206,0.0151555866654962,0.4320052081346512,0.7468690091371536,5.237947457203518e-05,0.3145603646337986,0.8212551000714302,24.69713549199878,0.0001541331513552,,,,,,,,,no_consistency,42,0
62,0.6962866342067718,0.0164918823435436,0.4243687522411346,0.7704846549034119,6.670208575997094e-05,0.3058379864692688,0.8072585445642472,25.39854793900304,0.00015,,,,,,,,,no_consistency,42,0
63,0.7088147446513176,0.0179822417953982,0.4324817632138729,0.8002824544906616,8.92363973969168e-05,0.3140625374019146,0.8265770143270492,24.72007914200003,0.0001458668486447,,,,,,,,,no_consistency,42,0
64,0.6792506599426269,0.018139874744229,0.4148063603043556,0.7743247213959694,5.9166449209442365e-05,0.3015828628838062,0.7938246530294418,24.3439557160018,0.0001417368359466,,,,,,,,,no_consistency,42,0
65,0.6796904459595681,0.0163385030766949,0.4143496862053871,0.7666663733124733,7.137329980650975e-05,0.3010137602686882,0.7920336544513702,25.045072082000843,0.0001376130981791,,,,,,,,,no_consistency,42,0
66,0.7399598667025566,0.0173583756620064,0.4509192894399166,0.7701806265115738,0.0001001628304777,0.3288548491895199,0.8567972084879876,25.22567377399901,0.0001334987668508,,,,,,,,,no_consistency,42,0
67,0.6936466920375824,0.0178844889183528,0.4233418284356594,0.7779367312788963,5.7185365512850695e-05,0.3059130109846592,0.8070513764023781,25.33614943500288,0.0001293969663272,,,,,,,,,no_consistency,42,0
68,0.7131205524504185,0.0184011175669729,0.4352327960729599,0.7819724810123444,5.326480054776539e-05,0.3165292608737945,0.8299619650840759,25.444689494997878,0.0001253108114578,,,,,,,,,no_consistency,42,0
69,0.7240309086441994,0.0146263414272107,0.4402690966427326,0.7750924655795097,3.632350288455655e-05,0.3199720972776413,0.8377522569894791,24.90233466400241,0.0001212434052114,0.7077811667865834,0.6061628366627512,0.4702601618950052,0.7077811667865834,0.4875590492401495,0.6231482939615206,0.653543567260276,,no_consistency,42,0
70,0.679490562081337,0.0168730472680181,0.4144435718655586,0.7921809446811676,4.348870417047124e-05,0.3008901613950729,0.794554004073143,21.596946491998096,0.000117197836319,,,,,,,,,no_consistency,42,0
71,0.7003910806775093,0.0165615475131198,0.4268592837452888,0.7653325039148331,6.153583265756879e-05,0.3089166201651096,0.8123122328519821,23.7937983289994,0.0001131771769288,,,,,,,,,no_consistency,42,0
72,0.7010125163197517,0.0193352628243155,0.4283416324853897,0.7510832750797272,9.342459280219372e-05,0.3119176876544952,0.8153723227977753,25.020867939998425,0.0001091844802731,,,,,,,,,no_consistency,42,0
73,0.717938674390316,0.0200304634589701,0.4387754046916962,0.7872519990801812,8.324283220067286e-05,0.3190051780641079,0.8365099495649337,24.657316974000423,0.0001052227783497,,,,,,,,,no_consistency,42,0
74,0.7263881346583366,0.0203449617850128,0.4439708857238292,0.809766854941845,7.960403087774154e-05,0.3205514480173588,0.8455029982328415,24.793384494998463,0.0001012950796192,,,,,,,,,no_consistency,42,0
75,0.7156963999569416,0.0208492110786028,0.4377575401216745,0.8192602479457856,6.68306116591566e-05,0.3198377603292465,0.8395246684551239,24.237811386999965,9.740436672108684e-05,,,,,,,,,no_consistency,42,0
76,0.7169357681274414,0.0184764423477463,0.4375520572066307,0.7818107694387436,4.859299654640381e-05,0.3177852301299572,0.8335207921266555,25.430250320001505,9.355359420782469e-05,,,,,,,,,no_consistency,42,0
77,0.7329692146182061,0.0192777357413433,0.4474926394224167,0.8063095751404762,0.0001102090115955,0.3272501374781131,0.8553792405128479,24.773033384000883,8.97456863020546e-05,,,,,,,,,no_consistency,42,0
78,0.7107917094230651,0.0182024765294045,0.4337560346722602,0.8018298980593681,6.561494927041167e-05,0.3162512192130088,0.8301935255527496,25.903709602000163,8.598353467553945e-05,,,,,,,,,no_consistency,42,0
79,0.703126668035984,0.0205025550536811,0.4300770398974418,0.7934301283955574,9.998984016419854e-05,0.3110515844076872,0.8204766348004341,24.941754390001734,8.226999625336662e-05,0.7330180842609598,0.6439411091575152,0.520168371303111,0.7330180842609598,0.5249782334708205,0.6738270097407654,0.6850100204341416,,no_consistency,42,0
80,0.719125814139843,0.0188395486841909,0.4390113274753093,0.822421755194664,0.0001012267033138,0.3196065475791693,0.84086511105299,22.01266428600138,7.860789104443896e-05,,,,,,,,,no_consistency,42,0
81,0.7013000813126564,0.0180898901785258,0.4280160231888294,0.7940433752536774,0.000107028314372,0.3123723362386226,0.8197980478405953,22.9244660330005,7.500000000000002e-05,,,,,,,,,no_consistency,42,0
82,0.7116937172412873,0.0204777323442976,0.4352073414623737,0.8120027899742126,9.98294432338298e-05,0.3171257969737053,0.8335384041070938,24.45857282399811,7.144906290181832e-05,,,,,,,,,no_consistency,42,0
83,0.7262153893709182,0.0193212920823134,0.4434577688574791,0.7795854946970939,9.757573815591058e-05,0.3227769541740417,0.8441981583833694,25.42746004500077,6.795777628163599e-05,,,,,,,,,no_consistency,42,0
84,0.719221194088459,0.019048019653419,0.4391519410908222,0.7990776580572129,6.821222817613659e-05,0.3197026017308235,0.8387657180428505,25.117194583999662,6.452879137346007e-05,,,,,,,,,no_consistency,42,0
85,0.7154985488951207,0.0203215816046576,0.4374277786910533,0.8234250277280808,6.502779501772693e-05,0.3176298873126507,0.837403419315815,25.880728537002145,6.1164712100253e-05,,,,,,,,,no_consistency,42,0
86,0.6939494554698468,0.0189997872989624,0.4239696039259433,0.8067215973138809,7.22319115470782e-05,0.3085010477900505,0.8131464236974716,25.4734475639998,5.786809309654982e-05,,,,,,,,,no_consistency,42,0
87,0.7128095132112503,0.0189802072150632,0.4352778087556362,0.762673522233963,8.477945717174861e-05,0.3165989248454571,0.8281483289599418,25.892874879999,5.464143776850482e-05,,,,,,,,,no_consistency,42,0
88,0.7070261669158936,0.018152295872569,0.4314766363799572,0.7947630843520165,0.0001075549036486,0.3152753901481628,0.8262337136268616,25.239148395001397,5.148719639283984e-05,,,,,,,,,no_consistency,42,0
89,0.6931996828317643,0.0192122875573113,0.4236047410964966,0.7853084927797318,0.0001074069520768,0.3087979206442833,0.8109388843178749,25.448446685997624,4.840776425613886e-05,0.6991952358660241,0.6130911960970968,0.4905776537990966,0.6991952358660241,0.4905776537990966,0.6495006986261695,0.6525022657286532,,no_consistency,42,0
90,0.6884785413742065,0.0165616593090817,0.419711806923151,0.7774270695447921,7.147204264157381e-05,0.3036095760762691,0.8010676681995392,22.83787749099793,4.5405479835900685e-05,,,,,,,,,no_consistency,42,0
91,0.7119979590177536,0.0181669823790434,0.43446558624506,0.7811250513792038,0.000125698084339,0.3167694772779941,0.8293538522720337,22.34058927300066,4.2482623024732334e-05,,,,,,,,,no_consistency,42,0
92,0.7170252189040184,0.0191151810158044,0.4378612212836742,0.7950925630331039,7.553628834557458e-05,0.3210334484279156,0.8384077033400535,24.826190233998204,3.964141339903026e-05,,,,,,,,,no_consistency,42,0
93,0.7020215982198715,0.0163986978842876,0.4277724540233612,0.7911996531486511,7.397349573219358e-05,0.3096284562349319,0.8165245807170868,25.68113832399831,3.6884008533465575e-05,,,,,,,,,no_consistency,42,0
94,0.6746351325511932,0.0175073787244036,0.4117840455472469,0.7844601887464523,6.628459759156158e-05,0.2984592238068581,0.7886926066875458,24.82733645600092,3.4212502362551864e-05,,,,,,,,,no_consistency,42,0
95,0.7189434868097305,0.016849949110765,0.4381060895323753,0.7693114790320397,8.89906084444192e-05,0.3199772837758064,0.8350189730525017,25.80552028300008,3.162892359054098e-05,,,,,,,,,no_consistency,42,0
96,0.6865296971797943,0.0190657456684857,0.4195441327989101,0.7936599007248879,0.0001000379517051,0.3047074649482965,0.8036225885152817,25.42797615100062,2.913523415085328e-05,,,,,,,,,no_consistency,42,0
97,0.7075080189108849,0.0166395810921676,0.4311606614291668,0.798467768728733,8.619356253234401e-05,0.313293087631464,0.8243048399686813,25.696665363000648,2.673332771621324e-05,,,,,,,,,no_consistency,42,0
98,0.6929882973432541,0.0153404924762435,0.4219291922450066,0.7601340144872666,6.420000138405158e-05,0.3058498866856098,0.8037956964969635,25.79303714999696,2.4425028260620715e-05,,,,,,,,,no_consistency,42,0
99,0.7262669441103935,0.0155258173239417,0.4419705098867416,0.7761937609314918,8.163371246455497e-05,0.3234012727439403,0.8429952389001847,25.16858936800054,2.221208867425096e-05,0.7151977304779141,0.627121874945317,0.5110380206072153,0.7151977304779141,0.5132631025479711,0.652904791810066,0.6683590028310651,,no_consistency,42,0
100,0.7121270516514778,0.0171222739201039,0.4341251587867736,0.7636861085891724,0.0001063501694062,0.3173152975738048,0.8278143885731697,22.04697564599701,2.009618943233419e-05,,,,,,,,,no_consistency,42,0
101,0.6993302476406097,0.0169728452316485,0.4263873046636581,0.7971937155723572,6.88997576685324e-05,0.3092393564432859,0.8153494754433632,24.33414778700171,1.807893731902665e-05,,,,,,,,,no_consistency,42,0
102,0.6943442599475383,0.0171292568370699,0.423458275347948,0.7738370361924172,6.50687845700304e-05,0.3081041922420263,0.8089494210481644,24.62784289100091,1.616186420724089e-05,,,,,,,,,no_consistency,42,0
103,0.7253175395727157,0.0184702891623601,0.4425786547362804,0.8195912256836891,7.660924558194893e-05,0.3236020776629448,0.8481436881422997,26.086760706999485,1.4346425895363384e-05,,,,,,,,,no_consistency,42,0
104,0.7206444492936135,0.0161603289586491,0.4388508169353008,0.7677822422981262,6.358396857365278e-05,0.3201117198169231,0.8357439398765564,24.572947343000124,1.2634001001741372e-05,,,,,,,,,no_consistency,42,0
105,0.691810909062624,0.0179760491242632,0.4222769849002361,0.7980417451262474,7.600482396526331e-05,0.3070082576572895,0.8090932178497314,24.96444210300251,1.1025889917779737e-05,,,,,,,,,no_consistency,42,0
106,0.7058336496353149,0.0169191925693303,0.4302678839862346,0.7501418149471283,7.090360092206539e-05,0.3141716204583645,0.8194572314620018,25.608648407000143,9.523313820441804e-06,,,,,,,,,no_consistency,42,0
107,0.7110298784077167,0.0173200542328413,0.4335459661483765,0.7833051407337188,7.03246476507502e-05,0.3160897023975849,0.8279696962237358,25.21438356699946,8.127413744904804e-06,,,,,,,,,no_consistency,42,0
108,0.7063722839951515,0.015707435302902,0.4301063628494739,0.7648577761650085,6.92969881697536e-05,0.3143419551849365,0.8209375616908073,25.672180229998048,6.839249718073875e-06,,,,,,,,,no_consistency,42,0
109,0.7158444562554359,0.015469661867246,0.4356945553421974,0.7623822247982025,6.676263474446387e-05,0.3182097096741199,0.8301458287239075,24.961264965000737,5.659799953612438e-06,0.7207901738719696,0.6351086830572639,0.5164235562026496,0.7207901738719696,0.5169563248244718,0.6675795504753501,0.6746490648606259,,no_consistency,42,0
110,0.6905972263216973,0.0151540836598724,0.4204199847579002,0.7508044755458831,6.461553693270616e-05,0.3059346783161163,0.8014383462071418,22.700605875998008,4.589960109100444e-06,,,,,,,,,no_consistency,42,0
111,0.724504411816597,0.0141342535614967,0.4403563663363457,0.7705866786837577,4.698000341363695e-05,0.3201459820568562,0.8375633656978607,24.344954394000524,3.630542605884657e-06,,,,,,,,,no_consistency,42,0
112,0.7097339966893196,0.0145772004697937,0.4316712944209576,0.7635070359706879,5.643857992782664e-05,0.3139684578776359,0.8219932785630226,25.17070516500098,2.7822760121373187e-06,,,,,,,,,no_consistency,42,0
113,0.6799103322625161,0.0159892720472998,0.4143419261276722,0.755576234459877,6.172160652926805e-05,0.3024881817400455,0.7923908188939095,26.048593522002196,2.0458044895916517e-06,,,,,,,,,no_consistency,42,0
114,0.6891973805427551,0.0155244344146922,0.4197282199561596,0.7499815934896469,6.288546792566407e-05,0.306158045232296,0.8008875697851181,25.122179354002583,1.4216873043745137e-06,,,,,,,,,no_consistency,42,0
115,0.6749519005417823,0.013799772048369,0.4104910649359226,0.7398998498916626,5.972149463037368e-05,0.2994326563179493,0.7839166980981827,24.47269305599912,9.103984023075772e-07,,,,,,,,,no_consistency,42,0
116,0.6947754493355751,0.0148318290850147,0.4227980181574821,0.7687070405483246,5.113222653903904e-05,0.3077897348254919,0.8074610099196434,24.98051064700121,5.123260489995229e-07,,,,,,,,,no_consistency,42,0
117,0.689361302703619,0.0154449259885586,0.4197947685420513,0.7881465011835098,5.112373856150043e-05,0.3073096639662981,0.8059216412901878,25.61823087699668,2.2777253500257386e-07,,,,,,,,,no_consistency,42,0
118,0.6520833358168602,0.0154441589151974,0.3974276822805405,0.766619126200676,6.830908238505628e-05,0.2885635583847761,0.7626565754413605,26.305586978000065,5.695394625728767e-08,,,,,,,,,no_consistency,42,0
119,0.6931304648518563,0.0146855395263992,0.4217525121569633,0.7475651308894158,4.727889452880163e-05,0.3067153711616993,0.8032267609238625,25.38627841199923,0.0,0.7240652226237311,0.6379201106133501,0.5176007127866462,0.7240652226237311,0.5184187967209201,0.671276312495399,0.6775752380369083,,no_consistency,42,0
0,0.9746787494421004,0.653248775601387,0.8461067920923233,0.7283462345600128,0.0495590860396623,0.5914565905928612,1.5128759670257568,25.737679584000944,5.1e-05,,,,,,,,,shuffled_quality,42,0
1,0.9687375009059906,0.4759515431523323,0.7716231435537338,0.6954727375507355,0.0283506695181131,0.4865407505631446,1.329128702878952,24.593814199999542,0.0001009999999999,,,,,,,,,shuffled_quality,42,0
2,0.9561141330003738,0.3843109762668609,0.7273929035663604,0.6945106089115143,0.0234675299562513,0.4590662452578544,1.2570835852622986,23.84096562800005,0.0001509999999999,,,,,,,,,shuffled_quality,42,0
3,0.9472823452949524,0.3449755510687828,0.7063596642017365,0.6808281594514847,0.0194129930902272,0.4375515818595886,1.2129647099971772,24.38102920999881,0.0002009999999999,,,,,,,,,shuffled_quality,42,0
4,0.9578389602899552,0.3007937604188919,0.6950209069252015,0.6740062195062637,0.0134806756023317,0.430107934474945,1.1932034957408906,24.44685387299978,0.000251,,,,,,,,,shuffled_quality,42,0
5,0.9420160013437272,0.2582058951258659,0.6684919881820679,0.6795245671272278,0.0096953121852129,0.4051359331607818,1.142065144777298,24.80275755799994,0.0003,,,,,,,,,shuffled_quality,42,0
6,0.937674367427826,0.2146035462617874,0.6484460604190826,0.6794958072900772,0.0067884723865427,0.3893630689382553,1.106098132133484,23.094906981999884,0.0002999430460537,,,,,,,,,shuffled_quality,42,0
7,0.92877907037735,0.1764209347963333,0.6278358393907547,0.6667474389076233,0.0058243001648224,0.3716170623898506,1.0664188629388809,23.92020135400162,0.0002997722274649,,,,,,,,,shuffled_quality,42,0
8,0.9236151027679445,0.1507575914263725,0.6144721195101738,0.6902837216854095,0.0041910675761755,0.3739604814350605,1.0576705265045163,24.254577596999297,0.000299487673951,,,,,,,,,shuffled_quality,42,0
9,0.8926616030931472,0.1293611992150545,0.5873414665460587,0.6778759407997131,0.006184179468546,0.3479125206172466,1.0033507907390595,22.083387253000183,0.0002990896015976,0.4728631316897697,0.4538299463144983,0.3785355493223254,0.4728631316897697,0.4240067917888426,0.4646199154648824,0.4577204178404438,,shuffled_quality,42,0
10,0.8958854109048844,0.105161669626832,0.5795959395170212,0.667246917784214,0.0050321504194289,0.3513417884707451,0.9979140329360962,25.3283146929989,0.0002985783126956,,,,,,,,,shuffled_quality,42,0
11,0.8745300078392029,0.089373730123043,0.5604675161838532,0.6873780375719071,0.0049266551935579,0.3394114643335342,0.9688631147146224,25.10355197300123,0.0002979541955104,,,,,,,,,shuffled_quality,42,0
12,0.8582663083076477,0.0783038702607154,0.546281355023384,0.6927607518434524,0.0051480224239639,0.328498446047306,0.9443132781982422,25.04712341699997,0.0002972177239878,,,,,,,,,shuffled_quality,42,0
13,0.8554242020845413,0.0664083012938499,0.5398178660869598,0.6861871182918549,0.0048104965151287,0.3332443414628506,0.941921449303627,25.506195690000823,0.0002963694573941,,,,,,,,,shuffled_quality,42,0
14,0.8384033167362213,0.0575994807854294,0.5260818046331406,0.7027999159693717,0.0042222525458782,0.3300747498869896,0.9266476565599442,24.217477456999404,0.0002954100398908,,,,,,,,,shuffled_quality,42,0
15,0.8148679262399674,0.0510309540852904,0.5093331575393677,0.6954923009872437,0.0041676004673354,0.3178012330830097,0.8968919998407364,25.017925402999023,0.0002943402000463,,,,,,,,,shuffled_quality,42,0
16,0.8249731087684631,0.0432560889050364,0.5122863215208053,0.7260248968005181,0.0033309382083825,0.3298099842667579,0.914865345954895,24.585532129998683,0.0002931607502819,,,,,,,,,shuffled_quality,42,0
17,0.8059414291381836,0.0404041717574,0.4997265458106995,0.7162908333539962,0.0028900472621899,0.3200340563803911,0.8915341866016387,25.089186690000133,0.000291872586255,,,,,,,,,shuffled_quality,42,0
18,0.8393974018096924,0.0440258990600705,0.5212488225102425,0.7949901577830315,0.0022603748377878,0.3525215403735637,0.9637893390655518,25.14478643000075,0.0002904766861795,,,,,,,,0.052034684040118,shuffled_quality,42,0
19,0.8241518867015839,0.0451331027783453,0.5125443956255913,0.7822665801644325,0.0019748016714584,0.3447577783465385,0.9385208278894424,22.957266432000324,0.0002889741100822,0.6194358568371475,0.5245943048584201,0.3851838583397487,0.6194358568371475,0.4082996092304415,0.5460474485076712,0.5675581913937893,0.0144662684388458,shuffled_quality,42,0
20,0.8047028356790542,0.0420377318933606,0.4996368125081062,0.7778329887986183,0.0017421080142958,0.339378154873848,0.9184984236955642,25.7206548489994,0.0002873659989982,,,,,,,,0.0080652881786227,shuffled_quality,42,0
21,0.8064430403709412,0.0366696666367352,0.4985337129235268,0.8009242510795593,0.0013618701661471,0.3384265270829201,0.918610493540764,25.980722006999716,0.0002856535741046,,,,,,,,0.0074486419139429,shuffled_quality,42,0
22,0.7649977651238441,0.0354076817817986,0.4731617486476898,0.7782467061281204,0.0011973400891292,0.319204416424036,0.8715543270111084,25.940045893001297,0.0002838381357927,,,,,,,,0.0065181536832824,shuffled_quality,42,0
23,0.7739470002055168,0.0322238484025001,0.4772577595710754,0.7882843041419982,0.0009254040074301,0.3253769958019256,0.8826628738641739,24.76005066200014,0.0002819210626809,,,,,,,,0.0057670597732067,shuffled_quality,42,0
24,0.7762082770466805,0.0299069226533174,0.4776877549290657,0.7725393581390381,0.0008437843385036,0.329278185069561,0.8852671280503273,25.319230592998792,0.0002799038105676,,,,,,,,0.0050253196479752,shuffled_quality,42,0
25,0.7858217880129814,0.0257985163852572,0.481812500655651,0.7684106945991516,0.0006577778828796,0.3330694824457169,0.8926785439252853,25.10738084300101,0.0002777879113257,,,,,,,,0.0046130076074041,shuffled_quality,42,0
26,0.7485778447985649,0.0291021721065044,0.4607875949144363,0.7888429310917854,0.0005340093989798,0.3201870659738779,0.8607724073529244,25.427284457000496,0.0002755749717393,,,,,,,,0.0044337432226166,shuffled_quality,42,0
27,0.7737994793057442,0.0267935095075517,0.4749971094727516,0.7883378610014915,0.0004893702283879,0.3319223882257938,0.8866279315948487,25.691062067999155,0.0002732666722837,,,,,,,,0.0042509016324765,shuffled_quality,42,0
28,0.7632432681322098,0.0270811128010973,0.4687784254550934,0.790100548863411,0.0004372241735109,0.3275209734588861,0.8760642102360725,25.519932284998504,0.0002708647658491,,,,,,,,0.0036644665361382,shuffled_quality,42,0
29,0.7408651456236839,0.0275145848840475,0.4555249413847923,0.8147001397609711,0.0003460211621495,0.3202920946478844,0.8579571980237961,22.92607588499959,0.0002683710764094,0.6649197412998227,0.5654760422408762,0.4250975252049755,0.6649197412998227,0.4690164801080641,0.5624919053147418,0.611104409972654,0.0032642434374429,shuffled_quality,42,0
30,0.7404218471050262,0.0259356198972091,0.4546273750066757,0.7848641121387482,0.000308589442302,0.3197872138023376,0.8535020786523819,25.652068117000454,0.0002657874976374,,,,,,,,0.0029282617673743,shuffled_quality,42,0
31,0.7508708828687668,0.0222545534046366,0.4594243694841862,0.7806153213977813,0.0002196561723212,0.3252902312576771,0.8632766643166542,26.13642404300117,0.0002631159914665,,,,,,,,0.0024477469548583,shuffled_quality,42,0
32,0.7646171467006206,0.0230626872554421,0.4679953791201114,0.8003446301817894,0.0001705624356327,0.3304033855348825,0.8788841444253922,26.25909202700132,0.0002603585866009,,,,,,,,0.0022119565913453,shuffled_quality,42,0
33,0.7279386335611343,0.0253023059479892,0.4468841204047203,0.7893070071935654,0.0001844599383912,0.3174653849005699,0.8437363970279693,25.46429768500093,0.0002575173769752,,,,,,,,0.002234839098528,shuffled_quality,42,0
34,0.7299860498309135,0.0253898528311401,0.4481475885212421,0.8007027566432953,0.0002264438433758,0.3177702684700489,0.8464681205153465,25.595847982000123,0.000254594520164,,,,,,,,0.0023433413245948,shuffled_quality,42,0
35,0.7577131593227386,0.0222540806373581,0.4635295467078685,0.7881567597389221,0.0001577434825503,0.3294956053048372,0.872180454134941,25.87979376400108,0.0002515922357438,,,,,,,,0.0016586791648296,shuffled_quality,42,0
36,0.7297609540820121,0.0224340945249423,0.4468302264809608,0.7961903327703476,0.0001428279904939,0.3189305636286735,0.8457452714443207,24.323149820000253,0.0002485128036071,,,,,,,,0.0017915102222468,shuffled_quality,42,0
37,0.7236015942692756,0.02268952710554,0.4432367831468582,0.7811679464578628,0.0001626098952374,0.3169710266590118,0.8386694556474685,25.5783120360029,0.0002453585622314,,,,,,,,0.0016835843038279,shuffled_quality,42,0
38,0.730258084833622,0.021382095599547,0.4467077043652534,0.754175705909729,0.0001187066350803,0.3210280315577984,0.8435015964508057,24.88100911100264,0.0002421319069034,,,,,,,,0.001711763406347,shuffled_quality,42,0
39,0.7148059576749801,0.0202786010294221,0.4369950330257415,0.778192566037178,9.857732235104777e-05,0.3135174883902072,0.8286436954140664,22.31230415999744,0.0002388352878997,0.6869478772694886,0.5912658919802116,0.466143025676702,0.6869478772694886,0.4812774197043641,0.6055723789667821,0.6361627965234269,0.0015349535492714,shuffled_quality,42,0
40,0.7101609367132187,0.0226163609977811,0.4351431222259998,0.8159559893608094,0.0001264254483095,0.3118734139204025,0.8290104025602341,25.0004919109997,0.0002354712086265,,,,,,,,0.0019597028527641,shuffled_quality,42,0
41,0.7418614876270294,0.0220648532640188,0.4539428520202637,0.7925510257482529,0.0001086107125092,0.3266679039597511,0.8602291381359101,25.506238875001145,0.0002320422237183,,,,,,,,0.0017892492104147,shuffled_quality,42,0
42,0.7426392912864686,0.0213085643504746,0.4541070199012756,0.8078927120566368,7.256447220697737e-05,0.3259622603654861,0.8612202498316764,25.36117759500121,0.0002285509370981,,,,,,,,0.0017903471230238,shuffled_quality,42,0
43,0.7318878981471062,0.0211101721297018,0.4475768259167671,0.8089424037933349,7.097119257593931e-05,0.3207817874848843,0.8496156585216522,26.01690884599884,0.000225,,,,,,,,0.0017962915578391,shuffled_quality,42,0
44,0.7089556181430816,0.0213041291898116,0.4338950391113758,0.7939612767100335,6.219679338926199e-05,0.3117072987556457,0.8253369480371475,25.077712029000395,0.0002213921089555,,,,,,,,0.0016768521843187,shuffled_quality,42,0
45,0.7351958253979682,0.0192583932355046,0.4488208723068237,0.8019845223426819,6.56638624968764e-05,0.3231866952776909,0.8525201117992401,25.950776715999385,0.0002177300037466,,,,,,,,0.0015540364981279,shuffled_quality,42,0
46,0.735814069211483,0.0190974288922734,0.4491274331510066,0.7836871892213821,8.650070799376408e-05,0.3237621054053307,0.8515969008207321,25.67572975299845,0.0002140164653244,,,,,,,,0.0016715778188518,shuffled_quality,42,0
47,0.7218203085660935,0.0205722896545194,0.4413211190700531,0.7956068152189255,8.014659152877357e-05,0.3184464235603809,0.8397487181425095,25.329565882999304,0.0002102543136979,,,,,,,,0.0020824100221216,shuffled_quality,42,0
48,0.722949500977993,0.0194109773938544,0.4415341085195541,0.8016662046313285,5.915549129213105e-05,0.3163810722529888,0.838464327454567,23.634610493001677,0.0002064464057921,,,,,,,,0.0018978250113286,shuffled_quality,42,0
49,0.6955907125771046,0.0194521560054272,0.4251353052258491,0.7964846608042717,7.241736142759691e-05,0.3087114818394184,0.8138094529509544,22.884617878000427,0.0002025956332789,0.6909548479787614,0.5956793469349173,0.4559522950246997,0.6909548479787614,0.5001415408932098,0.5959416519327808,0.638871942370202,0.0015528869937043,shuffled_quality,42,0
50,0.7006011755764484,0.0181892261328175,0.4276364129781723,0.7695279467105866,5.728527287573115e-05,0.3083835522085428,0.8133096355199814,25.82817836499817,0.0001987049203807,,,,,,,,0.0016700470272917,shuffled_quality,42,0
51,0.6979980865120887,0.0185361911449581,0.4262133444845676,0.8121636909246445,6.571232450141906e-05,0.3081136414408684,0.8158886700868606,24.80804923100004,0.0001947772216502,,,,,,,,0.0017101569299484,shuffled_quality,42,0
52,0.7181344327330589,0.0196378196182195,0.4387358051538467,0.8126427501440048,6.703606672544993e-05,0.3169763182848692,0.8373219648003578,25.89213728499817,0.0001908155197268,,,,,,,,0.0017110814076295,shuffled_quality,42,0
53,0.7162709663808345,0.0192339014052413,0.4374561587721109,0.7630527579784393,6.902698056933332e-05,0.3173696384578943,0.8314874288439751,25.685424086997955,0.0001868228230711,,,,,,,,0.001764540614422,shuffled_quality,42,0
54,0.7044854600727558,0.0189353300770744,0.4302654258906841,0.778049863576889,7.045613119430527e-05,0.3108946098387241,0.8193437856435776,25.869907691998375,0.0001828021636809,,,,,,,,0.0018761883693514,shuffled_quality,42,0
55,0.7346460670232773,0.0190287984837777,0.4483991776406765,0.798876286149025,7.004330043173467e-05,0.3258112326264381,0.854478040933609,25.49210556099933,0.0001787565947885,,,,,,,,0.0018824926887828,shuffled_quality,42,0
56,0.7296241018176078,0.0190999232581816,0.4454144476354122,0.8025768330693245,4.588570473856634e-05,0.322520909756422,0.8485475593805313,26.069348461998743,0.0001746891885421,,,,,,,,0.0017611116862826,shuffled_quality,42,0
57,0.7384095105528832,0.0153496913122944,0.4491855995357036,0.7898184978961944,2.897554446686712e-05,0.3253302150964737,0.8537937960028649,25.24160277700139,0.0001706030336727,,,,,,,,0.0014734304701778,shuffled_quality,42,0
58,0.6769048054516316,0.0188178936834447,0.4136700586974621,0.7841614162921906,5.570851201582627e-05,0.2991124070435762,0.7915725183486938,23.681406924999465,0.0001665012331491,,,,,,,,0.0018556172958051,shuffled_quality,42,0
59,0.6885376822948456,0.0170356735889799,0.4199368961155414,0.7512254029512405,5.94742826814354e-05,0.305484207868576,0.8009051316976548,23.34214054800032,0.0001623869018208,0.7101400369753925,0.6105248015542275,0.481751348164355,0.7101400369753925,0.5015196758989032,0.6199146917883869,0.6574165974679392,0.0017925386252863,shuffled_quality,42,0
60,0.6786206793785096,0.0188351274351589,0.4147064749896526,0.7767349213361741,6.340492198603443e-05,0.3011024004966021,0.7938648438453675,24.80501454300247,0.0001582631640533,,,,,,,,0.001896549702451,shuffled_quality,42,0
61,0.7105948273837567,0.0155213489662855,0.4325654515624046,0.7359393462538719,4.0097039084230345e-05,0.314993976354599,0.8214861106872559,25.5444494580006,0.0001541331513552,,,,,,,,0.0016536991502289,shuffled_quality,42,0
62,0.6971715033054352,0.0162042817659676,0.424784632474184,0.770555419921875,5.376348830395727e-05,0.3061858993768692,0.808376495540142,25.33549223200316,0.00015,,,,,,,,0.00173866222176,shuffled_quality,42,0
63,0.7091001391410827,0.0174816077109426,0.4324527429044246,0.8043817546963692,6.590350241523879e-05,0.3139321924746036,0.8271917521953582,25.004918028997054,0.0001458668486447,,,,,,,,0.0018266917778419,shuffled_quality,42,0
64,0.6759214761853218,0.0175881522870622,0.4125881642103195,0.7774219280481338,4.289146850112502e-05,0.2991326221823692,0.7898226591944695,24.531602172999555,0.0001417368359466,,,,,,,,0.0017876833873924,shuffled_quality,42,0
65,0.6791614353656769,0.0162273449636995,0.4139878138899803,0.766639512181282,5.063805940835664e-05,0.3001844205707311,0.7911439633369446,24.865111272996728,0.0001376130981791,,,,,,,,0.0015262291830549,shuffled_quality,42,0
66,0.7393191620707512,0.0164790893043391,0.4501831491291523,0.7750528901815414,5.293219413800898e-05,0.328591958284378,0.8566431695222855,24.764348602999235,0.0001334987668508,,,,,,,,0.0018006516110835,shuffled_quality,42,0
67,0.6943557387590409,0.0182801060588099,0.4239255006611347,0.7833716526627541,4.855185988276389e-05,0.3064152619242668,0.8090642857551574,25.806233086997963,0.0001293969663272,,,,,,,,0.0019196165307766,shuffled_quality,42,0
68,0.7122008918225765,0.0173737201758194,0.4342700417339802,0.7849340733885765,4.821350997367801e-05,0.3164170034229755,0.8295002108812333,24.071088164000685,0.0001253108114578,,,,,,,,0.0015867211631029,shuffled_quality,42,0
69,0.7239297401905059,0.0142475359642412,0.4400568796694278,0.7724619814753533,3.3685561738252546e-05,0.3191443680226802,0.836706905066967,22.88093753299836,0.0001212434052114,0.7207896279356629,0.6198087848210727,0.4822295575216432,0.7207896279356629,0.5049719450873436,0.6336647814402121,0.6666393679598839,0.0012888487594409,shuffled_quality,42,0
70,0.6812558799982071,0.016613276686985,0.4153988559544086,0.796243771314621,3.6166768334453534e-05,0.3013815084099769,0.7967330828309059,24.767128955998487,0.000117197836319,,,,,,,,0.0016326598952764,shuffled_quality,42,0
71,0.7006125226616859,0.016257812846452,0.4268706560134888,0.7718290144205093,4.7024923719618525e-05,0.3087788291275501,0.8131982892751694,25.65824947299916,0.0001131771769288,,,,,,,,0.0018177372860009,shuffled_quality,42,0
72,0.6988510942459106,0.0186359475692734,0.4267650561034679,0.7551393446326256,6.302609608155763e-05,0.3104394398629665,0.8131767800450325,25.390720578998295,0.0001091844802731,,,,,,,,0.0022759734404007,shuffled_quality,42,0
73,0.7195100942254067,0.0198251480562612,0.4396361330151558,0.7996394896507263,6.135094235638405e-05,0.3194123093783855,0.839573860168457,25.05366123099884,0.0001052227783497,,,,,,,,0.0027920237488069,shuffled_quality,42,0
74,0.7265317225456238,0.0202012527443002,0.4439995518326759,0.8108672392368317,5.2181675529787694e-05,0.3210560393333435,0.8466961121559143,24.99941973300156,0.0001012950796192,,,,,,,,0.0027559472047141,shuffled_quality,42,0
75,0.7139688344299793,0.0202752065472304,0.4364913976937532,0.8272681510448456,4.8365692795755424e-05,0.3185141704976558,0.8382264095544815,24.245872838997457,9.740436672108684e-05,,,,,,,,0.0024580243736272,shuffled_quality,42,0
76,0.7144496068358421,0.0181296582031063,0.4359216463565826,0.7953395587205887,3.4350472535606965e-05,0.3167504571378231,0.8326677963137626,25.486236238000856,9.355359420782469e-05,,,,,,,,0.0023000947487889,shuffled_quality,42,0
77,0.7322195100784302,0.0187557054590433,0.4468340045213699,0.8063773915171624,6.170679933205748e-05,0.326390193849802,0.8543722653388977,25.672345490002044,8.97456863020546e-05,,,,,,,,0.0025362336765465,shuffled_quality,42,0
78,0.7102863715589046,0.0179755011736415,0.4333620382845402,0.8033896416425705,4.4951688589662805e-05,0.3155974817276001,0.8297292250394821,24.553985041002303,8.598353467553945e-05,,,,,,,,0.0021424524681788,shuffled_quality,42,0
79,0.7022859045863151,0.020747484602034,0.4296705515682697,0.7964718335866928,6.0343401855789125e-05,0.3109840820729732,0.8209079533815384,22.991159826000512,8.226999625336662e-05,0.7341291056605908,0.6421931714387432,0.5180113334426024,0.7341291056605908,0.5241143054028171,0.6683361032528216,0.6849365481722377,0.003015573624325,shuffled_quality,42,0
80,0.7193430455029011,0.0190910672536119,0.4392422717809677,0.823089674115181,7.265713542665254e-05,0.3207490472495556,0.8427621039748192,24.584420894996583,7.860789104443896e-05,,,,,,,,0.0022909016571793,shuffled_quality,42,0
81,0.702570583820343,0.0176092912722378,0.4285860832035542,0.7914011508226395,6.371614963962102e-05,0.3128731091320514,0.8210607662796974,24.88440430099945,7.500000000000002e-05,,,,,,,,0.0022913670592515,shuffled_quality,42,0
82,0.7112156894803047,0.0203995945723727,0.4348892700672149,0.805058391392231,6.679630969401273e-05,0.3177992703020573,0.8337767243385314,25.068432596999628,7.144906290181832e-05,,,,,,,,0.0028950105033436,shuffled_quality,42,0
83,0.7262351045012474,0.0194547944213263,0.443522997200489,0.7844574898481369,7.157978581581403e-05,0.3229689195752144,0.8454912757873535,25.82725062399913,6.795777628163599e-05,,,,,,,,0.0027501586787548,shuffled_quality,42,0
84,0.7186334696412087,0.0186701241577975,0.4386481457948685,0.7910377311706543,5.868773242511338e-05,0.3193897142261266,0.8376334244012833,25.350563519001295,6.452879137346007e-05,,,,,,,,0.0024442890000727,shuffled_quality,42,0
85,0.7165344028174877,0.0205389373120851,0.4381362372636795,0.8240193432569504,5.446288342170646e-05,0.318196480423212,0.839268147945404,25.86987848499848,6.1164712100253e-05,,,,,,,,0.002653871388793,shuffled_quality,42,0
86,0.6929396717250347,0.0188063153717666,0.4232863476872444,0.7977236145734787,5.299089062418716e-05,0.3084468664228916,0.8119904851913452,25.49614881299931,5.786809309654982e-05,,,,,,,,0.0024112707978565,shuffled_quality,42,0
87,0.7130285343527794,0.0188317264011129,0.435349830687046,0.7605988389253616,6.630404847527416e-05,0.3167806725203991,0.828698490858078,26.226575710999896,5.464143776850482e-05,,,,,,,,0.002523934139117,shuffled_quality,42,0
88,0.7082100638747215,0.0182972387736663,0.4322449541091919,0.7938174778223037,6.879230727463437e-05,0.3161074750125408,0.8282186353206634,24.30943249899792,5.148719639283984e-05,,,,,,,,0.0024050477016589,shuffled_quality,42,0
89,0.6928997790813446,0.0189592548925429,0.4233235849440098,0.7872344347834587,7.134581217997037e-05,0.3083537758886814,0.8109280776977539,22.778270194998186,4.840776425613886e-05,0.717268651530912,0.6299330281392969,0.5079819141408574,0.717268651530912,0.5081056656935193,0.664424767193459,0.6701392907744219,0.0026185197746963,shuffled_quality,42,0
90,0.6880499795079231,0.0165328263957053,0.4194431348145008,0.7799258518218994,5.007550496259228e-05,0.3041992553323507,0.8020190444588661,22.8961794909992,4.5405479835900685e-05,,,,,,,,0.0019078288318632,shuffled_quality,42,0
91,0.7131298092007637,0.0178965051402337,0.4350365035235882,0.7896702772378922,8.064259368438798e-05,0.3171032431721687,0.831560449898243,22.307027032002225,4.2482623024732334e-05,,,,,,,,0.002248204011239,shuffled_quality,42,0
92,0.7177516758441925,0.0190928443521261,0.4382881601154804,0.7862298172712326,5.368308223467011e-05,0.3214836110174656,0.8389395970106125,22.57263760800197,3.964141339903026e-05,,,,,,,,0.002710788019267,shuffled_quality,42,0
93,0.7018495804071426,0.0160890015820041,0.4275453665852546,0.7944617933034896,4.750786935858287e-05,0.3095809288322925,0.816988343000412,23.23028791900288,3.6884008533465575e-05,,,,,,,,0.0020674754256106,shuffled_quality,42,0
94,0.6762149700522423,0.0175629787612706,0.4127541881799698,0.7921541365981102,4.552591061042221e-05,0.2996093226969242,0.7920358541607857,22.95479326500208,3.4212502362551864e-05,,,,,,,,0.002273258898349,shuffled_quality,42,0
95,0.7213530910015106,0.0167287376499734,0.4395033682882786,0.7731424006819725,6.176272112952575e-05,0.3208804217725992,0.8381291741132736,23.453885707000158,3.162892359054098e-05,,,,,,,,0.0021402990474052,shuffled_quality,42,0
96,0.6888867704570294,0.0188331755227409,0.4208653490245342,0.7990624135732651,6.887114854180254e-05,0.3053716569393873,0.8066525942087174,22.73239911499695,2.913523415085328e-05,,,,,,,,0.0025295065501995,shuffled_quality,42,0
97,0.7065850737690925,0.016170356629882,0.4304192025959492,0.7964870399236679,5.775104672466114e-05,0.3129326888918877,0.8234348246455192,22.48885940100081,2.673332771621324e-05,,,,,,,,0.0021567119825158,shuffled_quality,42,0
98,0.6927034187316895,0.0150794606562703,0.4216538496315479,0.7588162913918495,4.5069211143982105e-05,0.3057022599875927,0.8035751110315323,23.23239313400336,2.4425028260620715e-05,,,,,,,,0.0016755932504383,shuffled_quality,42,0
99,0.7279935058951378,0.0154810718540102,0.4429885517060756,0.7860261535644532,5.83280499142802e-05,0.3240729580819607,0.8460944637656211,22.597266408,2.221208867425096e-05,0.7176483528679704,0.6254010668485634,0.5013853840225978,0.7176483528679704,0.5194292855308232,0.6391255621468969,0.668347870177611,0.0021370868801056,shuffled_quality,42,0
100,0.7119732385873795,0.0168405310087837,0.4339201736450195,0.7603785908222198,7.669189210901095e-05,0.3172202971577644,0.827623288333416,22.086695706999308,2.009618943233419e-05,,,,,,,,0.0022055947451008,shuffled_quality,42,0
101,0.6997246116399765,0.0171430857875384,0.4266920180618763,0.7968738979101181,5.4269421611934375e-05,0.3097106052935123,0.8165365800261497,22.98585981299766,1.807893731902665e-05,,,,,,,,0.0022192454754622,shuffled_quality,42,0
102,0.6945272454619408,0.0171218567946925,0.4235651075839996,0.7703201007843018,5.3623343742401633e-05,0.3080017759650946,0.8090560245513916,21.705560461003188,1.616186420724089e-05,,,,,,,,0.0022722524494292,shuffled_quality,42,0
103,0.7261261755228042,0.0185924820671789,0.4431127174198627,0.8182301181554794,5.9944988720417314e-05,0.3242598162591457,0.8496986639499664,23.90305584000089,1.4346425895363384e-05,,,,,,,,0.0025005887572842,shuffled_quality,42,0
104,0.7203330633044243,0.015737164854072,0.4384947203099728,0.7615871238708496,4.7833558141405775e-05,0.319503858089447,0.8345504993200302,22.228059627999755,1.2634001001741372e-05,,,,,,,,0.0019540567081821,shuffled_quality,42,0
105,0.6923105449974537,0.0178093730052933,0.4225100915133953,0.798542957007885,5.48333620554331e-05,0.3069662956148386,0.8097928497195244,22.591242730002705,1.1025889917779737e-05,,,,,,,,0.0022971087689802,shuffled_quality,42,0
106,0.7070781421661377,0.0169362440169788,0.431021399050951,0.7483722537755966,5.3230783972821886e-05,0.31476671859622,0.8211033606529236,22.15648067100119,9.523313820441804e-06,,,,,,,,0.0023767968997253,shuffled_quality,42,0
107,0.7111445389688015,0.0170600539341103,0.4335107636451721,0.7858635580539703,4.889814930905345e-05,0.3164119697362184,0.8289601317048073,22.59829644400088,8.127413744904804e-06,,,,,,,,0.0022429955115171,shuffled_quality,42,0
108,0.7066050845384598,0.0158013953268527,0.4302836272120476,0.7648100444674492,4.916957803914102e-05,0.3148525342345237,0.8219923794269561,22.900829286998487,6.839249718073875e-06,,,,,,,,0.0018637676988328,shuffled_quality,42,0
109,0.7161654505133629,0.0151058266428299,0.4357416175305843,0.7569946479797364,4.805909601145686e-05,0.3180540155619383,0.8298511517047882,22.31607915100176,5.659799953612438e-06,0.7271578880742186,0.6368094648294768,0.5175991560291635,0.7271578880742186,0.525726319698547,0.657544186715665,0.6790974878962905,0.0017682404084212,shuffled_quality,42,0
110,0.6910697722434997,0.0151019118470139,0.4206826460361481,0.7530828300118446,4.8203847170498194e-05,0.306584599763155,0.8029217529296875,22.945580558000074,4.589960109100444e-06,,,,,,,,0.0017190977906398,shuffled_quality,42,0
111,0.7247987511754036,0.0141491083079017,0.4405389109253883,0.776403856575489,3.6790418445207255e-05,0.3205914725363255,0.8391056036949158,22.968940363,3.630542605884657e-06,,,,,,,,0.0016649724882199,shuffled_quality,42,0
112,0.710405233502388,0.0147191538382321,0.432130819261074,0.7565754887461662,4.312956367051868e-05,0.3137475100159645,0.8219159072637559,22.649255782998807,2.7822760121373187e-06,,,,,,,,0.001889373767716,shuffled_quality,42,0
113,0.6810085693001747,0.0159772898606024,0.4149960741400719,0.7537321743369102,4.683517141415905e-05,0.3030323131382465,0.7937939712405204,22.840905139000824,2.0458044895916517e-06,,,,,,,,0.0019501043987929,shuffled_quality,42,0
114,0.6893456408381462,0.0152679444989189,0.4197145801782608,0.7435193109512329,4.547361179044529e-05,0.3060147178173065,0.8004613444209099,22.78545522300192,1.4216873043745137e-06,,,,,,,,0.0018892014942474,shuffled_quality,42,0
115,0.6772460922598839,0.0137985994899645,0.4118671129643917,0.7463182550668717,4.319290126233e-05,0.3005873515456915,0.7873949429392815,21.86629592800091,9.103984023075772e-07,,,,,,,,0.0015324549446472,shuffled_quality,42,0
116,0.6952528457343579,0.0147778082452714,0.4230628481507301,0.7624005520343781,3.718796854883522e-05,0.3079582372680306,0.8076050917804242,23.053795189000084,5.123260489995229e-07,,,,,,,,0.0017104653044589,shuffled_quality,42,0
117,0.6908475652337074,0.0154514835006557,0.4206891477108002,0.794101183116436,3.723582278439608e-05,0.3083342541754246,0.8087828099727631,24.0844954949971,2.2777253500257386e-07,,,,,,,,0.0017371449705137,shuffled_quality,42,0
118,0.6531339865922928,0.0154018909309525,0.3980411651730537,0.772503198981285,5.17654147478197e-05,0.2891509856283665,0.764769260585308,23.85982855499969,5.695394625728767e-08,,,,,,,,0.0016210184593455,shuffled_quality,42,0
119,0.6939149987697601,0.0148063890915364,0.4222715720534324,0.7453818327188492,3.7878390543824025e-05,0.3073015829920769,0.8044578033685684,23.35103184699983,0.0,0.7293667059508189,0.6386281007196697,0.5171025833060731,0.7293667059508189,0.5260453625843704,0.6604722336238197,0.6809187121169995,0.0017228337571521,shuffled_quality,42,0
0,0.975399488210678,0.6785540324449539,0.8566613322496415,0.7161686158180237,0.0459393971413373,0.5994598072767258,1.5300349748134614,22.649357117999894,5.1e-05,,,,,,,,,matched_moment_fusion,42,0
1,0.9698401540517808,0.4757889863848686,0.7722197151184083,0.6881280755996704,0.0057804432301782,0.5034959068894387,1.344817454814911,21.56369632499991,0.0001009999999999,,,,,,,,,matched_moment_fusion,42,0
2,0.9602540880441666,0.4085695451498031,0.7395802962779999,0.6853676754236221,0.0012589252280304,0.4764337092638016,1.2846137225627898,21.52189124300276,0.0001509999999999,,,,,,,,,matched_moment_fusion,42,0
3,0.9519710552692412,0.3652327418327331,0.7172757595777511,0.6737053799629211,0.0009244725319149,0.4529426711797714,1.237635191679001,21.604938114000102,0.0002009999999999,,,,,,,,,matched_moment_fusion,42,0
4,0.9617516613006593,0.3153413897752762,0.7031875801086426,0.6739292997121811,0.0004284309218928,0.4450233602523804,1.2156252920627597,21.54982087499957,0.000251,,,,,,,,,matched_moment_fusion,42,0
5,0.9464405030012132,0.2696722151339054,0.6757332116365433,0.6793059408664703,0.0003797328195651,0.4188460746407509,1.1625288701057437,21.72253828100293,0.0003,,,,,,,,,matched_moment_fusion,42,0
6,0.941323099732399,0.2225779332220554,0.6538250583410263,0.6777994185686111,0.0003114268090575,0.4017254361510277,1.1233460074663162,20.995311681999738,0.0002999430460537,,,,,,,,,matched_moment_fusion,42,0
7,0.9322547692060472,0.1827488476037979,0.632452421784401,0.6681472665071487,0.0005317548698803,0.383654420375824,1.082948151230812,21.241395336001005,0.0002997722274649,,,,,,,,,matched_moment_fusion,42,0
8,0.92670392036438,0.153962425738573,0.6176073482632637,0.6867081499099732,0.0002552692182507,0.3813973282277584,1.0676882606744766,21.507317268002225,0.000299487673951,,,,,,,,,matched_moment_fusion,42,0
9,0.8961653178930282,0.1317259659618139,0.5903895968198776,0.6787356913089753,0.0007174051402398,0.3566048759222031,1.0149039179086683,21.337015191002138,0.0002990896015976,0.5487041199762489,0.4924425537489775,0.3665326378505308,0.5487041199762489,0.4137352691095687,0.5148882721611149,0.5136085018954957,,matched_moment_fusion,42,0
10,0.8989615678787232,0.1075519639998674,0.5823977494239807,0.6717908445000649,0.000524191580771,0.3585315608978272,1.0081346029043197,22.127756655001576,0.0002985783126956,,,,,,,,,matched_moment_fusion,42,0
11,0.877086591720581,0.0906043802201748,0.562493731379509,0.6811049050092697,0.0006084548424405,0.3450817881524562,0.9757164353132248,22.298668860999896,0.0002979541955104,,,,,,,,,matched_moment_fusion,42,0
12,0.8591251462697983,0.0779972241818904,0.5466739988327026,0.6906184387207032,0.0005673662999106,0.3322379629313945,0.94800217628479,21.99112289599725,0.0002972177239878,,,,,,,,,matched_moment_fusion,42,0
13,0.8578882366418839,0.0666379679366946,0.5413881546258926,0.6873269048333168,0.0005840727185568,0.3389345732331276,0.9490846252441406,22.12860952299889,0.0002963694573941,,,,,,,,,matched_moment_fusion,42,0
14,0.8396491748094559,0.0572974058240652,0.5267084857821465,0.7056624293327332,0.0004859541675978,0.3329711249470711,0.9302701550722122,21.19816923899998,0.0002954100398908,,,,,,,,,matched_moment_fusion,42,0
15,0.8161283886432648,0.0514572763815522,0.5102599665522576,0.6944803968071938,0.0005347218365204,0.3220898114144802,0.9018245494365692,22.44208541700209,0.0002943402000463,,,,,,,,,matched_moment_fusion,42,0
16,0.8268281584978103,0.0433783404715359,0.5134482562541962,0.7325637173652649,0.0003854534112906,0.3335957758128643,0.9203196758031844,21.814345243998105,0.0002931607502819,,,,,,,,,matched_moment_fusion,42,0
17,0.8069942921400071,0.0402994681335985,0.5003163793683052,0.7142021256685257,0.0002813424544092,0.3221798226237297,0.8939304834604264,22.56960208899909,0.000291872586255,,,,,,,,,matched_moment_fusion,42,0
18,0.8425679618120193,0.0439094713144004,0.5231045866012574,0.8143648701906204,0.0001819458524914,0.3574457837641239,0.9727393704652786,22.13713894299872,0.0002904766861795,,,,,,,,0.0537170782894827,matched_moment_fusion,42,0
19,0.8233751165866852,0.044913321621716,0.5119904226064682,0.780612228512764,0.0001889969726471,0.3443928903341293,0.9401902115345,22.08982025200021,0.0002889741100822,0.6414923196672123,0.5661873602328209,0.4316556035585719,0.6414923196672123,0.4698991517903451,0.5871706092409055,0.5979171602260308,0.0286811005952768,matched_moment_fusion,42,0
20,0.8056185328960419,0.0432014689221978,0.500651723742485,0.7929187798500061,0.0001924874468386,0.3414925868809223,0.9238295438885687,22.2489879249988,0.0002873659989982,,,,,,,,0.0119186293263919,matched_moment_fusion,42,0
21,0.8057375794649124,0.0366879760473966,0.4981177595257759,0.7997732281684875,0.0001541951824674,0.3400121159851551,0.9197454267740248,23.4290263490002,0.0002856535741046,,,,,,,,0.008152594519779,matched_moment_fusion,42,0
22,0.7670951226353645,0.0352863833215087,0.4743716448545456,0.7795315104722976,0.0001283008693008,0.321982437223196,0.8756993219256402,22.831424623000203,0.0002838381357927,,,,,,,,0.0069283451326191,matched_moment_fusion,42,0
23,0.7762344610691071,0.0332801290601491,0.4790527480840683,0.7803302943706513,8.761064058035117e-05,0.3281851087510585,0.8864688616991043,22.65874246599924,0.0002819210626809,,,,,,,,0.0059679847024381,matched_moment_fusion,42,0
24,0.7772719568014145,0.0304008883610367,0.4785235479474067,0.7752342611551285,7.780408741382416e-05,0.3309899225831031,0.888093490600586,22.634724871997605,0.0002799038105676,,,,,,,,0.0052635165629908,matched_moment_fusion,42,0
25,0.7878468337655068,0.0263692326005548,0.4832558119297027,0.7805304491519928,9.822557307643364e-05,0.3362970480322838,0.8985623806715012,22.42459872000109,0.0002777879113257,,,,,,,,0.0047578381747007,matched_moment_fusion,42,0
26,0.7498016679286956,0.0290266552567482,0.461491679996252,0.8004524073004723,5.7202029886411765e-05,0.3204601907730102,0.8628883859515191,22.073136458999212,0.0002755749717393,,,,,,,,0.0044420948647893,matched_moment_fusion,42,0
27,0.7772959285974502,0.0275902750296518,0.4774136899411678,0.7997513872385025,9.4162719351516e-05,0.334246838092804,0.8924884134531021,22.82352688699757,0.0002732666722837,,,,,,,,0.0042401884472928,matched_moment_fusion,42,0
28,0.7644216859340668,0.0270380589552223,0.4694682557880878,0.7882288280129433,5.0245180709680426e-05,0.3270517187565565,0.8760841765999794,23.243337349002104,0.0002708647658491,,,,,,,,0.0036940494738519,matched_moment_fusion,42,0
29,0.7454178184270859,0.0279731799243018,0.4584399828314781,0.824595981836319,5.726610701572099e-05,0.3226140378415584,0.8641723251342773,22.91769003400259,0.0002683710764094,0.6540530641925039,0.5509632054901483,0.3996515305499165,0.6540530641925039,0.4446518205106355,0.5541847317673053,0.5976859532175385,0.0032792330347001,matched_moment_fusion,42,0
30,0.7413163131475449,0.027167034659069,0.4556566227972507,0.7863382348418235,8.653967938300866e-05,0.3203223392367363,0.8552134120464325,22.832817793001595,0.0002657874976374,,,,,,,,0.0029815126105677,matched_moment_fusion,42,0
31,0.7517414355278015,0.0222013292182236,0.4599254070222378,0.7795345404744148,2.95353341681448e-05,0.3258761140704155,0.8642257875204087,21.751559479998832,0.0002631159914665,,,,,,,,0.0023466797487344,matched_moment_fusion,42,0
32,0.767712588608265,0.0240492728026583,0.4702472819387913,0.8156867322325706,5.070222244455636e-05,0.3321312092244625,0.8844176754355431,19.66663917400001,0.0002603585866009,,,,,,,,0.0023398746165912,matched_moment_fusion,42,0
33,0.7301567021012306,0.0253218769701197,0.448222790658474,0.7902523043751717,3.801954059952095e-05,0.3179155372083187,0.8456023174524308,19.706666573001712,0.0002575173769752,,,,,,,,0.0021842535561881,matched_moment_fusion,42,0
34,0.7297325399518013,0.0251718617463484,0.4479082858562469,0.8139650368690491,6.922388066499252e-05,0.3182846181094646,0.8480310752987862,19.32233601799817,0.000254594520164,,,,,,,,0.0021910105698043,matched_moment_fusion,42,0
35,0.7575418436527253,0.0226483924034982,0.4635844837129116,0.7858155038952828,4.860031405023335e-05,0.3305469842255115,0.8730593901872635,19.573954825998957,0.0002515922357438,,,,,,,,0.0017197120055789,matched_moment_fusion,42,0
36,0.7339365899562835,0.0231160836038179,0.4496084031462669,0.7944935721158981,3.60008536236478e-05,0.3202454362809658,0.8496492698788642,19.11570772200139,0.0002485128036071,,,,,,,,0.0017213510052533,matched_moment_fusion,42,0
37,0.7239557674527168,0.0234345395606942,0.4437472902238369,0.7950039014220238,7.514071091570429e-05,0.3185135143995285,0.8421191143989563,19.72206635999828,0.0002453585622314,,,,,,,,0.0017708139290334,matched_moment_fusion,42,0
38,0.7327006411552429,0.0221838650573045,0.4484939485788345,0.7614028590917588,5.401478678010107e-05,0.3220611134171486,0.8470451551675796,19.72447658799865,0.0002421319069034,,,,,,,,0.0017355231009423,matched_moment_fusion,42,0
39,0.7187885546684265,0.0214688038034364,0.4398606742918491,0.7702306947112083,6.58337027667244e-05,0.3153047448396682,0.8325228247046471,19.79373507800119,0.0002388352878997,0.7130778263898625,0.6156417428370222,0.4828323092679833,0.7130778263898625,0.5012651004748049,0.632582301646399,0.6608224496118225,0.0016552525837323,matched_moment_fusion,42,0
40,0.7123578971624375,0.0236786491633392,0.4368862187862396,0.8184350582957268,3.942310491396484e-05,0.3124912683665752,0.8316385814547539,19.382590138000523,0.0002354712086265,,,,,,,,0.0020780705675133,matched_moment_fusion,42,0
41,0.7452702420949936,0.0239390785340219,0.4567377951741218,0.8050976008176803,5.598171505937444e-05,0.3289705400168896,0.8666500443220139,20.213685061000437,0.0002320422237183,,,,,,,,0.0021457238678704,matched_moment_fusion,42,0
42,0.7460582381486893,0.0223891884763725,0.4565906342864037,0.8152629569172859,3.692524490660265e-05,0.3288570463657379,0.8673367673158645,19.45739368499926,0.0002285509370981,,,,,,,,0.0018047398451017,matched_moment_fusion,42,0
43,0.7382388681173324,0.0219878239161334,0.4517384687066078,0.8044942674040795,6.2280520374145e-05,0.3233401882648468,0.8559041881561279,19.93055882799672,0.000225,,,,,,,,0.0018649176816688,matched_moment_fusion,42,0
44,0.7148660144209862,0.0222502470039762,0.4378197214007377,0.8102129915356636,2.5699056675079213e-05,0.3147409395873546,0.8339173138141632,19.07179583099787,0.0002213921089555,,,,,,,,0.0016703403074643,matched_moment_fusion,42,0
45,0.7336909678578377,0.0189296710211783,0.4477864663302898,0.8020725655555725,3.478331124199485e-05,0.3214470580220222,0.8497228595614433,20.072435209000105,0.0002177300037466,,,,,,,,0.0014016801166144,matched_moment_fusion,42,0
46,0.7378108668327331,0.0200255046039819,0.4506967398524284,0.787280678153038,4.1905337648540095e-05,0.3250569150596857,0.8548494097590447,19.477899339999567,0.0002140164653244,,,,,,,,0.0018279714534583,matched_moment_fusion,42,0
47,0.7221330609917641,0.0209398336103186,0.4416557881236076,0.7993041500449181,2.973748680744848e-05,0.3185749287903309,0.8405567529797554,19.71017347000088,0.0002102543136979,,,,,,,,0.0019706896184652,matched_moment_fusion,42,0
48,0.7260658746957779,0.0200091126398183,0.4436431913077831,0.8120149943232536,2.705889799106132e-05,0.3181713557243347,0.8434000355005264,19.614829084999656,0.0002064464057921,,,,,,,,0.001913175488662,matched_moment_fusion,42,0
49,0.6976073563098908,0.0206808188790455,0.426836756914854,0.7921008822321892,2.243337957376301e-05,0.3087120128422975,0.8151197838783264,19.639326800999697,0.0002025956332789,0.6733198103273308,0.579786509657398,0.440715561075622,0.6733198103273308,0.4859431690828368,0.5800965495620264,0.6219993952011801,0.0017990373184875,matched_moment_fusion,42,0
50,0.7039301790297031,0.0191617244854569,0.4300228169560432,0.7785461303591729,2.7651637081591573e-05,0.3100014255195856,0.818215121626854,19.955024093000247,0.0001987049203807,,,,,,,,0.0016743931419841,matched_moment_fusion,42,0
51,0.6971048238873482,0.0172014213330112,0.4251434797048569,0.8144566050171852,1.828687674245544e-05,0.3068109354376793,0.8136760908365249,18.89058779900006,0.0001947772216502,,,,,,,,0.0013754938696001,matched_moment_fusion,42,0
52,0.7198942099511624,0.02026751605561,0.4400435511767864,0.8252137005329132,2.6960076724998892e-05,0.3177470994740725,0.8406541720032692,20.00335477399858,0.0001908155197268,,,,,,,,0.0017040295801052,matched_moment_fusion,42,0
53,0.7204191924631596,0.0195210202317684,0.4400599388778209,0.7701670333743096,3.427211142742692e-05,0.3186736033856869,0.8361125922203064,19.63146730799781,0.0001868228230711,,,,,,,,0.0018031542957396,matched_moment_fusion,42,0
54,0.7040224321186542,0.0188109402009286,0.4299378530681133,0.7873525616526603,2.489710577770088e-05,0.3113676130026579,0.8203744080662727,20.148151943998528,0.0001828021636809,,,,,,,,0.0016621974197187,matched_moment_fusion,42,0
55,0.7378332042694091,0.0205188121879473,0.4509074671566486,0.7919138592481613,4.91742181761623e-05,0.3271087099611759,0.8576436066627502,19.32345982499828,0.0001787565947885,,,,,,,,0.0021679301454423,matched_moment_fusion,42,0
56,0.7310998994112015,0.0191970915463753,0.4463387951254844,0.8211470055580139,2.657352551533876e-05,0.3234083330631256,0.8522086188197135,19.914833114999052,0.0001746891885421,,,,,,,,0.0017273212108193,matched_moment_fusion,42,0
57,0.7419162818789482,0.0159359978651627,0.4515241840481758,0.78280552059412,2.177265407773632e-05,0.3278389386832714,0.8579474768042564,19.096183372999803,0.0001706030336727,,,,,,,,0.0015135860565351,matched_moment_fusion,42,0
58,0.679304127395153,0.0194612630386836,0.4153669993579387,0.7877351593971252,2.828717037999695e-05,0.2996310745179653,0.7941551798582077,19.60307148799984,0.0001665012331491,,,,,,,,0.0019108738569411,matched_moment_fusion,42,0
59,0.6937378770112992,0.0190222554747015,0.4238516433537006,0.7441620635986328,6.596474270637032e-05,0.3079466941207647,0.8066603001952172,19.91647071999978,0.0001623869018208,0.7257618996104319,0.6275595582999673,0.4898775130642545,0.7257618996104319,0.5192204960810765,0.6376962792083939,0.6727127585626748,0.0022122890190439,matched_moment_fusion,42,0
60,0.6783786723017693,0.018717069895938,0.414514048397541,0.787004075050354,2.6927653058126387e-05,0.301431278437376,0.7950356844067573,18.99838821800222,0.0001582631640533,,,,,,,,0.0019429822168422,matched_moment_fusion,42,0
61,0.7133538037538528,0.0156608017999678,0.4342766214907169,0.7546798121929169,1.6387947225773303e-05,0.3161266294121742,0.8261751899123192,19.7819077690001,0.0001541331513552,,,,,,,,0.0015156797978124,matched_moment_fusion,42,0
62,0.6999030089378357,0.0168410068639786,0.4266782268881798,0.7729022377729415,2.579962278543846e-05,0.3077914369106292,0.8121180593967438,19.803352046998043,0.00015,,,,,,,,0.0017844208634232,matched_moment_fusion,42,0
63,0.712695914208889,0.0179148916574195,0.4347835233807564,0.8036209273338318,2.763078486023307e-05,0.3147317405045032,0.830222293138504,18.973568166002224,0.0001458668486447,,,,,,,,0.0017177771313617,matched_moment_fusion,42,0
64,0.6805841720104218,0.0184222150570712,0.415719404220581,0.7750506508350372,1.9112142356081387e-05,0.3019145217537879,0.7955032339692116,19.10896560800029,0.0001417368359466,,,,,,,,0.0018164574175716,matched_moment_fusion,42,0
65,0.6816710743308068,0.0171307717449963,0.4158549703657627,0.7722018072009087,2.6657362826938425e-05,0.3009621587395668,0.7943576094508171,19.14751201400213,0.0001376130981791,,,,,,,,0.0015948280318298,matched_moment_fusion,42,0
66,0.7423119163513183,0.0169133599265478,0.4521525107324123,0.7863804033398628,3.2372988609870035e-05,0.3297033548355103,0.8608599326014519,18.90060840000297,0.0001334987668508,,,,,,,,0.0018220184906022,matched_moment_fusion,42,0
67,0.696238957643509,0.017996784504503,0.4249421036243438,0.7923091635107994,1.6920823221440174e-05,0.3062214629352093,0.8107152804732323,19.64238622099947,0.0001293969663272,,,,,,,,0.001599737771703,matched_moment_fusion,42,0
68,0.7123413090407849,0.0179284632997587,0.4345761881768703,0.7830833554267883,1.9852421809787303e-05,0.316039467677474,0.8292616710066796,19.71605474199896,0.0001253108114578,,,,,,,,0.0016834540011313,matched_moment_fusion,42,0
69,0.7228384801745414,0.0144423055951483,0.43948002576828,0.7782018083333969,1.6724583744682774e-05,0.3188536448776722,0.836405942440033,19.161090551999223,0.0001212434052114,0.7270065563314799,0.6249784512420162,0.4831675272180817,0.7270065563314799,0.5218826377285047,0.6260461596660641,0.672014221893301,0.0012562684121076,matched_moment_fusion,42,0
70,0.683933542072773,0.0166833718121051,0.4170334923267365,0.7919208312034607,1.4189058967710722e-05,0.3021923969686031,0.7987409088015557,18.97059134799929,0.000117197836319,,,,,,,,0.0016111333863409,matched_moment_fusion,42,0
71,0.7002841258049011,0.0165918856160715,0.4268072451651096,0.7635773584246636,2.036039059895245e-05,0.3085025838017464,0.8120311218500137,19.443803401998597,0.0001131771769288,,,,,,,,0.0018127062308258,matched_moment_fusion,42,0
72,0.7033785757422447,0.0192289652279578,0.4297187498211861,0.75727863073349,2.641791236960955e-05,0.3135334911942482,0.8194444102048873,19.965572811997845,0.0001091844802731,,,,,,,,0.0023148881029919,matched_moment_fusion,42,0
73,0.7218414524197578,0.0201298910728655,0.4411568465828895,0.7944001692533493,4.069566422060688e-05,0.3207122686505317,0.8418927159905434,19.37446265000108,0.0001052227783497,,,,,,,,0.002907752691899,matched_moment_fusion,42,0
74,0.7274759832024574,0.0206397215323522,0.4447414940595627,0.8024457204341888,2.944388230090133e-05,0.3219163383543491,0.8474625587463379,19.656444839998585,0.0001012950796192,,,,,,,,0.002793401584804,matched_moment_fusion,42,0
75,0.7173739700019359,0.0211004370567388,0.4388645762950182,0.8304811471700668,3.713933989544671e-05,0.3197733554989099,0.8421937754750252,19.01451684800122,9.740436672108684e-05,,,,,,,,0.0025293018722913,matched_moment_fusion,42,0
76,0.7166028794646263,0.0188577870465815,0.437504858970642,0.7951207417249679,1.9055510006680262e-05,0.3179770320653915,0.8354629847407341,19.77799666500141,9.355359420782469e-05,,,,,,,,0.0023403257584868,matched_moment_fusion,42,0
77,0.7362566250562668,0.019911673173774,0.4497186616063118,0.8062375730276108,4.2875133845221566e-05,0.3280293932557106,0.8589096605777741,19.438600764999137,8.97456863020546e-05,,,,,,,,0.0026784859961298,matched_moment_fusion,42,0
78,0.7145409460365773,0.0193996529327705,0.4364844481647014,0.7986111229658127,2.9133012213833352e-05,0.3173959989845752,0.8342369827628136,19.74070214599851,8.598353467553945e-05,,,,,,,,0.0024698070060367,matched_moment_fusion,42,0
79,0.705483121573925,0.0215289230598136,0.4319014593958855,0.7991331830620766,3.293204591514609e-05,0.3118933782726526,0.8243134623765945,19.626562256002217,8.226999625336662e-05,0.7238363182995733,0.6301487666211802,0.501909348712616,0.7238363182995733,0.5109714189704925,0.655638562593475,0.6735373558373596,0.0030183162315006,matched_moment_fusion,42,0
80,0.7218260604143143,0.018892180067487,0.440652527809143,0.8482252156734467,2.9703407017436238e-05,0.3212248612940311,0.8471335211396217,19.4861478999992,7.860789104443896e-05,,,,,,,,0.0021605976151477,matched_moment_fusion,42,0
81,0.7036275699734688,0.0182528309221379,0.4294776928424835,0.7889166969060898,3.2528853911841794e-05,0.3137414889037609,0.8225903716683388,19.53485793499931,7.500000000000002e-05,,,,,,,,0.0023894638364754,matched_moment_fusion,42,0
82,0.7124499517679215,0.0199935813108459,0.4354674217104912,0.8134344774484634,2.756027136989303e-05,0.3175082962214947,0.8348517006635666,19.464509161000024,7.144906290181832e-05,,,,,,,,0.0026557798400608,matched_moment_fusion,42,0
83,0.7280923318862915,0.0195010766433551,0.4446558487415313,0.7925119313597679,3.2553426352635025e-05,0.3238881660997867,0.8483159250020981,19.897080770002503,6.795777628163599e-05,,,,,,,,0.0025954655090754,matched_moment_fusion,42,0
84,0.7234739735722542,0.0197427846479695,0.4419815121591091,0.8063901662826538,3.1688536315890304e-05,0.321662910580635,0.8447860318422318,19.69102149600076,6.452879137346007e-05,,,,,,,,0.0025050333488979,matched_moment_fusion,42,0
85,0.7154872174561023,0.0202014985901769,0.4373729500174522,0.8316495710611344,2.9143226245196275e-05,0.318103169798851,0.839136174917221,20.019343812000443,6.1164712100253e-05,,,,,,,,0.0024681905611214,matched_moment_fusion,42,0
86,0.6933625592291355,0.0187142567755654,0.4235032531619072,0.8049084198474884,3.443363766336916e-05,0.3076140531897545,0.8120510083436966,19.845275637999293,5.786809309654982e-05,,,,,,,,0.00220568334993,matched_moment_fusion,42,0
87,0.7148520520329475,0.0193356912385206,0.4366455233097076,0.7796784833073616,4.141564163774092e-05,0.3185607728362083,0.8336797001957893,19.838452349998988,5.464143776850482e-05,,,,,,,,0.0025174223277099,matched_moment_fusion,42,0
88,0.7104777544736862,0.0182190250279381,0.4335742808878421,0.8000899410247803,3.9309309623263286e-05,0.315917749851942,0.8299463856220245,19.815055836999814,5.148719639283984e-05,,,,,,,,0.0022169349653086,matched_moment_fusion,42,0
89,0.6934449726343155,0.0187747847940772,0.4235769157111644,0.7907311630249023,3.508933183361762e-05,0.3085263234376907,0.8116682621836663,19.623285180001403,4.840776425613886e-05,0.7141640099971885,0.6328751274427801,0.512614892680566,0.7141640099971885,0.5174587749026176,0.6670025974285337,0.6696224334992038,0.0024507213179458,matched_moment_fusion,42,0
90,0.6904976570606232,0.0171436038939282,0.4211560520529747,0.7951675608754158,2.8419824437833086e-05,0.3049761044979096,0.8060376527905464,20.066539346000354,4.5405479835900685e-05,,,,,,,,0.0019365599257434,matched_moment_fusion,42,0
91,0.7139810037612915,0.0183257847302593,0.4357189314067364,0.7829277366399765,5.213924930728808e-05,0.3170449338108301,0.8315143877267838,18.9972573979976,4.2482623024732334e-05,,,,,,,,0.0022757116669299,matched_moment_fusion,42,0
92,0.7154069542884827,0.0182748740387614,0.4365541388094425,0.787807910144329,3.242550926756849e-05,0.3187439632415771,0.8345497739315033,19.520122114001424,3.964141339903026e-05,,,,,,,,0.0023462808542626,matched_moment_fusion,42,0
93,0.702450267970562,0.0162915002694353,0.4279867808520794,0.8033182770013809,2.3619491040562936e-05,0.3107851487398148,0.8195088919997215,20.20541891299945,3.6884008533465575e-05,,,,,,,,0.0020197587562142,matched_moment_fusion,42,0
94,0.6764422100782395,0.0175302964943693,0.4128774614632129,0.7870115002989769,2.269817178500944e-05,0.2993782353401184,0.7913811063766479,19.387025854000967,3.4212502362551864e-05,,,,,,,,0.0021155845614885,matched_moment_fusion,42,0
95,0.7196486383676529,0.0168384229252114,0.4385245709121227,0.7765137422084808,3.540288793544733e-05,0.3206247165799141,0.8372161772847175,19.556254125000123,3.162892359054098e-05,,,,,,,,0.0020687190024364,matched_moment_fusion,42,0
96,0.6884978905320167,0.0185087744821794,0.4205022589117289,0.8019339084625244,3.1203904885330755e-05,0.3054306005686522,0.806584355533123,19.82698808400164,2.913523415085328e-05,,,,,,,,0.0022827192860859,matched_moment_fusion,42,0
97,0.710789205133915,0.0164831063663586,0.4330667838454246,0.8180183726549148,2.909316806608331e-05,0.3151385706663132,0.8304357489943505,19.77453362400047,2.673332771621324e-05,,,,,,,,0.0021355364840383,matched_moment_fusion,42,0
98,0.6954783001542091,0.0156849402072839,0.4235609732568264,0.7612565246224403,2.5527516195111843e-05,0.30764542683959,0.8076742756366729,19.87994273699951,2.4425028260620715e-05,,,,,,,,0.0017047399185685,matched_moment_fusion,42,0
99,0.7339330080151558,0.016026349607855,0.4467703592777252,0.8034422227740288,3.77570976853292e-05,0.3273626087605953,0.854904158115387,19.42043580799873,2.221208867425096e-05,0.7204596005846184,0.6316196110694215,0.509403290424081,0.7204596005846184,0.5220724085563101,0.6523268240673357,0.6727019727140056,0.0021253612182181,matched_moment_fusion,42,0
100,0.7153647768497468,0.0169874160340987,0.4360138495266437,0.7586297374963761,4.36172516009492e-05,0.3181223219633102,0.8304279536008835,19.42387939999753,2.009618943233419e-05,,,,,,,,0.0021331356642258,matched_moment_fusion,42,0
101,0.701686135828495,0.0169674013322219,0.4277986595034599,0.7966635030508041,3.80983175320182e-05,0.3102845828235149,0.8181693977117539,19.843638196001848,1.807893731902665e-05,,,,,,,,0.0020894936257263,matched_moment_fusion,42,0
102,0.6952070899307727,0.0168946243263781,0.4238821230828762,0.7741562861204148,3.4530963821453044e-05,0.3082930175960064,0.8100143891572952,18.96578908499941,1.616186420724089e-05,,,,,,,,0.0021094813970194,matched_moment_fusion,42,0
103,0.7272179934382439,0.0186848874343559,0.4438047665357589,0.8250193935632706,3.959938662347895e-05,0.3236881022155284,0.8504940202832222,20.09071653399951,1.4346425895363384e-05,,,,,,,,0.002486153319769,matched_moment_fusion,42,0
104,0.7225777888298035,0.0166504186578094,0.4402068603038788,0.7666639313101768,2.92374037778842e-05,0.3207961791753769,0.8380792504549026,19.14810270700036,1.2634001001741372e-05,,,,,,,,0.0020417616332088,matched_moment_fusion,42,0
105,0.6926987981796264,0.017691324991174,0.4226958242058753,0.8002303317189217,2.9836482201162084e-05,0.3074663439393043,0.8106256929039956,19.49113214299723,1.1025889917779737e-05,,,,,,,,0.002194978482039,matched_moment_fusion,42,0
106,0.7088675788044929,0.0169289213977754,0.4320921312272548,0.7644351971149445,3.26632681461092e-05,0.3151513656973839,0.8241359540820121,19.480614597996464,9.523313820441804e-06,,,,,,,,0.0022364928985916,matched_moment_fusion,42,0
107,0.7119228713214397,0.0171936174080474,0.4340311855077743,0.7875310570001602,3.400465121373486e-05,0.3166205325722694,0.8298469150066375,19.630388564000896,8.127413744904804e-06,,,,,,,,0.0022019424994493,matched_moment_fusion,42,0
108,0.7072864776849747,0.0157562828017398,0.4306744156777858,0.7727987152338028,2.9796165339917024e-05,0.3152937874197959,0.8236000552773476,19.689510717998928,6.839249718073875e-06,,,,,,,,0.0017524606154256,matched_moment_fusion,42,0
109,0.7175799661874771,0.0150784588803071,0.4365793810784816,0.7595924434065818,2.9611511695808445e-05,0.3187499515712261,0.8316211074590683,19.3363723140028,5.659799953612438e-06,0.7305161861843184,0.6469444388791319,0.5277031145152838,0.7305161861843184,0.5346331090830592,0.675684021370018,0.6851633548258589,0.0016552419026743,matched_moment_fusion,42,0
110,0.6931403109431267,0.015484168943949,0.4220778727531433,0.7613513937592506,3.518833539786215e-05,0.3080520957708358,0.8066164672374725,20.241024188002484,4.589960109100444e-06,,,,,,,,0.0017480310396922,matched_moment_fusion,42,0
111,0.7262620091438293,0.0144109034980647,0.4415215846896171,0.7751803487539292,2.403758614171636e-05,0.3216450646519661,0.8410238867998123,19.949539119999827,3.630542605884657e-06,,,,,,,,0.0016900106290336,matched_moment_fusion,42,0
112,0.7126399439573288,0.0150966072408482,0.433622627556324,0.7552956169843674,2.782714093047645e-05,0.3150813926756381,0.8246137288212776,19.86162011800116,2.7822760121373187e-06,,,,,,,,0.0018937594926455,matched_moment_fusion,42,0
113,0.6820998004078865,0.0158183564082719,0.4155872374773025,0.7573288285732269,3.0178221882124488e-05,0.3030690151453018,0.7947500157356262,20.28475369700027,2.0458044895916517e-06,,,,,,,,0.0017968333281123,matched_moment_fusion,42,0
114,0.6913594707846642,0.0153567339316941,0.4209583938121796,0.7529905325174332,2.7724421674548693e-05,0.306773025393486,0.8033948409557342,19.550058870998328,1.4216873043745137e-06,,,,,,,,0.001814944925984,matched_moment_fusion,42,0
115,0.678954313993454,0.0140408236789517,0.4129889334738255,0.7454755982756615,2.804652553265896e-05,0.30169173784554,0.7895330366492271,18.942374735001067,9.103984023075772e-07,,,,,,,,0.0015169741317583,matched_moment_fusion,42,0
116,0.697704765945673,0.0150188255286775,0.4246304085105657,0.7659820461273193,2.309208545661079e-05,0.3086210006475449,0.8101782304048538,19.784793792998244,5.123260489995229e-07,,,,,,,,0.0016373052749804,matched_moment_fusion,42,0
117,0.6925452981889247,0.0158947677561081,0.4218851022422313,0.8033286708593369,2.391430602528999e-05,0.3089609134197235,0.8115278211236,19.96168226000009,2.2777253500257386e-07,,,,,,,,0.0017386992311389,matched_moment_fusion,42,0
118,0.6574726544320584,0.01579431863036,0.4008013318479061,0.785785653591156,3.216144341934069e-05,0.2908174603432417,0.7705284181237221,20.29428628200185,5.695394625728767e-08,,,,,,,,0.0016472544836574,matched_moment_fusion,42,0
119,0.6957406631112099,0.0149300875922199,0.4234164491295814,0.7514336010813714,2.3692686098684132e-05,0.3075110030174255,0.8064021208882332,20.095824801999697,0.0,0.729394223822123,0.6460628287478865,0.525371776181104,0.729394223822123,0.5335983758578546,0.6751958865636812,0.6839925605357501,0.0016506100431348,matched_moment_fusion,42,0
0,0.9777687269449234,0.6931050640344619,0.863903289437294,0.7229493135213851,0.0476246458850801,0.600647656917572,1.5392271101474762,29.258211729999857,5.1e-05,,,,,,,,,qmmf,43,0
1,0.9674518209695816,0.509224828183651,0.7841610527038574,0.6899106776714325,0.04574348308146,0.4931344091892242,1.3485736954212189,26.24556158599989,0.0001009999999999,,,,,,,,,qmmf,43,0
2,0.9622579497098924,0.4441005626320839,0.7549950248003006,0.680839546918869,0.0377681274339556,0.4663584434986114,1.291325830221176,25.339722847000075,0.0001509999999999,,,,,,,,,qmmf,43,0
3,0.961939389705658,0.3988116231560707,0.7366883164644241,0.6824103760719299,0.0264348404854536,0.4510221442580223,1.2572732412815093,25.087077006000072,0.0002009999999999,,,,,,,,,qmmf,43,0
4,0.9574972492456436,0.3497409904003143,0.7143947756290436,0.678948375582695,0.0188445583824068,0.4328733459115028,1.2161051833629608,24.627330681000103,0.000251,,,,,,,,,qmmf,43,0
5,0.9509703987836836,0.2991735339164734,0.6902516800165176,0.6727020794153213,0.0157110581547021,0.4158905386924744,1.1741979801654816,25.527103837999903,0.0003,,,,,,,,,qmmf,43,0
6,0.9406776106357576,0.2488301511108875,0.6639386504888535,0.6934261327981949,0.016193415778689,0.3964784154295921,1.1305693447589875,25.00866243399992,0.0002999430460537,,,,,,,,,qmmf,43,0
7,0.9271250426769256,0.2030223293602466,0.6374839806556701,0.6853000658750534,0.0190185066964477,0.3794401270151138,1.0864050394296647,25.211576364999928,0.0002997722274649,,,,,,,,,qmmf,43,0
8,0.9294443690776824,0.1627803094685077,0.6227787685394287,0.6921567797660828,0.0290384761989116,0.3788231758773326,1.0722695523500445,24.447117985999967,0.000299487673951,,,,,,,,,qmmf,43,0
9,0.9115888565778733,0.1350980693846941,0.6009925645589829,0.6795073640346527,0.0278764931112527,0.3694381409883499,1.039775267243385,24.77429745899985,0.0002990896015976,0.4364345977104347,0.4043299901300226,0.3364403966492277,0.4364345977104347,0.3776557766467771,0.3988995960328563,0.4168037953301904,,qmmf,43,0
10,0.890145178437233,0.1124597359448671,0.5790710166096688,0.6928328490257263,0.023022605124861,0.353189310580492,1.0026947420835497,24.629753277999956,0.0002985783126956,,,,,,,,,qmmf,43,0
11,0.8833999353647232,0.0947138380259275,0.5679255142807961,0.7177012795209885,0.0196518563106656,0.3543823553621769,0.9950605869293212,23.54820443999984,0.0002979541955104,,,,,,,,,qmmf,43,0
12,0.8667382210493088,0.0801172574982047,0.5520898598432541,0.701135715842247,0.0169049433432519,0.3444307534396648,0.9674794286489486,24.20754063000004,0.0002972177239878,,,,,,,,,qmmf,43,0
13,0.8467539423704147,0.0690096355974674,0.5356562384963035,0.712926874756813,0.0154757631104439,0.3367232030630112,0.9444459164142608,25.551229597999964,0.0002963694573941,,,,,,,,,qmmf,43,0
14,0.8512785142660141,0.0595319676026701,0.5345799186825753,0.7170773857831955,0.0145533657539635,0.3435231213271618,0.950538445711136,24.22159142500004,0.0002954100398908,,,,,,,,,qmmf,43,0
15,0.8073124197125435,0.0527738030627369,0.5054969921708107,0.7187874391674995,0.012722438769415,0.3219186842441559,0.8999305444955826,24.08450323299985,0.0002943402000463,,,,,,,,,qmmf,43,0
16,0.8161907809972763,0.0445773881673812,0.5075454431772232,0.7279871863126754,0.0113809520471841,0.3291669037938118,0.9100801122188568,23.59954696299997,0.0002931607502819,,,,,,,,,qmmf,43,0
17,0.7849906980991364,0.0412332534790039,0.4874877396225929,0.7265110611915588,0.0093795182276517,0.3152939869463443,0.8759018051624298,24.99518778300012,0.000291872586255,,,,,,,,,qmmf,43,0
18,0.7998323965072632,0.0464049435779452,0.4984614360332489,0.7888572543859482,0.0084716710587963,0.3344501785933971,0.9175061458349228,26.05444739299992,0.0002904766861795,,,,,,,,0.0264261418877868,qmmf,43,0
19,0.8205942124128341,0.0434544731676578,0.5097383385896683,0.7878475570678711,0.0074898180784657,0.3458717864751816,0.9388221681118012,22.51403656599996,0.0002889741100822,0.4747921887174804,0.4398260394205687,0.3748295909986482,0.4747921887174804,0.424255081747925,0.4204308477963005,0.4543060841565237,0.0202640159311704,qmmf,43,0
20,0.7939810144901276,0.0430605291388928,0.4936128401756287,0.7910886043310166,0.0063783066580072,0.3361071856319904,0.911678701043129,25.58197320600016,0.0002873659989982,,,,,,,,0.0126544827455654,qmmf,43,0
21,0.79142902135849,0.0373265403695404,0.4897880506515503,0.7875325864553452,0.0057713508047163,0.3324729251861572,0.9028606849908828,24.46852585600004,0.0002856535741046,,,,,,,,0.0077893952513113,qmmf,43,0
22,0.8004050862789154,0.0352758682798594,0.4943534210324287,0.8000415462255478,0.0048880013544112,0.3414871750771999,0.9175024104118348,25.319762683999897,0.0002838381357927,,,,,,,,0.0070663107605651,qmmf,43,0
23,0.7823583662509919,0.0328024395741522,0.4825360164046287,0.7698999202251434,0.0044522656244225,0.3326130302250385,0.8936607211828231,24.51453077899987,0.0002819210626809,,,,,,,,0.0064953320333734,qmmf,43,0
24,0.7673243939876556,0.0328582216054201,0.4735379406809807,0.7986555176973343,0.0038284866837784,0.326220236569643,0.880987361073494,24.903577025999997,0.0002799038105676,,,,,,,,0.0058610484423115,qmmf,43,0
25,0.7701588824391365,0.0320678559783846,0.4749224898219109,0.7846207839250564,0.0033423397317528,0.3309067717194557,0.8856121668219566,24.37837013799981,0.0002777879113257,,,,,,,,0.005768567235209,qmmf,43,0
26,0.8017815983295441,0.027588486643508,0.492104372382164,0.7917258685827255,0.0028947705170139,0.3464673647284508,0.9189405530691148,25.25187916999994,0.0002755749717393,,,,,,,,0.0052574254246428,qmmf,43,0
27,0.7634237116575241,0.0290215632179752,0.469662871658802,0.8128187429904937,0.0024022935132961,0.3257904934883118,0.8777646046876907,25.419135015999927,0.0002732666722837,,,,,,,,0.0045462519093416,qmmf,43,0
28,0.7614070793986321,0.0273542460752651,0.4677859638631343,0.8007259786128997,0.0021434678253717,0.3288085896521807,0.8775775808095932,23.511363458999767,0.0002708647658491,,,,,,,,0.0040162310865707,qmmf,43,0
29,0.7690645027160644,0.0257678446313366,0.4717458587884903,0.7888538417220116,0.0020208936952985,0.334587070941925,0.885989042520523,22.59030062900001,0.0002683710764094,0.5360590785928648,0.4552910469730712,0.3478436559380168,0.5360590785928648,0.3589600789437663,0.4708539833825824,0.493007126841442,0.0033484084927476,qmmf,43,0
30,0.7638776603341103,0.0265683989459648,0.4689539760351181,0.8380154329538345,0.0017700138420332,0.3311185038089752,0.8845467978715896,25.005040087,0.0002657874976374,,,,,,,,0.0029213510476984,qmmf,43,0
31,0.7413180144131184,0.0259522711345925,0.4551717366278172,0.7874725615978241,0.0015121948567684,0.3215926367789506,0.8561103704571724,25.268225315999643,0.0002631159914665,,,,,,,,0.0026156443159561,qmmf,43,0
32,0.7381918931007385,0.026198196853511,0.4533944311738014,0.7801960149407386,0.0013395269401371,0.3221685953438282,0.854148025214672,25.24676277399976,0.0002603585866009,,,,,,,,0.0024921094044111,qmmf,43,0
33,0.7364282870292663,0.0226609271019697,0.4509213607013225,0.7770061627030372,0.0010850893461611,0.3215202976763248,0.850582270026207,25.04002631200001,0.0002575173769752,,,,,,,,0.0019286781467963,qmmf,43,0
34,0.7344845277070999,0.0245487342798151,0.4505102309584617,0.7957585990428925,0.0010206643264973,0.3223196794092655,0.8528501757979393,25.35502632199996,0.000254594520164,,,,,,,,0.0019668221712345,qmmf,43,0
35,0.7258720596134662,0.0225482979230582,0.4445425696671009,0.8081407746672631,0.0008452131709782,0.3151852910220623,0.8409625220298768,23.94827962699992,0.0002515922357438,,,,,,,,0.001891584706027,qmmf,43,0
36,0.7580783811211586,0.0208643342508003,0.4631927821040154,0.7966026055812836,0.0006922631681663,0.3315410459041595,0.8747471767663956,25.06970831099989,0.0002485128036071,,,,,,,,0.0015923482051584,qmmf,43,0
37,0.7399941855669021,0.0195099389180541,0.4518005076050758,0.7925450840592384,0.0007334939838619,0.3233279597759246,0.8546967506408691,23.30846528400025,0.0002453585622314,,,,,,,,0.0013854840217391,qmmf,43,0
38,0.731283153295517,0.0217838317109271,0.4474834437668323,0.7965205577015877,0.0006196609104517,0.3219649060070514,0.8494498908519745,23.369845010000063,0.0002421319069034,,,,,,,,0.0015925015020184,qmmf,43,0
39,0.761000517308712,0.0221449199900962,0.4654582992196083,0.8296982270479202,0.0005899516545468,0.3348093722760677,0.8836181035637856,22.96411783600024,0.0002388352878997,0.6132591187727757,0.5476503055041155,0.4302443045122062,0.6132591187727757,0.4663858904346358,0.5633059073049349,0.5752749933661206,0.0017555614261073,qmmf,43,0
40,0.7233010220527649,0.0223017914360389,0.442901347130537,0.778631802201271,0.0004809753701556,0.3188804817199707,0.8400289836525917,25.38413450400003,0.0002354712086265,,,,,,,,0.0017996407064492,qmmf,43,0
41,0.7149310305714607,0.0200206864485517,0.4369669117033481,0.7819362869858741,0.0004087110626278,0.3132678984105587,0.8286938932538033,24.87666566000007,0.0002320422237183,,,,,,,,0.0012250900026992,qmmf,43,0
42,0.6966682639718056,0.0194496989087201,0.4257808551192283,0.7698383116722107,0.0004354274724028,0.3052237924933433,0.8082821172475815,24.97032106300003,0.0002285509370981,,,,,,,,0.0013593346757988,qmmf,43,0
43,0.7240688407421112,0.0213584286160767,0.4429846942424774,0.7994808107614517,0.0003230751914088,0.320158651471138,0.8434506380558013,25.73261182499982,0.000225,,,,,,,,0.0017152704743784,qmmf,43,0
44,0.7450547099113465,0.0219226601975969,0.4558019089698791,0.8011041051149368,0.0002850959468923,0.329695051908493,0.8659245228767395,24.972023631999942,0.0002213921089555,,,,,,,,0.0015144848667841,qmmf,43,0
45,0.7097028657793999,0.0186950428131967,0.4332997544109821,0.7814361691474915,0.0002687631978187,0.3120027956366539,0.823690901696682,25.07663905399977,0.0002177300037466,,,,,,,,0.0011564751620608,qmmf,43,0
46,0.7026627072691918,0.0198664023354649,0.4295442019402981,0.8021346414089203,0.0002964619765407,0.3089402216672897,0.8190127453207969,22.62166240900024,0.0002140164653244,,,,,,,,0.0015001791140093,qmmf,43,0
47,0.7081078550219536,0.02115792671917,0.4333279038965702,0.7936988347768783,0.0002647861963487,0.3127612216770649,0.8258090192079544,23.166886856999557,0.0002102543136979,,,,,,,,0.0016838177525642,qmmf,43,0
48,0.7111503821611405,0.0207940297038294,0.4350078576803207,0.8256060460209846,0.0002661967961466,0.3136062377691269,0.8315100267529487,24.16003576499997,0.0002064464057921,,,,,,,,0.0016100891731912,qmmf,43,0
49,0.7223201090097428,0.0203776273899711,0.441543133109808,0.793811004459858,0.000253901083488,0.3186855560541153,0.8399481999874115,24.279458471999988,0.0002025956332789,0.6344231231556329,0.5392782133831542,0.4064395508481095,0.6344231231556329,0.4180416410451967,0.565369875948633,0.583081292993137,0.0016285658180277,qmmf,43,0
50,0.7223372060060501,0.0178613680694252,0.4405468852818012,0.7686472415924073,0.0001893435011879,0.3189048278331756,0.8366006889939308,25.474786945999767,0.0001987049203807,,,,,,,,0.0013739619237458,qmmf,43,0
51,0.7173772752285004,0.0169215054647065,0.4371949832141399,0.7629555654525757,0.0002019711703178,0.3162627974152565,0.8300212660431862,24.948612148999928,0.0001947772216502,,,,,,,,0.001289138578868,qmmf,43,0
52,0.7296501180529594,0.019974006395787,0.4457796868681907,0.8108702039718628,0.0002001605393161,0.3232918165624142,0.8504959574341774,25.20639352099988,0.0001908155197268,,,,,,,,0.0016370794796239,qmmf,43,0
53,0.7097646090388298,0.0218642244022339,0.4346044734120369,0.7760664260387421,0.0001586219396631,0.315247281640768,0.827859148979187,26.125512334000177,0.0001868228230711,,,,,,,,0.0019640750910912,qmmf,43,0
54,0.6970748853683472,0.0197392585827037,0.4261406528949737,0.7805447489023208,0.0001332533308595,0.3073174023628235,0.8118056473135948,24.07460122199973,0.0001828021636809,,,,,,,,0.0014322998969146,qmmf,43,0
55,0.7186032381653785,0.0175013224838767,0.4381624887883663,0.7623556184768677,0.000165634101213,0.3195008970797062,0.834183843433857,22.87620672499997,0.0001787565947885,,,,,,,,0.0013830670591414,qmmf,43,0
56,0.6760700318217278,0.0187083746329881,0.413125384002924,0.7662111023068428,0.0001583978657072,0.2987993644177913,0.7888980519771576,22.375370998000108,0.0001746891885421,,,,,,,,0.0017213619408357,qmmf,43,0
57,0.7142484565079212,0.0155518426606431,0.4347698281705379,0.7731955885887146,0.0001211076214895,0.3155607917904854,0.8278754918277264,22.80255523899996,0.0001706030336727,,,,,,,,0.0010962829049094,qmmf,43,0
58,0.749307162463665,0.0201265270682051,0.4576349258422851,0.810221297442913,0.0001824007144023,0.3321593676507473,0.8712206628918647,23.252721530000144,0.0001665012331491,,,,,,,,0.0019755874300608,qmmf,43,0
59,0.6812441493570804,0.0188996959920041,0.4163063850998878,0.7803823843598365,0.0001353422897591,0.3005011549592018,0.7951612669229507,24.349604995999925,0.0001623869018208,0.6910846120613692,0.6075193790475565,0.4891924856841184,0.6910846120613692,0.4977601979235373,0.6337133271577635,0.6458258295195003,0.0015436200998738,qmmf,43,0
60,0.6932872101664543,0.0159188867197372,0.4223398974537849,0.7742974397540092,0.0001240434512146,0.3088622085005045,0.8088956105709076,24.34004372900017,0.0001582631640533,,,,,,,,0.0012878127650037,qmmf,43,0
61,0.726725947856903,0.0168830148328561,0.4427887949347496,0.7905591875314713,0.0001305151002452,0.321116175353527,0.8432821106910705,24.604119689000072,0.0001541331513552,,,,,,,,0.0015734669653102,qmmf,43,0
62,0.6943421536684036,0.0190060606005135,0.4242077329754829,0.7859919208288193,0.0001296165906751,0.3070971782505512,0.8103075644373894,24.582687250000163,0.00015,,,,,,,,0.0019849190577951,qmmf,43,0
63,0.6861182679235935,0.0151409670116845,0.417727364897728,0.7769052118062973,0.0001180299464613,0.3030003799498081,0.7986531892418861,24.943243264000102,0.0001458668486447,,,,,,,,0.001145116945936,qmmf,43,0
64,0.6967966195940971,0.0170454862527549,0.4248961825668811,0.7926476383209229,0.000121567684655,0.308899630755186,0.8133902925252915,23.27748353599964,0.0001417368359466,,,,,,,,0.0016181722183318,qmmf,43,0
65,0.7098969578742981,0.0150480075320228,0.4319573952257633,0.7581733065843582,9.60393411696714e-05,0.3153290247917175,0.823350899219513,22.441015634999985,0.0001376130981791,,,,,,,,0.0012117367439532,qmmf,43,0
66,0.6926064358651638,0.017710227780044,0.4226479681581259,0.7905048513412476,9.963545940991024e-05,0.3079495269805193,0.8099789968132973,22.882466142999878,0.0001334987668508,,,,,,,,0.0016301415686029,qmmf,43,0
67,0.7087513987720012,0.0174983203224837,0.4322501838207245,0.7645527392625808,8.34636362742458e-05,0.3145904096961021,0.8236473393440247,22.886773543000345,0.0001293969663272,,,,,,,,0.0017365251574483,qmmf,43,0
68,0.7307431414723397,0.0160332755814306,0.4448592127859592,0.7974274742603302,7.853113007513457e-05,0.3222744335979223,0.8472098305821418,25.460507377999875,0.0001253108114578,,,,,,,,0.0016475209309191,qmmf,43,0
69,0.7141781035065651,0.0170615245401859,0.4353314884006977,0.7655991423130035,8.441352632871712e-05,0.3175724293291568,0.8298175826668739,24.62744242000008,0.0001212434052114,0.7156963027322076,0.6182292770840688,0.4813149035500095,0.7156963027322076,0.5201485835296061,0.6188429449903932,0.6630180551195461,0.0017476596165215,qmmf,43,0
70,0.6824930962920189,0.0170951462117955,0.4163339324295521,0.7999366739392281,7.174573778684134e-05,0.3023918239772319,0.7990421369671822,25.55240575499965,0.000117197836319,,,,,,,,0.0015955910660704,qmmf,43,0
71,0.7126518212258816,0.0153625987959094,0.4337361468374729,0.7762015807628632,8.63112347360584e-05,0.3156536719202995,0.8273115438222886,25.33238736900012,0.0001131771769288,,,,,,,,0.0014862839866782,qmmf,43,0
72,0.7156519427895546,0.0207272220985032,0.4376820713281631,0.8108347696065903,0.0001192590722166,0.3181382966041565,0.8374110525846481,23.41811941800006,0.0001091844802731,,,,,,,,0.0025062035476366,qmmf,43,0
73,0.7089364892244339,0.0190212875296128,0.4329704266786575,0.8223305815458297,9.14795463268092e-05,0.3140238866209984,0.8296821478009224,22.407106352000028,0.0001052227783497,,,,,,,,0.0022510021527705,qmmf,43,0
74,0.7209016549587249,0.0215423670993186,0.4411579601466656,0.7898186355829239,0.0001645316552367,0.3202461487054824,0.8409818607568741,22.1902981850003,0.0001012950796192,,,,,,,,0.0029382690009333,qmmf,43,0
75,0.7034635439515113,0.0188629073090851,0.4296233077347278,0.8170699542760849,6.436264659896551e-05,0.313232654184103,0.8250032538175582,22.765492579999773,9.740436672108684e-05,,,,,,,,0.0021854046362204,qmmf,43,0
76,0.6944014555215836,0.0203474917542189,0.4247798880934715,0.8095551747083664,8.03422613262228e-05,0.3099250543117523,0.8161749190092087,23.944835337999848,9.355359420782469e-05,,,,,,,,0.0025521949836729,qmmf,43,0
77,0.7292934183776378,0.0180465873098,0.444794704914093,0.7873392045497895,0.0001113645461282,0.3246152494847774,0.8486024188995361,25.09127708999995,8.97456863020546e-05,,,,,,,,0.0022648608971212,qmmf,43,0
78,0.6995253729820251,0.0203402879741042,0.4278513537347316,0.7996908336877823,0.0001460597177538,0.3109072763472795,0.8192332136631012,25.40592242100001,8.598353467553945e-05,,,,,,,,0.00249097316002,qmmf,43,0
79,0.7359025579690933,0.019206819422543,0.449224279075861,0.8206752163171768,0.0001419472186444,0.3265391351282596,0.8583869788050652,25.1434889760003,8.226999625336662e-05,0.7164564015263567,0.6268633843883575,0.5057526855867355,0.7164564015263567,0.5132935244715647,0.6508402271671511,0.6685081247909948,0.0027447221354668,qmmf,43,0
80,0.7057725875079632,0.0188597416481934,0.4310074667632579,0.8152098372578621,8.158779581208365e-05,0.3137514407932758,0.8267414912581443,24.7993452009996,7.860789104443896e-05,,,,,,,,0.0022876019616523,qmmf,43,0
81,0.6975929675996304,0.0181523207447025,0.4258167228102684,0.7845001628994942,0.0001038863633039,0.3104295374453067,0.8151163756847382,24.335219040000084,7.500000000000002e-05,,,,,,,,0.002074499514656,qmmf,43,0
82,0.7239879181981087,0.0182317617652006,0.441685472279787,0.8292028492689133,0.0001039803080493,0.3217602418363094,0.8468421325087547,22.96353563799994,7.144906290181832e-05,,,,,,,,0.0023546885858013,qmmf,43,0
83,0.6879400569200516,0.0199144514370709,0.4207298338413238,0.8165485325455666,0.0001059480529511,0.3055134382843971,0.8083953407406806,22.68526564700005,6.795777628163599e-05,,,,,,,,0.002459571645927,qmmf,43,0
84,0.7161682242155075,0.0185996502661146,0.4371408092975616,0.7985472127795219,0.0001395746256184,0.3177543064951896,0.835213252902031,23.40298382599985,6.452879137346007e-05,,,,,,,,0.002282165386714,qmmf,43,0
85,0.716117689460516,0.0181529649440199,0.4369318157434463,0.7990277895331382,5.971193960249365e-05,0.320347143560648,0.8376389652490616,23.879086081000423,6.1164712100253e-05,,,,,,,,0.0022711816323862,qmmf,43,0
86,0.7227615162730217,0.0211830702424049,0.4421301564574241,0.8212924355268478,7.996440064744092e-05,0.3218490955233574,0.8467060396075249,24.905180222000126,5.786809309654982e-05,,,,,,,,0.0029677260234711,qmmf,43,0
87,0.696315671056509,0.0173911576578393,0.4247458834946155,0.7947043955326081,8.0705131549621e-05,0.3090333081781864,0.8137032130360603,24.98333993899996,5.464143776850482e-05,,,,,,,,0.0022477202467871,qmmf,43,0
88,0.7077807761728764,0.0174455146072432,0.4316466890275478,0.7603690174221992,8.735489683203923e-05,0.3141107580065727,0.8222123363614082,25.562889122000342,5.148719639283984e-05,,,,,,,,0.002068091007859,qmmf,43,0
89,0.690610162615776,0.0179085782798938,0.4215295454859734,0.8061812937259674,0.0001086367477046,0.3070145808160305,0.8096253833174706,25.12337897099951,4.840776425613886e-05,0.7421586654236315,0.6489186162277008,0.5214115010695457,0.7421586654236315,0.5217517238524304,0.6828454594070407,0.6921119342294436,0.002288466504342,qmmf,43,0
90,0.7050413343310357,0.0204166970448568,0.4311914975941181,0.7707412251830101,0.0001161681979738,0.313426441475749,0.8222485992312432,22.87328697199973,4.5405479835900685e-05,,,,,,,,0.0027536203213821,qmmf,43,0
91,0.6837786251306534,0.0162575183843728,0.4167701980471611,0.7489636406302452,7.52531933312639e-05,0.3041815464943647,0.7962540090084076,23.289884564000204,4.2482623024732334e-05,,,,,,,,0.0020106804289662,qmmf,43,0
92,0.6962345817685127,0.0193488928023725,0.4254803247749805,0.8169611746072769,0.000112178339632,0.3088417834043502,0.8164923658967018,22.815203668999857,3.964141339903026e-05,,,,,,,,0.0023426326535263,qmmf,43,0
93,0.7056306624412536,0.0181005974370054,0.4306186518073082,0.7841025292873383,7.606017423768208e-05,0.3129234139621257,0.8224220332503319,22.74833807699997,3.6884008533465575e-05,,,,,,,,0.0023295806054647,qmmf,43,0
94,0.7093995979428291,0.018631033047568,0.4330921900272369,0.8137940445542335,9.301735013650614e-05,0.3160378461331129,0.8310094571113587,23.7922775320003,3.4212502362551864e-05,,,,,,,,0.0024767953593982,qmmf,43,0
95,0.7021542915701866,0.019574490445666,0.4291223891079426,0.8054180687665939,0.0001203408893616,0.3128856217861175,0.8230956807732582,24.489860010000484,3.162892359054098e-05,,,,,,,,0.0026992098820392,qmmf,43,0
96,0.7228465712070465,0.0159464708983432,0.4400865459442138,0.7539738368988037,7.567785929495586e-05,0.3199140654504299,0.8357753410935402,24.826288100000056,2.913523415085328e-05,,,,,,,,0.0018677943708826,qmmf,43,0
97,0.6937779489159585,0.0182034055667463,0.4235481479763984,0.8276878613233566,7.805485233802756e-05,0.3079536890238523,0.8147329786419868,24.74429657500059,2.673332771621324e-05,,,,,,,,0.0022922547016742,qmmf,43,0
98,0.7252413588762283,0.0171375238429754,0.4419998422265053,0.8077389252185821,9.27316576553494e-05,0.3234499543905258,0.8466853642463684,25.39934459799952,2.4425028260620715e-05,,,,,,,,0.0022851996275858,qmmf,43,0
99,0.6942862460017204,0.0182163334917277,0.4238582962751389,0.7775084114074707,0.0001217309024696,0.308536082804203,0.8105866038799285,24.79031835600017,2.221208867425096e-05,0.7054551182048249,0.6160512936666116,0.4899351274990811,0.7054551182048249,0.4976478998232274,0.645050862971782,0.6570819717727865,0.0021764552637159,qmmf,43,0
100,0.7026779955625534,0.0184741224395111,0.4289964635670185,0.7927768298983574,9.368590122903698e-05,0.3131025858968496,0.8218809661269187,22.50360075199933,2.009618943233419e-05,,,,,,,,0.0024977378269863,qmmf,43,0
101,0.713846735060215,0.0176175072405021,0.4353550633788108,0.7828853952884675,0.0001198961360523,0.3178113479912281,0.8319155743718147,22.655657479000183,1.807893731902665e-05,,,,,,,,0.0022731391312026,qmmf,43,0
102,0.7092762044072152,0.0160132345347665,0.4319710360467434,0.7536506876349449,0.0001207795118079,0.3156923295557499,0.8234215885400772,22.885068489999867,1.616186420724089e-05,,,,,,,,0.0019355792928308,qmmf,43,0
103,0.6906918621063233,0.0175891465821769,0.4214507927000522,0.7924147576093674,9.861004644790228e-05,0.3060514667630196,0.8071724778413772,23.31413886700011,1.4346425895363384e-05,,,,,,,,0.0021190492760115,qmmf,43,0
104,0.6911829805374146,0.0176867331098765,0.4217844988405704,0.779747262597084,0.0001289393589786,0.3080851916968822,0.808304659128189,24.693441749999693,1.2634001001741372e-05,,,,,,,,0.0022689833750882,qmmf,43,0
105,0.6491483364999294,0.0178546208934858,0.3966308669745922,0.7813582769036294,0.0001093588929416,0.2871024044603109,0.7623453992605209,25.37012381099976,1.1025889917779737e-05,,,,,,,,0.0023541397771941,qmmf,43,0
106,0.7145979300141334,0.015725034258794,0.4350487886369228,0.7732544225454331,8.828824799479662e-05,0.3173599904775619,0.8301450380682945,25.214631102000567,9.523313820441804e-06,,,,,,,,0.0020320110078137,qmmf,43,0
107,0.7173282514512539,0.0160758341313339,0.4368273007869721,0.7787869593501091,9.725129321395798e-05,0.3204365207999944,0.8355652341246604,25.26306322400069,8.127413744904804e-06,,,,,,,,0.0020892417720006,qmmf,43,0
108,0.7166090473532677,0.0156770014530047,0.4362362472712993,0.7822408878803253,9.67120183941006e-05,0.3192999367415905,0.8341441103816032,24.83584532400073,6.839249718073875e-06,,,,,,,,0.0018950097736626,qmmf,43,0
109,0.7200261117517948,0.0153570258850231,0.4381584915518761,0.7937500575184822,9.31847917399864e-05,0.3188123969733715,0.8367167797684669,25.52628560399989,5.659799953612438e-06,0.7343011583414784,0.6450321738296448,0.5233092767311728,0.7343011583414784,0.5233092767311728,0.6774860864162832,0.6864212748268977,0.0018311356869116,qmmf,43,0
110,0.6932733744382858,0.0152529368386603,0.4220652194321155,0.755592530965805,9.297110494571824e-05,0.3079294721782207,0.8059381458163262,22.386186231000465,4.589960109100444e-06,,,,,,,,0.0018977479016371,qmmf,43,0
111,0.6945392678678036,0.0165260789101012,0.4233340117335319,0.7638149303197861,8.109950800644583e-05,0.3074742162972688,0.807595753967762,22.45650584300074,3.630542605884657e-06,,,,,,,,0.0020098763883197,qmmf,43,0
112,0.6882340887188911,0.0146032772539183,0.418781780153513,0.7698777061700821,6.615623804918869e-05,0.3062044182419777,0.8022882500290871,21.883218115999625,2.7822760121373187e-06,,,,,,,,0.0015548763220806,qmmf,43,0
113,0.7013658717274666,0.0160054999217391,0.4272217404842376,0.7768968194723129,8.510596184805763e-05,0.3112921822071075,0.8165813168883324,22.24530708200018,2.0458044895916517e-06,,,,,,,,0.0018672796553119,qmmf,43,0
114,0.68529759734869,0.0149784847482806,0.4171699704229831,0.7629104173183441,8.05522474774989e-05,0.3038241281360387,0.7976636826992035,23.088623716000257,1.4216873043745137e-06,,,,,,,,0.0018725689673806,qmmf,43,0
115,0.6705290082097054,0.0176487093628384,0.4093769066035747,0.7782837799191475,8.654646220747964e-05,0.2994320513308048,0.7870734918117523,22.00050985399957,9.103984023075772e-07,,,,,,,,0.0021591189490709,qmmf,43,0
116,0.669963535964489,0.0151891049556434,0.4080537784099579,0.7492141622304916,8.472146962276383e-05,0.2977194383740425,0.7810202997922897,24.223416871000158,5.123260489995229e-07,,,,,,,,0.0016071845814008,qmmf,43,0
117,0.667552305161953,0.0160689894505776,0.4069589938223362,0.7786526888608932,9.859132288511318e-05,0.2961707589775323,0.7813728520274162,23.000811274000625,2.2777253500257386e-07,,,,,,,,0.0018645023545104,qmmf,43,0
118,0.6875715315341949,0.0166847399965627,0.4192168335616588,0.7681630745530128,9.7593315595077e-05,0.305845118612051,0.8022949978709221,23.053953895999257,5.695394625728767e-08,,,,,,,,0.0020593040884182,qmmf,43,0
119,0.6893720409274101,0.016145269065164,0.4200813516974449,0.789800965487957,6.664874416856037e-05,0.3071561141312122,0.8066087093949318,23.6546844100003,0.0,0.7338597069515153,0.6435741781257474,0.5202447372476978,0.7338597069515153,0.5202447372476978,0.6766180901780291,0.6854125513334032,0.0019390800661221,qmmf,43,0
0,0.9726416635513304,0.6649562668800354,0.8495675390958786,0.7264560049772263,0.0596155180223286,,0.92519391477108,29.24564348300009,5.1e-05,,,,,,,,,hemis,43,0
1,0.969213439822197,0.5368385323882103,0.7962635135650635,0.6925443303585053,0.0127433788031339,,0.8661551171541214,26.23856369300006,0.0001009999999999,,,,,,,,,hemis,43,0
2,0.9654057776927948,0.4754103627800941,0.7694076424837113,0.6859414917230606,0.0054297916521318,,0.8382732778787613,25.37954640500016,0.0001509999999999,,,,,,,,,hemis,43,0
3,0.96786983191967,0.4329696518182754,0.7539097940921784,0.6874457561969757,0.0011281610638252,,0.8227107799053193,25.13993980700002,0.0002009999999999,,,,,,,,,hemis,43,0
4,0.9636379706859588,0.3859426516294479,0.7325598710775375,0.6826967132091523,0.0007512223909725,,0.8008671033382416,24.590239866000047,0.000251,,,,,,,,,hemis,43,0
5,0.9578343188762664,0.3322316393256187,0.7075932747125626,0.6718256741762161,0.0011073983786627,,0.7748312097787857,25.58203116599998,0.0003,,,,,,,,,hemis,43,0
6,0.94787846326828,0.2758785659074783,0.6790785270929337,0.695814898610115,0.000668587416294,,0.7486934494972229,25.039509047000134,0.0002999430460537,,,,,,,,,hemis,43,0
7,0.9396603852510452,0.2310752175748348,0.6562263411283493,0.6883910417556762,0.0006818925653351,,0.7250995355844497,25.249686505,0.0002997722274649,,,,,,,,,hemis,43,0
8,0.9425146931409836,0.1922578807175159,0.6424119907617569,0.6855283278226852,0.0004549189514364,,0.710987564921379,24.508286910999917,0.000299487673951,,,,,,,,,hemis,43,0
9,0.929275393486023,0.1655481992661953,0.623784539103508,0.6812912547588348,0.0006364181941899,,0.6919454842805862,24.83066243899998,0.0002990896015976,0.418418271546642,0.3738479899613612,0.2937503560047426,0.418418271546642,0.3209772400130998,0.3821484583243417,0.3925803955168678,,hemis,43,0
10,0.9124310904741288,0.1395501816272735,0.6032787537574769,0.6884997338056564,0.0003354196461441,,0.6721454977989196,22.362110852000114,0.0002985783126956,,,,,,,,,hemis,43,0
11,0.9066499555110932,0.1206404086202383,0.5922461557388305,0.7097039368748664,0.0004759929828287,,0.6632403439283371,24.46387565500004,0.0002979541955104,,,,,,,,,hemis,43,0
12,0.8956092131137848,0.1051031220704317,0.5794067978858948,0.7112420386075974,0.0004288611124502,,0.6505524480342865,24.37387089699996,0.0002972177239878,,,,,,,,,hemis,43,0
13,0.8759229230880737,0.0899708449095487,0.5615421095490456,0.7031849884986877,0.0004843685259402,,0.6318848219513893,25.852151738999964,0.0002963694573941,,,,,,,,,hemis,43,0
14,0.8820687329769135,0.0790431093424558,0.5608585035800934,0.7236222261190415,0.0003463613639178,,0.6332380416989326,24.30240394700013,0.0002954100398908,,,,,,,,,hemis,43,0
15,0.8414922857284546,0.0724025538936257,0.5338564145565033,0.7230447548627853,0.0004884117808251,,0.6061853095889091,24.50734078000005,0.0002943402000463,,,,,,,,,hemis,43,0
16,0.8490444701910019,0.061514505110681,0.5340325072407722,0.7381258702278137,0.000457610192534,,0.6078679743409157,23.58005993500001,0.0002931607502819,,,,,,,,,hemis,43,0
17,0.8233615219593048,0.059075642041862,0.517647191286087,0.7477075630426406,0.0004588312748091,,0.5924408864974976,25.257187820000127,0.000291872586255,,,,,,,,,hemis,43,0
18,0.8366520279645919,0.0699566410481929,0.5299738955497741,0.7843911051750183,0.0006996788876131,,0.6230634355545044,25.29332023300003,0.0002904766861795,,,,,,,,0.0730772532276751,hemis,43,0
19,0.8507347047328949,0.0605237099900841,0.5346503260731698,0.7795360100269317,0.0004791309894062,,0.6232605090737343,24.58161734400005,0.0002889741100822,0.488599635504542,0.4248584049050069,0.3192893805519289,0.488599635504542,0.3450773001235478,0.4408982790869309,0.4525462408294202,0.0531631413690047,hemis,43,0
20,0.8323124569654464,0.0589930096454918,0.5229847010970116,0.8053444570302963,0.0003533194300689,,0.6110114800930023,22.100333269000203,0.0002873659989982,,,,,,,,0.0373733469238504,hemis,43,0
21,0.8263871479034424,0.053826680779457,0.5173629826307297,0.7885428112745285,0.0002764616149943,,0.6020478159189224,21.9357186069999,0.0002856535741046,,,,,,,,0.0290836327057331,hemis,43,0
22,0.8366479098796844,0.0508073476143181,0.5223117071390152,0.8040135109424591,0.0003043483813962,,0.6061247488856316,25.060761890999856,0.0002838381357927,,,,,,,,0.0169823624705895,hemis,43,0
23,0.8138651353120804,0.0452481531910598,0.506418363749981,0.771642450094223,0.0002716272117322,,0.5855458861589432,24.21748526600004,0.0002819210626809,,,,,,,,0.0097484612418338,hemis,43,0
24,0.8075877249240875,0.046135836392641,0.5030069854855538,0.8078217369318008,0.0004781518808886,,0.585423746407032,24.85849851499984,0.0002799038105676,,,,,,,,0.0080534206703305,hemis,43,0
25,0.8038030281662941,0.0440555614419281,0.4999040640890598,0.8088203865289688,0.0002092773731783,,0.582250647842884,23.945867032999782,0.0002777879113257,,,,,,,,0.0072704112809151,hemis,43,0
26,0.8354418796300888,0.0388295868597924,0.5167969837784767,0.792276739180088,0.0001978559351209,,0.5973349377512932,25.20250338899996,0.0002755749717393,,,,,,,,0.0065019292430952,hemis,43,0
27,0.8070110082626343,0.0418975212890654,0.5009656327962876,0.8213278424739837,0.0002029733212111,,0.5842564803361893,25.367060896999877,0.0002732666722837,,,,,,,,0.0057395872147753,hemis,43,0
28,0.7998177650570869,0.0369462073314934,0.4946691611409187,0.824005418419838,0.0002058135845436,,0.5780719429254532,25.18769171200006,0.0002708647658491,,,,,,,,0.004959731507115,hemis,43,0
29,0.8116086941957473,0.0394073514919728,0.5027281749248504,0.8130996435880661,0.0002268874815126,,0.5849251189827919,24.03234521799982,0.0002683710764094,0.5087788339188938,0.4423450476868285,0.3341621663840935,0.5087788339188938,0.3483428622048255,0.469913446936766,0.4713870312957942,0.0043781886762008,hemis,43,0
30,0.8106274172663689,0.0416422521136701,0.5030333718657494,0.8338645559549331,0.0002641598423724,,0.5872514051198959,21.031180321000196,0.0002657874976374,,,,,,,,0.0040918577741831,hemis,43,0
31,0.7850524938106537,0.0371761604584753,0.4859019789099693,0.8055343079566956,0.0001873390901164,,0.5671027046442032,21.66134456000009,0.0002631159914665,,,,,,,,0.0031896385294385,hemis,43,0
32,0.7825276014208794,0.0367857328429818,0.4842308744788169,0.8139976650476456,0.0001407548268434,,0.5662432584166527,22.507369196000127,0.0002603585866009,,,,,,,,0.0030278966668993,hemis,43,0
33,0.7777943360805512,0.0352386355958879,0.4807720759510994,0.817478695511818,8.591810345933482e-05,,0.5630582705140114,24.6959584680003,0.0002575173769752,,,,,,,,0.0026701456157024,hemis,43,0
34,0.7892538982629776,0.0385667130816727,0.4889790448546409,0.8353886330127716,0.0001963942981092,,0.5730608549714088,24.682800467000103,0.000254594520164,,,,,,,,0.0026656279410235,hemis,43,0
35,0.7734245958924294,0.0333902650885283,0.4774108807742596,0.8135792979598045,0.0001863962673087,,0.5592456567287445,23.77841215999979,0.0002515922357438,,,,,,,,0.0023376334051135,hemis,43,0
36,0.7953449141979217,0.0295354965887963,0.4890211662650108,0.8132583159208298,0.0001285112448385,,0.5707116973400116,24.698650054000154,0.0002485128036071,,,,,,,,0.0017913854785729,hemis,43,0
37,0.7875218471884727,0.0294539102166891,0.4842946903407574,0.8208551266789437,0.0001874755482276,,0.566757273375988,25.33713905700006,0.0002453585622314,,,,,,,,0.0018384511308977,hemis,43,0
38,0.7802367731928825,0.036427818601951,0.4827132111787796,0.8095846775174141,0.0002860356067321,,0.5641702219843865,24.584707656999853,0.0002421319069034,,,,,,,,0.0024212037539109,hemis,43,0
39,0.8075771859288216,0.0335627910075709,0.4979714488983154,0.831410391330719,0.0002230989768395,,0.5815421864390373,25.281085290999727,0.0002388352878997,0.5205942943063845,0.4790504054776058,0.3946841277888999,0.5205942943063845,0.4165235452113207,0.5000333769151123,0.4955401110060025,0.0020926865178626,hemis,43,0
40,0.7723684647679329,0.0328853231295943,0.4765752272307872,0.8292715501785278,0.0001648043683962,,0.5598672997951507,21.423975124999743,0.0002354712086265,,,,,,,,0.0017834010728984,hemis,43,0
41,0.7558025842905045,0.0289254777505993,0.4650517636537551,0.780831342637539,9.499374211372924e-05,,0.5434590476751328,20.808403117000125,0.0002320422237183,,,,,,,,0.001596993082494,hemis,43,0
42,0.7445185375213623,0.0298990927031263,0.4586707773804664,0.8115213841199875,0.0001383616720522,,0.5401440501213074,21.013152753999748,0.0002285509370981,,,,,,,,0.0015710741383372,hemis,43,0
43,0.7789107567071915,0.0327298104576766,0.4804383960366249,0.8402599483728409,0.0001233854862948,,0.5648463559150696,21.676653420000093,0.000225,,,,,,,,0.0018789990141522,hemis,43,0
44,0.7862527245283126,0.0309234605450183,0.4841210359334946,0.8481824785470963,0.0001375280578304,,0.5692612212896347,24.611848288000147,0.0002213921089555,,,,,,,,0.0015752747458464,hemis,43,0
45,0.7632790526747704,0.0300516311731189,0.469988103210926,0.8140598690509796,9.781304585885664e-05,,0.5517708146572113,24.138114933,0.0002177300037466,,,,,,,,0.0018591681102407,hemis,43,0
46,0.7618628907203674,0.033139923652634,0.4703737191855907,0.8644582629203796,0.0001255268392742,,0.5571976652741433,23.789858469000137,0.0002140164653244,,,,,,,,0.0018592040424118,hemis,43,0
47,0.7587028306722641,0.0307267129328101,0.4675124046206474,0.8358730626106262,0.0001270898401344,,0.551467446088791,24.362846642000022,0.0002102543136979,,,,,,,,0.0018068815261358,hemis,43,0
48,0.7540849575400352,0.030725560337305,0.4647412195801735,0.8299355345964432,0.000144377051256,,0.5480948942899704,26.18920277899997,0.0002064464057921,,,,,,,,0.0017645052430452,hemis,43,0
49,0.7651949709653855,0.0299080676445737,0.4710802263021469,0.8485563635826111,0.0001362236764134,,0.5563020902872086,25.841351535000285,0.0002025956332789,0.5278225654935703,0.4737150449225878,0.3725815599763419,0.5278225654935703,0.3962746629183036,0.4970479063558899,0.4960662087705528,0.0017970735422568,hemis,43,0
50,0.7640280228853226,0.0262232973333448,0.4689061504602432,0.8014298897981643,0.0001292306266623,,0.5493679016828537,22.460154095000235,0.0001987049203807,,,,,,,,0.0015615132436505,hemis,43,0
51,0.7595032253861427,0.0252116147382184,0.465786600112915,0.8096515989303589,0.0001028021443562,,0.5470464012026787,21.430926238999746,0.0001947772216502,,,,,,,,0.0014475010000751,hemis,43,0
52,0.7803989586234092,0.0291642007790505,0.4799050718545913,0.8269190675020218,0.0001283886109376,,0.562930902838707,21.44718175000025,0.0001908155197268,,,,,,,,0.0016375147544749,hemis,43,0
53,0.7509095931053161,0.0309632103657349,0.4629310582578182,0.8211154127120972,0.0001516358403387,,0.5454721459746361,22.612075458999698,0.0001868228230711,,,,,,,,0.0021098077538044,hemis,43,0
54,0.7494313707947731,0.0305454982165247,0.4618770404160022,0.8196818625926972,9.608145935999346e-05,,0.544203031361103,21.80246549399999,0.0001828021636809,,,,,,,,0.0017650037459679,hemis,43,0
55,0.7598230782151222,0.0260910182399675,0.4663302712142467,0.8176875346899033,0.0001126535912226,,0.5483582231402397,23.94305748099987,0.0001787565947885,,,,,,,,0.0012678565673559,hemis,43,0
56,0.7223346060514451,0.0275323047488927,0.4444137012958526,0.8226551020145416,9.050238862073456e-05,,0.526984973847866,24.112407805999737,0.0001746891885421,,,,,,,,0.0015061933607285,hemis,43,0
57,0.7640973764657975,0.024372235359624,0.4682073381543159,0.822802169919014,0.0001192452457439,,0.5507599905133247,24.35770459600008,0.0001706030336727,,,,,,,,0.0013323627968929,hemis,43,0
58,0.7986233404278755,0.0315165248978883,0.4917806333303451,0.8493328374624253,8.068288614595076e-05,,0.5772141778469085,24.747806424999908,0.0001665012331491,,,,,,,,0.0024811246035096,hemis,43,0
59,0.7264840212464333,0.026496648308821,0.4464890913665295,0.8103508883714676,0.0001153452011385,,0.5278773936629295,24.532654611,0.0001623869018208,0.5576235747865994,0.5035103735032107,0.3909071875230285,0.5576235747865994,0.419419542452839,0.5334880032701934,0.5247179756752257,0.0017372233701826,hemis,43,0
60,0.7425383087992669,0.026313546532765,0.4560484236478805,0.8058363318443298,5.2485011192402456e-05,,0.5369699171185494,24.697778991000177,0.0001582631640533,,,,,,,,0.0016761753690298,hemis,43,0
61,0.7666086873412132,0.0251195985544472,0.4700130692124367,0.8196962243318557,7.154955540954689e-05,,0.5523388972878456,21.847106740000072,0.0001541331513552,,,,,,,,0.00176315056171,hemis,43,0
62,0.7431023666262626,0.0292583028273656,0.4575647589564323,0.8139490622282028,5.989715804389562e-05,,0.5394484356045723,21.627971052000248,0.00015,,,,,,,,0.0024288501744558,hemis,43,0
63,0.73216188788414,0.0237668135855346,0.4488038778305053,0.8123517066240311,8.25127129564862e-05,,0.530320160984993,22.01432357800013,0.0001458668486447,,,,,,,,0.0013849255363675,hemis,43,0
64,0.7458791774511337,0.0257625664956867,0.457832553088665,0.8529188525676727,9.704566974505724e-05,,0.5434982657432557,21.45142201999988,0.0001417368359466,,,,,,,,0.0018448728049406,hemis,43,0
65,0.7572937315702438,0.0228913412801921,0.4635327932238579,0.7934140104055405,6.818228502197598e-05,,0.5431500020623207,21.387903580000057,0.0001376130981791,,,,,,,,0.001362001549678,hemis,43,0
66,0.7414657332003116,0.0276884973281994,0.4559548564255237,0.8352578222751618,6.360632837640879e-05,,0.5399198749661446,24.820301320999988,0.0001334987668508,,,,,,,,0.0021802835387279,hemis,43,0
67,0.7524513298273087,0.0280478476453572,0.462689953148365,0.8281576353311538,8.227187643569778e-05,,0.5459789091348648,24.704522824999916,0.0001293969663272,,,,,,,,0.0023453845221411,hemis,43,0
68,0.7741715770959854,0.0242262723017483,0.4741934745013714,0.8375720143318176,7.068411034197197e-05,,0.5583220773935318,25.64092560300014,0.0001253108114578,,,,,,,,0.0018393189873313,hemis,43,0
69,0.7600642025470734,0.0262749442784115,0.4665485194325447,0.815036992430687,0.0001262220443823,,0.5484797260165215,24.96454697599984,0.0001212434052114,0.6009995308714037,0.5291151437073508,0.4120264216805261,0.6009995308714037,0.4341667982637779,0.5521791019868706,0.5605369038031,0.0021059730742672,hemis,43,0
70,0.7302544412016868,0.0255601947382092,0.448376758992672,0.8542757540941238,9.119762760747108e-05,,0.5341266402602196,24.92883048500016,0.000117197836319,,,,,,,,0.0015887144350381,hemis,43,0
71,0.7596877926588058,0.0225990519020706,0.4648523135483265,0.8236281156539917,0.0001314695206519,,0.5475438231229782,25.23714274599979,0.0001131771769288,,,,,,,,0.0016106263157416,hemis,43,0
72,0.7678859075903892,0.0320931610558182,0.4735688263177872,0.8505012732744217,0.0001060691793827,,0.5592293417453766,20.742629621000106,0.0001091844802731,,,,,,,,0.0030254297114879,hemis,43,0
73,0.7471934151649475,0.0269307022960856,0.4590883526206016,0.8550477534532547,9.733208107718384e-05,,0.5451128539443016,20.1526865259998,0.0001052227783497,,,,,,,,0.0025742964272285,hemis,43,0
74,0.7648458144068718,0.0312388054979965,0.4714030292630196,0.840895488858223,0.0001556914419597,,0.5562043353915215,20.41798335600015,0.0001012950796192,,,,,,,,0.0035198477693484,hemis,43,0
75,0.7596808299422264,0.0310312496777623,0.4682210159301758,0.8599414598941802,8.480203715407697e-05,,0.554886614382267,21.295125542999813,9.740436672108684e-05,,,,,,,,0.0033360836906649,hemis,43,0
76,0.7413564574718475,0.0321308107860386,0.4576662158966064,0.8569419753551483,9.68205150911672e-05,,0.5440460699796676,21.288107910000235,9.355359420782469e-05,,,,,,,,0.0034040608304349,hemis,43,0
77,0.7737412407994271,0.0286506016552448,0.4757050052285194,0.8364373862743377,8.303781040012836e-05,,0.5599856989085674,24.037560206000308,8.97456863020546e-05,,,,,,,,0.0031640017456084,hemis,43,0
78,0.7483508598804474,0.0308556291693821,0.4613527853786945,0.8493826150894165,0.0001139737766061,,0.5468702393770218,24.743805819000045,8.598353467553945e-05,,,,,,,,0.0028674678432798,hemis,43,0
79,0.7839895582199097,0.0294264316232874,0.4821643278002739,0.8552895724773407,0.0001096335405964,,0.5683460995554924,24.538449630000287,8.226999625336662e-05,0.6389649837098653,0.5528200333400348,0.4177326760974028,0.6389649837098653,0.443511240287431,0.5759838760228084,0.59099826783767,0.0032366543085663,hemis,43,0
80,0.7573589611053467,0.0301036575529724,0.4664568562805652,0.8525077301263809,9.705538555863311e-05,,0.5523361080884933,24.52534153600027,7.860789104443896e-05,,,,,,,,0.003118110784635,hemis,43,0
81,0.7455175364017487,0.0277189565170556,0.4583981212973594,0.8137912201881409,0.0001016577650625,,0.5402453649044037,25.40053355500004,7.500000000000002e-05,,,,,,,,0.0023151817949838,hemis,43,0
82,0.776470858156681,0.0291043468797579,0.4775242698192596,0.8715327847003936,8.600001995546336e-05,,0.5653201964497566,24.925679675999618,7.144906290181832e-05,,,,,,,,0.0031917410586174,hemis,43,0
83,0.7382688921689987,0.0299415858648717,0.4549379880726337,0.8451240921020508,8.926429125494906e-05,,0.5400736522674561,22.58148784900004,6.795777628163599e-05,,,,,,,,0.0030939334481445,hemis,43,0
84,0.7516691833734512,0.0262752533983439,0.4615116274356842,0.8492083704471588,8.976938340310881e-05,,0.5469226059317589,21.66271660400025,6.452879137346007e-05,,,,,,,,0.00242826828744,hemis,43,0
85,0.7558892154693604,0.0283434159494936,0.4648709154129028,0.8256678348779678,0.0001238742605164,,0.548041228055954,21.18499000400016,6.1164712100253e-05,,,,,,,,0.0029866549003054,hemis,43,0
86,0.7706642925739289,0.030585144823417,0.4746326529979706,0.8689293724298477,0.0001210518378502,,0.5622061386704444,21.10314423,5.786809309654982e-05,,,,,,,,0.0033724687368521,hemis,43,0
87,0.7440332680940628,0.026948411706835,0.4571993459761143,0.8368939882516861,0.0001049042144222,,0.5414485016465187,20.89881889499975,5.464143776850482e-05,,,,,,,,0.0027725540933897,hemis,43,0
88,0.751840918958187,0.0270800005784258,0.4619365717470646,0.8316538527607917,7.714310366282007e-05,,0.5456200954318047,23.354467886000293,5.148719639283984e-05,,,,,,,,0.0025714036390854,hemis,43,0
89,0.7450500684976578,0.0287080762675032,0.4585132902860641,0.8769919800758362,6.215759778569918e-05,,0.5467642912268639,24.34592614799976,4.840776425613886e-05,0.627304899346587,0.543984469676444,0.4161715229514361,0.627304899346587,0.4390595462874969,0.5655889633952482,0.5811954328060289,0.002743459656267,hemis,43,0
90,0.743954998254776,0.0284521535504609,0.4577538785338402,0.8029040288925171,5.628754055578611e-05,,0.5385849112272263,23.380932563999977,4.5405479835900685e-05,,,,,,,,0.0026890630561138,hemis,43,0
91,0.7340025702118873,0.0262432163534685,0.4508988466858863,0.8043087875843048,5.571032327679859e-05,,0.5318262487649917,25.504590149999785,4.2482623024732334e-05,,,,,,,,0.0024686801669486,hemis,43,0
92,0.7455483919382095,0.0292578355409204,0.4590321877598762,0.8534318208694458,6.508266539640318e-05,,0.5449312087893486,24.92929878099949,3.964141339903026e-05,,,,,,,,0.0027629053506825,hemis,43,0
93,0.7481808415055275,0.0274040545336902,0.4598701450228691,0.8312191995978355,4.78595937602222e-05,,0.543584617972374,25.27939032500035,3.6884008533465575e-05,,,,,,,,0.0029508121344042,hemis,43,0
94,0.7575274223089218,0.0279526007268577,0.4656975096464157,0.837975954413414,5.610505564618507e-05,,0.550049002468586,22.857834479000303,3.4212502362551864e-05,,,,,,,,0.0027554645694181,hemis,43,0
95,0.7478289696574211,0.0278371567605063,0.4598322640359402,0.847914593219757,5.975266139103042e-05,,0.5451900097727775,21.742067260000116,3.162892359054098e-05,,,,,,,,0.0028164853716225,hemis,43,0
96,0.7675231701135635,0.0245256132632493,0.4703241683542728,0.8058941546082496,5.09937249489667e-05,,0.5513458248972892,21.31439473499995,2.913523415085328e-05,,,,,,,,0.0021484448595583,hemis,43,0
97,0.7403011792898178,0.0271733283181674,0.4550500564277172,0.8422847467660904,5.944890406681225e-05,,0.5398051235079765,21.56028176699965,2.673332771621324e-05,,,,,,,,0.0026180939049299,hemis,43,0
98,0.7659290426969528,0.0250491061899811,0.4695770877599716,0.8231414419412613,5.731123194436805e-05,,0.5523924914002418,21.559353838999414,2.4425028260620715e-05,,,,,,,,0.0024919562758623,hemis,43,0
99,0.7316106778383255,0.0251157259894534,0.4490127165615558,0.8146765041351318,6.433438416934222e-05,,0.5309102739393711,23.167051457000525,2.221208867425096e-05,0.5886385876265802,0.5258580681085738,0.4200252032098452,0.5886385876265802,0.4347130640962056,0.5542225526029356,0.5529430933295048,0.002133445140389,hemis,43,0
100,0.7520992359519005,0.0287121346034109,0.462744412869215,0.8446534353494645,6.451832363381982e-05,,0.54785274207592,24.9305207590005,2.009618943233419e-05,,,,,,,,0.0031987849879169,hemis,43,0
101,0.7553119146823883,0.0266219786088913,0.4638359580934048,0.8045894259214401,7.465497898920148e-05,,0.5448018538951874,24.79718791699997,1.807893731902665e-05,,,,,,,,0.0025160957531261,hemis,43,0
102,0.7535864165425301,0.0260046201618388,0.462553716301918,0.8118810397386551,7.743940380350978e-05,,0.5442284694314004,24.75747384999977,1.616186420724089e-05,,,,,,,,0.0024138718799804,hemis,43,0
103,0.7428021761775017,0.0271364859258756,0.4565359175205231,0.8401126420497894,6.550748594236211e-05,,0.5410757493972779,24.087497321999763,1.4346425895363384e-05,,,,,,,,0.0026264623843599,hemis,43,0
104,0.7361455178260803,0.0270262995362281,0.4524978503584861,0.8155191558599472,7.161069126595976e-05,,0.5345745173096657,24.68123678000029,1.2634001001741372e-05,,,,,,,,0.0026058303876197,hemis,43,0
105,0.7016883310675621,0.0275469343923032,0.43203178986907,0.8282929077744484,7.3161874215657e-05,,0.5154527696967125,23.02372679600012,1.1025889917779737e-05,,,,,,,,0.0029401307597208,hemis,43,0
106,0.7602756881713867,0.0246485541854053,0.4660248556733131,0.8362939912080765,6.440883429604582e-05,,0.5501290702819824,21.442621492999933,9.523313820441804e-06,,,,,,,,0.002357975976738,hemis,43,0
107,0.7600503054261207,0.0246896800538524,0.4659060749411583,0.8387287068367004,6.273586959196109e-05,,0.5502693113684655,21.087915618000807,8.127413744904804e-06,,,,,,,,0.0024361338270318,hemis,43,0
108,0.7627733913064003,0.0248232248262502,0.4675933438539505,0.8373184207081795,5.500964546172327e-05,,0.5518409687280655,20.9336956749994,6.839249718073875e-06,,,,,,,,0.0025651649629617,hemis,43,0
109,0.7704460608959198,0.024636195236817,0.4721221342682838,0.8696596693992614,5.4914527945584266e-05,,0.5595793196558952,21.59274216699941,5.659799953612438e-06,0.6127711183979433,0.536904448804414,0.4146289812074203,0.6127711183979433,0.4368580496225474,0.5610841783927512,0.5701969038008322,0.0024423423235475,hemis,43,0
110,0.742861211001873,0.0245117351692169,0.4555214403569698,0.7980408322811127,5.353883685529581e-05,,0.5358538326621055,24.040682754000045,4.589960109100444e-06,,,,,,,,0.0026281326291609,hemis,43,0
111,0.7406004038453102,0.0244048306997865,0.4541221947968006,0.7937309736013413,4.9381682838429694e-05,,0.533971937596798,23.361852860999534,3.630542605884657e-06,,,,,,,,0.0023708830030227,hemis,43,0
112,0.7427721562981605,0.023567351703532,0.4550902533531189,0.8236850088834763,5.86811988205227e-05,,0.5378673568367958,23.439699817000477,2.7822760121373187e-06,,,,,,,,0.0020283576424344,hemis,43,0
113,0.755917164683342,0.0263156967470422,0.4640765964984893,0.8377896350622177,6.907554330609855e-05,,0.5483319038152694,23.80820397900061,2.0458044895916517e-06,,,,,,,,0.0023644459020215,hemis,43,0
114,0.7377077579498291,0.0247302748123183,0.4525167813897133,0.8084042251110077,5.540138694414054e-05,,0.5338551968336105,24.367672454000058,1.4216873043745137e-06,,,,,,,,0.0024760846257254,hemis,43,0
115,0.7170679959654808,0.0253385618980973,0.4403762398660183,0.8114111816883087,6.472258589383273e-05,,0.5219846433401107,23.55059115099993,9.103984023075772e-07,,,,,,,,0.0023202316706738,hemis,43,0
116,0.7168386390805245,0.0243005734169855,0.4398234312236309,0.7709965705871582,5.773943829808559e-05,,0.5173495373129845,25.500388945999475,5.123260489995229e-07,,,,,,,,0.0021178158859243,hemis,43,0
117,0.718763747215271,0.0250280217034742,0.4412694716453552,0.7955566704273224,6.618756715397467e-05,,0.5212743040919304,20.71487513600005,2.2777253500257386e-07,,,,,,,,0.0022292803287928,hemis,43,0
118,0.7336702236533165,0.0267198060266673,0.4508900739252567,0.8110653084516525,6.597491820684808e-05,,0.5324864467978477,21.18241897100052,5.695394625728767e-08,,,,,,,,0.0024327265584724,hemis,43,0
119,0.7458519393205643,0.0257963320240378,0.4578297147154808,0.8135776734352111,6.278262837440707e-05,,0.5396626958251,22.13144439499956,0.0,0.6154622873971457,0.5391784891978351,0.4162398710192848,0.6154622873971457,0.4373706978413425,0.564702482355017,0.5726549062995664,0.0023603741386796,hemis,43,0
0,0.9725588929653168,0.5756031996011735,0.8137766432762146,0.6960981518030167,0.0234592189267277,,0.8845594197511673,21.363163013000303,5.1e-05,,,,,,,,,unet25d,43,0
1,0.9668734019994736,0.4215229588747025,0.7487332540750503,0.6784425240755081,0.0263203027751296,,0.8178935182094574,21.525058281000383,0.0001009999999999,,,,,,,,,unet25d,43,0
2,0.956920492053032,0.3506461757421493,0.7144107937812805,0.6690148144960404,0.0428653199784457,,0.7834555447101593,20.932459759000267,0.0001509999999999,,,,,,,,,unet25d,43,0
3,0.9514984971284868,0.3062283286452293,0.6933904558420181,0.6685155320167542,0.0489467133209109,,0.7626893424987793,21.126832507000472,0.0002009999999999,,,,,,,,,unet25d,43,0
4,0.9437100851535796,0.2660834410786629,0.6726594495773316,0.6627958130836487,0.04307521071285,,0.7410927909612656,20.56786940500024,0.000251,,,,,,,,,unet25d,43,0
5,0.9333702915906906,0.2239673423767089,0.6496091347932815,0.6482072973251343,0.038472903445363,,0.7163535124063491,21.56885517699993,0.0003,,,,,,,,,unet25d,43,0
6,0.9212459421157836,0.1882499648630619,0.6280475801229477,0.6701652699708939,0.0336045988835394,,0.6967443358898163,21.639061701999708,0.0002999430460537,,,,,,,,,unet25d,43,0
7,0.9095308184623718,0.1572069211304188,0.6086012810468674,0.6614404499530793,0.0299590397812426,,0.6762432765960693,21.14450127500004,0.0002997722274649,,,,,,,,,unet25d,43,0
8,0.9130308496952056,0.1301118841022253,0.5998632872104644,0.6580856531858444,0.0271618204936385,,0.6670299422740936,21.136644530999547,0.000299487673951,,,,,,,,,unet25d,43,0
9,0.8957442706823349,0.1112924305349588,0.5819635519385338,0.6541458922624588,0.0246943716332316,,0.6486128628253937,21.270452644000216,0.0002990896015976,0.6435056252583835,0.4768056968025596,0.3150247026100349,0.6435056252583835,0.3559867123371538,0.4309247528121417,0.5606475544568015,,unet25d,43,0
10,0.8744971972703933,0.0935153523832559,0.562104481458664,0.6695228731632232,0.022762328274548,,0.630194889307022,21.19672228499985,0.0002985783126956,,,,,,,,,unet25d,43,0
11,0.868224800825119,0.0808661319315433,0.553281357884407,0.6846210789680481,0.0215163502283394,,0.622819282412529,20.79841792299976,0.0002979541955104,,,,,,,,,unet25d,43,0
12,0.8536176705360412,0.0707677422836423,0.540477722287178,0.6909400528669357,0.0197046048752963,,0.610556957423687,20.885390364999694,0.0002972177239878,,,,,,,,,unet25d,43,0
13,0.83119156062603,0.0607064026966691,0.5229975217580796,0.6860839807987213,0.0176539921853691,,0.5924886205792427,22.07109514800049,0.0002963694573941,,,,,,,,,unet25d,43,0
14,0.8406060326099396,0.0534302972257137,0.525735757946968,0.7004931083321572,0.0155402724258601,,0.5965620791912079,20.903268392000427,0.0002954100398908,,,,,,,,,unet25d,43,0
15,0.7941087612509727,0.0465038083679974,0.4950668065249919,0.6996150472760201,0.0132992592640221,,0.5656932750344277,20.86862045599992,0.0002943402000463,,,,,,,,,unet25d,43,0
16,0.8062997105717659,0.0427065915055573,0.5008624836802482,0.7294926348328591,0.0109468636941164,,0.5743590906262398,20.538278152999737,0.0002931607502819,,,,,,,,,unet25d,43,0
17,0.7777155065536498,0.038638013228774,0.4820845264196396,0.7218092370033264,0.0095462140627205,,0.5547427600622177,21.567913678999503,0.000291872586255,,,,,,,,,unet25d,43,0
18,0.7934907278418541,0.0455843811668455,0.4943282073736191,0.7743942958116531,0.0079338783910498,,0.5739423814415932,24.799692303000484,0.0002904766861795,,,,,,,,0.0088902294775471,unet25d,43,0
19,0.8181201136112213,0.0433019377291202,0.5081928640604019,0.7835446134209633,0.0066392547218129,,0.5884693142771721,23.481266878000497,0.0002889741100822,0.615253497979748,0.4649187710345102,0.3227886769301031,0.615253497979748,0.3690944339075321,0.4104083812162503,0.5409065977912122,0.007950113704428,unet25d,43,0
20,0.7924984809756279,0.0429510984010994,0.4926795515418052,0.7858485522866249,0.0055219738278537,,0.5730140477418899,24.261378686999706,0.0002873659989982,,,,,,,,0.0073677047109231,unet25d,43,0
21,0.7921044135093689,0.0402441678848117,0.4913603359460831,0.7890085482597351,0.0046979865245521,,0.5718421077728272,23.475418136999902,0.0002856535741046,,,,,,,,0.0067301094718277,unet25d,43,0
22,0.7988055860996246,0.0348285327292978,0.49321478754282,0.7722044333815574,0.0040556831844151,,0.5718393468856812,23.798703364000172,0.0002838381357927,,,,,,,,0.0060066661331802,unet25d,43,0
23,0.7792009183764458,0.0327553177811205,0.4806226965785026,0.75537193775177,0.0036244837357662,,0.5574483180046081,23.525969067000005,0.0002819210626809,,,,,,,,0.0055360116995871,unet25d,43,0
24,0.7736278355121613,0.0350359889119863,0.478191114962101,0.7821122267842293,0.0030681406357325,,0.5576076838374138,21.19660512100017,0.0002799038105676,,,,,,,,0.0052596827829256,unet25d,43,0
25,0.7680430647730827,0.0325936221098527,0.4738633047044277,0.7754480785131455,0.0027222201135009,,0.5524367451667785,20.271861739999625,0.0002777879113257,,,,,,,,0.004462599356193,unet25d,43,0
26,0.8038373839855194,0.0297085046302527,0.4941858550906181,0.7726737874746322,0.0021974168461747,,0.572383673787117,21.043263119000585,0.0002755749717393,,,,,,,,0.0041028260346502,unet25d,43,0
27,0.7727689835429191,0.0327088536927476,0.4767449530959129,0.8046717536449433,0.0019724752649199,,0.5580472737550736,21.31964614900062,0.0002732666722837,,,,,,,,0.0036826218757778,unet25d,43,0
28,0.7655228954553605,0.0294763402827084,0.4711042955517769,0.7922271746397018,0.0017037931189406,,0.5510780656337738,21.91650852800012,0.0002708647658491,,,,,,,,0.0033293144567869,unet25d,43,0
29,0.7743405750393868,0.028317456934601,0.475931346565485,0.763909760415554,0.0015596580109559,,0.5529628917574883,22.830172431000392,0.0002683710764094,0.5845568147387442,0.452447273224715,0.3080988410844643,0.5845568147387442,0.3390845820311631,0.4337004229042378,0.5172781549191074,0.0028129525668919,unet25d,43,0
30,0.7665326488018036,0.0307853663247078,0.4722337535023689,0.8145341572165489,0.0013616761623416,,0.5543529433012009,24.83256465500017,0.0002657874976374,,,,,,,,0.0029884215944912,unet25d,43,0
31,0.7469606103003025,0.0277566705271601,0.4592790549993515,0.7824861872196197,0.0011401698586996,,0.5380481086671353,24.776720933999968,0.0002631159914665,,,,,,,,0.002317134210607,unet25d,43,0
32,0.7480120500922203,0.029245754010044,0.4605055499076843,0.8010798454284668,0.000983921381412,,0.5410639098286629,24.631794560000344,0.0002603585866009,,,,,,,,0.0020058915240224,unet25d,43,0
33,0.7481877011060715,0.026789590884,0.4596284766495228,0.7814564749598503,0.0008241373096825,,0.5382286593317985,24.56188809200012,0.0002575173769752,,,,,,,,0.0020666542160324,unet25d,43,0
34,0.7511399438977242,0.0285011743754148,0.4620844535529613,0.7966551148891449,0.0009049847669666,,0.5422306159138679,23.92721710099977,0.000254594520164,,,,,,,,0.002177017716458,unet25d,43,0
35,0.7414569246768952,0.0274322218308225,0.455847058147192,0.7878185710310937,0.0007698216472635,,0.5351569102704525,22.638537028999963,0.0002515922357438,,,,,,,,0.0024474904849193,unet25d,43,0
36,0.7686544382572174,0.0239107257546857,0.4707569709420204,0.7861484271287918,0.0005904405450564,,0.5497396424412727,20.94196727200051,0.0002485128036071,,,,,,,,0.0016915252650505,unet25d,43,0
37,0.7541105762124062,0.0236808858881704,0.4619387155771255,0.7781423529982567,0.0005846593750175,,0.540146909058094,21.9294573290008,0.0002453585622314,,,,,,,,0.0018236210950999,unet25d,43,0
38,0.7469454339146614,0.0276417528837919,0.4592239791154861,0.800189768075943,0.0004699674088624,,0.5397282382845878,21.169027457000084,0.0002421319069034,,,,,,,,0.002308897980547,unet25d,43,0
39,0.7767089426517486,0.0261807308741845,0.4764976775646209,0.8173016995191574,0.000495687983639,,0.5587552192807198,21.464965687000586,0.0002388352878997,0.6412317081125131,0.5263933468226248,0.3862119077687929,0.6412317081125131,0.4657934093324384,0.4721549230229229,0.5812782196911745,0.0025129304525034,unet25d,43,0
40,0.7409000241756439,0.0277157262293621,0.4556263223290443,0.7781577849388123,0.0004690724270767,,0.533987213075161,24.925218786000187,0.0002354712086265,,,,,,,,0.0026083165299496,unet25d,43,0
41,0.7225929823517799,0.0222443503234535,0.4424535457789897,0.7569705766439437,0.0004376377610606,,0.5185315284132958,24.349181541999315,0.0002320422237183,,,,,,,,0.0017952154445811,unet25d,43,0
42,0.7109612615406513,0.0245267886063084,0.4363874898850918,0.7714189845323562,0.0004245376652397,,0.5139837911725045,24.4110221739993,0.0002285509370981,,,,,,,,0.0021658685765578,unet25d,43,0
43,0.7375170066952705,0.0249876861646771,0.452505296766758,0.8075545507669449,0.0003542838293651,,0.5337296727299691,24.708656961999623,0.000225,,,,,,,,0.0022560390435683,unet25d,43,0
44,0.7542993143200875,0.0244119665655307,0.4623443952202797,0.7931557986140251,0.0003318867737834,,0.5420614576339722,23.9456916980007,0.0002213921089555,,,,,,,,0.0019244444501964,unet25d,43,0
45,0.7204941979050636,0.022599096042104,0.441336176097393,0.787324866950512,0.0003107242842088,,0.5204418697953224,23.85854403799931,0.0002177300037466,,,,,,,,0.0017883471409004,unet25d,43,0
46,0.7221125531196594,0.0248374171042814,0.4432025189697742,0.8020580372214318,0.0002864847653108,,0.5238709996640682,24.018113420999725,0.0002140164653244,,,,,,,,0.0022417403948202,unet25d,43,0
47,0.7203081929683686,0.0259292917000129,0.4425566489994526,0.8031922256946564,0.0003141667099407,,0.5234214413166046,21.00335223300044,0.0002102543136979,,,,,,,,0.0026492947320366,unet25d,43,0
48,0.720291283428669,0.0246244652126915,0.4420245741307735,0.8175801369547844,0.0002494125092925,,0.5242863255739212,21.830767237000146,0.0002064464057921,,,,,,,,0.0024563263044547,unet25d,43,0
49,0.7283633095026016,0.0224897124432027,0.4460138888657093,0.7916812631487846,0.0002469484315224,,0.5256097960472107,22.29068914599975,0.0002025956332789,0.6504928712048171,0.5265265358947029,0.3893694618437259,0.6504928712048171,0.41767691996096,0.511409816518332,0.5871906296756737,0.0020771530380079,unet25d,43,0
50,0.7368635073304176,0.0212316327542066,0.4506107766926288,0.7922134318947792,0.0002125707541927,,0.5302855661511421,24.54574853399936,0.0001987049203807,,,,,,,,0.0022140860925719,unet25d,43,0
51,0.7273193326592445,0.019209485379979,0.4440754126012325,0.7684903532266617,0.0001556686410185,,0.5212359404563904,24.05957569900056,0.0001947772216502,,,,,,,,0.0015185663349257,unet25d,43,0
52,0.7455425155162811,0.023446758268401,0.456704232096672,0.8105480146408081,0.0002138325237683,,0.5382362207770348,24.17932246500004,0.0001908155197268,,,,,,,,0.0023324655565375,unet25d,43,0
53,0.7157796296477318,0.0233960503758862,0.4388262133300304,0.7703524592518807,0.0002011355380818,,0.516378062069416,25.07672542900036,0.0001868228230711,,,,,,,,0.0025327022471901,unet25d,43,0
54,0.7109386783838272,0.0219424242153763,0.435340196788311,0.7837015452980995,0.000221191733508,,0.514175278544426,24.18796516800012,0.0001828021636809,,,,,,,,0.0022693235727274,unet25d,43,0
55,0.73402548879385,0.0223170360550284,0.4493421252071857,0.7863730707764626,0.0002479312125433,,0.5284666812419891,24.43137767100052,0.0001787565947885,,,,,,,,0.0023742658806804,unet25d,43,0
56,0.6932289983332157,0.0216100282873958,0.4245814274251461,0.7769493132829666,0.0002352290216003,,0.5027637204527855,23.387484371000028,0.0001746891885421,,,,,,,,0.0023779787968305,unet25d,43,0
57,0.7296115408837796,0.0197664481238462,0.4456735207885504,0.800466182231903,0.0001748207807941,,0.5261346836388111,24.394627691000096,0.0001706030336727,,,,,,,,0.0020290210858729,unet25d,43,0
58,0.7598568245768547,0.021425307993777,0.4644842332601547,0.8150300624966621,0.0001417264849442,,0.5464381095767021,22.539226134999808,0.0001665012331491,,,,,,,,0.0022189080337557,unet25d,43,0
59,0.6985011486709118,0.0221344028506428,0.4279544676840305,0.7716679108142853,0.0001504718634259,,0.5056050348281861,20.57168271699993,0.0001623869018208,0.6817995266024982,0.5821503142561599,0.4451239892279255,0.6817995266024982,0.4754358916983112,0.5892155244676706,0.6282372091611395,0.0023812355496738,unet25d,43,0
60,0.7101369053125381,0.0197208122815936,0.4339704841375351,0.7667822191119193,0.0001697727337887,,0.5110232904553413,24.144942371999605,0.0001582631640533,,,,,,,,0.0018304804571107,unet25d,43,0
61,0.7396633052825927,0.0199069747747853,0.451760790348053,0.8043884685635567,0.0001568867649575,,0.5326442930102349,24.55990668599952,0.0001541331513552,,,,,,,,0.0021840520716614,unet25d,43,0
62,0.7088563388586044,0.0209083783789537,0.4336771707236767,0.7885703063011169,0.0001414639085396,,0.5130158197879792,23.48556650499995,0.00015,,,,,,,,0.0023726956965128,unet25d,43,0
63,0.6988475520908832,0.0182496920786798,0.4266084289550781,0.7682797437906266,0.0001145595997513,,0.5038082849979401,24.63788211100018,0.0001458668486447,,,,,,,,0.0018307832138816,unet25d,43,0
64,0.7087871611118317,0.0195841977233067,0.4331059914827346,0.8024525782465934,0.0001233499884824,,0.5138004240393639,24.21198882299996,0.0001417368359466,,,,,,,,0.0022150121098093,unet25d,43,0
65,0.7235788610577584,0.0169597614044323,0.4409312400221825,0.769197223186493,0.0001047731229368,,0.5181438621878623,24.504186543000287,0.0001376130981791,,,,,,,,0.0014383258632915,unet25d,43,0
66,0.7101789206266403,0.021175312702544,0.4345774943381548,0.789302009344101,0.0001181261694455,,0.5139681611955166,24.989812978999908,0.0001334987668508,,,,,,,,0.0022727897751792,unet25d,43,0
67,0.7185750360786914,0.0202252425113692,0.4392351351678371,0.752779843211174,0.0001055134299917,,0.5149657990038395,24.462594946000536,0.0001293969663272,,,,,,,,0.0022370147568562,unet25d,43,0
68,0.744781561344862,0.0197992227086797,0.4547886431217193,0.7916280004382134,0.0001073985318862,,0.5344604443013669,24.37700867999956,0.0001253108114578,,,,,,,,0.0025181537789831,unet25d,43,0
69,0.7290577086806297,0.0198782668844796,0.4453859482705593,0.7602993363142013,0.0001401826496032,,0.5219044381380081,24.29782344599971,0.0001212434052114,0.6987547353627033,0.5963318501990202,0.464928348473467,0.6987547353627033,0.4946817444740451,0.5955590707603123,0.6446452311246748,0.0024077300735734,unet25d,43,0
70,0.6963448765873909,0.0202894819714128,0.425922734439373,0.800947171151638,0.0001317331343204,,0.5065110984444618,21.11292198499996,0.000117197836319,,,,,,,,0.0024353011344737,unet25d,43,0
71,0.7348690551519393,0.0188457190245389,0.4484597387909889,0.7861671084165573,0.0001346419074684,,0.5275099797546864,23.84271009700024,0.0001131771769288,,,,,,,,0.0021339835769322,unet25d,43,0
72,0.7349152195453644,0.0247513627633452,0.4508496937155724,0.8040658321976661,0.0001107527662384,,0.531993741095066,23.632313895000152,0.0001091844802731,,,,,,,,0.0036596163145441,unet25d,43,0
73,0.7230659088492394,0.0223349037306616,0.4427735237777233,0.8089197751879692,0.0001354946999208,,0.5243227714300156,23.496816806000425,0.0001052227783497,,,,,,,,0.0032524648485104,unet25d,43,0
74,0.7434547609090805,0.0267790135834366,0.4567844796180725,0.7944685581326485,0.0001631298321444,,0.5371044304966927,24.238121409000087,0.0001012950796192,,,,,,,,0.0043246811696008,unet25d,43,0
75,0.7239703252911568,0.0224064094619825,0.4433447785675525,0.8194156527519226,9.158546330525042e-05,,0.525903342962265,24.03764036800021,9.740436672108684e-05,,,,,,,,0.0030620784458551,unet25d,43,0
76,0.710968006849289,0.024768174639903,0.4364880910515785,0.8328160643577576,0.0001006353849879,,0.5204957348108291,24.9394323789993,9.355359420782469e-05,,,,,,,,0.0036050251827509,unet25d,43,0
77,0.742231774777174,0.0212528782500885,0.4538402304053306,0.8087856122851371,0.0001132597703281,,0.5353351408243179,25.11261654199916,8.97456863020546e-05,,,,,,,,0.0030533943638147,unet25d,43,0
78,0.7175065632164478,0.024116022652015,0.4401503636687994,0.8116496640443802,0.0001678791202357,,0.5219887065887451,24.541024799999832,8.598353467553945e-05,,,,,,,,0.0033248906658263,unet25d,43,0
79,0.7554536974430084,0.0217037382768467,0.4619537332653999,0.8110176390409469,0.0001463826635153,,0.5437146401405335,24.83709514400107,8.226999625336662e-05,0.6981870665475395,0.6171408323978794,0.497948897898382,0.6981870665475395,0.5170780598180121,0.6361573708280864,0.6538493794377256,0.0032591287410468,unet25d,43,0
80,0.7286146812140941,0.0250541127566248,0.4471904702484607,0.8205926921963692,0.0001953722139569,,0.5300445498526096,20.930455874000472,7.860789104443896e-05,,,,,,,,0.0039251972046258,unet25d,43,0
81,0.7148335213959217,0.0223056221287697,0.4378223815560341,0.7888418307900429,0.0001781940035016,,0.5173419000208378,21.25310793999961,7.500000000000002e-05,,,,,,,,0.0031321059611218,unet25d,43,0
82,0.7444356068968773,0.0220537909679114,0.455482901930809,0.8448316520452499,0.0001380976135078,,0.5406219673156738,22.82616170499932,7.144906290181832e-05,,,,,,,,0.0032449701540463,unet25d,43,0
83,0.7059960341453553,0.0230780927138403,0.4328288756310939,0.81565987855196,0.0001615466442308,,0.5150546312332154,24.63333412400061,6.795777628163599e-05,,,,,,,,0.003258431919894,unet25d,43,0
84,0.7311901247501373,0.021892082223203,0.4474709224700928,0.8477434292435646,0.00013823889999,,0.532835687994957,24.64577499699953,6.452879137346007e-05,,,,,,,,0.0029175422066691,unet25d,43,0
85,0.72945401892066,0.0218284190399572,0.4464037951827049,0.8068776050209999,0.0001368063595054,,0.5277461773157119,23.7573351810006,6.1164712100253e-05,,,,,,,,0.0032389003326534,unet25d,43,0
86,0.7385139825940132,0.0255812370940111,0.4533409029245376,0.819545481801033,0.000160863475794,,0.5361455422639847,24.41458787999909,5.786809309654982e-05,,,,,,,,0.0042102316677664,unet25d,43,0
87,0.7152259942889213,0.0209844004968181,0.4375293716788292,0.8216255691647529,0.0001438546406188,,0.5203061801195145,23.71141647799959,5.464143776850482e-05,,,,,,,,0.0030353013693456,unet25d,43,0
88,0.7207662881910801,0.0204862829577177,0.4406543062627315,0.7598937633633613,0.0001188957905566,,0.5172038868069648,24.656302295001296,5.148719639283984e-05,,,,,,,,0.0027712864526984,unet25d,43,0
89,0.7064507299661636,0.0200570471421815,0.4318932765722275,0.8056253069639205,0.0001023915858797,,0.5130088835954666,24.55153442700066,4.840776425613886e-05,0.7210317584897177,0.630019339011457,0.5011625863044172,0.7210317584897177,0.5189645009260423,0.6500617576186113,0.6717411154277093,0.0027397849296903,unet25d,43,0
90,0.719689957499504,0.0243222961854189,0.4415429106354713,0.785105394423008,0.0001204178129728,,0.5208117428421974,20.32369202600057,4.5405479835900685e-05,,,,,,,,0.0037613689387035,unet25d,43,0
91,0.6986170977354049,0.0183522805920802,0.4265111856162548,0.7485613948106766,0.0001018340752125,,0.5018943774700165,21.801304783000887,4.2482623024732334e-05,,,,,,,,0.0026097952955751,unet25d,43,0
92,0.7150713881850242,0.0229707298474386,0.4382311451435089,0.8429668372869492,0.0001164938151964,,0.5232056632637978,21.188703955000165,3.964141339903026e-05,,,,,,,,0.0033600534337165,unet25d,43,0
93,0.7245615765452385,0.0227533410768955,0.4438383008539677,0.7933495384454727,9.858553723461228e-05,,0.5238714876770973,21.437043969001024,3.6884008533465575e-05,,,,,,,,0.0034665237404988,unet25d,43,0
94,0.7297097906470299,0.0228139421739615,0.4469514705240726,0.8175073075294494,9.977018328072518e-05,,0.5294234305620193,24.470017353998628,3.4212502362551864e-05,,,,,,,,0.0035811804868353,unet25d,43,0
95,0.721279902458191,0.0245104333572089,0.4425721301138401,0.7865255618095398,0.0001059950161499,,0.522029737085104,24.616296058000444,3.162892359054098e-05,,,,,,,,0.0039987529761219,unet25d,43,0
96,0.7421295320987702,0.0200863055908121,0.4533122606575489,0.7694650149345398,9.545141726448492e-05,,0.5308380597829818,24.587373565000235,2.913523415085328e-05,,,,,,,,0.0028726127179834,unet25d,43,0
97,0.7163276398181915,0.0222431261348538,0.438693851083517,0.8225759422779083,0.0001022024796839,,0.5215774977207184,24.43696686899966,2.673332771621324e-05,,,,,,,,0.003104719404655,unet25d,43,0
98,0.7409663447737693,0.0197659301105886,0.452486198246479,0.7941997122764587,0.0001114785590675,,0.5324995386600494,25.20441340800062,2.4425028260620715e-05,,,,,,,,0.0029389840517887,unet25d,43,0
99,0.7097673472762108,0.0213076890772208,0.4343835020065307,0.7939581573009491,0.000126772416379,,0.5143509559333325,24.2655996350004,2.221208867425096e-05,0.7007616351090836,0.6050307232706825,0.4785121310782308,0.7007616351090836,0.5047339258106921,0.6095966088922722,0.6498174111544779,0.0028264988714363,unet25d,43,0
100,0.7220657512545585,0.022018627221696,0.4420469197630882,0.8212606671452523,0.0001019420721331,,0.5248405867815018,22.70832080299988,2.009618943233419e-05,,,,,,,,0.0033125029880466,unet25d,43,0
101,0.7318253043293953,0.0210874403861816,0.4475301769375801,0.7844256854057312,0.0001221426285292,,0.526550135910511,20.874069953999424,1.807893731902665e-05,,,,,,,,0.0028564294739771,unet25d,43,0
102,0.7276724219322205,0.0202673383755609,0.4447104053199291,0.7338464969396591,0.0001575003354082,,0.518693424463272,21.59922215199913,1.616186420724089e-05,,,,,,,,0.0029524901060722,unet25d,43,0
103,0.7109628841280937,0.0218701865151524,0.4353258199989795,0.8036161756515503,0.0001534298757269,,0.516307081580162,20.9773037720006,1.4346425895363384e-05,,,,,,,,0.0030598747225121,unet25d,43,0
104,0.710924888253212,0.0218441053759306,0.435292594730854,0.7721257850527763,0.0001249403517249,,0.5131535473465919,20.64595629500036,1.2634001001741372e-05,,,,,,,,0.0032106372646285,unet25d,43,0
105,0.6683823516964913,0.0205449822964146,0.409247420579195,0.7709150931239128,0.0001412724439342,,0.4869572445750236,23.097753601001383,1.1025889917779737e-05,,,,,,,,0.0030562372060421,unet25d,43,0
106,0.7296400502324104,0.0182557979226112,0.4450863686203956,0.7746891722083091,0.0001048175865753,,0.5230750355124474,24.26218419100041,9.523313820441804e-06,,,,,,,,0.002572538903878,unet25d,43,0
107,0.7332178184390068,0.0206047662370838,0.4481726160645485,0.797740506529808,0.0001231497553635,,0.5285688665509224,24.810591825998927,8.127413744904804e-06,,,,,,,,0.0030802207766646,unet25d,43,0
108,0.7337683793902398,0.0196736591286025,0.4481305105984211,0.803360533118248,0.0001098068489818,,0.5290350359678269,23.897479362000013,6.839249718073875e-06,,,,,,,,0.0028148823960691,unet25d,43,0
109,0.7417802354693412,0.0200863842386752,0.4531027145683765,0.8165178987383842,0.0001081711468941,,0.5353434589505196,24.895791928000108,5.659799953612438e-06,0.7056079887940477,0.6080962899589809,0.4786611267351832,0.7056079887940477,0.5038633736207679,0.614817507462127,0.6536597929376412,0.0029177240426452,unet25d,43,0
110,0.710052880346775,0.0188779402361251,0.4335829217731952,0.7566659054160119,0.0001318881848919,,0.5098257705569267,23.57690746100161,4.589960109100444e-06,,,,,,,,0.0028483121078966,unet25d,43,0
111,0.7120898219943047,0.0206786086084321,0.4355253534018993,0.764813132584095,0.0001105628470395,,0.5126338398456574,23.72582221599987,3.630542605884657e-06,,,,,,,,0.0031082154261457,unet25d,43,0
112,0.7076818093657493,0.0180582260410301,0.4318323940038681,0.7793929779529571,0.0001002068191701,,0.5102408981323242,20.00672399999894,2.7822760121373187e-06,,,,,,,,0.0023209790780924,unet25d,43,0
113,0.7193742926418781,0.0199201878393068,0.4395926685631275,0.7907329624891282,0.0001090525346603,,0.5192046019434929,20.893089345998305,2.0458044895916517e-06,,,,,,,,0.0026659335090971,unet25d,43,0
114,0.7043248373270035,0.018470916270744,0.4299832852184772,0.7753019648790359,0.0001153801907889,,0.5080563160777092,21.147559439999892,1.4216873043745137e-06,,,,,,,,0.0026853219718259,unet25d,43,0
115,0.6876462036371231,0.0200849489355459,0.4206217190623283,0.7751654803752899,0.000112238204606,,0.4986843821406364,20.612419107001188,9.103984023075772e-07,,,,,,,,0.0027024821542909,unet25d,43,0
116,0.6858536642789841,0.0177280669042374,0.418603441119194,0.7289996817708015,0.0001077702573161,,0.4919372764229774,22.665037599999778,5.123260489995229e-07,,,,,,,,0.0021423811610492,unet25d,43,0
117,0.6886564567685127,0.0194891407131217,0.4209895466268062,0.7741248875856399,0.0001121239674057,,0.4989272788166999,24.827413351998985,2.2777253500257386e-07,,,,,,,,0.0025982015229601,unet25d,43,0
118,0.7078605809807778,0.02014222496422,0.4327732549607754,0.7883781066536903,0.0001027124162158,,0.5121777674555779,24.56151215300088,5.695394625728767e-08,,,,,,,,0.0028078307342639,unet25d,43,0
119,0.7085300543904305,0.0188411188311874,0.4326544977724552,0.7757074868679047,0.0001024422365304,,0.5107119101285934,26.52337112100031,0.0,0.7070081515686336,0.6112685582169286,0.4825377350969357,0.7070081515686336,0.5041062841351475,0.6226912389470051,0.6558392319159524,0.0024077212289193,unet25d,43,0
0,0.9764076656103134,0.6138271379470825,0.8313754820823669,0.748484680056572,0.0362204952910542,0.6038769572973252,1.511911940574646,25.57238561799932,5.1e-05,,,,,,,,,no_quality,43,0
1,0.9684189194440842,0.4261570128798485,0.7515141838788986,0.6887564116716385,0.0382431092485785,0.4981184044480324,1.3204203867912292,24.55403098899933,0.0001009999999999,,,,,,,,,no_quality,43,0
2,0.9613397628068924,0.3568358784914017,0.7195382392406464,0.6832444721460342,0.037085359506309,0.4707035630941391,1.260420515537262,22.442246182999952,0.0001509999999999,,,,,,,,,no_quality,43,0
3,0.959794614315033,0.3180527472496032,0.7030978947877884,0.6820217007398606,0.0313221650198102,0.4531382992863655,1.226004478931427,22.016813070000357,0.0002009999999999,,,,,,,,,no_quality,43,0
4,0.95327454328537,0.2780646562576294,0.6831906127929688,0.6832810002565384,0.03271279245615,0.4343498280644416,1.1875041830539703,21.7223471289999,0.000251,,,,,,,,,no_quality,43,0
5,0.9438587135076524,0.2345417588949203,0.6601319539546967,0.6774929374456405,0.0409607910737395,0.4142744541168213,1.1442037385702133,22.753002069000104,0.0003,,,,,,,,,no_quality,43,0
6,0.9307122719287872,0.1951437240839004,0.636484871506691,0.6999432903528213,0.0359048198349773,0.396351283788681,1.1046257293224335,24.6283324369997,0.0002999430460537,,,,,,,,,no_quality,43,0
7,0.9171188002824784,0.1592504060268402,0.6139714670181274,0.6823220974206925,0.0310280483961105,0.3780136236548423,1.061768697500229,24.42280236399984,0.0002997722274649,,,,,,,,,no_quality,43,0
8,0.9221059727668762,0.1336908993124962,0.6067399668693543,0.7007449871301651,0.0278128012269735,0.3826437796652317,1.0608488810062409,24.61976959100048,0.000299487673951,,,,,,,,,no_quality,43,0
9,0.9010512566566468,0.1102102515101432,0.5847148752212524,0.6788074725866318,0.0251744816079735,0.3663413828611374,1.020195731520653,24.735041777999868,0.0002990896015976,0.5185238045236754,0.4205778186894429,0.2874702094842497,0.5185238045236754,0.3076429842834381,0.4355666672612154,0.466034649269463,,no_quality,43,0
10,0.8807518213987351,0.0930722338706254,0.5656800085306167,0.6951755082607269,0.0230958596244454,0.3500311334431171,0.9863834923505784,23.54983248099961,0.0002985783126956,,,,,,,,,no_quality,43,0
11,0.8730300563573837,0.0791328571736812,0.5554711988568306,0.7084120482206344,0.0214622637256979,0.3514610482752323,0.9788465696573256,21.632063918000316,0.0002979541955104,,,,,,,,,no_quality,43,0
12,0.8570487773418427,0.0683535831421613,0.5415707182884216,0.7005851894617081,0.0189444249868392,0.3427853083610535,0.9553617757558822,22.620335581999825,0.0002972177239878,,,,,,,,,no_quality,43,0
13,0.8351295393705368,0.0589795045182108,0.5246695470809937,0.7087692505121231,0.0170202131569385,0.3338619400560856,0.9302594184875488,23.336321910999686,0.0002963694573941,,,,,,,,,no_quality,43,0
14,0.8402275776863098,0.0487662918120622,0.5236430814862252,0.7127234780788422,0.0154277619812637,0.3395715019106864,0.9352583134174348,23.914048403999917,0.0002954100398908,,,,,,,,,no_quality,43,0
15,0.79469890832901,0.0456625130027532,0.4950843697786331,0.7229308605194091,0.0131584638636559,0.3200242714583873,0.8880596494674683,23.50523020500077,0.0002943402000463,,,,,,,,,no_quality,43,0
16,0.8041737228631973,0.0384451427869498,0.4978823092579841,0.7339209550619126,0.010995728932321,0.3272663901746273,0.8990905767679215,23.62317950999932,0.0002931607502819,,,,,,,,,no_quality,43,0
17,0.7715038898587226,0.0365097512304782,0.4775062519311905,0.7269390654563904,0.00912385313306,0.3136218138039112,0.8642781639099121,24.715093520000664,0.000291872586255,,,,,,,,,no_quality,43,0
18,0.7871598348021507,0.0418671003170311,0.4890427613258362,0.7855007141828537,0.0073255167668685,0.3319839898496866,0.90085165143013,25.40587214699917,0.0002904766861795,,,,,,,,0.0045427690539509,no_quality,43,0
19,0.8068509763479232,0.0380812724120914,0.4993431133031845,0.7775295430421829,0.0061470080353319,0.3421678936481476,0.9203907728195192,24.462560869999837,0.0002889741100822,0.5038069868449773,0.4571735874255573,0.3814142682523408,0.5038069868449773,0.4360485872553355,0.4316651881763593,0.4775776951598876,0.0040972844627685,no_quality,43,0
20,0.7812623718380928,0.0367915020324289,0.483474041223526,0.8018859803676606,0.0052216614945791,0.3317628745734691,0.896566959619522,23.39395635299934,0.0002873659989982,,,,,,,,0.0044017934589646,no_quality,43,0
21,0.7776633957028389,0.0328541377559304,0.4797397130727768,0.7883111751079559,0.0045477405888959,0.3301656445860862,0.8898329794406891,22.604907081999954,0.0002856535741046,,,,,,,,0.0043455766746774,no_quality,43,0
22,0.7874058693647384,0.031913816453889,0.4852090689539909,0.7885475778579711,0.0040346891013905,0.3371879614889622,0.9022713840007782,23.51575229199989,0.0002838381357927,,,,,,,,0.0040892833308316,no_quality,43,0
23,0.7686376270651817,0.0288826839625835,0.4727356696128845,0.7718336701393127,0.0035694800224155,0.3288530573248863,0.8796653705835342,24.55870454599972,0.0002819210626809,,,,,,,,0.0035739863337948,no_quality,43,0
24,0.7595580610632896,0.0306446747574955,0.4679927261173725,0.802540588080883,0.0030030786222778,0.3248890079557895,0.8740960264205933,25.00222828300048,0.0002799038105676,,,,,,,,0.0040503877494484,no_quality,43,0
25,0.753407115638256,0.0284332582307979,0.4634175902605056,0.7848001793026924,0.0026996550161857,0.3251044270396233,0.8679502967000008,24.210670788000243,0.0002777879113257,,,,,,,,0.0040663929725997,no_quality,43,0
26,0.7941528594493866,0.0259865553490817,0.4868863552808761,0.7748214137554169,0.0023087306693196,0.3447663681209087,0.9099660980701446,24.415685605999897,0.0002755749717393,,,,,,,,0.0035790185583755,no_quality,43,0
27,0.7528245410323143,0.0268860508175566,0.4624491643905639,0.8163499447703362,0.0021106983115896,0.324979393184185,0.8698421275615692,25.104496242000096,0.0002732666722837,,,,,,,,0.0033652018080465,no_quality,43,0
28,0.7501072716712952,0.024702238664031,0.459945280700922,0.795478772521019,0.0018911984749138,0.3247451414167881,0.8649035459756851,25.013714382000217,0.0002708647658491,,,,,,,,0.0028533797059208,no_quality,43,0
29,0.760698022544384,0.0233283609524369,0.4657501757144928,0.7930254453420639,0.0015968006756156,0.3321873743832111,0.8778236171603203,24.636534813999788,0.0002683710764094,0.5593039622269149,0.484545157108274,0.3753513682946569,0.5593039622269149,0.398303386041755,0.4960281230561523,0.5184810612980969,0.0025184194848407,no_quality,43,0
30,0.7533241042494774,0.0240350531693547,0.4616085001826286,0.8397812384366989,0.0013736970373429,0.3278280417621135,0.8739106619358062,22.65945855300015,0.0002657874976374,,,,,,,,0.0021365279576275,no_quality,43,0
31,0.7383813162147999,0.0254086017841473,0.4531922480463982,0.796243063211441,0.0012104731390718,0.3219914782792329,0.855285664498806,24.11986856600015,0.0002631159914665,,,,,,,,0.0020855398441199,no_quality,43,0
32,0.7296888959407807,0.0253528643539175,0.4479545022547245,0.7789743646979332,0.0010473576944787,0.3204280938208103,0.8467294555902481,24.908628737000072,0.0002603585866009,,,,,,,,0.0019852715113665,no_quality,43,0
33,0.7305596581101418,0.0216274076723493,0.4469867746531963,0.7661543661355972,0.0009413219121051,0.3192247788608074,0.8431855779886246,24.740091405000385,0.0002575173769752,,,,,,,,0.0015576034673722,no_quality,43,0
34,0.7275607168674469,0.0236215310636907,0.4459850633144379,0.797291110754013,0.0009151727851713,0.3190011517703533,0.8450715410709381,24.611924385000748,0.000254594520164,,,,,,,,0.0015522578859236,no_quality,43,0
35,0.7167865641415119,0.0212696307548321,0.4385798065364361,0.8048974078893661,0.0008155875036027,0.3120262849330902,0.8314297884702683,23.48541380899951,0.0002515922357438,,,,,,,,0.0014658599009271,no_quality,43,0
36,0.7526304751634598,0.0200387932593002,0.459593822658062,0.7876703453063965,0.0006992830103263,0.3297528724372387,0.8684118208289147,24.199981503000345,0.0002485128036071,,,,,,,,0.0013156445565982,no_quality,43,0
37,0.739275251030922,0.0192045982740819,0.4512470091879368,0.7993263775110244,0.0006202303120517,0.3243958827108145,0.8558691373467445,25.11891857699993,0.0002453585622314,,,,,,,,0.0013129895628662,no_quality,43,0
38,0.7273202645778656,0.0219691350334323,0.4451798301935196,0.7841220366954803,0.0005951635964447,0.3214786270260811,0.8454286301136017,24.629558042999637,0.0002421319069034,,,,,,,,0.0016410650269244,no_quality,43,0
39,0.7515187001228333,0.0203114716778509,0.4590358275175095,0.8235931187868119,0.0005557214177679,0.331552367657423,0.8732796818017959,24.437547055999858,0.0002388352878997,0.5858076305149039,0.5044676251948734,0.3902888945345446,0.5858076305149039,0.4353673217381351,0.4922279233315811,0.5418537553208589,0.0015219196656835,no_quality,43,0
40,0.7171931025385857,0.0196204926562495,0.438164077848196,0.7869423234462738,0.0004951568433898,0.3163303565979004,0.8334787994623184,24.295521826999902,0.0002354712086265,,,,,,,,0.0013268599925504,no_quality,43,0
41,0.7050566583871841,0.0192859412403777,0.4307483866810798,0.7702757981419563,0.0005038499625516,0.3102856760472059,0.8183775642514228,24.486565659000007,0.0002320422237183,,,,,,,,0.0014536328165559,no_quality,43,0
42,0.6930119045078754,0.019179610760184,0.4234790021181107,0.7721372008323669,0.0004177287445054,0.3043808550387621,0.805367366373539,24.7362123920002,0.0002285509370981,,,,,,,,0.0013644963057595,no_quality,43,0
43,0.7195696583390236,0.0200648011406883,0.4397677361965179,0.801521657705307,0.000350438086607,0.3190422113239765,0.8392797213792801,24.641808555999887,0.000225,,,,,,,,0.0015004453565052,no_quality,43,0
44,0.7385640519857407,0.0202113080560229,0.4512229734659195,0.801246144771576,0.0003244265340617,0.3270753425359726,0.858717397749424,24.56159553099951,0.0002213921089555,,,,,,,,0.0013912149135285,no_quality,43,0
45,0.7044110083580017,0.0185419618617743,0.4300634078681469,0.7737189513444901,0.0003414710202196,0.3115585677325725,0.8193034887313843,24.248658034999607,0.0002177300037466,,,,,,,,0.0014626943000621,no_quality,43,0
46,0.6962330895662308,0.0188525565853342,0.4252808886766434,0.7931142368912697,0.0003134411609789,0.3080752216279506,0.8129899376630783,23.64240426300057,0.0002140164653244,,,,,,,,0.0015336675252183,no_quality,43,0
47,0.6989749118685722,0.0200385073269717,0.4274003687500953,0.7769900307059288,0.000294149647234,0.309774556607008,0.8152050772309303,24.371467592000045,0.0002102543136979,,,,,,,,0.0015821892274834,no_quality,43,0
48,0.7061394882202149,0.0195494097308255,0.4315034738183022,0.8089078158140183,0.0002472002155263,0.3124607756733894,0.8251618954539299,26.11756251600036,0.0002064464057921,,,,,,,,0.0014725186830037,no_quality,43,0
49,0.7180617922544479,0.019006269860547,0.4384396003186703,0.7946761325001717,0.0002278129563637,0.3171449579298496,0.8353993651270867,24.94355527100015,0.0002025956332789,0.6426565179182165,0.5512060653681912,0.4168304385660484,0.6426565179182165,0.4451632548029822,0.5657984233833746,0.592638774217992,0.0016789631466599,no_quality,43,0
50,0.7181587153673172,0.0172192686563357,0.4377829541265964,0.767712676525116,0.0002139016339788,0.3172287164628505,0.8320700168609619,25.09294970700012,0.0001987049203807,,,,,,,,0.0013818503997754,no_quality,43,0
51,0.7083622705936432,0.0162258254992775,0.4315077114105224,0.7625865802168846,0.0001935215722915,0.3128249629586935,0.8208767879009247,24.615033732000484,0.0001947772216502,,,,,,,,0.0013788950778689,no_quality,43,0
52,0.7248499104380608,0.019673372907564,0.4427793112397193,0.7959596782922744,0.0002092783350963,0.3218737677484751,0.8446409446001053,24.69687705800061,0.0001908155197268,,,,,,,,0.0019071727681875,no_quality,43,0
53,0.7026197469234466,0.0195715577993541,0.4294004885852336,0.7614623463153839,0.0001800861840456,0.3119960229098797,0.817918786406517,25.209842868000123,0.0001868228230711,,,,,,,,0.0018351519355019,no_quality,43,0
54,0.6922402608394623,0.0189428195613436,0.4229213029146194,0.7698778998851776,0.0001654900598805,0.3059095412492752,0.8061357885599136,24.36310739200053,0.0001828021636809,,,,,,,,0.0015443835529367,no_quality,43,0
55,0.7144787618517876,0.0169184269756078,0.4354546447098255,0.7618838629126549,0.0001843061923136,0.3194081380963325,0.8313445734977722,24.397135252000226,0.0001787565947885,,,,,,,,0.0014209278715497,no_quality,43,0
56,0.6721508075296879,0.0176874141884036,0.4103654645383358,0.7747238516807556,0.0001839387039217,0.2982369210571051,0.7863995784521103,23.773453421998965,0.0001746891885421,,,,,,,,0.0015780620240184,no_quality,43,0
57,0.7121408638358117,0.0158503148227464,0.4336246618628502,0.7709412479400635,0.0001692679928237,0.3155433598160744,0.8265414506196975,24.09156915699896,0.0001706030336727,,,,,,,,0.0013542097275421,no_quality,43,0
58,0.7431328058242798,0.0191874686302617,0.4535546913743019,0.7972643005847931,0.0001655371678498,0.3303714306652546,0.8640523499250412,23.53361482100081,0.0001665012331491,,,,,,,,0.0019575761958549,no_quality,43,0
59,0.6764496965706348,0.0183841623994521,0.4132235007733106,0.783593809902668,0.0001470522877934,0.2992831999063491,0.7911947301030159,22.45982810200076,0.0001623869018208,0.7096752363582303,0.6245738483419052,0.4980420301222752,0.7096752363582303,0.5132764172084731,0.6507698914590118,0.6629814993297373,0.0016064849558824,no_quality,43,0
60,0.6875944942235946,0.0154667798569425,0.4187434242665768,0.7593138068914413,0.000148893949954,0.3058016227185726,0.8007535341382027,24.52734997100015,0.0001582631640533,,,,,,,,0.0013482992861827,no_quality,43,0
61,0.7244597736001015,0.0169639758288394,0.4414614725112915,0.7837188985943794,0.0001304737073223,0.3213113458454609,0.8415011432766915,24.04381142999955,0.0001541331513552,,,,,,,,0.0017495302930001,no_quality,43,0
62,0.6913284972310066,0.0176620336144696,0.4218619272112846,0.7801823174953461,0.0001219962504546,0.305966096073389,0.8062349474430084,23.80941725699995,0.00015,,,,,,,,0.0019129261355919,no_quality,43,0
63,0.6815468987822533,0.0146670654870104,0.414794982895255,0.7635480782389641,0.0001337351455003,0.3014887917041778,0.7928956174850463,25.00396980699952,0.0001458668486447,,,,,,,,0.0012517387959269,no_quality,43,0
64,0.6932751587033272,0.0165933168376795,0.4226024387776851,0.7860523870587349,0.0001330480098113,0.3079293502867222,0.8094740602374076,24.606953728000008,0.0001417368359466,,,,,,,,0.0016518933637416,no_quality,43,0
65,0.7079410016536712,0.0150489840842783,0.4307842122018337,0.7687201625108719,0.0001385532750282,0.3150944802165031,0.8230121457576751,24.87692950599921,0.0001376130981791,,,,,,,,0.001272555880314,no_quality,43,0
66,0.691665387302637,0.01757425729651,0.4220289518684149,0.7966536021232605,0.0001300915549654,0.3075058373808861,0.8095440556108952,25.3173667939991,0.0001334987668508,,,,,,,,0.0016869907142063,no_quality,43,0
67,0.7056865991652012,0.0173233731370419,0.4303413282334805,0.768192529976368,0.0001148253135033,0.3130547783523798,0.8205574202537537,22.763131060999516,0.0001293969663272,,,,,,,,0.0016815944256632,no_quality,43,0
68,0.7241909448802472,0.0155910277948714,0.4407509987056255,0.7746110361814499,0.0001095858377811,0.319990366846323,0.8385527482628823,23.45513300699895,0.0001253108114578,,,,,,,,0.001723999956157,no_quality,43,0
69,0.7111561983823776,0.0165703833289444,0.4333218893408775,0.756531653702259,0.0001207174101,0.3162822785973549,0.8256139105558395,22.99912249299996,0.0001212434052114,0.7257164514160624,0.6344859526339434,0.5035586322322217,0.7257164514160624,0.5291318214562325,0.6486095850295349,0.6761315198630427,0.0017527048796819,no_quality,43,0
70,0.6756960898637772,0.0167942574271,0.4121353729069233,0.7933589160442353,0.000133345908107,0.3004907295107841,0.7922977370023727,24.81532374699964,0.000117197836319,,,,,,,,0.0016453825645112,no_quality,43,0
71,0.7062164935469627,0.0142906314204446,0.4294461666047573,0.769239273071289,0.0001285227325934,0.3127520712465048,0.8194041576981544,25.053091895999387,0.0001131771769288,,,,,,,,0.0013778083512443,no_quality,43,0
72,0.7116718602180481,0.0202024893718771,0.4350841300189495,0.8043749225139618,0.0001496967455386,0.3158785192668438,0.8319298720359802,23.91911261400128,0.0001091844802731,,,,,,,,0.0026112465847836,no_quality,43,0
73,0.7029132378101349,0.0180909315892495,0.4289843329787254,0.8211811110377312,0.0001517541908833,0.311873884871602,0.8234420478343963,23.63278310199894,0.0001052227783497,,,,,,,,0.0022906310777443,no_quality,43,0
74,0.7196785154938697,0.020625750448089,0.4400574284791946,0.7774194321036338,0.0001666211580959,0.319734852463007,0.8380999675393105,24.317474359999323,0.0001012950796192,,,,,,,,0.0027870650212207,no_quality,43,0
75,0.7012391176819801,0.018783653541468,0.4282569509744644,0.8110590052604675,0.0001031144160515,0.3126094003021717,0.8224230718612671,24.65962672400019,9.740436672108684e-05,,,,,,,,0.0022282924282808,no_quality,43,0
76,0.6882278510928154,0.0194902900233864,0.4207328441739082,0.8005098521709442,0.0001095857312247,0.307266610711813,0.8085556247830391,23.129908297001748,9.355359420782469e-05,,,,,,,,0.0024985097326498,no_quality,43,0
77,0.7283381558954716,0.01823614471592,0.4442973712086677,0.793837813436985,0.000126645101991,0.3245487277954816,0.8487164238095284,23.15019491500061,8.97456863020546e-05,,,,,,,,0.002401071440654,no_quality,43,0
78,0.6968821880221366,0.0196230900753289,0.4259785668551922,0.7967237830162048,0.0001483031392854,0.3097092374414205,0.815872203707695,23.33101278599861,8.598353467553945e-05,,,,,,,,0.0025230411710072,no_quality,43,0
79,0.7349499115347862,0.0189447483932599,0.4485478627681732,0.8161254668235779,0.0001278724426447,0.3260540828108788,0.8567604717612266,23.51841023400084,8.226999625336662e-05,0.7066142960572414,0.6213309601078907,0.497338051672231,0.7066142960572414,0.5024572899924705,0.6549212942739601,0.6601016708339351,0.0026979287662106,no_quality,43,0
80,0.7033748485147953,0.0187271400494501,0.4295157805085182,0.8068201354146004,0.0001273954103453,0.3124262753129005,0.8231168639659882,24.887741294998705,7.860789104443896e-05,,,,,,,,0.0024321305121338,no_quality,43,0
81,0.6956918467581272,0.0172738780349027,0.4243246734142303,0.7869918391108512,0.0001246482539499,0.3086114451289177,0.8120419135689736,25.16919730200061,7.500000000000002e-05,,,,,,,,0.002001869336359,no_quality,43,0
82,0.7203032904863358,0.0175534724048338,0.4392033821344375,0.824332047700882,0.0001091743085271,0.3197826075553894,0.8418682345747948,24.93538266500036,7.144906290181832e-05,,,,,,,,0.002217877098119,no_quality,43,0
83,0.6852052456140518,0.0194861036143265,0.4189176043868065,0.8105433875322342,0.000129906950824,0.3047448851913213,0.8052172753214836,24.806802942001013,6.795777628163599e-05,,,,,,,,0.0024697141608339,no_quality,43,0
84,0.711494792997837,0.0184377177036367,0.4342719803750515,0.8050078204274178,0.0001257068687846,0.3154622119665146,0.8307008641958237,23.837112761000757,6.452879137346007e-05,,,,,,,,0.0022980106346949,no_quality,43,0
85,0.7112006436288357,0.01712819512235,0.433571680188179,0.8034134390950203,9.927204187988536e-05,0.3179463765025139,0.8322920781373978,22.93964573100129,6.1164712100253e-05,,,,,,,,0.0021385413336247,no_quality,43,0
86,0.7180301097035408,0.020188783063204,0.438893595635891,0.8175867807865143,0.000102163183692,0.3206909051537513,0.8419318747520447,22.83943856800033,5.786809309654982e-05,,,,,,,,0.0029179110591758,no_quality,43,0
87,0.6922777050733566,0.0170269379066303,0.4221774165332317,0.7905354481935501,0.0001044380227358,0.3062954194843769,0.8079929545521736,22.54131718999997,5.464143776850482e-05,,,,,,,,0.0023067563874474,no_quality,43,0
88,0.7045810227096081,0.0167432603868655,0.4294459369033575,0.7535781845450401,8.95819037759793e-05,0.3128500547260046,0.8180681729316711,24.71108075400116,5.148719639283984e-05,,,,,,,,0.0020494087527004,no_quality,43,0
89,0.6858866256475449,0.017432192354463,0.4185048694908619,0.8065718561410904,0.0001018084367024,0.3059038256108761,0.8055256527662277,24.64350866000132,4.840776425613886e-05,0.7355064719336406,0.6462619793720679,0.5151761035633514,0.7355064719336406,0.5233855752919799,0.679893890890583,0.6867000873281399,0.0022734077014047,no_quality,43,0
90,0.7010558032989502,0.0198642879119142,0.4285792136192322,0.7695792454481125,9.800869229366073e-05,0.3119665373116732,0.818059533238411,23.765939005999822,4.5405479835900685e-05,,,,,,,,0.0027547365692953,no_quality,43,0
91,0.6821211707592011,0.016042552110739,0.415689740628004,0.749513720870018,7.967674513565725e-05,0.3036895225942135,0.7947523209452629,24.972740117000285,4.2482623024732334e-05,,,,,,,,0.0020885034071534,no_quality,43,0
92,0.6936444860696792,0.0186977114714682,0.4236657920479774,0.8142840379476547,0.0001023583161804,0.3069458539038897,0.8124982890486717,25.322028299999147,3.964141339903026e-05,,,,,,,,0.0022655839054277,no_quality,43,0
93,0.704367153942585,0.0178374158986844,0.4297552759945393,0.7892036470770836,8.127980632707476e-05,0.3127407340705395,0.8218864980340004,23.27885409499868,3.6884008533465575e-05,,,,,,,,0.0023302889589103,no_quality,43,0
94,0.708136056214571,0.0178555139608215,0.4320238597691059,0.797671954035759,8.759205769820255e-05,0.3161100690811873,0.8283874928951264,23.418795880999824,3.4212502362551864e-05,,,,,,,,0.0024099397421014,no_quality,43,0
95,0.7005551877617836,0.0184461887995712,0.4277116084098816,0.8048735171556473,9.296562398958486e-05,0.3121456406265497,0.8208576089143753,23.02599669899973,3.162892359054098e-05,,,,,,,,0.002541818122354,no_quality,43,0
96,0.7212662371993065,0.0159686071332544,0.4391471998393536,0.7623924261331558,9.038755149958888e-05,0.3190619206428527,0.8348435252904892,22.824645503000283,2.913523415085328e-05,,,,,,,,0.0019532037283352,no_quality,43,0
97,0.6930530110001564,0.0170797899714671,0.4226637424528598,0.8018094819784164,8.559870278986637e-05,0.3070393251627684,0.8103058052062988,23.268372159000137,2.673332771621324e-05,,,,,,,,0.0020875522358255,no_quality,43,0
98,0.7214171615242958,0.0163910195929929,0.4394067221879959,0.7967214804887771,8.45208202554204e-05,0.3222820164263248,0.8418248951435089,23.60462326400011,2.4425028260620715e-05,,,,,,,,0.0022988889720909,no_quality,43,0
99,0.6937290105223656,0.0176158071076497,0.4232837472856045,0.7723261332511902,0.0001095811216873,0.3086533097922802,0.8096009916067124,23.03254201299933,2.221208867425096e-05,0.7143619727353622,0.6291591323451836,0.5104138317244447,0.7143619727353622,0.5185303769808067,0.6545850473193815,0.6684063065172169,0.0021291801927327,no_quality,43,0
100,0.7010409283638,0.0175766815105453,0.4276552480459213,0.7832029184699059,9.46812936126662e-05,0.3112667407095432,0.8177187040448188,23.010874257999603,2.009618943233419e-05,,,,,,,,0.0023584428520416,no_quality,43,0
101,0.7110701322555542,0.0166126228886423,0.4332871474325657,0.7828947633504868,0.000100579559421,0.3159498444199562,0.8279507607221603,23.14342798100006,1.807893731902665e-05,,,,,,,,0.0020962900640824,no_quality,43,0
102,0.70841961145401,0.0158706873771734,0.4314000585675239,0.7541504848003387,0.0001140191532067,0.3155202646553516,0.8227462407946586,23.32554783499836,1.616186420724089e-05,,,,,,,,0.002025802608523,no_quality,43,0
103,0.6882077112793923,0.0167902683909051,0.4196407510340214,0.775662659406662,9.201129609209602e-05,0.3048655566573143,0.8024963620305061,22.425712981999823,1.4346425895363384e-05,,,,,,,,0.0020959501796733,no_quality,43,0
104,0.6892947286367417,0.0173877739161252,0.4205319619178772,0.7750384393334389,0.0001032557030885,0.3066829471290112,0.8051749241352081,23.04244697899958,1.2634001001741372e-05,,,,,,,,0.0022550366515361,no_quality,43,0
105,0.6454774683713913,0.0169310866529121,0.3940589319169521,0.7753470063209533,0.0001018865998048,0.2846374616771936,0.756665974855423,22.98394487400037,1.1025889917779737e-05,,,,,,,,0.0021489115194344,no_quality,43,0
106,0.7115686646103859,0.0152013002615422,0.4330217364430427,0.7635096660256386,9.252378335077084e-05,0.3169637344777584,0.8267376109957695,23.879906337000648,9.523313820441804e-06,,,,,,,,0.001982736712207,no_quality,43,0
107,0.7150458818674088,0.0157167122571263,0.4353142297267914,0.7738654634356499,9.13220748407184e-05,0.3193195252865553,0.8324486467242241,23.64926728699902,8.127413744904804e-06,,,,,,,,0.0021188625947115,no_quality,43,0
108,0.711684780716896,0.0149528053519316,0.4329920071363449,0.7806396052241326,9.016737256388296e-05,0.3174612674117088,0.8288788729906083,22.94706729400059,6.839249718073875e-06,,,,,,,,0.0017856237509789,no_quality,43,0
109,0.7150407703220845,0.0148521121626254,0.434965324550867,0.7971905195713043,8.512075371982064e-05,0.3156890097260475,0.8307321491837502,23.637494754999352,5.659799953612438e-06,0.7300912804343875,0.6425888201664599,0.5205665466848113,0.7300912804343875,0.526765897860741,0.6709092822042514,0.6828880689790515,0.0017725335603586,no_quality,43,0
110,0.6898255997896194,0.0141818779124878,0.4195681275427341,0.7401850980520248,9.234582597855478e-05,0.3052985790371895,0.7992297181487084,22.644504607998897,4.589960109100444e-06,,,,,,,,0.001699400536338,no_quality,43,0
111,0.6897034439444542,0.0155821201461367,0.4200549311935901,0.7553455916047096,8.061020917011774e-05,0.3060701431334018,0.802028682231903,22.55123225399984,3.630542605884657e-06,,,,,,,,0.0018250803937644,no_quality,43,0
112,0.6844888220727444,0.0140487599303014,0.416312813013792,0.762590135037899,8.210484789742622e-05,0.3041068165004253,0.7969847619533539,22.40273570699901,2.7822760121373187e-06,,,,,,,,0.0015100562686234,no_quality,43,0
113,0.6990089328587055,0.0154302421445027,0.4255774708092212,0.783085233271122,9.641209622714086e-05,0.3097122748941183,0.8139644181728363,22.87826339499952,2.0458044895916517e-06,,,,,,,,0.0018066569824031,no_quality,43,0
114,0.6821133956313133,0.0142350559495389,0.4149620781838894,0.7555780702829361,8.503443704285019e-05,0.3025134188681841,0.793378674685955,23.09539557599965,1.4216873043745137e-06,,,,,,,,0.0017055962295103,no_quality,43,0
115,0.667429521381855,0.0166483398457057,0.4071170681715012,0.7722540676593781,9.100740557187236e-05,0.2975432601571083,0.782287355363369,22.179771470999185,9.103984023075772e-07,,,,,,,,0.001985346245035,no_quality,43,0
116,0.6664569434523583,0.0147224113950505,0.4057631488144397,0.7356997466087342,9.631810076825788e-05,0.2963317275047302,0.775989280641079,24.50632330600092,5.123260489995229e-07,,,,,,,,0.0015980818686273,no_quality,43,0
117,0.6642018422484398,0.0154347693827003,0.4046950305998325,0.7690514016151428,9.694202957689412e-05,0.2945796437561512,0.7765427958965302,22.845099511001536,2.2777253500257386e-07,,,,,,,,0.0017906531610788,no_quality,43,0
118,0.6835829964280129,0.0159910394245525,0.4165462318062782,0.7587077936530113,9.877053966192762e-05,0.3036022193729877,0.7964357817173005,22.21986682899842,5.695394625728767e-08,,,,,,,,0.0020580694594178,no_quality,43,0
119,0.6867140339314938,0.0154689480783417,0.418216016292572,0.7870464581251144,8.525687360815936e-05,0.3057505840808153,0.8030382335186005,23.619727174998843,0.0,0.7316217879255816,0.6441834371394256,0.5209823119811273,0.7316217879255816,0.5281228408438408,0.6728056826488545,0.6843263350952894,0.0018135961839016,no_quality,43,0
0,0.9776859205961228,0.6221179395914078,0.8354587560892105,0.7283691418170929,0.0664277881756424,0.5907574230432511,1.5023744881153107,22.2936967429996,5.1e-05,,,,,,,,,no_variance,43,0
1,0.9684688168764114,0.4764715155959129,0.7716699230670929,0.6914540499448776,0.025479905414395,0.4994353827834129,1.3415247118473053,21.924109105000756,0.0001009999999999,,,,,,,,,no_variance,43,0
2,0.9648382562398912,0.419830364882946,0.7468351340293884,0.6844257205724716,0.0031276691693346,0.4698811376094818,1.2853152287006375,22.01214225199874,0.0001509999999999,,,,,,,,,no_variance,43,0
3,0.964571731686592,0.3758050701022148,0.7290650975704193,0.6836676126718522,0.0007995687652146,0.4523703828454017,1.249842232465744,21.5293581320002,0.0002009999999999,,,,,,,,,no_variance,43,0
4,0.9599319189786912,0.3294509929418563,0.7077395778894424,0.68409066259861,0.0004553408735955,0.4350523081421852,1.2112237215042114,21.15353570300067,0.000251,,,,,,,,,no_variance,43,0
5,0.952731494307518,0.2817598241567611,0.6843428540229798,0.6770635634660721,0.0004591863031964,0.4164770472049713,1.1685492134094235,22.588554907999423,0.0003,,,,,,,,,no_variance,43,0
6,0.9408955365419388,0.2323871819674968,0.657492213845253,0.6968161010742188,0.0003176566057663,0.3956038606166839,1.122793574333191,21.811408044999556,0.0002999430460537,,,,,,,,,no_variance,43,0
7,0.9274767315387726,0.1896528503298759,0.6323472011089325,0.6820678883790969,0.0002901704563555,0.3764572963118553,1.0770258045196532,21.77726028899997,0.0002997722274649,,,,,,,,,no_variance,43,0
8,0.9313132417201996,0.1562723734974861,0.621296923160553,0.695359497666359,0.0003035977025501,0.378290553689003,1.0691386026144027,21.507336037999263,0.000299487673951,,,,,,,,,no_variance,43,0
9,0.9130765408277512,0.1319827991724014,0.600639072060585,0.6796842360496521,0.0003239933544682,0.365861337184906,1.0344850301742554,21.990982012999662,0.0002990896015976,0.5746305207661903,0.4775715078746598,0.3527455483648442,0.5746305207661903,0.3794613792651384,0.4786226235926513,0.5233243196585965,,no_variance,43,0
10,0.8951650893688202,0.1118419850617647,0.5818358734250069,0.6903068512678147,0.0003208027882465,0.3507591164112091,1.0016417080163955,22.26318676700066,0.0002985783126956,,,,,,,,,no_variance,43,0
11,0.8872037214040757,0.0952010173350572,0.5704026609659195,0.7158476382493972,0.0002750225775162,0.3511638063192367,0.9931649845838548,21.48113050199936,0.0002979541955104,,,,,,,,,no_variance,43,0
12,0.8729504442214966,0.0815939293056726,0.5564078581333161,0.707013019323349,0.0003266693812474,0.3433623985946178,0.970487887263298,22.012877193999884,0.0002972177239878,,,,,,,,,no_variance,43,0
13,0.8511110192537308,0.0701253677904605,0.5387167793512344,0.7144297212362289,0.0004324776056455,0.3349040681123733,0.94508544921875,22.60679199600054,0.0002963694573941,,,,,,,,,no_variance,43,0
14,0.8574394881725311,0.0602112196013331,0.5385482025146484,0.7122198283672333,0.0004188815887027,0.3403849706053733,0.9501760995388032,21.94744885799992,0.0002954100398908,,,,,,,,,no_variance,43,0
15,0.8124363926053048,0.0538496285676956,0.5090017059445381,0.719584940969944,0.0005887287585937,0.3196290834248066,0.9006187236309051,21.455220845999065,0.0002943402000463,,,,,,,,,no_variance,43,0
16,0.8215755832195282,0.0455860969237983,0.5111798095703125,0.7324572783708573,0.0005193162153591,0.3279073232412338,0.9123588299751282,21.36249581100128,0.0002931607502819,,,,,,,,,no_variance,43,0
17,0.7918299287557602,0.0426392323523759,0.4921536707878113,0.7293776530027389,0.0005552949279808,0.3141930639743805,0.8793122667074204,22.395723569999973,0.000291872586255,,,,,,,,,no_variance,43,0
18,0.803912207186222,0.0475955072604119,0.5013855478167534,0.7801283407211304,0.0003244092816748,0.3334185945987701,0.921510226726532,23.215286151000328,0.0002904766861795,,,,,,,,0.043385121889878,no_variance,43,0
19,0.8253685575723648,0.0456793790310621,0.5134929090738296,0.7868151611089707,0.0002435062754011,0.3464735986292362,0.9468696451187134,21.92324559699955,0.0002889741100822,0.5063710471103514,0.4491931322288238,0.3706505225137533,0.5063710471103514,0.4170677434710181,0.4241406061051019,0.4756456201862333,0.0410472427366767,no_variance,43,0
20,0.8011048984527588,0.0476701853051781,0.4997310322523117,0.7762545019388198,0.0002999379400171,0.3377552686631679,0.9252613019943238,22.63427732800119,0.0002873659989982,,,,,,,,0.0506728083145571,no_variance,43,0
21,0.7945549565553666,0.0369992493838071,0.491532692015171,0.78586166203022,0.0002075192190204,0.3317276646196842,0.904406887292862,21.929499293000845,0.0002856535741046,,,,,,,,0.0127499748812988,no_variance,43,0
22,0.8019032216072083,0.0357079633511602,0.4954251381754875,0.7783948802947998,0.0002168024401544,0.340787999778986,0.9156359142065048,22.622325278000066,0.0002838381357927,,,,,,,,0.0078621980408206,no_variance,43,0
23,0.78194689899683,0.0323657564818859,0.4821144619584083,0.7731596803665162,0.0002162639883863,0.3309683340787888,0.8918283459544182,22.14916412999992,0.0002819210626809,,,,,,,,0.0070938292145729,no_variance,43,0
24,0.7752191418409348,0.0331843563262373,0.478405245244503,0.7997827419638633,0.0001644289473915,0.3285575339198112,0.8882252442836761,21.84732908200021,0.0002799038105676,,,,,,,,0.0063798541668802,no_variance,43,0
25,0.7695643529295921,0.0320710216183215,0.4745670382678508,0.7907590270042419,0.0001392500403267,0.3286933620274067,0.8834953406453132,21.756997260999924,0.0002777879113257,,,,,,,,0.0057603820972144,no_variance,43,0
26,0.8054034894704819,0.0289333571866154,0.494815456867218,0.7940268349647522,8.716748370829919e-05,0.3473789562284946,0.9225835263729096,22.1719415259995,0.0002755749717393,,,,,,,,0.0049103179574012,no_variance,43,0
27,0.7635004895925522,0.0282519051386043,0.4694010746479034,0.8139363586902618,8.942077953975059e-05,0.3246531927585602,0.876314183473587,22.17166399100097,0.0002732666722837,,,,,,,,0.0043090510857291,no_variance,43,0
28,0.7618458691239357,0.0273262501601129,0.4680380372703075,0.8005923634767532,9.198267031706564e-05,0.3268988931179046,0.875797290802002,22.28025578399865,0.0002708647658491,,,,,,,,0.0039825932169333,no_variance,43,0
29,0.7685960963368416,0.0257477740058675,0.4714567855000496,0.7888969025015831,0.0001149995184027,0.3334581218659878,0.8844694492220878,21.63958733599975,0.0002683710764094,0.5733766694675865,0.4937025914281982,0.3742305618923767,0.5733766694675865,0.3765298153169091,0.531201289500099,0.529559835298249,0.0032954917708411,no_variance,43,0
30,0.7638526430726051,0.0256517044547945,0.4685722857713699,0.8220141899585723,0.0001442406798491,0.3296237623691558,0.8809676504135132,22.634489057998508,0.0002657874976374,,,,,,,,0.0028148524346761,no_variance,43,0
31,0.74325151309371,0.0265248644305393,0.4565608732402325,0.7912518593668938,8.024877130630159e-05,0.3220407716184854,0.8582522663474083,21.883218634000517,0.0002631159914665,,,,,,,,0.0026071000599768,no_variance,43,0
32,0.740817489027977,0.0269003027677536,0.4552506309747696,0.7856761780381203,0.0001066937327726,0.3229763358831405,0.8572874420881271,22.639919056000508,0.0002603585866009,,,,,,,,0.002437616320094,no_variance,43,0
33,0.7353615218400955,0.0236691476171836,0.4506845900416374,0.7838076531887055,5.827900781739892e-05,0.3210269379615784,0.8504878342151642,22.073335918999877,0.0002575173769752,,,,,,,,0.0019630628242157,no_variance,43,0
34,0.7368390092253685,0.0246523757046088,0.4519643747806549,0.8043450087308883,0.0001051031288358,0.3218811967968941,0.8546749663352966,21.83902055300132,0.000254594520164,,,,,,,,0.0019481982110301,no_variance,43,0
35,0.7247249376773834,0.0224888168298639,0.4438305057585239,0.800108072757721,9.190587255261562e-05,0.3144568173587322,0.8386730891466141,20.399530976999813,0.0002515922357438,,,,,,,,0.0018518169113667,no_variance,43,0
36,0.7604125306010246,0.0201968613872304,0.4643262815475464,0.7886866822838783,4.326860407019239e-05,0.331442137658596,0.8749349379539489,24.515598375999616,0.0002485128036071,,,,,,,,0.0014784402732038,no_variance,43,0
37,0.7446332767605781,0.0204425856587477,0.4549570201337337,0.7929211157560349,0.0001164463580852,0.3248862978816032,0.859454357624054,24.64391914799853,0.0002453585622314,,,,,,,,0.0015655116262496,no_variance,43,0
38,0.7343554615974426,0.0232651469809934,0.449919353723526,0.7913359442353248,9.869896702456222e-05,0.3231952959299087,0.8526012778282166,24.347372688998803,0.0002421319069034,,,,,,,,0.0017404936277307,no_variance,43,0
39,0.7593352323770524,0.0216118536191061,0.4642459000647068,0.8175859493017197,7.654775306264128e-05,0.3329486303031445,0.8793108868598938,24.78777730399997,0.0002388352878997,0.5893561847550046,0.5241744377764335,0.4083320750960698,0.5893561847550046,0.4440381801442679,0.5391289484300279,0.5516992496955397,0.0017696637014159,no_variance,43,0
40,0.7213607603311538,0.0217923451727256,0.441533412784338,0.7890773922204971,9.359900270521582e-05,0.3170650322735309,0.8378450194001198,24.62664215199948,0.0002354712086265,,,,,,,,0.0016707575006876,no_variance,43,0
41,0.7120936691761017,0.019370194831863,0.4350042982399463,0.7700472512841224,7.235693337716676e-05,0.3117738910764456,0.8240202775597573,22.655824530000245,0.0002320422237183,,,,,,,,0.0011687586833431,no_variance,43,0
42,0.6969337967038155,0.0193899431242607,0.4259162691235542,0.7875092205405235,6.508227667251899e-05,0.3057378384470939,0.8106714597344399,22.04762260999996,0.0002285509370981,,,,,,,,0.0013158751066657,no_variance,43,0
43,0.7238532310724258,0.0208552020834758,0.4426540395617485,0.8068283265829086,5.2867891804311287e-05,0.3199813136458397,0.84362313747406,22.166540493000863,0.000225,,,,,,,,0.0015115117862296,no_variance,43,0
44,0.7424230340123177,0.0215509400283917,0.4540742167830467,0.7974036926031113,5.373886246584636e-05,0.3283496840298175,0.8624798649549484,22.554414784999608,0.0002213921089555,,,,,,,,0.0015645518906239,no_variance,43,0
45,0.7078706917166709,0.0185670039383694,0.432149233520031,0.7805128610134124,4.741179725389344e-05,0.3109398324787616,0.8213853827118873,22.103391593998825,0.0002177300037466,,,,,,,,0.0012133414205891,no_variance,43,0
46,0.7042715765535832,0.0200243079708889,0.430572684854269,0.8121783947944641,5.062488007875121e-05,0.3094394969940185,0.821528872847557,23.76748029600094,0.0002140164653244,,,,,,,,0.0014815746229578,no_variance,43,0
47,0.7072516268491745,0.0207162959047127,0.4326375100016594,0.8050646203756332,4.6362156833481546e-05,0.3113225653767585,0.8247898837924004,24.12808800600033,0.0002102543136979,,,,,,,,0.0016051787533069,no_variance,43,0
48,0.7117180573940277,0.02058365609264,0.4352643138170242,0.8309102705121041,4.141599527709872e-05,0.3122845527529716,0.8309741359949112,25.63728006899873,0.0002064464057921,,,,,,,,0.0016608374179486,no_variance,43,0
49,0.7240204164385795,0.0204322663578204,0.4425851744413376,0.8011809909343719,5.518566954032078e-05,0.319222901314497,0.8422680646181107,25.241205423000796,0.0002025956332789,0.610207955637241,0.5158837094341133,0.3785908117310749,0.610207955637241,0.3994030299396969,0.5380401427254021,0.5587489673856861,0.0016956401514471,no_variance,43,0
50,0.7194358837604523,0.0169087251834571,0.4384250362217426,0.7820857089757919,3.716553563904768e-05,0.3175359447300434,0.8344231325387955,25.342319495999615,0.0001987049203807,,,,,,,,0.0012586016353452,no_variance,43,0
51,0.7171459248661995,0.0171009640488773,0.437127958536148,0.7615602535009384,3.435573145009307e-05,0.3156907982379198,0.8292535263299942,22.51476902800096,0.0001947772216502,,,,,,,,0.001385129392147,no_variance,43,0
52,0.7334393626451492,0.01953538820846,0.4478777898848057,0.809572731256485,6.264496451990453e-05,0.3233203078061342,0.8524718874692917,22.479387739998856,0.0001908155197268,,,,,,,,0.0015669144446655,no_variance,43,0
53,0.7080137625336647,0.0213835864583961,0.4333617083728313,0.7706175261735916,3.82627030553806e-05,0.3133529148995876,0.8241931557655334,22.409807288999215,0.0001868228230711,,,,,,,,0.0020743360060441,no_variance,43,0
54,0.696196246445179,0.0189629104314371,0.4253029294312,0.7919428187608719,3.4551889438034774e-05,0.3074140843749046,0.8121683007478714,21.933263840999643,0.0001828021636809,,,,,,,,0.0012763775609346,no_variance,43,0
55,0.7159494370222091,0.0170241329283453,0.4363793316483497,0.7626482552289963,6.893833368369684e-05,0.3170981121063232,0.8300076073408127,22.069852712000284,0.0001787565947885,,,,,,,,0.0013094464970345,no_variance,43,0
56,0.6757002325356006,0.0181997959280852,0.4127000731229782,0.7754527607560158,5.50102472863756e-05,0.2986757051944733,0.7892317733168602,24.24675663400012,0.0001746891885421,,,,,,,,0.0015398662930965,no_variance,43,0
57,0.7168848972022533,0.0156462419754825,0.4363894519209861,0.7711488968133926,4.921282646625419e-05,0.316179037541151,0.8299438510835171,24.548290975999407,0.0001706030336727,,,,,,,,0.0012900438612086,no_variance,43,0
58,0.7488057687878609,0.0201583154941909,0.4573468065261841,0.8034485679864883,9.01409434584366e-05,0.3313421013951301,0.8694592595100403,24.5427318940001,0.0001665012331491,,,,,,,,0.0021049459682035,no_variance,43,0
59,0.6831324826180935,0.0185419016540981,0.4172962664067745,0.7914425161480904,5.609561398134843e-05,0.2999754532426595,0.7967473286390304,24.250691594999807,0.0001623869018208,0.7010165892047361,0.6157689019290912,0.4909530259179493,0.7010165892047361,0.5124556365002862,0.6338344800822514,0.6544359266933639,0.001642740508214,no_variance,43,0
60,0.6930521708726883,0.015838340932969,0.4221666540205478,0.7703643929958344,5.223444664807176e-05,0.3075753528624773,0.8070266315340996,25.7470793779994,0.0001582631640533,,,,,,,,0.0012278582926592,no_variance,43,0
61,0.7270045474171638,0.0170252380380406,0.4430128414928913,0.7837412667274475,5.0805786165426526e-05,0.3213191576302051,0.8430313682556152,24.247590893999583,0.0001541331513552,,,,,,,,0.0016134880115714,no_variance,43,0
62,0.6937473383545876,0.0177551498182583,0.4233504809439182,0.7844810473918915,3.831001509241428e-05,0.3065579552948475,0.8087238442897796,22.60087481199844,0.00015,,,,,,,,0.001826914626099,no_variance,43,0
63,0.6876856614649296,0.015320779584581,0.4187397257983684,0.781454967558384,4.331575731370663e-05,0.3034741374850273,0.8006015273928643,23.41916337299881,0.0001458668486447,,,,,,,,0.0012000248623735,no_variance,43,0
64,0.6964987137913704,0.0167963399062864,0.4246177794039249,0.7953677245974541,4.090104508077008e-05,0.3081878651678562,0.8126820489764214,22.49739824000062,0.0001417368359466,,,,,,,,0.0016878917676331,no_variance,43,0
65,0.7096210873126984,0.0149553536926396,0.4317548108100891,0.7635774913430214,3.913910505299434e-05,0.3148602636158466,0.8232176187634468,22.610618663000423,0.0001376130981791,,,,,,,,0.001214197225945,no_variance,43,0
66,0.694304915368557,0.0172188873868435,0.4234705235064029,0.7898086196184159,3.795722241097365e-05,0.3079217340424657,0.8106917901337147,25.501959982999324,0.0001334987668508,,,,,,,,0.0015838512433219,no_variance,43,0
67,0.7091833171248436,0.0179566449031699,0.432692664861679,0.7670684230327606,3.625447107686419e-05,0.3143038018047809,0.8240710258483886,25.65350166600001,0.0001293969663272,,,,,,,,0.0018295223740096,no_variance,43,0
68,0.7276506467163563,0.015045341188088,0.4426085448265076,0.7942947426438332,2.340700133653062e-05,0.3207440131902694,0.8430739557743072,26.36566716200105,0.0001253108114578,,,,,,,,0.0014537662155817,no_variance,43,0
69,0.7140064096450806,0.0170973178837448,0.43524279281497,0.7679572269320488,4.424621030524392e-05,0.3163715349137783,0.8287698501348495,26.444918413999403,0.0001212434052114,0.7246691169568483,0.6340873069606151,0.499747653521886,0.7246691169568483,0.5256927630834122,0.6519000408415846,0.675002427614482,0.0017879258910215,no_variance,43,0
70,0.6823042839765548,0.0169130604760721,0.4161478117108345,0.7993783104419708,3.812499380378753e-05,0.3021042428910732,0.7985040614008904,26.5421993380005,0.000117197836319,,,,,,,,0.0015613513766402,no_variance,43,0
71,0.7134330980479717,0.0150003866164479,0.4340600258111953,0.7821228966116905,4.274891485708698e-05,0.3150423569977283,0.8275955423712731,27.42514565000056,0.0001131771769288,,,,,,,,0.0013936732480215,no_variance,43,0
72,0.7158253318071366,0.0205082639073953,0.4376985217630863,0.8177546802163124,4.453619963641131e-05,0.318157861828804,0.8381356006860733,22.217212861000007,0.0001091844802731,,,,,,,,0.0025076240516864,no_variance,43,0
73,0.7048915976285934,0.0183023883309215,0.4302559293806552,0.8220725241303444,4.560060623248319e-05,0.3123324240744114,0.8252432349324227,22.18511777599997,0.0001052227783497,,,,,,,,0.0022267543178872,no_variance,43,0
74,0.7229432865977288,0.0213090733997523,0.4422896195948124,0.7877592790126801,6.335591094284609e-05,0.3204699911177158,0.8421125793457032,22.552280006999357,0.0001012950796192,,,,,,,,0.0028693665829541,no_variance,43,0
75,0.7052038890123368,0.0188611323200166,0.4306668053567409,0.8172129666805268,3.2514864738644176e-05,0.3136373734474182,0.826461614370346,23.276945715000693,9.740436672108684e-05,,,,,,,,0.0021725686527315,no_variance,43,0
76,0.6925050526857376,0.0198477270966395,0.4234421399235725,0.8121429961919785,4.16996733963515e-05,0.3086286181211471,0.8137887668609619,24.34391402800065,9.355359420782469e-05,,,,,,,,0.0025081226332258,no_variance,43,0
77,0.7310967791080475,0.0179028807254508,0.4458192382752895,0.7880669522285462,4.055089866596973e-05,0.3247027413547039,0.8497787454724312,26.74076085300112,8.97456863020546e-05,,,,,,,,0.0022402139031692,no_variance,43,0
78,0.7015258838236332,0.0204133337782695,0.4290808820724487,0.8065625429153442,8.041274627430539e-05,0.3111605630069971,0.821403611600399,26.25328514100147,8.598353467553945e-05,,,,,,,,0.0025094603408433,no_variance,43,0
79,0.7358258765935898,0.019117562843021,0.4491425701975822,0.8233357915282249,5.295826469648546e-05,0.3269666257500648,0.8589867308735848,26.37993729399932,8.226999625336662e-05,0.7087678537052743,0.6280737483541629,0.5001588126809751,0.7087678537052743,0.5125382302644602,0.6629151610927547,0.6636987179975109,0.0027065743920684,no_variance,43,0
80,0.7056589402258396,0.0182035764772444,0.4306768096983432,0.8096397343277931,4.373172158068428e-05,0.3133479042351246,0.8254403194785118,25.91651009099951,7.860789104443896e-05,,,,,,,,0.0022472563870405,no_variance,43,0
81,0.6991215585172177,0.0177707413811003,0.4265812493860721,0.776057798564434,3.863059683457237e-05,0.3102477639168501,0.8148616799712181,26.674641891999272,7.500000000000002e-05,,,,,,,,0.0021247596311968,no_variance,43,0
82,0.7228780668973923,0.0174056809861212,0.4406891284883022,0.8255649399757385,3.638836851905581e-05,0.3207215191423893,0.8444008120894432,23.274930774001405,7.144906290181832e-05,,,,,,,,0.0021592563393642,no_variance,43,0
83,0.687024036347866,0.0192195972590707,0.419902276545763,0.81056297570467,6.151113071275915e-05,0.3050001440942287,0.8064375388622284,23.20647805599947,6.795777628163599e-05,,,,,,,,0.0023787243033621,no_variance,43,0
84,0.7131413486599922,0.0181051267357543,0.4351268777251244,0.800464020371437,4.860374696818326e-05,0.3156117296218872,0.8312249165773392,22.99129360699953,6.452879137346007e-05,,,,,,,,0.0021873747983408,no_variance,43,0
85,0.7163552406430245,0.0180055614793673,0.437015385478735,0.8001344600319862,3.3353454311821904e-05,0.3203460225462913,0.8378448560833931,22.498300592000305,6.1164712100253e-05,,,,,,,,0.0023416505617205,no_variance,43,0
86,0.7222944560647011,0.0204719761491287,0.441565480530262,0.8255960720777512,4.358764465649756e-05,0.3205671411752701,0.8452617692947387,24.055810013000155,5.786809309654982e-05,,,,,,,,0.0028368001699891,no_variance,43,0
87,0.6948290497064591,0.016788919926621,0.4236130155622959,0.7956747505068779,4.5475152678733365e-05,0.3070501946657896,0.8106532087922096,25.96387903199866,5.464143776850482e-05,,,,,,,,0.002101243674233,no_variance,43,0
88,0.7064215089380741,0.0170474106119945,0.4306718894839287,0.7621755468845367,3.400932314463034e-05,0.3123757523298263,0.8196764039993286,25.63232457999948,5.148719639283984e-05,,,,,,,,0.002047516026123,no_variance,43,0
89,0.691496136188507,0.0173179941624403,0.4218248942494392,0.8121430796384811,4.505820964368468e-05,0.3075765198469162,0.8110580512881279,26.14636463399984,4.840776425613886e-05,0.7271108397389976,0.643117818283896,0.5129989600312096,0.7271108397389976,0.5198713110332419,0.6823713040794485,0.6805017453316884,0.0022003783146828,no_variance,43,0
90,0.7058627861738205,0.0202398246503435,0.4316136200726032,0.7743774047493934,4.4342132685528665e-05,0.3122438249737024,0.8218358129262924,25.556394724999336,4.5405479835900685e-05,,,,,,,,0.0026920749217561,no_variance,43,0
91,0.6855930921435356,0.0161879936337936,0.4178310689330101,0.7496061381697655,3.16043370207808e-05,0.3050219473242759,0.798224838078022,27.044367428999976,4.2482623024732334e-05,,,,,,,,0.0020481490957035,no_variance,43,0
92,0.6984974619746208,0.019644746268168,0.4269563940167427,0.8337810343503952,4.886843157578369e-05,0.3092366568744182,0.8200644272565841,24.33369005799977,3.964141339903026e-05,,,,,,,,0.0024541195539131,no_variance,43,0
93,0.70968301653862,0.0184633355471305,0.4331951595842838,0.7793108919262886,4.111182974828154e-05,0.314371258020401,0.8259738382697105,23.732522293999864,3.6884008533465575e-05,,,,,,,,0.0023714029981783,no_variance,43,0
94,0.7089090701937676,0.0181039310724008,0.4325870294868946,0.8122538107633591,3.308506186726845e-05,0.3158401070535183,0.8301277089118958,23.107489886999247,3.4212502362551864e-05,,,,,,,,0.0023677104009038,no_variance,43,0
95,0.7027241453528404,0.0190321540087461,0.4292473666369915,0.8048738467693329,3.3280160980098114e-05,0.3130697253346443,0.8233155506849289,22.76650198300013,3.162892359054098e-05,,,,,,,,0.0025470553415652,no_variance,43,0
96,0.7245183873176575,0.0159140186745207,0.4410766573250294,0.7625751441717148,3.579182372373036e-05,0.3189223180711269,0.8366106596589088,23.42105484199965,2.913523415085328e-05,,,,,,,,0.0017618848875281,no_variance,43,0
97,0.6949221858382225,0.0177035158255603,0.4240347355604171,0.8306595450639724,4.151160058523118e-05,0.3081978010386229,0.8157252043485641,25.595380331000342,2.673332771621324e-05,,,,,,,,0.0021231873029319,no_variance,43,0
98,0.7246958723664284,0.0164309984073042,0.441389938890934,0.8126067459583283,2.8651498034157897e-05,0.3230522717535495,0.8461299026012421,26.821498167000755,2.4425028260620715e-05,,,,,,,,0.0021279283014837,no_variance,43,0
99,0.6950151732563973,0.0177775782207027,0.4241201522946358,0.7668713811039924,4.050434592954844e-05,0.3082018060982227,0.8094309169054031,26.053139204001127,2.221208867425096e-05,0.704580258636514,0.6217491388352554,0.4981343932655906,0.704580258636514,0.5080025401743464,0.6526646176949058,0.659086336159044,0.0020989497111713,no_variance,43,0
100,0.7031915378570557,0.0182243022229522,0.4292046612501144,0.8009978857636452,3.204138805358525e-05,0.3130700401961803,0.8228792399168015,25.552646742000437,2.009618943233419e-05,,,,,,,,0.0025157562004164,no_variance,43,0
101,0.7129282885789872,0.0171677058778004,0.4346240727603435,0.7870198902487755,4.0678135377199e-05,0.3167605626583099,0.8305262780189514,25.5703571009999,1.807893731902665e-05,,,,,,,,0.0021881143909467,no_variance,43,0
102,0.7109820684790611,0.0160060568689368,0.4329916822910309,0.7545913082361221,4.423542499274902e-05,0.3164082907140255,0.8252590790390968,23.538696947000066,1.616186420724089e-05,,,,,,,,0.0019887772488254,no_variance,43,0
103,0.6925089558959008,0.0174213617807254,0.4224739329516888,0.7874860551953315,3.813184690649507e-05,0.3063094072043896,0.8079507932066917,22.377464733001037,1.4346425895363384e-05,,,,,,,,0.002084725796526,no_variance,43,0
104,0.6926978853344917,0.0176424173545092,0.4226757141947746,0.7796068677306175,3.90327183956174e-05,0.3084173342585564,0.8095104503631592,22.58868052399885,1.2634001001741372e-05,,,,,,,,0.002273834987709,no_variance,43,0
105,0.6496933805942535,0.0178303946694359,0.3969482034444809,0.7757166764140129,3.922248215985746e-05,0.2862574512511491,0.7612552410364151,23.285982306000733,1.1025889917779737e-05,,,,,,,,0.0023797937228596,no_variance,43,0
106,0.7148025670647621,0.0155345701798796,0.435095385313034,0.7690063989162446,3.423348445494412e-05,0.3176475323736668,0.830045453608036,23.385274199999916,9.523313820441804e-06,,,,,,,,0.0020009038985608,no_variance,43,0
107,0.7170925256609917,0.0155594345671124,0.4364793074131012,0.771168207526207,3.404934406518123e-05,0.3194914729893207,0.8334888106584549,25.74670637300005,8.127413744904804e-06,,,,,,,,0.0019975542494785,no_variance,43,0
108,0.7154733309149742,0.01551046180306,0.4354882000386715,0.7763615554571152,3.381236098732643e-05,0.3184070493280888,0.8319072222709656,24.85106361699945,6.839249718073875e-06,,,,,,,,0.0018706145320487,no_variance,43,0
109,0.7191119004786014,0.015083470903337,0.437500547170639,0.8034082847833633,3.1271972437991736e-05,0.3174478045105934,0.8356509679555892,26.25511977000133,5.659799953612438e-06,0.7234715928701223,0.6396578678578811,0.5163602396821981,0.7234715928701223,0.5206898537815728,0.6748121569219484,0.6776163400476576,0.0018011133703771,no_variance,43,0
110,0.6936076265573502,0.0147072961041703,0.4220475114881992,0.7481057879328727,3.645010534967241e-05,0.3072587969899177,0.8044669938087463,24.95729117999872,4.589960109100444e-06,,,,,,,,0.0017413985500206,no_variance,43,0
111,0.6945593404769898,0.0161204264988191,0.423183791488409,0.7617582905292511,2.8895573422431653e-05,0.307678636610508,0.8074250656366349,25.23823169699972,3.630542605884657e-06,,,,,,,,0.0019268122259836,no_variance,43,0
112,0.687543486058712,0.0145393248740583,0.4183418382704258,0.7744831040501594,3.0648958477996754e-05,0.3050156564265489,0.8011151656508446,21.930220195999937,2.7822760121373187e-06,,,,,,,,0.0015391410983284,no_variance,43,0
113,0.7024466161429882,0.0165277864993549,0.4280791026353836,0.7867196241021156,3.62189958586967e-05,0.3119201879948378,0.8190538576245308,22.291682127000968,2.0458044895916517e-06,,,,,,,,0.0019039681020331,no_variance,43,0
114,0.6862318016588688,0.0146259662485681,0.417589484155178,0.7586067640781402,3.1930330537193185e-05,0.3040480806678534,0.7978589776158332,22.700572489999104,1.4216873043745137e-06,,,,,,,,0.0017956888767321,no_variance,43,0
115,0.6698489525914192,0.017003925004974,0.4087109580636024,0.7658971464633941,3.5626202306247025e-05,0.2979531775414943,0.7836525225639344,22.708406202000333,9.103984023075772e-07,,,,,,,,0.0019844652321205,no_variance,43,0
116,0.6703134015202522,0.0149160301312804,0.4081544695794582,0.7378099921345711,4.048418696693479e-05,0.2971479295194149,0.7793998363614082,24.42883214199901,5.123260489995229e-07,,,,,,,,0.0015720634340357,no_variance,43,0
117,0.6693738229572773,0.0159453610144555,0.4080024538934231,0.7726737284660339,3.920547026837084e-05,0.2966560070961714,0.7823012709617615,25.89042065099966,2.2777253500257386e-07,,,,,,,,0.0018673809805113,no_variance,43,0
118,0.6882897236943245,0.0163647666177712,0.419519754499197,0.771887312233448,3.30492959643891e-05,0.3059589855372905,0.8030717313289643,26.701508748999917,5.695394625728767e-08,,,,,,,,0.0020130038911787,no_variance,43,0
119,0.6904456487298012,0.0158489587856456,0.420606989711523,0.791426094174385,3.4166539759326046e-05,0.3064379645884037,0.8065522024035454,27.22725323099985,0.0,0.7236719893996032,0.6404932588594688,0.5165542378076224,0.7236719893996032,0.52143657553962,0.6763712116391836,0.6780065950783648,0.0018146357219666,no_variance,43,0
0,0.9773285698890686,0.6181275951862335,0.8336482119560241,0.7270928078889847,0.0626387204974889,0.5974012196063996,1.5068906509876252,25.29108098699908,5.1e-05,,,,,,,,,no_max,43,0
1,0.9691195976734162,0.4793209862709045,0.7732001823186875,0.6882873344421386,0.0184861699864268,0.4995984372496604,1.3425516557693482,24.862029514000824,0.0001009999999999,,,,,,,,,no_max,43,0
2,0.964822193980217,0.4161387827992439,0.7453488570451736,0.6840394902229309,0.0021737744950223,0.4682297050952911,1.282091200351715,24.514249514000767,0.0001509999999999,,,,,,,,,no_max,43,0
3,0.9629867029190065,0.3619753512740135,0.7225821894407273,0.6844256228208542,0.0101788299414329,0.4505389028787613,1.2420725977420808,25.016201728998567,0.0002009999999999,,,,,,,,,no_max,43,0
4,0.9573461216688156,0.315344178378582,0.7005453741550446,0.6838000446557999,0.0048441864934284,0.4324138039350509,1.201581394672394,21.599195050999697,0.000251,,,,,,,,,no_max,43,0
5,0.949204154610634,0.2670745331048965,0.6763523298501969,0.6767600035667419,0.0050825893552973,0.4117576801776886,1.1560401386022567,22.41708287700021,0.0003,,,,,,,,,no_max,43,0
6,0.9375171142816544,0.2210817162692546,0.6509429794549942,0.6955832147598267,0.0083987015718594,0.3927118825912475,1.113633131980896,21.765700605001257,0.0002999430460537,,,,,,,,,no_max,43,0
7,0.9235092478990556,0.1802628834545612,0.626210727095604,0.685223633646965,0.0082036178139969,0.375673781633377,1.0708170515298845,21.79293474000042,0.0002997722274649,,,,,,,,,no_max,43,0
8,0.9256655496358872,0.1459566465765237,0.6137820112705231,0.6935392200946808,0.0072659323411062,0.3750104592740536,1.058509691953659,22.13557175300048,0.000299487673951,,,,,,,,,no_max,43,0
9,0.9073239779472352,0.1236850973963737,0.5938684517145156,0.6769880092144013,0.0064534104382619,0.3634398210048675,1.0253297472000122,24.704614615000537,0.0002990896015976,0.4710211166534623,0.4350856382701629,0.3381133218097135,0.4710211166534623,0.3893051225770178,0.4449306755800086,0.4469496936540975,,no_max,43,0
10,0.8871399849653244,0.1036870607733726,0.5737588375806808,0.6871830958127976,0.0067869726335629,0.3473469778895378,0.9901634776592254,25.153585661999387,0.0002985783126956,,,,,,,,,no_max,43,0
11,0.8812823367118835,0.0890465908497571,0.5643880560994148,0.7232222074270248,0.0072912886179983,0.3502639077603817,0.9873387509584428,24.18176261400004,0.0002979541955104,,,,,,,,,no_max,43,0
12,0.8649828332662582,0.0754052475094795,0.5491518187522888,0.6998594391345978,0.0072015090147033,0.3414946681261062,0.9609925025701522,24.24711102299989,0.0002972177239878,,,,,,,,,no_max,43,0
13,0.8431960076093674,0.0648292000964284,0.5318493062257766,0.7086582541465759,0.0073377334978431,0.3320489333570003,0.9351309496164322,25.73781525999948,0.0002963694573941,,,,,,,,,no_max,43,0
14,0.848711062669754,0.0548636422306299,0.5311721166968346,0.7091135194897652,0.0068472353927791,0.3395538887381553,0.9419797229766844,21.57029388599949,0.0002954100398908,,,,,,,,,no_max,43,0
15,0.804520089328289,0.0504845603182911,0.5029058980941773,0.7207409125566483,0.0059722860250622,0.320093220770359,0.8953718262910842,21.414413958000296,0.0002943402000463,,,,,,,,,no_max,43,0
16,0.8153015404939652,0.0429055728390812,0.506343178153038,0.7382561033964157,0.0050108277145773,0.3280144506692886,0.9084337741136552,21.10631099099919,0.0002931607502819,,,,,,,,,no_max,43,0
17,0.7842510181665421,0.0402322337031364,0.4866435214877128,0.7323599171638489,0.0041010656510479,0.3146547299623489,0.8747392928600312,22.243618258000424,0.000291872586255,,,,,,,,,no_max,43,0
18,0.8002712589502334,0.0447340725921094,0.4980564033985138,0.8026546090841293,0.0033048910135403,0.3357200476527214,0.9174970895051956,23.87672204800037,0.0002904766861795,,,,,,,,0.0164496600325219,no_max,43,0
19,0.8222783404588699,0.042642182726413,0.5104238989949227,0.8009627628326416,0.0026430581335444,0.3480669991672039,0.941092344522476,24.677823750000243,0.0002889741100822,0.5172438641506788,0.4680376760131643,0.3778790194526548,0.5172438641506788,0.413006899679022,0.4738622642097921,0.4885455232396221,0.0118650919664651,no_max,43,0
20,0.7927036872506141,0.0411245666630566,0.4920720565319061,0.7880450648069381,0.0022309056483209,0.3359525242447853,0.9088873320817948,26.4020947049994,0.0002873659989982,,,,,,,,0.0097335077729076,no_max,43,0
21,0.7892038464546204,0.0363329454418271,0.4880555036664009,0.783026612997055,0.0018670151312835,0.3329411135613918,0.9009284687042236,24.71584313800122,0.0002856535741046,,,,,,,,0.0076791967870667,no_max,43,0
22,0.7957554757595062,0.0333846690505743,0.4908071732521057,0.7878307491540909,0.0016285661433357,0.3396328182518482,0.9107343077659606,25.142715689999022,0.0002838381357927,,,,,,,,0.0071490414766594,no_max,43,0
23,0.7771763917803765,0.0305022308323532,0.4785067453980446,0.7601551187038421,0.0013706381246447,0.3313193577527999,0.8872071307897568,24.08816456400018,0.0002819210626809,,,,,,,,0.0064848757535219,no_max,43,0
24,0.7673125058412552,0.0320912328828126,0.4732240125536918,0.8047784483432769,0.0011672947276383,0.3264148543775081,0.8814233759045601,22.04467969000143,0.0002799038105676,,,,,,,,0.0062414967361837,no_max,43,0
25,0.766266542673111,0.0315040671871975,0.4723615710437298,0.7799673712253571,0.000972963842214,0.3297859514504671,0.8812877464294434,22.532499237000597,0.0002777879113257,,,,,,,,0.005474193287082,no_max,43,0
26,0.8003264892101288,0.0280122200306504,0.4914008009433746,0.7984863096475601,0.0007928670302499,0.346401509642601,0.9186577123403548,23.17037613499997,0.0002755749717393,,,,,,,,0.0048356417869217,no_max,43,0
27,0.7598836997151375,0.0272990588797256,0.4668498620390892,0.8089222943782807,0.0006938432075548,0.3256583814322948,0.8742310881614686,23.29536537899912,0.0002732666722837,,,,,,,,0.0039796201651915,no_max,43,0
28,0.7591384902596474,0.0267563671059906,0.4661856585741043,0.7982138156890869,0.0005925883064628,0.3276252750307321,0.8743926891684533,25.0118094820009,0.0002708647658491,,,,,,,,0.0036537150759249,no_max,43,0
29,0.766881472170353,0.024880526093766,0.4700811150670052,0.7989279407262803,0.0005194008722901,0.3345210881531238,0.8851369538903237,25.62718576999941,0.0002683710764094,0.5984053482339745,0.4989509813872746,0.3648743927651743,0.5984053482339745,0.3873587724673206,0.5110888234605286,0.5452159426330846,0.0030799530097283,no_max,43,0
30,0.7621541866660118,0.0251432477822527,0.4673498305678367,0.8418053936958313,0.0004485914992983,0.3293953128159046,0.881484891474247,26.076550570998734,0.0002657874976374,,,,,,,,0.0026838980708271,no_max,43,0
31,0.7419165293872356,0.0260604139091446,0.4555741046369075,0.7841356301307678,0.0003788454308232,0.3226102322340011,0.8571040758490562,26.354280979001487,0.0002631159914665,,,,,,,,0.0024361669050995,no_max,43,0
32,0.7378148850798607,0.0257246073614805,0.4529787933826446,0.8004274660348892,0.0003303117632458,0.3226696835458278,0.8561543935537338,27.023212695999973,0.0002603585866009,,,,,,,,0.002233269297285,no_max,43,0
33,0.7356830701231957,0.0235403697006404,0.4508260072767734,0.7770343711972236,0.0002227673216839,0.3211230359971523,0.8500698330998421,25.65777903700109,0.0002575173769752,,,,,,,,0.0020310719951521,no_max,43,0
34,0.7340568572282791,0.0242362270504236,0.4501286251842976,0.8005006802082062,0.0002544385028886,0.3218370485305786,0.8524147588014602,23.127473173999533,0.000254594520164,,,,,,,,0.0019314631668385,no_max,43,0
35,0.7281904739141464,0.0225449218205176,0.4459322726726532,0.804440575838089,0.0001689761294255,0.3174409426748752,0.8441918230056763,22.64019618400016,0.0002515922357438,,,,,,,,0.0018305187206715,no_max,43,0
36,0.760680148601532,0.0213974719168618,0.4649670958518982,0.7877004846930504,0.0001579497643251,0.3332915672659874,0.8773850417137146,23.219599505000588,0.0002485128036071,,,,,,,,0.0017421287711476,no_max,43,0
37,0.7429877153038978,0.0202995463274419,0.4539124651253223,0.7989355236291885,0.0002011576688528,0.3245517151802778,0.8586738243699074,23.465203540999937,0.0002453585622314,,,,,,,,0.001530147481244,no_max,43,0
38,0.7376590171456336,0.0236049937875941,0.4520374245941639,0.8080262097716332,0.0001878254037728,0.3249822910130024,0.8581952393054962,24.98624989699965,0.0002421319069034,,,,,,,,0.0018175756625714,no_max,43,0
39,0.7591765025258064,0.022307620793581,0.4644289711117744,0.8151958954334259,0.0001541284420818,0.3341988207399845,0.8805449768900871,28.701172525999937,0.0002388352878997,0.6011420774619131,0.5314470880311252,0.4097379081225833,0.6011420774619131,0.4478722949975908,0.5453268916338717,0.5610931636987437,0.0019494414044311,no_max,43,0
40,0.7213586243987083,0.0216523705841973,0.4414761377871036,0.7884160554409028,0.0001460661616147,0.3184192748367786,0.8390691882371902,26.49805397899945,0.0002354712086265,,,,,,,,0.0016243275059969,no_max,43,0
41,0.7106941895186901,0.019307073042728,0.4341393601894379,0.7700543695688248,0.0001328566620759,0.3118084333091974,0.8231939715147019,25.715096502999582,0.0002320422237183,,,,,,,,0.0011705119453836,no_max,43,0
42,0.6998357665538788,0.020402388474904,0.4280624316632748,0.7889357966184616,0.0001167919571707,0.3067299095541239,0.8140042585134506,26.907924167999223,0.0002285509370981,,,,,,,,0.0015624667826341,no_max,43,0
43,0.7238401469588279,0.0204835257446393,0.4424975165724754,0.8257794505357743,8.320684027694369e-05,0.3191411003470421,0.8445104193687439,25.007694988000367,0.000225,,,,,,,,0.0014484992899815,no_max,43,0
44,0.7427056613564491,0.0209041653620079,0.4539850810170173,0.8153715279698371,7.711248732448439e-05,0.3296122126281261,0.865423603951931,23.414251763999346,0.0002213921089555,,,,,,,,0.0014264958677813,no_max,43,0
45,0.7101303905248642,0.018462331937626,0.4334631848335266,0.7871456986665726,7.846705374504381e-05,0.3120650844275951,0.8244868695735932,22.796069292999164,0.0002177300037466,,,,,,,,0.0012005419617344,no_max,43,0
46,0.7014409410953522,0.0199420171859674,0.428841390311718,0.8046049746870995,6.656285519738958e-05,0.3099736730754375,0.8195967826247216,22.89676367100037,0.0002140164653244,,,,,,,,0.0015894732042215,no_max,43,0
47,0.7059612247347832,0.0211324379500001,0.4320297245681286,0.7865213835239411,0.0001078512190133,0.3120800185203552,0.8231117257475853,23.407292379000864,0.0002102543136979,,,,,,,,0.0017222596330975,no_max,43,0
48,0.7146384760737419,0.0214672973146662,0.4373700225353241,0.8235981258749961,8.568336899884343e-05,0.3148253890872001,0.8349253576993942,27.199364181999044,0.0002064464057921,,,,,,,,0.0018292539505637,no_max,43,0
49,0.7229742476344109,0.0205666290153749,0.4420112183690071,0.7864672875404358,9.732415612347724e-05,0.3191833037137985,0.8402012142539025,27.19662671200058,0.0002025956332789,0.6209406475574135,0.5296834783280353,0.39907708318681,0.6209406475574135,0.4163670517825464,0.5517427356441463,0.5713771403515396,0.0017755015457805,no_max,43,0
50,0.7185048231482506,0.0173570284992456,0.438045718818903,0.7745729023218155,6.634373239251091e-05,0.3177016876637936,0.8334728145599365,26.190541133000806,0.0001987049203807,,,,,,,,0.0013239879784305,no_max,43,0
51,0.713454318344593,0.017246746388264,0.4349713078141212,0.7611503690481186,6.986890367102205e-05,0.3145421331375837,0.825916069149971,25.605469121999704,0.0001947772216502,,,,,,,,0.0014204522952786,no_max,43,0
52,0.7309773334860802,0.0195292697753757,0.4463981254398823,0.8075577127933502,0.0001519262889144,0.3235828099399805,0.8510614967346192,25.76569741500134,0.0001908155197268,,,,,,,,0.0015859174993238,no_max,43,0
53,0.7061045786738396,0.0207540912926197,0.4319643990695476,0.7764412152767182,5.249084818302663e-05,0.313397404551506,0.823394104540348,24.67445383699851,0.0001868228230711,,,,,,,,0.0019277669542861,no_max,43,0
54,0.6954647678136826,0.0193160905013792,0.4250053159892559,0.7819382083415986,4.943755630932856e-05,0.3073479169607162,0.8108359995484352,22.9839733860008,0.0001828021636809,,,,,,,,0.0014323707742369,no_max,43,0
55,0.7197248500585556,0.0171352749853394,0.4386890375614166,0.7655420792102814,8.766542729603088e-05,0.3202290923893451,0.8357400903105736,23.05996136000067,0.0001787565947885,,,,,,,,0.0013168371952633,no_max,43,0
56,0.6730390471220017,0.0182411010679788,0.4111198832094669,0.7768884092569351,7.754241332321499e-05,0.298182493597269,0.7873159790039063,22.325590058999296,0.0001746891885421,,,,,,,,0.0016044253449217,no_max,43,0
57,0.7149890564382076,0.0157862587785348,0.4353079583495855,0.7726036554574967,5.038078415111613e-05,0.3161733461916446,0.8290125843882561,23.77824979900106,0.0001706030336727,,,,,,,,0.0013419533244268,no_max,43,0
58,0.7479701209068298,0.0201535089011304,0.4568434932827949,0.8132535272836685,7.73458596759724e-05,0.3320875318348408,0.8706512379646302,25.8904459760015,0.0001665012331491,,,,,,,,0.0019549335071315,no_max,43,0
59,0.6819282215833664,0.0187135507166385,0.4166423696279526,0.7885253542661667,8.274378841633733e-05,0.3008120629936456,0.7966271099448204,25.891139010000188,0.0001623869018208,0.6746637540179093,0.5886944544918647,0.4709990829196091,0.6746637540179093,0.4995203368681634,0.591899272589521,0.6285064970502658,0.0015800108518669,no_max,43,0
60,0.693269165456295,0.0163907283777371,0.4225178076326847,0.768764818906784,7.080039696944596e-05,0.3078746719658374,0.807552872300148,25.620030387000952,0.0001582631640533,,,,,,,,0.0014018598670918,no_max,43,0
61,0.7289989376068116,0.0172513737261761,0.4442999279499054,0.7967824777960777,5.86366774518865e-05,0.3228495858609676,0.8471603125333786,25.513223382000437,0.0001541331513552,,,,,,,,0.0016480882120413,no_max,43,0
62,0.6931250333786011,0.0179875557828927,0.4230700600147247,0.7801647824048996,7.521798647360356e-05,0.3059442634880542,0.807407193183899,25.33024128199941,0.00015,,,,,,,,0.0018631576339794,no_max,43,0
63,0.6866214148700237,0.0154209991160314,0.4181412668526172,0.775263749063015,7.604623221297403e-05,0.3038377651572227,0.7997606259584427,23.942017519999357,0.0001458668486447,,,,,,,,0.0012570695205431,no_max,43,0
64,0.6959785717725754,0.0171213169209659,0.4244356848299503,0.8033001387119293,7.78009737979346e-05,0.3088859213888645,0.813987497985363,23.54030748399964,0.0001417368359466,,,,,,,,0.0016599420523562,no_max,43,0
65,0.711505899131298,0.0151529384148307,0.4329647326469421,0.7634811192750931,6.532406451640327e-05,0.3154484283924103,0.8250202971696854,23.113396147000454,0.0001376130981791,,,,,,,,0.0012787910489896,no_max,43,0
66,0.6944793614745141,0.017962159407325,0.4238724964112043,0.7961626353859902,6.361285498613257e-05,0.3087355698272586,0.8125664170086384,23.50112226000056,0.0001334987668508,,,,,,,,0.0016945137350558,no_max,43,0
67,0.7078021943569184,0.0175347260828129,0.431695224493742,0.7799293798208237,5.6880045056999504e-05,0.313368311971426,0.8233934783935547,23.38482035899869,0.0001293969663272,,,,,,,,0.0016707861881877,no_max,43,0
68,0.7271179638803005,0.0153703256486915,0.4424189254641533,0.7816544002294541,4.798471247852376e-05,0.3213440339267254,0.8422509637475014,26.0086469350008,0.0001253108114578,,,,,,,,0.0016008246367528,no_max,43,0
69,0.714003064930439,0.016615194955375,0.4350479352474212,0.7844704419374466,5.753831259468711e-05,0.3171929377317428,0.8310115599632263,25.96815522199904,0.0001212434052114,0.7217318054572021,0.6272040626783896,0.5007812914850268,0.7217318054572021,0.515632956770388,0.6442474258075787,0.6712784312263407,0.0016038270749959,no_max,43,0
70,0.6817683306336403,0.0169398674229159,0.4158369597792625,0.8085750424861908,6.982053747208284e-05,0.3024110688269138,0.7994185972213745,26.071257206000155,0.000117197836319,,,,,,,,0.0015478538161369,no_max,43,0
71,0.7132371516525745,0.0148413673392497,0.4338788552582264,0.775253781080246,6.338007246029065e-05,0.3158977545797825,0.8275704035162925,25.55571623600008,0.0001131771769288,,,,,,,,0.0013262269676579,no_max,43,0
72,0.7163737231492996,0.0211806675326079,0.4382965196669102,0.811654950082302,8.633273492804961e-05,0.3190372586250305,0.8390336149930954,24.666397758999665,0.0001091844802731,,,,,,,,0.002650132945746,no_max,43,0
73,0.7084702721238136,0.019484108176839,0.4328758218884468,0.8280835726857185,0.0001018206466159,0.3138996659219265,0.8300788655877114,22.336396410000816,0.0001052227783497,,,,,,,,0.0024496117609442,no_max,43,0
74,0.7224783700704575,0.0214439018070697,0.4420646026730537,0.7918266007304191,9.55303753107728e-05,0.3212511143833398,0.8430797520279885,22.77053257300031,0.0001012950796192,,,,,,,,0.0028829934679561,no_max,43,0
75,0.7059835696220398,0.0188595140539109,0.4311339676380157,0.8175231873989105,5.842806877353724e-05,0.3137839570641517,0.8270883497595787,23.33174323300045,9.740436672108684e-05,,,,,,,,0.0020759115196779,no_max,43,0
76,0.6942484509944916,0.0198337009502574,0.4244825688004494,0.8098144736886025,5.511995862036656e-05,0.3097648739814758,0.8157201069593429,22.32037392100028,9.355359420782469e-05,,,,,,,,0.0024422977116228,no_max,43,0
77,0.7298226121068001,0.0182887086924165,0.44520906701684,0.7947913336753846,5.655212515591757e-05,0.3242540086805821,0.8494113373756409,23.23125010900003,8.97456863020546e-05,,,,,,,,0.0023314762118388,no_max,43,0
78,0.7016348391771317,0.0205184269184246,0.4291882921755314,0.806456048488617,0.00010933424232,0.3121263956278562,0.8224709904193879,25.58128941899849,8.598353467553945e-05,,,,,,,,0.0025261803520697,no_max,43,0
79,0.7371111989021302,0.0188718802295625,0.4498154899477958,0.8185884758830071,8.255052510207861e-05,0.326850960701704,0.8590411576628685,25.76947102799932,8.226999625336662e-05,0.7061797824395706,0.6168995914569095,0.4887696793289164,0.7061797824395706,0.5041218774409669,0.6403971144901911,0.6576547148337069,0.0025586396660946,no_max,43,0
80,0.7070815514028073,0.0192065951274707,0.4319315853714943,0.8094793131947517,8.004392118358794e-05,0.3146085566282272,0.8279712465405464,25.91778192600032,7.860789104443896e-05,,,,,,,,0.00239587622018,no_max,43,0
81,0.6971407164633274,0.0181149900826858,0.4255304422974586,0.790096792280674,7.782496123716954e-05,0.3104587943106889,0.8154116389155388,26.644427573999565,7.500000000000002e-05,,,,,,,,0.002044159475281,no_max,43,0
82,0.7237165296077728,0.0174147341912612,0.4411958292126655,0.8267697244882584,5.930080885491407e-05,0.3216298198699951,0.8459255689382553,26.425652005998927,7.144906290181832e-05,,,,,,,,0.0020998972627057,no_max,43,0
83,0.6913115367293358,0.0200285136676393,0.422798348069191,0.805797454714775,0.0001054596877662,0.3077455434203148,0.8116256788372993,23.64415694099989,6.795777628163599e-05,,,,,,,,0.0024838501846716,no_max,43,0
84,0.7145826366543769,0.018670207853429,0.4362176835536956,0.8022728398442268,8.030830116581455e-05,0.3165475533902645,0.8334448155760765,23.453634658999363,6.452879137346007e-05,,,,,,,,0.0022414035264591,no_max,43,0
85,0.7161407253146171,0.0182627519988454,0.4369895534217358,0.8131036391854286,6.308782441180938e-05,0.320362823754549,0.839133825302124,23.29265745599878,6.1164712100253e-05,,,,,,,,0.0023396659844729,no_max,43,0
86,0.7236418533325195,0.0208231922914274,0.4425144076347351,0.8329445856809616,6.934036740073424e-05,0.3217850786447525,0.8481567376852035,23.088570721,5.786809309654982e-05,,,,,,,,0.0027966175099572,no_max,43,0
87,0.697057498395443,0.0174456415115855,0.4252127712965011,0.7905770263075829,6.533975265057279e-05,0.3090312653034925,0.8137511253356934,22.63920358900032,5.464143776850482e-05,,,,,,,,0.0022305619648795,no_max,43,0
88,0.7084436810016632,0.0172583185904659,0.4319695533812046,0.7589727687835693,5.726505531775672e-05,0.3143570053577423,0.8226351156830788,22.92551698700117,5.148719639283984e-05,,,,,,,,0.0020420852439929,no_max,43,0
89,0.6916130805015563,0.0179587971675209,0.422151386141777,0.8144658052921295,7.013539002343804e-05,0.3077385768294334,0.8117933723330498,22.78711743900021,4.840776425613886e-05,0.7221684660296579,0.6374916685374054,0.514152235360085,0.7221684660296579,0.5217901230802516,0.6685164165023063,0.6759638037150248,0.002266608196187,no_max,43,0
90,0.7062351632118226,0.0210052356193773,0.4321432104706764,0.7729504859447479,5.7419886268803565e-05,0.3137118861079216,0.8237291038036346,22.27013708100094,4.5405479835900685e-05,,,,,,,,0.0028804503220533,no_max,43,0
91,0.6861467337608338,0.0169804544653743,0.418480239212513,0.751827503144741,4.84631829982618e-05,0.3053551559150219,0.7994472834467888,23.22121566900023,4.2482623024732334e-05,,,,,,,,0.0021335857004578,no_max,43,0
92,0.699006640613079,0.0196854103170335,0.4272781665623188,0.8198052734136582,6.8203503583959e-05,0.3095994445681572,0.819339272081852,23.811591465000674,3.964141339903026e-05,,,,,,,,0.0023886573103754,no_max,43,0
93,0.7083810329437256,0.0183484618482179,0.4323680207133293,0.7818116849660873,6.362504912043044e-05,0.3141560479998588,0.8251726472377777,23.61674147899976,3.6884008533465575e-05,,,,,,,,0.0023211214175535,no_max,43,0
94,0.7081289377808571,0.0182581823540385,0.4321806554496288,0.80560954362154,5.780030085247745e-05,0.3159285511821508,0.8291466802358627,22.81848367999919,3.4212502362551864e-05,,,,,,,,0.0023681436360675,no_max,43,0
95,0.7032568818330764,0.0190677126171067,0.4295812311768532,0.8032190757989883,6.765231521399073e-05,0.3129353799670935,0.8233440110087394,23.17075729499993,3.162892359054098e-05,,,,,,,,0.0025105359126064,no_max,43,0
96,0.72582210034132,0.0166389667242765,0.4421488636732101,0.7616413378715515,6.858943398913242e-05,0.3207213640213012,0.8394234156608582,23.206418489999123,2.913523415085328e-05,,,,,,,,0.0019281139712984,no_max,43,0
97,0.6953181022405625,0.0180097076005768,0.4243947598338127,0.8259146416187286,7.996589387046171e-05,0.3082404538989067,0.8156694757938385,23.626605524001207,2.673332771621324e-05,,,,,,,,0.0021939847961402,no_max,43,0
98,0.7250926035642624,0.016468654514756,0.4416430428624153,0.7979068851470947,6.151209204039887e-05,0.3230074180662632,0.8448787963390351,23.34359876599956,2.4425028260620715e-05,,,,,,,,0.0021728530960331,no_max,43,0
99,0.6944166848063469,0.0177779262466356,0.4237611983716488,0.7923938807845116,7.181500112160677e-05,0.3078175981342792,0.8112286278605461,23.34056892800072,2.221208867425096e-05,0.7049822031736896,0.6211891534254038,0.500901321262133,0.7049822031736896,0.5126934373481157,0.6458918197544061,0.6594362000580483,0.0020342386450829,no_max,43,0
100,0.7014966630935668,0.0176150997681543,0.427944054454565,0.7829287898540497,4.72727837350817e-05,0.3115915037691593,0.8182914707064629,23.13384665800004,2.009618943233419e-05,,,,,,,,0.0023033668572338,no_max,43,0
101,0.711654720902443,0.0169003310473635,0.4337529844045639,0.7873326122760773,6.957212792039868e-05,0.3167930608987808,0.8296899047493934,23.18152308999925,1.807893731902665e-05,,,,,,,,0.0020355951653755,no_max,43,0
102,0.7083824446797371,0.0160352599690668,0.4314435887336731,0.7584533923864365,7.402286138812996e-05,0.3153978147357702,0.8230840453505516,23.24419063699861,1.616186420724089e-05,,,,,,,,0.0019680166892658,no_max,43,0
103,0.6919714096188545,0.0176804959529545,0.4222550612688064,0.7823035702109337,7.255118345074863e-05,0.3064588898420334,0.8073796299099922,22.89050900500115,1.4346425895363384e-05,,,,,,,,0.002158462459879,no_max,43,0
104,0.6934599697589874,0.0180698271212168,0.4233039285242557,0.7859572249650956,6.060596344077851e-05,0.3096930700540543,0.8120484247803688,23.16074851399935,1.2634001001741372e-05,,,,,,,,0.002263365252902,no_max,43,0
105,0.649027160257101,0.0174408929655328,0.3963926692306995,0.7790540921688079,6.061219150296893e-05,0.2859014910459518,0.7606383180618286,23.56303520099937,1.1025889917779737e-05,,,,,,,,0.0021785982615097,no_max,43,0
106,0.7154591566324234,0.0156596116372384,0.4355393552780151,0.7793661096692085,5.0239027485616815e-05,0.3186526793241501,0.8325236612558364,23.57905874900098,9.523313820441804e-06,,,,,,,,0.0019624914743326,no_max,43,0
107,0.7175170677900314,0.0159491523588076,0.4368899199366569,0.7704062101244926,6.02037588704718e-05,0.3200066776573658,0.8343518531322479,23.43051221300084,8.127413744904804e-06,,,,,,,,0.0020580993475505,no_max,43,0
108,0.7171952202916145,0.015514458224643,0.4365229332447052,0.7743974646925926,5.483395464905172e-05,0.3193824775516987,0.8337179702520371,23.034620937,6.839249718073875e-06,,,,,,,,0.0018503222420281,no_max,43,0
109,0.7200516003370285,0.0152671221212949,0.4381378251314163,0.8039175069332123,5.131886133374231e-05,0.3184123062342405,0.8373065993189812,24.062927958000728,5.659799953612438e-06,0.7192231250103269,0.6340394934117652,0.5126387518830201,0.7192231250103269,0.5208130000706797,0.662082355154289,0.6730095982180277,0.0018107237983667,no_max,43,0
110,0.6939610010385513,0.0151235757605172,0.4224260459840298,0.753481065928936,5.880484694955612e-05,0.3068499028682708,0.8049992388486862,22.48006484599864,4.589960109100444e-06,,,,,,,,0.0018612077884654,no_max,43,0
111,0.6953700119256974,0.0160211552330292,0.4236304883658885,0.7576583981513977,4.6951425267991454e-05,0.3078743249177932,0.8076464474201203,22.90717057999973,3.630542605884657e-06,,,,,,,,0.0018672475225321,no_max,43,0
112,0.6888933070003986,0.0145032539032399,0.4191373059153557,0.7676858478784561,4.724393758287704e-05,0.3061167864501476,0.8023177409172058,21.3228988259998,2.7822760121373187e-06,,,,,,,,0.0014634682573159,no_max,43,0
113,0.7032012778520584,0.0161103863525204,0.428364936709404,0.7828967356681824,6.733165772118354e-05,0.3124790365993977,0.8195154452323914,22.495254702998864,2.0458044895916517e-06,,,,,,,,0.0018921248571837,no_max,43,0
114,0.6867768400907517,0.0148526906891493,0.4180071985721588,0.7584797394275665,5.307991848696236e-05,0.3041455332189798,0.7983690547943115,23.720317421999425,1.4216873043745137e-06,,,,,,,,0.0018284741145157,no_max,43,0
115,0.6705015853047371,0.0172205162234604,0.4091891729831695,0.7695014056563377,6.140394416092931e-05,0.2988010773062706,0.7853469878435135,25.09284265899987,9.103984023075772e-07,,,,,,,,0.0020176311104523,no_max,43,0
116,0.670735114812851,0.0151819054363295,0.4085138456523418,0.7347178709506988,6.545413758410668e-05,0.2980280587077141,0.7803330788016319,27.419505829000627,5.123260489995229e-07,,,,,,,,0.0015805944371277,no_max,43,0
117,0.6670486538112164,0.0159082292369566,0.4065925024449825,0.7621376228332519,6.588337096616215e-05,0.2950089036673307,0.7781815618276596,25.465463979999186,2.2777253500257386e-07,,,,,,,,0.0018154897440581,no_max,43,0
118,0.6886408296227455,0.0167225570732262,0.4198735369741916,0.7746610662341118,5.4735573617676894e-05,0.3064803755283355,0.8042343413829803,25.78921897800137,5.695394625728767e-08,,,,,,,,0.0020579293850153,no_max,43,0
119,0.6890672639012336,0.0160133895184844,0.4198457314074039,0.7867073208093643,4.917999582630728e-05,0.3061451007425785,0.8050370183587074,26.14028637299998,0.0,0.7177577121745996,0.6325507542856187,0.5107724162242012,0.7177577121745996,0.518393119703697,0.6615014309785598,0.6714970952128654,0.0018649593994541,no_max,43,0
0,0.9777682292461396,0.6931039291620255,0.8639025378227234,0.7229484868049622,0.0476245630905032,0.6006483781337738,1.5392269945144654,26.897933623000423,5.1e-05,,,,,,,,,no_consistency,43,0
1,0.967450684905052,0.5092219054698944,0.7841592019796372,0.6899104171991348,0.045743491500616,0.4931345936655998,1.348572005033493,26.019547407000573,0.0001009999999999,,,,,,,,,no_consistency,43,0
2,0.9622572058439256,0.4441010642051697,0.7549947780370713,0.6808396017551422,0.037763632312417,0.4663603079319,1.2913272297382354,25.52384585099935,0.0001509999999999,,,,,,,,,no_consistency,43,0
3,0.9619393974542618,0.3988098493218422,0.7366876059770584,0.6824096268415452,0.0264346061833202,0.4510198080539703,1.2572701013088226,25.32079739999972,0.0002009999999999,,,,,,,,,no_consistency,43,0
4,0.9574916642904282,0.349742579460144,0.7143920570611954,0.678938854932785,0.0188428054843097,0.4328648689389229,1.21609295129776,25.15424311300012,0.000251,,,,,,,,,no_consistency,43,0
5,0.9509656256437302,0.2991862088441849,0.6902538824081421,0.6726729553937912,0.0157112048380076,0.4158927857875824,1.1741995346546172,24.88292556200031,0.0003,,,,,,,,,no_consistency,43,0
6,0.9406848067045211,0.2488445594906806,0.6639487302303314,0.6934258663654327,0.0162028836924582,0.3964908984303474,1.1305923575162888,22.83839078100027,0.0002999430460537,,,,,,,,,no_consistency,43,0
7,0.9271121168136596,0.2030365382134914,0.6374819093942642,0.6852557462453842,0.0190208559017628,0.3794225925207138,1.086381117105484,23.29151168700082,0.0002997722274649,,,,,,,,,no_consistency,43,0
8,0.929454959630966,0.1627985343337059,0.622792421579361,0.6921081668138505,0.0290277608949691,0.3788456688821315,1.072300295829773,22.820806027999424,0.000299487673951,,,,,,,,,no_consistency,43,0
9,0.9115877938270568,0.1351452749222517,0.6010108137130737,0.6794165933132171,0.0278719280287623,0.3694630023837089,1.0398090767860413,23.35314533000019,0.0002990896015976,0.4441701470671976,0.4105247100507759,0.3400504676834297,0.4441701470671976,0.3829672009516208,0.4044367821335092,0.4236645480238943,,no_consistency,43,0
10,0.8901649302244187,0.1125047625601291,0.5791008859872818,0.6930387967824936,0.0230105710029602,0.353094278126955,1.0026495665311814,22.326940418999584,0.0002985783126956,,,,,,,,,no_consistency,43,0
11,0.8833091169595718,0.0947067695856094,0.5678682008385658,0.7180487921833992,0.0196491485927253,0.3542822468280792,0.994937782883644,22.116557080998973,0.0002979541955104,,,,,,,,,no_consistency,43,0
12,0.866738748550415,0.0800993849337101,0.5520830261707306,0.7015134328603745,0.0169128821976482,0.3443990539014339,0.9674790614843368,22.49101185499967,0.0002972177239878,,,,,,,,,no_consistency,43,0
13,0.8465004444122315,0.0691273187100887,0.5355512180924415,0.7139105778932572,0.015476874243468,0.3369769172370433,0.9446930342912674,23.288045362998677,0.0002963694573941,,,,,,,,,no_consistency,43,0
14,0.8514451777935028,0.0587847612053155,0.5343810296058655,0.7188200759887695,0.0147073545772582,0.3422800670564174,0.9492784756422042,22.08488028800093,0.0002954100398908,,,,,,,,,no_consistency,43,0
15,0.8074655887484551,0.0525103960558772,0.5054835319519043,0.7212243998050689,0.0128365105297416,0.3220382161438465,0.900286014676094,21.9002584689988,0.0002943402000463,,,,,,,,,no_consistency,43,0
16,0.8169957387447357,0.0448292337357997,0.5081291550397873,0.733134982585907,0.0115468136034905,0.3294380982220173,0.9114580869674682,21.776740310000605,0.0002931607502819,,,,,,,,,no_consistency,43,0
17,0.7858836424350738,0.0417317320778965,0.4882228964567184,0.724421728849411,0.0094671579264104,0.3157299979031086,0.8768684262037277,22.824679306999315,0.000291872586255,,,,,,,,,no_consistency,43,0
18,0.8003641766309738,0.0468998167105019,0.4989784535765648,0.794883663058281,0.0086229687696322,0.3354073350131512,0.9143053072690964,22.88990553500116,0.0002904766861795,,,,,,,,,no_consistency,43,0
19,0.8190919691324234,0.0429073806293308,0.5086181560158729,0.7824995702505112,0.0075275401817634,0.3454850287735462,0.93272951900959,21.994011245000365,0.0002889741100822,0.4647755337977344,0.4235785607460205,0.3601124148973466,0.4647755337977344,0.4172865322750254,0.3886736161653021,0.4419501299921815,,no_consistency,43,0
20,0.7941048631072044,0.0428065394796431,0.4935855561494827,0.7924354472756385,0.0063565492583438,0.3364392301440239,0.9095861548185348,23.132552670998848,0.0002873659989982,,,,,,,,,no_consistency,43,0
21,0.7899294000864029,0.0373243259452283,0.4888873898983001,0.7888655412197113,0.0058713674219325,0.3319490511715412,0.9000165623426437,22.32515751000028,0.0002856535741046,,,,,,,,,no_consistency,43,0
22,0.7976893764734269,0.0346531925164163,0.4924749264121055,0.7848418337106705,0.0049704739684239,0.3401311960816383,0.9113388293981552,22.56885037999928,0.0002838381357927,,,,,,,,,no_consistency,43,0
23,0.7801524657011032,0.0329944187961518,0.4812892669439316,0.7695004916191102,0.0046011837781406,0.3323324033617973,0.8908017742633819,22.19834777200049,0.0002819210626809,,,,,,,,,no_consistency,43,0
24,0.766895751953125,0.0321765499562025,0.4730080935359001,0.7973071825504303,0.0038801854639314,0.325981729477644,0.8789145463705063,21.75109253700066,0.0002799038105676,,,,,,,,,no_consistency,43,0
25,0.7696213775873184,0.0322015653271228,0.4746534690260887,0.7770359337329864,0.0033978446526452,0.3305413670092821,0.8830683240294457,21.67409968100037,0.0002777879113257,,,,,,,,,no_consistency,43,0
26,0.8008897435665131,0.0284419666510075,0.4919106516242027,0.7875687927007675,0.0029572364035993,0.3471924822032451,0.9180078727006912,22.385761876999823,0.0002755749717393,,,,,,,,,no_consistency,43,0
27,0.7679576215147972,0.0297115080850198,0.4726591953635216,0.8221085959672928,0.0024831181764602,0.3288957408070564,0.8838899543881417,22.731335297999976,0.0002732666722837,,,,,,,,,no_consistency,43,0
28,0.7614167419075966,0.0276500032935291,0.4679100647568702,0.8071260118484497,0.0022270312684122,0.3279237675666809,0.8766577830910682,22.483798008999656,0.0002708647658491,,,,,,,,,no_consistency,43,0
29,0.7678137427568436,0.0255641374969854,0.4709139186143875,0.787604095339775,0.0021003999945241,0.3338582400977611,0.8836375933885574,22.107037121999383,0.0002683710764094,0.4817704504425444,0.4168142438089577,0.3298126205487279,0.4817704504425444,0.3545802999254921,0.4140919810588366,0.4470878054630867,,no_consistency,43,0
30,0.7629612305760384,0.0264168591704219,0.468343500494957,0.8253440600633621,0.0018094391748309,0.3306260229647159,0.8815943998098373,22.49655340800018,0.0002657874976374,,,,,,,,,no_consistency,43,0
31,0.7411140470206737,0.0258451938349753,0.4550065241754055,0.785758256316185,0.0015701305842958,0.3215531060099602,0.8552139657735824,22.732120180000493,0.0002631159914665,,,,,,,,,no_consistency,43,0
32,0.7371702831983566,0.0265236403327435,0.4529116450250148,0.785461710691452,0.0013189844432054,0.3224695989489555,0.8539933651685715,22.79343222600073,0.0002603585866009,,,,,,,,,no_consistency,43,0
33,0.7381073579192161,0.0228328110277652,0.451997556835413,0.7839605051279068,0.0011378897936083,0.3220593154430389,0.8525098118185997,22.31868702000065,0.0002575173769752,,,,,,,,,no_consistency,43,0
34,0.734036705493927,0.0250959779974073,0.4504604318737983,0.7998693782091141,0.0010654487425927,0.3221050800383091,0.8526057198643684,22.7169265909979,0.000254594520164,,,,,,,,,no_consistency,43,0
35,0.7262167036533356,0.0225003583100624,0.4447301815450191,0.8109404450654983,0.0008720440126489,0.3160293239355087,0.841897155046463,21.60216376399694,0.0002515922357438,,,,,,,,,no_consistency,43,0
36,0.7577656534314156,0.021435380121693,0.4632335636019706,0.7953991338610649,0.0007149447628762,0.3315240006148815,0.8743332299590111,22.26544521200049,0.0002485128036071,,,,,,,,,no_consistency,43,0
37,0.7390876251459122,0.0195646646432578,0.4512784583866596,0.7933306270837783,0.000746013688913,0.323064404502511,0.8537132224440575,22.500393526999687,0.0002453585622314,,,,,,,,,no_consistency,43,0
38,0.7322086676955223,0.0221695135207846,0.4481930264830589,0.7951749175786972,0.0006218617942067,0.3226089064776897,0.850350526869297,24.90361843899882,0.0002421319069034,,,,,,,,,no_consistency,43,0
39,0.7621914744377136,0.0235964236198924,0.4667534743249416,0.8387796795368194,0.0005682097974931,0.3361389991641044,0.8867988499999047,24.51835960599783,0.0002388352878997,0.6077813532425412,0.5389075190186542,0.4271821705178671,0.6077813532425412,0.4679544305491537,0.5409867732642674,0.5690592847029077,,no_consistency,43,0
40,0.7240730637311935,0.0231587424012832,0.4437073536217212,0.7795915091037751,0.0004828831175109,0.3200025960803032,0.8416932445764541,25.09044144699874,0.0002354712086265,,,,,,,,,no_consistency,43,0
41,0.7131238424777985,0.0200827749911695,0.4359074309468269,0.7739078927040101,0.0004201366493362,0.3125087374448776,0.825827966928482,25.257104840002285,0.0002320422237183,,,,,,,,,no_consistency,43,0
42,0.6976579427719116,0.0196293905749917,0.4264465406537056,0.7767636865377426,0.000438320551475,0.3057000563293695,0.8098448869585991,25.032200841000304,0.0002285509370981,,,,,,,,,no_consistency,43,0
43,0.7234441241621972,0.0215056057507172,0.4426687324047089,0.7978290671110153,0.000339273418649,0.3205300521850586,0.842998657822609,22.439418998998008,0.000225,,,,,,,,,no_consistency,43,0
44,0.7453067708015442,0.022662667366676,0.4562491469085216,0.8013964682817459,0.000295385033678,0.3301195432245731,0.8665231108665467,22.134321568002637,0.0002213921089555,,,,,,,,,no_consistency,43,0
45,0.7091201576590538,0.0186588634038344,0.4329356586933136,0.7809630209207534,0.0003089752973755,0.3119847391545772,0.8230321490764618,21.80501070600076,0.0002177300037466,,,,,,,,,no_consistency,43,0
46,0.7050908786058426,0.0203714444674551,0.4312031212449074,0.8136172944307327,0.0003269648792047,0.3100865611433983,0.8226677653193474,21.493895780000457,0.0002140164653244,,,,,,,,,no_consistency,43,0
47,0.7087791487574577,0.0214161468343809,0.4338339637219905,0.7921960169076919,0.0002807698010292,0.3133126035332679,0.8263802114129066,22.383886642001016,0.0002102543136979,,,,,,,,,no_consistency,43,0
48,0.7108238151669503,0.0211575098498724,0.434957309961319,0.8181309482455253,0.0002904981549363,0.3119426816701889,0.8287276098132134,26.52007120500275,0.0002064464057921,,,,,,,,,no_consistency,43,0
49,0.7211561578512192,0.0202711562765762,0.4408021727204322,0.7968969318270683,0.0002364312639838,0.3177947853505611,0.8382984772324562,25.94749898199734,0.0002025956332789,0.6504330815590085,0.5535105660783655,0.4093664192917053,0.6504330815590085,0.4288065531302653,0.5812920635458227,0.5972496606880853,,no_consistency,43,0
50,0.7225301307439804,0.0177675947779789,0.4406251335144043,0.7697695606946945,0.0001860140675853,0.3191389414668083,0.8367503318190574,25.559839817000466,0.0001987049203807,,,,,,,,,no_consistency,43,0
51,0.7172722399234772,0.0173605534248054,0.4373075817525387,0.7616708752512932,0.0002103995888319,0.315980567112565,0.8294657552242279,25.29879225400145,0.0001947772216502,,,,,,,,,no_consistency,43,0
52,0.7306005978584289,0.0204849600652232,0.4465543590486049,0.8121782559156417,0.0002332692984055,0.3237097437679768,0.8514935976266861,26.02354470900173,0.0001908155197268,,,,,,,,,no_consistency,43,0
53,0.7072261169552803,0.0215744975465349,0.4329654836654663,0.7676416873931885,0.0001542097107085,0.3139075572788715,0.8236449232697487,23.040109751000276,0.0001868228230711,,,,,,,,,no_consistency,43,0
54,0.6972090288996696,0.020133580607362,0.4263788667321205,0.783828809261322,0.00013477900211,0.3075172197818756,0.812285712659359,21.811654966000788,0.0001828021636809,,,,,,,,,no_consistency,43,0
55,0.7192109686136245,0.0181951264594681,0.4388046483695507,0.7613367041945458,0.0001814224341796,0.320729047358036,0.8356764367222786,22.356609387999924,0.0001787565947885,,,,,,,,,no_consistency,43,0
56,0.674680851995945,0.0184865474211983,0.4122031481564045,0.7692162758111953,0.0001586392882381,0.2986317422240973,0.787764455974102,21.639072314999797,0.0001746891885421,,,,,,,,,no_consistency,43,0
57,0.7137050147354603,0.0158207129314541,0.4345513103157282,0.7661823296546936,0.0001227642604862,0.3150522908568382,0.8262279655039311,22.40632614900096,0.0001706030336727,,,,,,,,,no_consistency,43,0
58,0.750572809278965,0.0202208478120155,0.4584320414066314,0.8110598847270012,0.0001883979967533,0.3323758688569069,0.8719233226776123,25.09813733199917,0.0001665012331491,,,,,,,,,no_consistency,43,0
59,0.6807512690126896,0.0192779982206411,0.4161619783937931,0.7785538288950921,0.000120631548998,0.2998144499957561,0.7938378423452377,25.22361550700225,0.0001623869018208,0.6996708682162279,0.6122162167075919,0.4892972118030965,0.6996708682162279,0.5067399966403875,0.6302377852661599,0.652397107122324,,no_consistency,43,0
60,0.6930804941058158,0.0159739042585715,0.4222378765046596,0.7736919397115707,0.0001222850719204,0.3091161673516035,0.8087293517589569,25.614329296000506,0.0001582631640533,,,,,,,,,no_consistency,43,0
61,0.7265334084630013,0.0171667704277206,0.4427867721021175,0.7819439688324928,0.0001253988790631,0.321104621887207,0.8420920613408088,25.4165870609977,0.0001541331513552,,,,,,,,,no_consistency,43,0
62,0.6951554083824157,0.0188790756789967,0.4246448910236358,0.7903413790464401,0.00012243192401,0.3078307193517685,0.8115158742666244,25.42737560399837,0.00015,,,,,,,,,no_consistency,43,0
63,0.6856706348061562,0.0152177622448652,0.4174895008653402,0.7735401538014411,0.0001078800741379,0.3029172751307487,0.7977661827206611,23.26105847199869,0.0001458668486447,,,,,,,,,no_consistency,43,0
64,0.6961450323462486,0.0174157995241694,0.4246533538401127,0.7914813500642777,0.0001128306959981,0.3087852539867162,0.8125923833251,22.616873569000745,0.0001417368359466,,,,,,,,,no_consistency,43,0
65,0.7095788845419884,0.0153566803829744,0.4318900217115879,0.7587164524197578,0.0001045282825725,0.315516547113657,0.8232834383845329,21.810153689002615,0.0001376130981791,,,,,,,,,no_consistency,43,0
66,0.6909191270172595,0.0174587903078645,0.421535010561347,0.7906032729148865,8.91338654764695e-05,0.3071026287227869,0.807702423632145,22.918789026000013,0.0001334987668508,,,,,,,,,no_consistency,43,0
67,0.7088716611266136,0.0182495617261156,0.4326228375732899,0.7608439710736274,8.994893003546168e-05,0.3148282133042812,0.8235399466753006,22.1548070309982,0.0001293969663272,,,,,,,,,no_consistency,43,0
68,0.7308545027673244,0.0163403462222777,0.4450488589704037,0.7950183609127999,8.882737311068922e-05,0.3227141962945461,0.8472693300247193,25.90247017000001,0.0001253108114578,,,,,,,,,no_consistency,43,0
69,0.7136710557341576,0.0170516876038163,0.4350233270227909,0.7611327096819878,8.905451766622719e-05,0.3174127896130085,0.8285538440942765,25.97274289100096,0.0001212434052114,0.7139467201365526,0.6110780341609485,0.464991266593959,0.7139467201365526,0.5003256466130979,0.618961735733195,0.658190568989612,,no_consistency,43,0
70,0.680772432088852,0.0169293580437079,0.4152352218329906,0.7962824741005897,7.049369123706129e-05,0.3017722517251968,0.7966392469406128,25.36545842600026,0.000117197836319,,,,,,,,,no_consistency,43,0
71,0.7135072420537472,0.0156844986556097,0.4343781638145447,0.784986087679863,9.2869520522072e-05,0.3162054551392794,0.8290868669748306,25.608851742999832,0.0001131771769288,,,,,,,,,no_consistency,43,0
72,0.7150692096352578,0.0214778286567889,0.4376326756179333,0.8064244374632835,0.0001511848536574,0.3186256970465183,0.8369083759188652,24.87464354199983,0.0001091844802731,,,,,,,,,no_consistency,43,0
73,0.7081886151432991,0.0192267016856931,0.4326038685441017,0.825872434079647,0.0001050540744745,0.3138740646839142,0.8290704327821732,22.76259560499966,0.0001052227783497,,,,,,,,,no_consistency,43,0
74,0.7215295940637588,0.0219215121539309,0.4416863796114921,0.7908968070149421,0.0001640281844811,0.3210145616531372,0.8417988321185113,22.17445737399976,0.0001012950796192,,,,,,,,,no_consistency,43,0
75,0.7043926888704299,0.0192014313535764,0.4303162023425102,0.8121854490041733,7.584480288642226e-05,0.3135799357295036,0.8251184755563736,22.611165010999684,9.740436672108684e-05,,,,,,,,,no_consistency,43,0
76,0.6934634137153626,0.0205758497677743,0.4243084049224853,0.8145118081569671,8.179208360161283e-05,0.3096831932663917,0.8154468679428101,22.66987634600082,9.355359420782469e-05,,,,,,,,,no_consistency,43,0
77,0.7289185370504856,0.0186585545260459,0.4448145601153374,0.7843405747413635,0.0001248578816375,0.3246916602551937,0.8479465255141259,22.544751827001164,8.97456863020546e-05,,,,,,,,,no_consistency,43,0
78,0.7002247086167336,0.0210706310812383,0.4285630924999714,0.7978587886691093,0.0001678933313633,0.3113588663935661,0.8197162353992462,25.294458297001256,8.598353467553945e-05,,,,,,,,,no_consistency,43,0
79,0.735614743232727,0.018997276299633,0.4489677737653255,0.8210158747434616,0.0001262017100816,0.3265968741476536,0.8576725503802299,25.298115939000127,8.226999625336662e-05,0.7093034024164481,0.6205978169656996,0.5001363474433813,0.7093034024164481,0.5037568472982596,0.6487332011823909,0.6617750212839169,,no_consistency,43,0
80,0.706636485606432,0.0190388169302605,0.4315974351763725,0.8117004725337028,8.407243506553642e-05,0.3141888952255249,0.8269605800509453,25.45347399399907,7.860789104443896e-05,,,,,,,,,no_consistency,43,0
81,0.6983264304697514,0.0185073183244094,0.426398803293705,0.7866947788000107,0.0001065721059421,0.3105506575107574,0.815624263882637,26.250923961000808,7.500000000000002e-05,,,,,,,,,no_consistency,43,0
82,0.7248521876335144,0.0184698001877404,0.442299250215292,0.8265619224309921,0.0001068108271101,0.3221945512294769,0.8471553349494934,25.4326977540004,7.144906290181832e-05,,,,,,,,,no_consistency,43,0
83,0.6869279754161834,0.0198639264842495,0.4201023754477501,0.8087610232830048,0.0001127251485377,0.3050337564945221,0.8060178768634796,24.44653794099941,6.795777628163599e-05,,,,,,,,,no_consistency,43,0
84,0.7159966203570366,0.0187679750588722,0.4371051812171936,0.7994588142633439,0.0001454315050341,0.3177630361914634,0.834821369946003,22.333013479998044,6.452879137346007e-05,,,,,,,,,no_consistency,43,0
85,0.7161879865825176,0.018562227373477,0.4371376994252205,0.8062141001224518,6.122467515524476e-05,0.3204040802270174,0.8381662553548813,22.50794068200048,6.1164712100253e-05,,,,,,,,,no_consistency,43,0
86,0.7236702537536621,0.0221120665210764,0.4430469954013824,0.819156745672226,8.049340417528583e-05,0.3222297589480877,0.8471964526176453,22.303715041998657,5.786809309654982e-05,,,,,,,,,no_consistency,43,0
87,0.6952936421334743,0.0177473479136824,0.4242751424014568,0.7927116516232491,8.308977601700462e-05,0.3085795851051807,0.8121300476789475,22.244127181002117,5.464143776850482e-05,,,,,,,,,no_consistency,43,0
88,0.7081380595266819,0.0176358936587348,0.431937213242054,0.7549610254168511,9.246284145774552e-05,0.3142040240019559,0.8216419634222984,24.34063560099821,5.148719639283984e-05,,,,,,,,,no_consistency,43,0
89,0.6896115478873253,0.0180753990751691,0.4209971034526825,0.8108517098426818,0.0001066358572006,0.3067791842669248,0.8088667902350426,25.83339111100213,4.840776425613886e-05,0.7417167194696387,0.6427805019927848,0.5154270453680921,0.7417167194696387,0.5154270453680921,0.6711977411406238,0.6894068868164278,,no_consistency,43,0
90,0.7039327001571656,0.0204988676379434,0.4305591824650764,0.7658965963125229,0.0001283069569217,0.3129214426130056,0.8200767007470131,24.956708194000385,4.5405479835900685e-05,,,,,,,,,no_consistency,43,0
91,0.6835091358423233,0.0163891295308712,0.4166611471772194,0.7492029529809952,7.468926902674866e-05,0.30415660738945,0.7957417821884155,26.58870051100166,4.2482623024732334e-05,,,,,,,,,no_consistency,43,0
92,0.6974255749583245,0.0197108615003526,0.4263397052884102,0.8224932116270065,0.0001038160890857,0.3094213387370109,0.8180155608057976,25.790750463998847,3.964141339903026e-05,,,,,,,,,no_consistency,43,0
93,0.7058891403675079,0.0185920397308655,0.4309703187644482,0.7789294654130936,7.878453383455054e-05,0.3131905010342597,0.8220577073097229,24.37579722900045,3.6884008533465575e-05,,,,,,,,,no_consistency,43,0
94,0.7098841792345048,0.0190733682969585,0.4335598713159561,0.8122680371999741,9.482748880145665e-05,0.3164702108502388,0.8312616261839867,22.591841127999945,3.4212502362551864e-05,,,,,,,,,no_consistency,43,0
95,0.703032946139574,0.0202480038534849,0.429918987005949,0.8025401395559311,0.0001173517011193,0.312968261539936,0.823147129714489,22.495093273002567,3.162892359054098e-05,,,,,,,,,no_consistency,43,0
96,0.7228503915667533,0.0162713476817589,0.4402187931537628,0.7541125854849815,7.799551400694327e-05,0.3196713434159756,0.8353052926063538,22.626699075000943,2.913523415085328e-05,,,,,,,,,no_consistency,43,0
97,0.6936178174614906,0.0182458552485331,0.4234690508246422,0.8338967585563659,7.911675707873655e-05,0.3078558202087879,0.8147185039520264,22.433699787001387,2.673332771621324e-05,,,,,,,,,no_consistency,43,0
98,0.7251967132091522,0.0172654897742904,0.4420242416858673,0.7993009740114212,0.0001009173386842,0.3235611879825592,0.8455205690860749,24.516955228998995,2.4425028260620715e-05,,,,,,,,,no_consistency,43,0
99,0.6943338875472546,0.0184463081718422,0.4239788743853569,0.7791297918558121,0.0001280486003679,0.30865298576653,0.8105512446165085,25.88067939500252,2.221208867425096e-05,0.7053509320683871,0.6117479702893774,0.4841237438041219,0.7053509320683871,0.4956028692334593,0.6342901095662863,0.6551473247082577,,no_consistency,43,0
100,0.7023817047476768,0.0187656693020835,0.4289353083074093,0.7904459998011589,9.634938519411662e-05,0.3127217084169388,0.8207064333558083,25.82521381499828,2.009618943233419e-05,,,,,,,,,no_consistency,43,0
101,0.7144747039675713,0.0178831557257217,0.4358381034433842,0.7753945019841194,0.0001193789183253,0.3182577433437109,0.8316412702202797,25.609369229998265,1.807893731902665e-05,,,,,,,,,no_consistency,43,0
102,0.7093353018164634,0.0164315154217183,0.4321738064289093,0.7544045162200927,0.0001271051333878,0.3159635157883167,0.8235841313004494,26.02724897799999,1.616186420724089e-05,,,,,,,,,no_consistency,43,0
103,0.6904136437177658,0.0179987732274457,0.4214477117359638,0.791579756140709,0.0001029565370436,0.3062957365810871,0.8069065716862679,24.435670924998703,1.4346425895363384e-05,,,,,,,,,no_consistency,43,0
104,0.6909968236088753,0.0180009362986311,0.4217984874546527,0.7794614580273628,0.0001311129834266,0.3079562819004058,0.8077074706554412,22.34902655699989,1.2634001001741372e-05,,,,,,,,,no_consistency,43,0
105,0.6485676880180836,0.0179082775348797,0.3963039392232895,0.7831596240401268,0.000109799498141,0.2867731077224016,0.7613985025882721,22.47412358300062,1.1025889917779737e-05,,,,,,,,,no_consistency,43,0
106,0.7152455431222916,0.0160417874739505,0.43556406006217,0.7725106632709503,9.153562098845212e-05,0.3177490375936031,0.8305687433481217,22.639967328999774,9.523313820441804e-06,,,,,,,,,no_consistency,43,0
107,0.7174040038883686,0.0162974466057494,0.4369614005088806,0.7687653538584709,0.0001046917225448,0.3202935434877872,0.8341367173194886,22.21790472199791,8.127413744904804e-06,,,,,,,,,no_consistency,43,0
108,0.7162133398652076,0.0157784798182547,0.4360394157469273,0.781885572373867,9.872137336742524e-05,0.3192709994316101,0.8335039126873016,23.089598976999696,6.839249718073875e-06,,,,,,,,,no_consistency,43,0
109,0.7202014471590519,0.0156509072880726,0.4383812510967255,0.7925338414311409,8.904222725504951e-05,0.3188135357946157,0.8364526256918907,25.68725213700236,5.659799953612438e-06,0.7319197715806144,0.6390253216049402,0.5176215634448136,0.7319197715806144,0.5176215634448136,0.6675346297893924,0.682621615774332,,no_consistency,43,0
110,0.6930921936035156,0.0152329678554087,0.4219485214352608,0.7474080267548561,9.432030622065213e-05,0.3082144619524479,0.8049085003137588,25.378007540999533,4.589960109100444e-06,,,,,,,,,no_consistency,43,0
111,0.6940605548024178,0.016843730774708,0.4231738410890102,0.7592571657896042,8.1798796172734e-05,0.3075362312048673,0.8066398805379867,25.21800752199852,3.630542605884657e-06,,,,,,,,,no_consistency,43,0
112,0.6881334213912487,0.0149659294169396,0.41886643871665,0.7677265086770058,6.697932744827994e-05,0.306275479644537,0.801917921602726,24.11563554500026,2.7822760121373187e-06,,,,,,,,,no_consistency,43,0
113,0.7018426583707332,0.0162662225007079,0.4276121004670858,0.7755538728833199,8.684730131790275e-05,0.3116824539750814,0.8168542847037316,24.733495688000403,2.0458044895916517e-06,,,,,,,,,no_consistency,43,0
114,0.6851603664457798,0.0151246942416764,0.417146113216877,0.7580096548795701,8.17065044498122e-05,0.3036522256582975,0.7966033893823624,22.896460428000864,1.4216873043745137e-06,,,,,,,,,no_consistency,43,0
115,0.670477751493454,0.0178054512967355,0.4094088473916054,0.7798500379920006,9.28546518434814e-05,0.2995823217928409,0.7869808223843574,22.12127729399799,9.103984023075772e-07,,,,,,,,,no_consistency,43,0
116,0.6702556976675987,0.0154920863232109,0.4083502690494061,0.7449122500419617,9.139495286035526e-05,0.297979874163866,0.7808259412646293,23.915185867001128,5.123260489995229e-07,,,,,,,,,no_consistency,43,0
117,0.6673500303924084,0.0162612090841867,0.4069145184755325,0.7697851836681366,0.0001003806424432,0.2959512323141098,0.7798492872714996,22.519835749000777,2.2777253500257386e-07,,,,,,,,,no_consistency,43,0
118,0.687219979763031,0.0168090497062075,0.4190556241571903,0.7634754386544228,9.409724237229966e-05,0.3054084713757038,0.800816345512867,23.45608319700113,5.695394625728767e-08,,,,,,,,,no_consistency,43,0
119,0.6891024090349674,0.0164712427929043,0.4200499583780765,0.7892024964094162,7.116153823062632e-05,0.306881058961153,0.8058548268675804,27.36090439100008,0.0,0.729908300404177,0.6358950360778254,0.513515296109152,0.729908300404177,0.513515296109152,0.6642615117201472,0.680065020676769,,no_consistency,43,0
0,0.9777609235048296,0.6930905592441559,0.863892811536789,0.7229325515031815,0.0476343498751521,0.6006315356492996,1.5391993296146391,26.02701331099888,5.1e-05,,,,,,,,,shuffled_quality,43,0
1,0.967430836558342,0.5091799280047417,0.7841305005550384,0.6899441170692444,0.0457504327222704,0.4931289422512054,1.3485413777828217,25.472315898998204,0.0001009999999999,,,,,,,,,shuffled_quality,43,0
2,0.9622401028871536,0.4441002178192139,0.7549841797351837,0.680826495885849,0.0377194740995764,0.4663531604409218,1.2913059544563297,22.474758716001816,0.0001509999999999,,,,,,,,,shuffled_quality,43,0
3,0.9619254755973816,0.3988133215904236,0.7366806429624557,0.6823303657770157,0.0263905759342014,0.451034325659275,1.2572675359249117,22.575142326000787,0.0002009999999999,,,,,,,,,shuffled_quality,43,0
4,0.9574911069869996,0.3497161608934402,0.7143811595439911,0.6789838141202926,0.0188358549028635,0.4328548526763916,1.2160761833190918,21.67552167699978,0.000251,,,,,,,,,shuffled_quality,43,0
5,0.950906600356102,0.2989605516195297,0.6901282072067261,0.6725348144769668,0.0156876861024647,0.4155086499452591,1.1736747312545777,23.76803903200198,0.0003,,,,,,,,,shuffled_quality,43,0
6,0.9406647926568984,0.2487216806411743,0.663887569308281,0.6933189755678177,0.0162095046322792,0.396419249176979,1.1304491943120956,22.971493725999608,0.0002999430460537,,,,,,,,,shuffled_quality,43,0
7,0.92718088388443,0.2031936706602573,0.637586025595665,0.6863942283391953,0.0191011970490217,0.3795862972736358,1.0867668050527572,24.855757024000923,0.0002997722274649,,,,,,,,,shuffled_quality,43,0
8,0.929141764640808,0.1624248671531677,0.6224550300836563,0.6910059249401093,0.0291800850257277,0.3782207234203815,1.071235355734825,25.07369321400256,0.000299487673951,,,,,,,,,shuffled_quality,43,0
9,0.9116379410028458,0.1350163234770298,0.6009893202781678,0.6785326844453812,0.0278077673539519,0.3686104770004749,1.0388434553146362,25.53869560500243,0.0002990896015976,0.4241499409408263,0.4011926484803756,0.3404028452819648,0.4241499409408263,0.3717243130842242,0.4077036914160765,0.4088880436368049,,shuffled_quality,43,0
10,0.8905331635475159,0.1124589745700359,0.5793035125732422,0.6922620671987534,0.0229197782464325,0.352096486389637,1.0017721951007843,25.30346642400036,0.0002985783126956,,,,,,,,,shuffled_quality,43,0
11,0.8836515724658967,0.0947649963200092,0.5680969667434692,0.7206957751512527,0.0195903080236166,0.3547676303982734,0.9959136861562728,24.803019631999632,0.0002979541955104,,,,,,,,,shuffled_quality,43,0
12,0.8670423078536987,0.0801653875783085,0.5522915577888489,0.7029155498743057,0.0169897618703544,0.3447771666944026,0.9682097613811492,22.962164239997943,0.0002972177239878,,,,,,,,,shuffled_quality,43,0
13,0.8446790915727616,0.0687053507938981,0.5342896172404289,0.707788377404213,0.0154155050590634,0.3345069625973701,0.9403461891412735,23.47545661699769,0.0002963694573941,,,,,,,,,shuffled_quality,43,0
14,0.8507278311252594,0.0582176213338971,0.5337237706780433,0.7127526134252549,0.0146272738464176,0.3413536939024925,0.947084093093872,22.604060514000597,0.0002954100398908,,,,,,,,,shuffled_quality,43,0
15,0.8072627252340316,0.0531162428855896,0.5056041541695595,0.7205480459332466,0.0127484748419374,0.3223078787326813,0.9006042629480362,22.527388002999945,0.0002943402000463,,,,,,,,,shuffled_quality,43,0
16,0.8154770445823669,0.0444343808665871,0.5070600000023842,0.7296673840284348,0.0115150892734527,0.3284353913366795,0.9090378838777542,22.437380616000155,0.0002931607502819,,,,,,,,,shuffled_quality,43,0
17,0.7858381783962249,0.0417765244096517,0.4882135364413261,0.7333430624008179,0.009571940083988,0.3162672710418701,0.8782937145233154,25.991005833999225,0.000291872586255,,,,,,,,,shuffled_quality,43,0
18,0.7996471440792083,0.0463425605557858,0.4983253332972526,0.7886127442121506,0.008691005250439,0.3348814688622951,0.9170405834913252,26.60290590099976,0.0002904766861795,,,,,,,,0.0226897946801909,shuffled_quality,43,0
19,0.8179803729057312,0.0419310458004474,0.5075606632232667,0.7735724419355392,0.0076050781225785,0.3447374577820301,0.93356856405735,25.33520506199784,0.0002889741100822,0.4200507366464238,0.3598704175694593,0.2920845295562347,0.4200507366464238,0.3674759865057196,0.2920845295562347,0.3892000202143155,0.0176647317060269,shuffled_quality,43,0
20,0.794263154566288,0.0434622303955256,0.4939428046345711,0.783586529493332,0.0065341613441705,0.3364667674899101,0.9114380824565887,26.1918994689986,0.0002873659989982,,,,,,,,0.0117157255508936,shuffled_quality,43,0
21,0.7896591603755951,0.0372356994729489,0.4886897996068001,0.787017737030983,0.0059506700513884,0.3324383518099785,0.901694233417511,25.44341767899823,0.0002856535741046,,,,,,,,0.0078338761441409,shuffled_quality,43,0
22,0.7972999536991119,0.0351090350747108,0.4924236053228378,0.7857784581184387,0.0049931013141758,0.3402440528571606,0.912909288406372,23.12331007699686,0.0002838381357927,,,,,,,,0.00707063278649,shuffled_quality,43,0
23,0.7818848693370819,0.0324522573500871,0.4821118468046188,0.7618029880523681,0.0044640678865835,0.3333658172190189,0.8931931984424591,23.041067532998568,0.0002819210626809,,,,,,,,0.0065601573511958,shuffled_quality,43,0
24,0.7667719879746437,0.0330132379755377,0.4732685080170631,0.7972436666488647,0.0039943251665681,0.3258709919452667,0.8802604272961616,23.132098834998036,0.0002799038105676,,,,,,,,0.0059842228330671,shuffled_quality,43,0
25,0.7683078122138977,0.0317199679929763,0.4736726945638657,0.7770635908842087,0.0032995823142118,0.3303832262009382,0.8830908849835396,22.07212368500041,0.0002777879113257,,,,,,,,0.0058181404974311,shuffled_quality,43,0
26,0.8019643485546112,0.0283592430222779,0.4925223278999329,0.7986579149961471,0.0029454055801033,0.3470397381484508,0.920641114115715,23.11434411799928,0.0002755749717393,,,,,,,,0.005329917082563,shuffled_quality,43,0
27,0.7627941077947616,0.0286922467965632,0.4691533827781677,0.8151646494865418,0.0024054826563224,0.3254045337438583,0.8770946443080903,26.05440169600115,0.0002732666722837,,,,,,,,0.0044999201409518,shuffled_quality,43,0
28,0.7573709434270859,0.0269034486077725,0.4651839655637741,0.8030458754301071,0.0021356950211338,0.3263066587597131,0.8726884165406227,25.72833042000275,0.0002708647658491,,,,,,,,0.0039321094122715,shuffled_quality,43,0
29,0.7698564419150352,0.025299330051057,0.4720336148142814,0.8017166671156883,0.0020720067108049,0.3353241831064224,0.8882993060350418,25.20206897900061,0.0002683710764094,0.468295511490832,0.409702638031951,0.3214523987390901,0.468295511490832,0.3396832230802815,0.4211291795247394,0.4360333381779935,0.003331201558467,shuffled_quality,43,0
30,0.764844945371151,0.0268655284447595,0.4696531990170479,0.8326826411485672,0.0018690140242688,0.3316469943523407,0.8852385079860687,25.89694164199682,0.0002657874976374,,,,,,,,0.0028830015752464,shuffled_quality,43,0
31,0.7415024493634701,0.0253007088555023,0.4550217700004577,0.7880143654346466,0.0014879077521618,0.3214043018221855,0.8557949498295784,25.88020339600189,0.0002631159914665,,,,,,,,0.0024652038293424,shuffled_quality,43,0
32,0.7382788854837418,0.0266345935687422,0.4536211875081062,0.782574654519558,0.0013543246960034,0.3225554242730141,0.8550030553340912,23.73105223300081,0.0002603585866009,,,,,,,,0.002506287965225,shuffled_quality,43,0
33,0.7379695996642113,0.0227153585292398,0.4518679198622704,0.7846039670705796,0.0011109351116465,0.3227149951457977,0.8534730333089828,23.33071280999866,0.0002575173769752,,,,,,,,0.0018708682537544,shuffled_quality,43,0
34,0.7352123460173607,0.0245229681301862,0.4509366121888161,0.7935381674766541,0.0010274425061652,0.3216025565564632,0.8523311680555343,23.05348021700047,0.000254594520164,,,,,,,,0.0019340638961875,shuffled_quality,43,0
35,0.7261835858225822,0.0225452438183128,0.4447282694280147,0.8155572283267974,0.0008568692608969,0.3153044839203358,0.8420159590244293,22.091996711998945,0.0002515922357438,,,,,,,,0.0019232019328046,shuffled_quality,43,0
36,0.7582700207829476,0.0209835412772372,0.4633554449677467,0.7985147964954377,0.0007466836611274,0.331792883425951,0.8753405272960663,23.83846114300104,0.0002485128036071,,,,,,,,0.001516959828441,shuffled_quality,43,0
37,0.7415998658537865,0.0200547695672139,0.4529818457365036,0.7922127994894982,0.0008028504633693,0.3246873199939727,0.8572187072038651,26.19451472199944,0.0002453585622314,,,,,,,,0.0014405983145115,shuffled_quality,43,0
38,0.7354298850893974,0.0226761473016813,0.4503284105658531,0.7929649174213409,0.0007111443323083,0.3240216127038002,0.8540114390850068,26.09305719099939,0.0002421319069034,,,,,,,,0.0016468429073574,shuffled_quality,43,0
39,0.7624399161338806,0.0229763790173456,0.466654519289732,0.8254483360052108,0.000615839017264,0.3356862980127335,0.8853078144788742,25.90228192900031,0.0002388352878997,0.6163591344517805,0.5397150916417012,0.4141037499450351,0.6163591344517805,0.4616550414378149,0.5411310990355082,0.5731403831580821,0.0019568303760024,shuffled_quality,43,0
40,0.7227602735161781,0.0228334362059831,0.4427895601093769,0.7772072035074234,0.0005027492862427,0.3196990114450455,0.8406080603599548,26.05107862300065,0.0002354712086265,,,,,,,,0.0018681221976294,shuffled_quality,43,0
41,0.71632878780365,0.0208125545736402,0.4381223087012768,0.7756950172781945,0.000443662480975,0.3133906239271164,0.829368437230587,24.580088180999155,0.0002320422237183,,,,,,,,0.0013190890438272,shuffled_quality,43,0
42,0.696723375916481,0.019189345347695,0.4257097788155078,0.77225679397583,0.0004626244914834,0.3055112996697426,0.8087271356582642,23.277544428998223,0.0002285509370981,,,,,,,,0.0012862148252315,shuffled_quality,43,0
43,0.72318369358778,0.0216491121053695,0.4425698781013489,0.7843522888422012,0.0003483349786256,0.3198783552646637,0.841233195066452,23.074219280999387,0.000225,,,,,,,,0.0016615623031975,shuffled_quality,43,0
44,0.7440329191088676,0.0210549489594995,0.4548417471349239,0.8069510632753372,0.0003006753438967,0.3289467518031597,0.8647653371095657,23.30207410300136,0.0002213921089555,,,,,,,,0.0013334856179426,shuffled_quality,43,0
45,0.710307598412037,0.0187086458643898,0.4336680333316326,0.794092710018158,0.0003107649393496,0.3123959919810295,0.8257030311226845,22.84081657600109,0.0002177300037466,,,,,,,,0.00107093951985,shuffled_quality,43,0
46,0.7034366649389266,0.0197144137974828,0.4299477818608284,0.802363500893116,0.0003014550714578,0.3094574039429426,0.8199514448642731,23.88809095599936,0.0002140164653244,,,,,,,,0.0014741837714245,shuffled_quality,43,0
47,0.7100885447859764,0.0219333562487736,0.4348264859616756,0.7803104344010353,0.0003062152651546,0.3144745156168937,0.8277022078633308,25.365240856997843,0.0002102543136979,,,,,,,,0.0017742298603116,shuffled_quality,43,0
48,0.7085439443588257,0.0199112103646621,0.4330908676981926,0.8212532651424408,0.0002839015575591,0.3108578853309154,0.8263644683361053,26.826358330999938,0.0002064464057921,,,,,,,,0.0013809642101841,shuffled_quality,43,0
49,0.7207905489206314,0.0196093661035411,0.4403180947899818,0.7939706352353096,0.0002466507744247,0.3175730633735656,0.8376038131117821,26.58432333499877,0.0002025956332789,0.6600572266758674,0.5563692619123706,0.4151074931840036,0.6600572266758674,0.4375246703798242,0.5715258886814204,0.6044558638976321,0.0015163084957021,shuffled_quality,43,0
50,0.721024762392044,0.0174025115626864,0.4395758798718452,0.7704599785804749,0.0001884283725667,0.318851511478424,0.8357362508773803,26.22433967700272,0.0001987049203807,,,,,,,,0.0012671909826167,shuffled_quality,43,0
51,0.7174553734064102,0.0172099715424701,0.4373572292923927,0.7637853634357452,0.0002269107924075,0.3162246486544609,0.8302529722452163,24.360902443997475,0.0001947772216502,,,,,,,,0.0014060451409022,shuffled_quality,43,0
52,0.7296698915958405,0.0204498806525953,0.4459819048643112,0.8162077552080155,0.0002386457449028,0.3235283064842224,0.8514818036556244,23.55008085300142,0.0001908155197268,,,,,,,,0.0016944047149445,shuffled_quality,43,0
53,0.7060884818434715,0.0213169789500534,0.4321798966825008,0.7606054371595383,0.0001730402706743,0.3135949501395225,0.8222417917847633,23.440486848001456,0.0001868228230711,,,,,,,,0.0019887203397593,shuffled_quality,43,0
54,0.6982339611649513,0.0200964029459282,0.4269789543747901,0.7791427391767501,0.0001513451795472,0.3088949382305145,0.8140999615192414,23.176148451999325,0.0001828021636809,,,,,,,,0.0015211554905908,shuffled_quality,43,0
55,0.7208129888772965,0.0185093578929081,0.4398915556073188,0.7697992360591889,0.0001900755657698,0.3212364546954632,0.8384406289458275,22.970654270000523,0.0001787565947885,,,,,,,,0.0016159568563671,shuffled_quality,43,0
56,0.6761101959645748,0.018384543552529,0.4130199518799782,0.766412995159626,0.0001517521184177,0.2985596641898155,0.7885569080710411,24.27058437999949,0.0001746891885421,,,,,,,,0.0016420335743532,shuffled_quality,43,0
57,0.7139379040896893,0.0156730391061864,0.4346319790184498,0.7784549874067307,0.000133387028909,0.3158547851443291,0.8285785678029061,25.54319801499878,0.0001706030336727,,,,,,,,0.0011981349733468,shuffled_quality,43,0
58,0.7494382509589195,0.0198709512082859,0.4576113486289978,0.8095500919222832,0.0002240848188375,0.3323090170323848,0.8712593442201615,25.490258935002203,0.0001665012331491,,,,,,,,0.0018638202910733,shuffled_quality,43,0
59,0.6821929578483105,0.0187557396525517,0.4168180878460407,0.781539560854435,0.0001398233793224,0.2999883881956339,0.79526312738657,25.906786703999387,0.0001623869018208,0.7011569180081217,0.6158986583505288,0.4973004613690319,0.7011569180081217,0.5144992586698961,0.632039798373568,0.6551937944469349,0.0014784787220742,shuffled_quality,43,0
60,0.6936198675632477,0.0160246070381253,0.4225817796587944,0.7769500142335892,0.0001255797023259,0.3087798986583948,0.8093160060048104,25.573849805001373,0.0001582631640533,,,,,,,,0.0012652259456444,shuffled_quality,43,0
61,0.7266340890526771,0.0167021727422252,0.442661343216896,0.790162333548069,0.0001342841047517,0.3208128018677235,0.8428120452165604,24.509892101999867,0.0001541331513552,,,,,,,,0.0015747790186833,shuffled_quality,43,0
62,0.6950039219856262,0.0186237545555923,0.4244518701732158,0.782381828725338,0.0001307117024043,0.3073791898787021,0.8104657050967217,22.76628359700044,0.00015,,,,,,,,0.0019495948251824,shuffled_quality,43,0
63,0.6874472875893116,0.0150116162898484,0.418473037108779,0.7704661694169045,0.0001079060991651,0.3034784796833992,0.7992278172075749,23.494891300000745,0.0001458668486447,,,,,,,,0.0011214343487517,shuffled_quality,43,0
64,0.6966629448533058,0.0167474538716487,0.4246967679262161,0.7902230617403984,0.0001185628535677,0.3087412789463997,0.8127643644809723,23.295736558997305,0.0001417368359466,,,,,,,,0.0014903769817465,shuffled_quality,43,0
65,0.7113090819120407,0.015663602509303,0.4330509082973003,0.7631685644388199,0.0001139145741035,0.3167186638712883,0.8263495939970017,22.818096856997727,0.0001376130981791,,,,,,,,0.0012873931200738,shuffled_quality,43,0
66,0.6908309723436833,0.0176945569692179,0.4215764227509498,0.7917525291442871,9.696670995253953e-05,0.3064891108870506,0.8075836914777755,25.329013089998625,0.0001334987668508,,,,,,,,0.0016902782695615,shuffled_quality,43,0
67,0.7089563041925431,0.018138428828679,0.4326291720569133,0.7587375891208649,9.064443282113644e-05,0.3143590451776981,0.8232414358854294,25.868641463999666,0.0001293969663272,,,,,,,,0.0018746393280707,shuffled_quality,43,0
68,0.7316929566860199,0.0162188959354534,0.4455033482611179,0.8048253324627876,9.876210257061755e-05,0.3238045772910118,0.8501352992653847,26.355950124998344,0.0001253108114578,,,,,,,,0.0016995379275795,shuffled_quality,43,0
69,0.7139357030391693,0.0168739009206183,0.4351110027730465,0.7629300910234451,0.0001014175693308,0.3172316747903824,0.8289812421798706,25.682799776997854,0.0001212434052114,0.7257880472167147,0.625680163194389,0.4796401542332473,0.7257880472167147,0.5148994507445731,0.636352991621879,0.6711408927116702,0.0017024191068594,shuffled_quality,43,0
70,0.6834317806363106,0.0170249199587851,0.4168690539896488,0.797460669875145,8.602838692240766e-05,0.3032560597360134,0.8001811087131501,25.63808441799847,0.000117197836319,,,,,,,,0.0015281395839792,shuffled_quality,43,0
71,0.7154843793809413,0.0158016950497403,0.4356113232672214,0.7833250164985657,0.0001026850550624,0.3170725882798433,0.8313238152861595,24.430095896997955,0.0001131771769288,,,,,,,,0.0015113556409869,shuffled_quality,43,0
72,0.7153560224175454,0.020934245258104,0.4375873290002346,0.8045236507058143,0.0002035221568439,0.3181054547429084,0.836671058833599,22.294102304000265,0.0001091844802731,,,,,,,,0.0025786328817048,shuffled_quality,43,0
73,0.7066301569342613,0.019132087486796,0.4316309463977814,0.8177782881259918,9.966412397261592e-05,0.3132870913296938,0.8271726691722869,21.82913424599974,0.0001052227783497,,,,,,,,0.0023591067227698,shuffled_quality,43,0
74,0.7217779657244683,0.0214230903540737,0.4416360318660736,0.7897257220745086,0.0001984605242978,0.3215180064737797,0.8427120304107666,22.84876413700113,0.0001012950796192,,,,,,,,0.0028774664705997,shuffled_quality,43,0
75,0.7051307046413422,0.0190093641588464,0.4306821836531162,0.8156754207611084,8.02380987079232e-05,0.3136003910005092,0.8262905642390251,23.504137192998314,9.740436672108684e-05,,,,,,,,0.0021821706540322,shuffled_quality,43,0
76,0.6913113769888878,0.0197723875707015,0.4226957994699478,0.8152876603603363,8.948447648435832e-05,0.308561190366745,0.8132717800140381,25.493437837001693,9.355359420782469e-05,,,,,,,,0.0024077549694447,shuffled_quality,43,0
77,0.7292823404073715,0.0185833850083872,0.4450027745962143,0.7851401564478874,0.0001349842480794,0.3248992337286472,0.8489004883170128,26.47281260100135,8.97456863020546e-05,,,,,,,,0.0023885522175442,shuffled_quality,43,0
78,0.6990328910946846,0.0201080614654347,0.4274629737436771,0.7998508989810944,0.0001606029518643,0.311306659579277,0.8192453208565712,26.175701972999377,8.598353467553945e-05,,,,,,,,0.0024128104869032,shuffled_quality,43,0
79,0.7363327303528786,0.0189050731295719,0.4493616843223572,0.8211010760068893,0.0001308732914003,0.3267289555072784,0.858726858496666,25.90907700900061,8.226999625336662e-05,0.6928385738732974,0.6088754019844573,0.49242827539855,0.6928385738732974,0.5024120312131243,0.6313756008669502,0.6476085924591706,0.0025978241990378,shuffled_quality,43,0
80,0.708308429569006,0.0189265616331249,0.4325557000935077,0.8029294425249099,0.0001028478762418,0.3144641549885273,0.827770564854145,25.841543396996716,7.860789104443896e-05,,,,,,,,0.0022631055632882,shuffled_quality,43,0
81,0.6969891150295734,0.0180221884866477,0.4254023598134517,0.7983387035131454,0.0001208468493132,0.3096716172993183,0.8153233677148819,25.154287991001183,7.500000000000002e-05,,,,,,,,0.0020473706121174,shuffled_quality,43,0
82,0.7262536245584488,0.0185204474604688,0.443160371184349,0.8331800013780594,0.0001234267016297,0.3228907297551632,0.8498357489705086,24.277379059996747,7.144906290181832e-05,,,,,,,,0.0023023716485113,shuffled_quality,43,0
83,0.6875214833021164,0.0196173458942212,0.4203598454594612,0.8145440509915352,0.0001080895046743,0.3056359288841486,0.8079320126771927,23.43213522699807,6.795777628163599e-05,,,,,,,,0.0023821309752565,shuffled_quality,43,0
84,0.7158961799740792,0.0183793309843167,0.4368894581496715,0.803209184706211,0.0001207215537033,0.3175793033838272,0.8352245706319809,23.920962013999088,6.452879137346007e-05,,,,,,,,0.0021442598358771,shuffled_quality,43,0
85,0.7167886777222157,0.0181786480150185,0.4373446835577488,0.8094061481952667,6.0951012683290175e-05,0.3204271449893713,0.8391672918200492,23.383870418001607,6.1164712100253e-05,,,,,,,,0.0022589651519228,shuffled_quality,43,0
86,0.7215119770169258,0.020906993394019,0.4412700018286705,0.8257862681150436,8.03840183561988e-05,0.3212889850139618,0.8457182836532593,23.79353975599952,5.786809309654982e-05,,,,,,,,0.002883235857198,shuffled_quality,43,0
87,0.6949407345056534,0.0171764805726706,0.4238350510597229,0.7898212349414826,9.02669076276652e-05,0.3086191779375076,0.8118843501806259,23.22674288199778,5.464143776850482e-05,,,,,,,,0.0022174094536057,shuffled_quality,43,0
88,0.7064201426506043,0.017555733397603,0.4308743969351053,0.7562981599569321,9.76078131225222e-05,0.3138604221493006,0.8207816815376282,23.499386250998214,5.148719639283984e-05,,,,,,,,0.0020608351252849,shuffled_quality,43,0
89,0.6897622027993202,0.0175356591213494,0.4208716028928757,0.8107869333028793,0.000104590115734,0.3071153108775615,0.8094973775744438,23.39147340300042,4.840776425613886e-05,0.7297454703021974,0.6391184233092159,0.5207221082191945,0.7297454703021974,0.5293741387518437,0.6582356608736065,0.6816550199960026,0.002132699970225,shuffled_quality,43,0
90,0.7043267661333084,0.0207348213554359,0.4308900074660778,0.764986664056778,0.0001263970194577,0.3127100485563278,0.8206648823618888,23.060873313999764,4.5405479835900685e-05,,,,,,,,0.0027992258074391,shuffled_quality,43,0
91,0.6825639128684997,0.0163033726788125,0.4160597136616706,0.756292101740837,6.286191965955368e-05,0.3037512366473675,0.795834150314331,24.27814317299999,4.2482623024732334e-05,,,,,,,,0.0019542358448597,shuffled_quality,43,0
92,0.6975217360258102,0.0196373178716748,0.4263679847121239,0.8335913836956024,8.740510452298622e-05,0.3092942696809768,0.8194919937849044,23.308157331000984,3.964141339903026e-05,,,,,,,,0.0023311357605416,shuffled_quality,43,0
93,0.707204769551754,0.0184567595575936,0.431705581843853,0.7814160946011544,7.665670373171451e-05,0.3137801430374384,0.824101814031601,23.40657142300188,3.6884008533465575e-05,,,,,,,,0.0023532297857946,shuffled_quality,43,0
94,0.7098952788114548,0.0186832742101978,0.4334104952216148,0.8076913586258888,9.408780684680096e-05,0.3167377033829689,0.8314122396707535,23.00068744300006,3.4212502362551864e-05,,,,,,,,0.0024509885812949,shuffled_quality,43,0
95,0.7027619099617004,0.019851182475686,0.429597635269165,0.7963403022289276,0.0001011012099115,0.3133066974580288,0.8231084027886391,22.852947778999805,3.162892359054098e-05,,,,,,,,0.0028249702329912,shuffled_quality,43,0
96,0.7225781014561653,0.0161210954352282,0.4399953155219555,0.7629917976260185,7.856954792259785e-05,0.3202915965020657,0.8369602617621422,23.664060585000698,2.913523415085328e-05,,,,,,,,0.001851209150318,shuffled_quality,43,0
97,0.6952648970484734,0.0182808127289172,0.4244712808728218,0.8211020392179489,9.259518525141176e-05,0.3087159657478333,0.815757248699665,23.205940758001816,2.673332771621324e-05,,,,,,,,0.0022758633659941,shuffled_quality,43,0
98,0.7252572184801102,0.0166653316468,0.4418204832077026,0.7949925890564918,0.0001125272144963,0.3231784009933471,0.8449476125836373,23.704684602998896,2.4425028260620715e-05,,,,,,,,0.0022191952931007,shuffled_quality,43,0
99,0.6939106753468514,0.0181446650484576,0.4236042885482311,0.783652625977993,0.0001284931093505,0.3080986031144857,0.8104942435026169,23.27866122100022,2.221208867425096e-05,0.7032896056962795,0.6135201727033741,0.4944921204413761,0.7032896056962795,0.5047551530201748,0.6325157593936681,0.6554790272729176,0.0020983041134786,shuffled_quality,43,0
100,0.7023373386263847,0.0181651120074093,0.4286684669554234,0.7932205018401146,0.0001019856073071,0.3121822926402092,0.820667808353901,22.9699217999987,2.009618943233419e-05,,,,,,,,0.0024495137295662,shuffled_quality,43,0
101,0.7141901269555092,0.0176640930952271,0.4355797310173511,0.7825424754619599,0.0001211135005314,0.3180311040580272,0.8323336437344551,23.177897679001035,1.807893731902665e-05,,,,,,,,0.0023125276360769,shuffled_quality,43,0
102,0.7092060086131096,0.0160076067969203,0.43192666426301,0.754675897359848,0.0001290108044941,0.3159959344565868,0.8237852969765663,23.29255908399864,1.616186420724089e-05,,,,,,,,0.0019433051347414,shuffled_quality,43,0
103,0.6912334820628167,0.0175331340497359,0.4217533592879772,0.7827769693732262,0.0001146122085015,0.3068484339118004,0.8073100200295449,22.877778735000906,1.4346425895363384e-05,,,,,,,,0.0021240131544254,shuffled_quality,43,0
104,0.6909842094779015,0.0176698725065216,0.4216584900021553,0.7775967362523079,0.0001415368970492,0.3081570494174957,0.8080239781737327,23.455993304000003,1.2634001001741372e-05,,,,,,,,0.002208420259958,shuffled_quality,43,0
105,0.6487242537736893,0.0175771927367895,0.3962654463946819,0.7815141355991364,0.00011604363292,0.2868791632354259,0.7617501667141915,23.53762223899685,1.1025889917779737e-05,,,,,,,,0.0022417103023826,shuffled_quality,43,0
106,0.7150193205475808,0.0157957920897752,0.4353299275040626,0.769123874604702,9.44537459872663e-05,0.3173958571255207,0.8300477945804596,23.28725120299714,9.523313820441804e-06,,,,,,,,0.0020244791501136,shuffled_quality,43,0
107,0.7165873251855374,0.0159896236239001,0.4363482628762722,0.7709902593493462,0.0001080459172044,0.3198716188967228,0.833738716840744,22.92589878400031,8.127413744904804e-06,,,,,,,,0.0020720284184153,shuffled_quality,43,0
108,0.7167323270440101,0.0156344223511405,0.436293183863163,0.7782177889347076,0.0001021583380133,0.3193548855185508,0.8338468730449676,22.92093643499902,6.839249718073875e-06,,,,,,,,0.0018595807245645,shuffled_quality,43,0
109,0.7197372569143772,0.0155122694512829,0.4380472800135612,0.7954294365644455,9.864837751138112e-05,0.3185202444344759,0.8364924564957619,23.410509919001925,5.659799953612438e-06,0.7314287079860802,0.6414799772652404,0.5227296445623617,0.7314287079860802,0.5272754557520063,0.6657357680576351,0.6835741824274564,0.0018852758302091,shuffled_quality,43,0
110,0.6920299661159516,0.0151008033310063,0.4212583215534687,0.7467012739181519,9.77973701628798e-05,0.3070613178610801,0.8033689668774605,22.270380919999297,4.589960109100444e-06,,,,,,,,0.0018715432807471,shuffled_quality,43,0
111,0.6944744583964347,0.0163757307874038,0.4232349848747253,0.7644484785199165,8.65589515069587e-05,0.3080557031929493,0.8081316921114922,22.65839011100252,3.630542605884657e-06,,,,,,,,0.0019591411381497,shuffled_quality,43,0
112,0.687642116099596,0.0145872122759465,0.4184201700985431,0.7702318131923676,7.444271222084353e-05,0.3056563837081194,0.8014156395196914,21.878540852001606,2.7822760121373187e-06,,,,,,,,0.0015608919866963,shuffled_quality,43,0
113,0.7012194241583347,0.016382525509689,0.4272846829146147,0.7833583331108094,0.0001014290125476,0.3117555392533541,0.8177659913897515,22.739828933001263,2.0458044895916517e-06,,,,,,,,0.00192431575515,shuffled_quality,43,0
114,0.6859803612530232,0.0148261321184691,0.4175186820328235,0.7623144114017486,9.136991820923868e-05,0.303637066334486,0.7977523738145829,21.28649901699828,1.4216873043745137e-06,,,,,,,,0.0018030818863621,shuffled_quality,43,0
115,0.6707025739550591,0.0170852582994848,0.409255663305521,0.7724149391055107,9.808751229684276e-05,0.2991309513151645,0.7860457429289818,23.98506978599835,9.103984023075772e-07,,,,,,,,0.0020636702593969,shuffled_quality,43,0
116,0.6708756053447723,0.0153800294036045,0.4086773914098739,0.7476730668544769,9.219966393629876e-05,0.2983441983163357,0.7821158275008202,27.205020874000184,5.123260489995229e-07,,,,,,,,0.0016116048214564,shuffled_quality,43,0
117,0.6677074019610881,0.0157963440869934,0.4069429987668991,0.7668021947145462,0.0001016847495884,0.2964239178597927,0.7804188874363899,25.596244805001334,2.2777253500257386e-07,,,,,,,,0.0018333144822827,shuffled_quality,43,0
118,0.6884470945596695,0.0166477849031798,0.4197273859381675,0.7686056944727898,0.0001019588199596,0.3064740547537803,0.803481240272522,25.478016686000046,5.695394625728767e-08,,,,,,,,0.0020706588416419,shuffled_quality,43,0
119,0.689642648845911,0.0161659254715777,0.4202519743144512,0.7929663094878197,7.327621712647669e-05,0.3073556207120418,0.8073000338673592,26.34345039800246,0.0,0.7297349222412549,0.6415533716827515,0.5219093058648491,0.7297349222412549,0.5277039536784716,0.6672212391285274,0.6824978954360633,0.0019607130693975,shuffled_quality,43,0
0,0.9788262385129928,0.7881678205728531,0.9025628978013992,0.764306298494339,0.0999260115623474,0.6007179874181747,1.5847078144550324,26.54712829399796,5.1e-05,,,,,,,,,matched_moment_fusion,43,0
1,0.971607523560524,0.584715892970562,0.816850900053978,0.6990258431434632,0.033886791486293,0.4917676591873169,1.3802154815196992,25.7048551279986,0.0001009999999999,,,,,,,,,matched_moment_fusion,43,0
2,0.9624916821718216,0.4446803459525108,0.7553671807050705,0.6857869559526444,0.0102238144772127,0.4658682668209076,1.2903253293037416,24.762570889000926,0.0001509999999999,,,,,,,,,matched_moment_fusion,43,0
3,0.9617463546991348,0.3952564057707786,0.7351504004001618,0.6862511116266251,0.0058360851486213,0.4498739364743233,1.253941253423691,25.10161909900125,0.0002009999999999,,,,,,,,,matched_moment_fusion,43,0
4,0.9567846816778184,0.3473468038439751,0.7130095595121384,0.6806462454795837,0.0042094983393326,0.4327098500728607,1.213994505405426,24.139931867001,0.000251,,,,,,,,,matched_moment_fusion,43,0
5,0.9501839488744735,0.2982364228367805,0.6894049680233002,0.6764260387420654,0.0030541125417221,0.4164752385020256,1.1736755132675172,22.57126809599868,0.0003,,,,,,,,,matched_moment_fusion,43,0
6,0.9379198288917542,0.2500776150822639,0.662782964706421,0.6911879235506058,0.0022118962358217,0.3925487968325615,1.1245611435174945,22.470170921998943,0.0002999430460537,,,,,,,,,matched_moment_fusion,43,0
7,0.9264349019527436,0.2071719329059124,0.6387297403812409,0.6743847101926803,0.002964344380889,0.3756436574459076,1.0819600903987885,22.20982356699824,0.0002997722274649,,,,,,,,,matched_moment_fusion,43,0
8,0.930005568265915,0.1730000081658363,0.6272033661603927,0.6848976510763168,0.0026101940218359,0.3756335148215294,1.0714571607112884,21.92917081699852,0.000299487673951,,,,,,,,,matched_moment_fusion,43,0
9,0.9132205307483672,0.1478942342102527,0.6070900350809098,0.6703203547000885,0.0029000084020663,0.3633979985117912,1.0376650708913804,22.571084495000832,0.0002990896015976,0.4920124984501489,0.4398914644742621,0.3505424229858264,0.4920124984501489,0.3798449225163514,0.4478169724562857,0.4622291807109505,,matched_moment_fusion,43,0
10,0.8970179170370102,0.1259101811051368,0.588574843108654,0.6840679281949997,0.0029888778564054,0.3483277778327465,1.005458851456642,22.711471124002856,0.0002985783126956,,,,,,,,,matched_moment_fusion,43,0
11,0.8903647029399872,0.1073429590463638,0.577156030535698,0.703137430548668,0.0029151053610257,0.348760334700346,0.99637586414814,21.82197893600096,0.0002979541955104,,,,,,,,,matched_moment_fusion,43,0
12,0.876582738161087,0.0922214609384536,0.562838250696659,0.6941115999221802,0.0028761907946318,0.3405859364569187,0.9729791617393494,21.88092380099988,0.0002972177239878,,,,,,,,,matched_moment_fusion,43,0
13,0.8577088046073914,0.0807843231037259,0.5469390326738357,0.6982350242137909,0.0029143163643311,0.3326268780231476,0.9495351254940032,23.074848171996564,0.0002963694573941,,,,,,,,,matched_moment_fusion,43,0
14,0.8632178694009781,0.068058448806405,0.5451541224122047,0.6985340285301208,0.0028604775026906,0.3381127169728279,0.953263265490532,22.29229420499905,0.0002954100398908,,,,,,,,,matched_moment_fusion,43,0
15,0.8207610821723939,0.0614204110205173,0.5170248341560364,0.7185588032007217,0.002581830691779,0.3195242722332477,0.9085340809822082,22.003304714999103,0.0002943402000463,,,,,,,,,matched_moment_fusion,43,0
16,0.8283544063568116,0.0521558807045221,0.5178750178217888,0.7167314070463181,0.0022143837390467,0.3260659237205982,0.915724804997444,21.63380773300014,0.0002931607502819,,,,,,,,,matched_moment_fusion,43,0
17,0.8002375346422196,0.0488225190714001,0.499671547114849,0.7124087381362915,0.0021920639136806,0.3140995290875434,0.8851215469837189,22.95925442799853,0.000291872586255,,,,,,,,,matched_moment_fusion,43,0
18,0.8094534760713578,0.051174320410937,0.5061418318748474,0.7728803050518036,0.0017698578379349,0.3319548843055963,0.922917013168335,23.53416294300041,0.0002904766861795,,,,,,,,0.0372188872832339,matched_moment_fusion,43,0
19,0.8288891726732254,0.0481923398375511,0.5166104573011399,0.7682224959135056,0.0015494640148244,0.3425180156528949,0.9443332982063294,23.387989568000197,0.0002889741100822,0.4705671833590862,0.4335172355175495,0.3678489708717412,0.4705671833590862,0.415706948004756,0.4142775751888062,0.4491803777578907,0.0415254891844233,matched_moment_fusion,43,0
20,0.8053405153751373,0.0484085969813168,0.5025677686929703,0.7739181807637214,0.0010342992271762,0.3328456684947014,0.9201818704605104,24.045977028999918,0.0002873659989982,,,,,,,,0.0366245376272127,matched_moment_fusion,43,0
21,0.7990365278720856,0.0413708646781742,0.4959702810645103,0.7774582290649414,0.0007469964191841,0.329029624313116,0.9064999705553056,22.727043055998365,0.0002856535741046,,,,,,,,0.018584467129549,matched_moment_fusion,43,0
22,0.8061509758234024,0.0384059796109795,0.4990529936552048,0.7619010186195374,0.0008529588225064,0.3366754999756813,0.9141248655319214,23.73684901100205,0.0002838381357927,,,,,,,,0.0108181217592209,matched_moment_fusion,43,0
23,0.7888662651181221,0.0349654352292418,0.487305953502655,0.7610613405704498,0.0009595248280675,0.3314170244336128,0.8964269095659256,23.205667967999037,0.0002819210626809,,,,,,,,0.0077491057431325,matched_moment_fusion,43,0
24,0.7778486782312393,0.035386962685734,0.4808640074729919,0.801095184981823,0.0008126009101397,0.3255326806008816,0.8879687535762787,23.158768016000977,0.0002799038105676,,,,,,,,0.0071095944289118,matched_moment_fusion,43,0
25,0.7779973918199539,0.0340307542029768,0.4804107555747032,0.7727972483634948,0.0007687647620332,0.3276760591566562,0.886746267080307,22.429027412999854,0.0002777879113257,,,,,,,,0.0067064569890499,matched_moment_fusion,43,0
26,0.8100116056203842,0.0289430112857371,0.497584185898304,0.7820661079883575,0.0005657392722787,0.3450009503960609,0.9219848388433456,23.434178450999752,0.0002755749717393,,,,,,,,0.0058240148797631,matched_moment_fusion,43,0
27,0.7740167483687401,0.0295858500618487,0.4762444102764129,0.8297682347893715,0.0005981061508646,0.3250738190114498,0.8853264611959457,23.307995621999,0.0002732666722837,,,,,,,,0.0050074943504296,matched_moment_fusion,43,0
28,0.7675626015663147,0.0278640963789075,0.4716832169890403,0.799867313504219,0.0005015005377936,0.3247568626701831,0.8773237255215645,23.715080836002016,0.0002708647658491,,,,,,,,0.0043591696210205,matched_moment_fusion,43,0
29,0.7745390367507935,0.0259400164801627,0.4750994497537613,0.7855192577838898,0.0005396155542985,0.3321524894237518,0.8865895330905914,22.882962165000208,0.0002683710764094,0.5286552644610533,0.4471551014283762,0.3385123379727877,0.5286552644610533,0.3576141049972529,0.4551959348268223,0.4851909229024235,0.0037934346543624,matched_moment_fusion,43,0
30,0.7736780363321304,0.0270431995019316,0.475024117231369,0.8192594668269157,0.0004249848606559,0.3293406084179878,0.8869513708353043,23.693331896000014,0.0002657874976374,,,,,,,,0.0031972328433766,matched_moment_fusion,43,0
31,0.7505598065257072,0.0273479494731873,0.4612750820815563,0.7745365142822266,0.0004893317434471,0.3214616056531668,0.8608024802803993,23.69399180999972,0.0002631159914665,,,,,,,,0.0029383650934323,matched_moment_fusion,43,0
32,0.7447862887382507,0.0276051870593801,0.4579138684272766,0.7972477915883064,0.0004189687423058,0.3219549807906151,0.8601582062244415,23.823865908001608,0.0002603585866009,,,,,,,,0.0027181537449359,matched_moment_fusion,43,0
33,0.7420751643180847,0.0240182729298248,0.4548524257540702,0.7751205477118492,0.0003750289919844,0.3206004644930362,0.8534243759512902,23.661527239997667,0.0002575173769752,,,,,,,,0.0022033998393453,matched_moment_fusion,43,0
34,0.7425188013911247,0.0249579162849113,0.4554944658279419,0.7913287484645843,0.0003828801159397,0.3204850742220879,0.8555683135986328,23.615958346999832,0.000254594520164,,,,,,,,0.0021837689715903,matched_moment_fusion,43,0
35,0.7298802804946899,0.021687340978533,0.4466031235456467,0.7988955712318421,0.0002959328830911,0.31195003695786,0.8388478708267212,22.319335181000497,0.0002515922357438,,,,,,,,0.0019517612433992,matched_moment_fusion,43,0
36,0.7649672830104828,0.0219805050175637,0.4677725878357887,0.7864594113826752,0.000201027894127,0.331526089310646,0.8783069956302643,23.482243620997902,0.0002485128036071,,,,,,,,0.0017616267222911,matched_moment_fusion,43,0
37,0.7485208868980407,0.0195431817881763,0.4569298261404037,0.7778804284334183,0.0002488798177546,0.3243759690225124,0.8594056317210197,24.05452028700165,0.0002453585622314,,,,,,,,0.0014967463974608,matched_moment_fusion,43,0
38,0.7375422576069832,0.0232033566525205,0.4518067133426666,0.786741803586483,0.0002542046034068,0.3227493199706077,0.8535931921005249,23.311805944998923,0.0002421319069034,,,,,,,,0.001751337145688,matched_moment_fusion,43,0
39,0.7682467225193977,0.0227585307694971,0.4700514657795429,0.8065898019075394,0.0003118810351224,0.3333992645144462,0.8845053726434707,20.11744034199728,0.0002388352878997,0.6111987344580656,0.545511857976375,0.4253438222708163,0.6111987344580656,0.451358360333477,0.5739784791375824,0.5729071802948335,0.0019003316981252,matched_moment_fusion,43,0
40,0.7261572337150574,0.0214358499716036,0.4442686992883682,0.7842797660827636,0.0002241563303414,0.3179383938014507,0.8409615388512611,20.216023280998343,0.0002354712086265,,,,,,,,0.0015762888811877,matched_moment_fusion,43,0
41,0.7152686747908592,0.0199493330204859,0.4371409563720226,0.7579652646183968,0.0001546171423433,0.3105731049925089,0.8237740752100945,19.72505538900077,0.0002320422237183,,,,,,,,0.0012787733130971,matched_moment_fusion,43,0
42,0.700988185107708,0.0193666891101747,0.4283396054804325,0.777361376285553,0.0001503498559941,0.3044087681919336,0.8107404044270515,20.114952782998444,0.0002285509370981,,,,,,,,0.0012418677494861,matched_moment_fusion,43,0
43,0.7281188961863517,0.0213894604425877,0.4454271402955055,0.7995513641834259,0.0001498725155761,0.319168826341629,0.8448416292667389,20.00329872799921,0.000225,,,,,,,,0.0014151520463929,matched_moment_fusion,43,0
44,0.7478767740726471,0.0215713319089263,0.4573546159267425,0.7954733163118363,0.0001297583399195,0.3277367168664932,0.864930654168129,19.91844570399917,0.0002213921089555,,,,,,,,0.0014275085832923,matched_moment_fusion,43,0
45,0.711151053905487,0.0185302055161446,0.4341027322411537,0.7788164716959,0.0001358878907922,0.3109179612994194,0.8231281045079232,19.99258020500201,0.0002177300037466,,,,,,,,0.0010948339416063,matched_moment_fusion,43,0
46,0.7057282707095146,0.0207032377552241,0.4317182743549347,0.8145001298189163,0.000137313223895,0.3085139259696007,0.8219765159487724,19.684747309998784,0.0002140164653244,,,,,,,,0.0014371811700402,matched_moment_fusion,43,0
47,0.7084934443235398,0.0212132849474437,0.4335813944041728,0.798509504199028,0.0001767029229267,0.3113991096615791,0.825170676112175,20.033885372999062,0.0002102543136979,,,,,,,,0.0016519131519453,matched_moment_fusion,43,0
48,0.7122101584076881,0.0209073549229651,0.4356890554726124,0.8173458051681518,0.0001197909593651,0.3104408052563667,0.8281709411740303,20.83082560299954,0.0002064464057921,,,,,,,,0.0015025369418435,matched_moment_fusion,43,0
49,0.7270771840214729,0.0203681173059158,0.4443935759365559,0.7946160972118378,0.0001348538668025,0.3182535403966903,0.8424036461114883,20.577224427001056,0.0002025956332789,0.5984028742458752,0.5177419577550171,0.4014142294973806,0.5984028742458752,0.4149302302089142,0.5398927688102618,0.5545057348237683,0.0014408503954473,matched_moment_fusion,43,0
50,0.7221320918202401,0.0181530774850398,0.4405405020713806,0.7612996411323547,0.0001432875044611,0.3164887771010399,0.83341861307621,20.24359745900074,0.0001987049203807,,,,,,,,0.0012610171685082,matched_moment_fusion,43,0
51,0.7208355775475502,0.0179125080071389,0.4396663695573807,0.7727960339188575,0.0001405378087702,0.3157302968949079,0.8329569113254547,19.79863894800292,0.0001947772216502,,,,,,,,0.0013680783894233,matched_moment_fusion,43,0
52,0.7345748537778855,0.0197006067656911,0.4486251740157604,0.8055551236867905,0.0001670139907218,0.3226821004599333,0.8521803125739098,19.97808183400048,0.0001908155197268,,,,,,,,0.001545838815,matched_moment_fusion,43,0
53,0.7063268682360649,0.0214412822318263,0.4323726506531238,0.7790172851085663,0.0001272855224851,0.3120918452739715,0.8227362912893296,20.334058030999586,0.0001868228230711,,,,,,,,0.001818502983333,matched_moment_fusion,43,0
54,0.7027607074379921,0.0208179835625924,0.4299836322665215,0.7847992277145386,0.0001086061302405,0.3094963267445564,0.8183037653565407,19.79257011799928,0.0001828021636809,,,,,,,,0.001692269350824,matched_moment_fusion,43,0
55,0.7214185068011284,0.0175024820072576,0.4398521147668361,0.7650715306401252,0.0001654369108655,0.318916125446558,0.8355434155464172,19.868008266999823,0.0001787565947885,,,,,,,,0.0012987356241501,matched_moment_fusion,43,0
56,0.6768016883730888,0.0176537508063483,0.4131425294280052,0.763755644261837,0.0001159956323408,0.2976096153259277,0.7873858547210694,19.692634266000823,0.0001746891885421,,,,,,,,0.0012617249581853,matched_moment_fusion,43,0
57,0.7198301813006401,0.0160660081147216,0.4383245302736759,0.7885616642236709,9.574271615804264e-05,0.316826446801424,0.8342537701129913,19.90284039400285,0.0001706030336727,,,,,,,,0.0012092242066319,matched_moment_fusion,43,0
58,0.7516985014081001,0.0198023038264364,0.4589400407671928,0.8054027265310287,0.0001398851297994,0.3319523377716541,0.8717912948131561,20.496265849997144,0.0001665012331491,,,,,,,,0.0017582474690061,matched_moment_fusion,43,0
59,0.6816145536303521,0.0182065041083842,0.4162513506412506,0.7840233474969864,0.0001284829343001,0.2982088319957256,0.7931382855772973,19.970223380998505,0.0001623869018208,0.7114261546763129,0.6261859227514424,0.5069435597381795,0.7114261546763129,0.5187116292037303,0.6484199843742843,0.6654058256050384,0.0013467076228334,matched_moment_fusion,43,0
60,0.6975634026527405,0.0156905223196372,0.4248142708837986,0.7686905100941658,0.0001097837281531,0.3082465912401676,0.8101570069789886,20.293001448000723,0.0001582631640533,,,,,,,,0.0011080046490314,matched_moment_fusion,43,0
61,0.7318266248703003,0.0176233656448312,0.4461453421413898,0.7853857111930848,0.0001276758445419,0.322240387648344,0.8472591799497604,19.80463948499892,0.0001541331513552,,,,,,,,0.00164246910992,matched_moment_fusion,43,0
62,0.6961542868614197,0.0177181935182306,0.4247798655927181,0.7752580705285073,7.988350267396527e-05,0.3061778526008129,0.8088052555918693,19.78962553200108,0.00015,,,,,,,,0.0015886805243826,matched_moment_fusion,43,0
63,0.6881980535387993,0.0152643231360707,0.4190245798230171,0.7701613086462021,8.138496750689228e-05,0.3027165198326111,0.7989866682887077,20.19634110699917,0.0001458668486447,,,,,,,,0.001126832785103,matched_moment_fusion,43,0
64,0.6975037908554077,0.0169529227982275,0.4252834610641002,0.7913850295543671,0.0001031436931725,0.3069701243937015,0.8116956505179406,20.55805526900076,0.0001417368359466,,,,,,,,0.0014920186626477,matched_moment_fusion,43,0
65,0.7140891087055207,0.0156322428653948,0.4347063782811164,0.7695078897476196,0.0001141308707133,0.3159950916469097,0.8278979459404945,20.35050651399797,0.0001376130981791,,,,,,,,0.0011998690397558,matched_moment_fusion,43,0
66,0.6953211252391338,0.0177575271530076,0.4242957031726837,0.7925999838113785,8.905300142941997e-05,0.308152035921812,0.8120242156088352,20.58350638499905,0.0001334987668508,,,,,,,,0.0015601175660049,matched_moment_fusion,43,0
67,0.708265112042427,0.0173889430938288,0.4319146606326103,0.7619040364027023,8.219475632358807e-05,0.3123895417898893,0.8208023378252983,20.117803000001004,0.0001293969663272,,,,,,,,0.0015181052244406,matched_moment_fusion,43,0
68,0.7302083595097065,0.0160960333771072,0.4445634485781193,0.8064590856432915,9.12133641395485e-05,0.3220761010050774,0.8476049068570137,20.553640728001483,0.0001253108114578,,,,,,,,0.0015744428842481,matched_moment_fusion,43,0
69,0.7134652245044708,0.0173202890111133,0.4350072681903839,0.7625552746653557,7.44839852268342e-05,0.3165820785611868,0.8281834220886231,20.48686435700074,0.0001212434052114,0.7059270304303124,0.6160089966167788,0.4904170029703056,0.7059270304303124,0.5055599347799992,0.6365400246400243,0.6574006175402516,0.0016740948694132,matched_moment_fusion,43,0
70,0.6818398571014405,0.0169448367552831,0.4158818612992763,0.7923806843161583,8.276274397303496e-05,0.3012025012075901,0.7966187641024589,20.227524612000707,0.000117197836319,,,,,,,,0.001460972577679,matched_moment_fusion,43,0
71,0.7141791950166225,0.0151004649652168,0.4345477193593979,0.7693393668532371,7.480329823920328e-05,0.3151171071082354,0.8268684217333794,19.68687205900278,0.0001131771769288,,,,,,,,0.0013295788534378,matched_moment_fusion,43,0
72,0.7190117081999778,0.0209443159471265,0.4397847686707973,0.8128313088417053,0.0001231539041964,0.3191464580595493,0.8407031828165055,18.93104309899718,0.0001091844802731,,,,,,,,0.0024133473803522,matched_moment_fusion,43,0
73,0.7084101864695549,0.0187063319003209,0.4325286613404751,0.8085212889313698,0.0001078850973362,0.3128273589164018,0.8266472259163856,19.33012826399863,0.0001052227783497,,,,,,,,0.0021683669619051,matched_moment_fusion,43,0
74,0.7263736280798913,0.0218314200337044,0.4445567646622658,0.7825166463851929,0.0001581371875727,0.3221327417343855,0.8455258667469024,19.716523119997877,0.0001012950796192,,,,,,,,0.002883933977173,matched_moment_fusion,43,0
75,0.7069297033548355,0.019243277576752,0.4318551526963711,0.8186631792783737,7.65219136246742e-05,0.313765073120594,0.8279214525222778,19.539927990997967,9.740436672108684e-05,,,,,,,,0.0021554373088019,matched_moment_fusion,43,0
76,0.6924129682779312,0.0198583564581349,0.4233911401033401,0.8147895985841751,0.0001048213057856,0.3087963825464249,0.8141481989622116,19.967952574002997,9.355359420782469e-05,,,,,,,,0.0023823568118314,matched_moment_fusion,43,0
77,0.7333827465772629,0.0188389988150447,0.4475652667880058,0.7837708708643913,0.0001191874454161,0.3253122417628765,0.8517262470722199,20.547408720998646,8.97456863020546e-05,,,,,,,,0.0023284632202557,matched_moment_fusion,43,0
78,0.7029044952988625,0.0205987459560856,0.4299822126328945,0.8059055876731872,0.0001618293681212,0.3115121451020241,0.8225830599665642,20.10083227400173,8.598353467553945e-05,,,,,,,,0.0024502389970348,matched_moment_fusion,43,0
79,0.7362548047304154,0.0190847512008622,0.4493868033587933,0.8181504794955253,0.0001065457350046,0.3264121703803539,0.8581262668967247,19.822804317998816,8.226999625336662e-05,0.6965775152501813,0.6140753597792117,0.4877929934094413,0.6965775152501813,0.4966291516180637,0.6490194124693901,0.6509484164248165,0.0025345963578001,matched_moment_fusion,43,0
80,0.7081446553766727,0.0194046045769937,0.4326486524939537,0.8099066627025604,0.0001200865186592,0.3142139342427253,0.8283331188559532,19.92170658500254,7.860789104443896e-05,,,,,,,,0.0023692857782134,matched_moment_fusion,43,0
81,0.6978868870437145,0.0179000790393911,0.4258921808004379,0.7755220246315002,8.667692254448412e-05,0.3083596189320087,0.8121923366189003,20.04393748700022,7.500000000000002e-05,,,,,,,,0.0019200010189888,matched_moment_fusion,43,0
82,0.7239519965648651,0.0174711526557803,0.441359677016735,0.8209059059619903,0.0001093573132311,0.3202205222845077,0.8440829396247864,19.90534729499996,7.144906290181832e-05,,,,,,,,0.0020333845457389,matched_moment_fusion,43,0
83,0.6900169369578362,0.0203882529796101,0.4221654790639877,0.817775905430317,0.0001055977857595,0.3070819179713726,0.8115171650052071,19.756299224998656,6.795777628163599e-05,,,,,,,,0.0024344810451657,matched_moment_fusion,43,0
84,0.7148730206489563,0.0182612213538959,0.4362283204495907,0.8062887868285179,0.0001193962859088,0.3159766635298729,0.8332473415136338,19.863075272998685,6.452879137346007e-05,,,,,,,,0.0020375859460546,matched_moment_fusion,43,0
85,0.7146768644452095,0.0176279873983003,0.4358573317527771,0.7960560145974159,7.885777243700431e-05,0.3184809453040361,0.8343820402026176,19.37497589600025,6.1164712100253e-05,,,,,,,,0.0021710902917038,matched_moment_fusion,43,0
86,0.7241662514209747,0.0206856484583113,0.4427740278840065,0.8279032701253891,0.0001038421673229,0.3208319865167141,0.8469439813494682,20.11905421800111,5.786809309654982e-05,,,,,,,,0.0027122432226315,matched_moment_fusion,43,0
87,0.698230001181364,0.0175261326157487,0.4259484705328941,0.7847410368919373,7.981371324149222e-05,0.308768315166235,0.8136303383111954,19.53762096799983,5.464143776850482e-05,,,,,,,,0.0021773083709649,matched_moment_fusion,43,0
88,0.7077377386391163,0.0165569881908595,0.4312654547393322,0.7553788375854492,7.55661330458679e-05,0.3135503327846527,0.820741226375103,19.58342740399894,5.148719639283984e-05,,,,,,,,0.0019188761002442,matched_moment_fusion,43,0
89,0.6918690651655197,0.0177800788474269,0.4222334915399551,0.8058947521448135,0.0001013754950827,0.3069618016481399,0.8102181327342987,19.95838601500145,4.840776425613886e-05,0.7238186567460602,0.6308243481200697,0.5052032876097277,0.7238186567460602,0.513790919398558,0.6548634682155906,0.6740588272446298,0.00214145931659,matched_moment_fusion,43,0
90,0.7048475164175033,0.0205904228775762,0.4311446970701217,0.7684372618794442,0.0001264468200588,0.3126769161969423,0.8211959996819496,19.567972056000144,4.5405479835900685e-05,,,,,,,,0.0026216852787456,matched_moment_fusion,43,0
91,0.685967983007431,0.0165086929930839,0.4181842830777168,0.7512673953175545,9.047116587680648e-05,0.3040909995883703,0.7978052532672882,20.748893391999445,4.2482623024732334e-05,,,,,,,,0.0019935391779699,matched_moment_fusion,43,0
92,0.6966228383779526,0.0192512736958451,0.4256742322444916,0.826127795279026,0.0001104268846665,0.3074584455788136,0.8162029141187668,20.13206813800207,3.964141339903026e-05,,,,,,,,0.0022596724117283,matched_moment_fusion,43,0
93,0.7069930315017701,0.0180973870540037,0.4314347894489765,0.7852063730359078,0.0001118036415755,0.3130093899369239,0.8234036105871201,19.91156190199763,3.6884008533465575e-05,,,,,,,,0.0021660046719625,matched_moment_fusion,43,0
94,0.7105164468288422,0.0183029670955147,0.4336310701072216,0.7992040312290192,0.0001733474144566,0.3153893343359232,0.8294261753559112,19.864928872000743,3.4212502362551864e-05,,,,,,,,0.0023835329369467,matched_moment_fusion,43,0
95,0.7033320350944996,0.0190859144134446,0.4296336057782173,0.8084235501289367,0.0001521979483459,0.3126844423264265,0.8236697912216187,19.71227503900081,3.162892359054098e-05,,,,,,,,0.0025088734283963,matched_moment_fusion,43,0
96,0.7256561788916588,0.0163532660226337,0.4419350315630436,0.780281452536583,0.0001111478663483,0.3203276289999485,0.8406624394655228,19.914330251998763,2.913523415085328e-05,,,,,,,,0.0018303741686395,matched_moment_fusion,43,0
97,0.6946579840779304,0.0175764298555441,0.4238253831863403,0.8089197987318039,0.000119176260041,0.3072717672586441,0.8123966601490974,20.092537664997508,2.673332771621324e-05,,,,,,,,0.0020078334843401,matched_moment_fusion,43,0
98,0.72651924431324,0.0166347235301509,0.4425654530525207,0.7966579294204712,0.0001208577481202,0.323234022706747,0.8459001505374908,20.25269746900085,2.4425028260620715e-05,,,,,,,,0.0021441968032104,matched_moment_fusion,43,0
99,0.6953575840592384,0.0178779358323663,0.4243657404184341,0.778770986199379,0.0001604535743899,0.3079534365981817,0.8106128585338592,20.0368218299991,2.221208867425096e-05,0.7073142884348874,0.6224352373799596,0.497402530494464,0.7073142884348874,0.5148122840083299,0.6451791396966613,0.6608593973243667,0.0020428184709817,matched_moment_fusion,43,0
100,0.7020604795217514,0.0174421900091692,0.4282131819427013,0.7843101546168327,0.0001334116721773,0.3108300438523292,0.817927171587944,20.009610900000556,2.009618943233419e-05,,,,,,,,0.0022313048644014,matched_moment_fusion,43,0
101,0.7135923373699188,0.0172820182831492,0.435068229585886,0.7750656974315643,0.0001343985729954,0.3166739007830619,0.8296801760792732,20.424556588001,1.807893731902665e-05,,,,,,,,0.0021237917203961,matched_moment_fusion,43,0
102,0.7111850103735924,0.0162480664486065,0.433210250288248,0.7752076518535614,0.0001383465725712,0.3161035940051079,0.8272253906726837,20.530705397999554,1.616186420724089e-05,,,,,,,,0.0019193340086621,matched_moment_fusion,43,0
103,0.6922587817907333,0.0174659746070392,0.4223416773974895,0.7760930675268173,0.0001292296609562,0.3059213627874851,0.806295067369938,19.80587200399896,1.4346425895363384e-05,,,,,,,,0.0020812935686262,matched_moment_fusion,43,0
104,0.6950786763429642,0.0180381079437211,0.4242624668776989,0.786210398375988,0.0001477691444961,0.3100754696130752,0.8134141582250595,20.37211216799915,1.2634001001741372e-05,,,,,,,,0.0022389262985234,matched_moment_fusion,43,0
105,0.6502902656793594,0.0176908373227342,0.3972505094110966,0.7812959125638008,0.0001487647447538,0.2863803912699222,0.7622127547860146,20.034202119997644,1.1025889917779737e-05,,,,,,,,0.0022241024809068,matched_moment_fusion,43,0
106,0.7163562506437302,0.015799248451367,0.436133466809988,0.7691141629219055,0.0001318141161209,0.3176379133760929,0.8310785481333732,20.41497759599952,9.523313820441804e-06,,,,,,,,0.0019458118374177,matched_moment_fusion,43,0
107,0.7189136686921119,0.0163833582540974,0.4379015606641769,0.775412548482418,0.0001208986066581,0.3196283838897943,0.8354986080527306,20.342421339002613,8.127413744904804e-06,,,,,,,,0.002106819128794,matched_moment_fusion,43,0
108,0.7183150348067283,0.015687989097787,0.4372642339766026,0.791556641459465,0.0001298133718137,0.3188585002720356,0.8356527078151703,19.824060293998627,6.839249718073875e-06,,,,,,,,0.0018390961231409,matched_moment_fusion,43,0
109,0.7209400297701358,0.0155940372485201,0.4388016487658024,0.7969552725553513,0.0001170485802049,0.3180696641653776,0.8369330951571464,20.382544278996647,5.659799953612438e-06,0.7191405164901016,0.634019923223356,0.5104127270664232,0.7191405164901016,0.5208051851264716,0.6621140680534948,0.67273155956771,0.0018019890677601,matched_moment_fusion,43,0
110,0.6932526823878288,0.0149218559777364,0.4219203667342663,0.7494752219319344,0.0001013649320702,0.3059776037931442,0.803203005194664,19.71705908600052,4.589960109100444e-06,,,,,,,,0.0017621951603678,matched_moment_fusion,43,0
111,0.6935423618555069,0.0160817606467753,0.4225581392645836,0.7607409700751304,0.0001033226394974,0.3076247392594814,0.8066305556893348,19.92768173500008,3.630542605884657e-06,,,,,,,,0.0018420584718114,matched_moment_fusion,43,0
112,0.689722405821085,0.0143821868835948,0.4195863361656666,0.7706311109662056,9.736686640280822e-05,0.3058189967274666,0.8027566474676132,19.295607800002472,2.7822760121373187e-06,,,,,,,,0.0014166694835637,matched_moment_fusion,43,0
113,0.7035340271890164,0.0164397306274622,0.4286963231861591,0.7809532296657562,0.0001248765923821,0.3116357906907797,0.818801312148571,19.85722901400004,2.0458044895916517e-06,,,,,,,,0.001838153791084,matched_moment_fusion,43,0
114,0.686041215956211,0.014800359912333,0.4175448882579803,0.7585580340027809,0.0001073932039417,0.3037112244218587,0.7974692603945732,20.13256628399904,1.4216873043745137e-06,,,,,,,,0.0017598772498422,matched_moment_fusion,43,0
115,0.6717644730210304,0.0172071636863984,0.4099415665864944,0.778166971206665,0.0001067879592392,0.2986504426598549,0.7868213152885437,19.551783599999908,9.103984023075772e-07,,,,,,,,0.0020363492806882,matched_moment_fusion,43,0
116,0.6712418457865715,0.0150875569751951,0.4087801457941532,0.7363227596879005,0.0001141140865547,0.2967510113120079,0.7794797110557556,21.3578944539986,5.123260489995229e-07,,,,,,,,0.0015528421247142,matched_moment_fusion,43,0
117,0.6697008974850178,0.0158333785692229,0.4081539058685303,0.7727634340524674,0.0001174378820178,0.2958925990760326,0.7816836565732956,20.444064719999005,2.2777253500257386e-07,,,,,,,,0.0017746521006984,matched_moment_fusion,43,0
118,0.688891108930111,0.0165478469745721,0.4199538186192512,0.7789889422059059,0.0001115959935759,0.3057384274899959,0.8039961850643158,20.353204969000217,5.695394625728767e-08,,,,,,,,0.0019973187655051,matched_moment_fusion,43,0
119,0.6933814471960068,0.0161210081283934,0.4224772877991199,0.7966306647658348,0.000113267110546,0.3074678332358598,0.8099967190623283,20.798894643001404,0.0,0.7204233354960795,0.635234782641066,0.5131862166369086,0.7204233354960795,0.5198164132334255,0.6654645991936928,0.6741430577536583,0.0019143705053375,matched_moment_fusion,43,0
0,0.97190764605999,0.6428316527605057,0.8402772796154022,0.7162971419095993,0.0887492875754833,0.6009815907478333,1.5173260474205017,30.52298173600002,5.1e-05,,,,,,,,,qmmf,44,0
1,0.9623207080364228,0.402701672911644,0.7384731239080429,0.6872733277082443,0.0319831142947077,0.4923953294754028,1.3011949372291565,27.36644734200001,0.0001009999999999,,,,,,,,,qmmf,44,0
2,0.9490121817588806,0.3233406257629394,0.698743587732315,0.6929366463422775,0.0421917359903454,0.4652643018960953,1.2354111397266387,26.204014691,0.0001509999999999,,,,,,,,,qmmf,44,0
3,0.9494999766349792,0.2794627329707145,0.6814851045608521,0.6956310844421387,0.071912037692964,0.4492887634038925,1.2039325833320618,25.428999771000008,0.0002009999999999,,,,,,,,,qmmf,44,0
4,0.9399856227636336,0.241015982478857,0.6603977900743484,0.7104585778713226,0.0730979827046394,0.4288296857476234,1.1639282345771789,25.17178051199994,0.000251,,,,,,,,,qmmf,44,0
5,0.9228689378499983,0.2059779603779316,0.636112574338913,0.7048304289579391,0.0622969135642051,0.4046898365020752,1.1144002932310104,23.877455275999974,0.0003,,,,,,,,,qmmf,44,0
6,0.9206108754873276,0.1675096887350082,0.6193704217672348,0.7076934599876403,0.0546312794461846,0.3919280996918678,1.0847994339466096,24.122173815999982,0.0002999430460537,,,,,,,,,qmmf,44,0
7,0.911734089255333,0.1388630267977714,0.6025856882333755,0.7049810141324997,0.0472245649248361,0.380578843653202,1.0560238593816758,23.925213557000006,0.0002997722274649,,,,,,,,,qmmf,44,0
8,0.8888469797372818,0.1190858729928732,0.5809425637125969,0.722801405787468,0.0417603194341063,0.3643529649078846,1.0196636784076691,23.68486867000001,0.000299487673951,,,,,,,,,qmmf,44,0
9,0.8822266322374344,0.1006618472933769,0.5696007379889488,0.7309667593240738,0.0376145309954881,0.3617678575217724,1.006345997452736,23.56313269500004,0.0002990896015976,0.3551978668903968,0.3431684710587285,0.3132726389913227,0.3551978668903968,0.3400166374896433,0.3342909087961452,0.3473965253509889,,qmmf,44,0
10,0.8681061446666718,0.0850184547156095,0.5548710864782334,0.7048779678344727,0.0333719551563262,0.3529428574442863,0.979970343708992,23.388065980999954,0.0002985783126956,,,,,,,,,qmmf,44,0
11,0.8421554124355316,0.0728607887402176,0.5344375839829445,0.7241549748182297,0.0292724165692925,0.3395805869996547,0.9478972858190536,23.50786180799992,0.0002979541955104,,,,,,,,,qmmf,44,0
12,0.837834684252739,0.0618483972549438,0.5274401915073395,0.7189192873239517,0.0262013342045247,0.3367686022818088,0.9374107891321182,23.892417557000044,0.0002972177239878,,,,,,,,,qmmf,44,0
13,0.8217910504341126,0.0557766784727573,0.5153853243589401,0.7200037050247192,0.0223390302993357,0.3320999489724636,0.9206025910377502,23.87211637500002,0.0002963694573941,,,,,,,,,qmmf,44,0
14,0.8404182177782059,0.0465272863581776,0.5228618651628494,0.720375561118126,0.0198073566332459,0.3445262962579727,0.9404160821437836,24.067889336000007,0.0002954100398908,,,,,,,,,qmmf,44,0
15,0.8156758362054825,0.0454799354076385,0.5075974932312965,0.7367120516300202,0.0170755882188677,0.3384346583485603,0.9205571419000624,23.45948909399999,0.0002943402000463,,,,,,,,,qmmf,44,0
16,0.795613169670105,0.037849392555654,0.4925076749920845,0.7447493863105774,0.0142178627196699,0.3235871125757694,0.8912806165218353,24.708482204000006,0.0002931607502819,,,,,,,,,qmmf,44,0
17,0.7881220716238022,0.0365353009849786,0.4874873828887939,0.7451085132360459,0.0118648171890527,0.3246981827914715,0.8872896564006806,23.462930049999954,0.000291872586255,,,,,,,,,qmmf,44,0
18,0.8284585273265839,0.0442866076342761,0.5147897818684578,0.8196897679567337,0.0101972280908375,0.3546688516438007,0.9534296381473542,25.01305229799982,0.0002904766861795,,,,,,,,0.0074608101230114,qmmf,44,0
19,0.8067829644680024,0.0370157220773398,0.498876087963581,0.8006791245937347,0.0085215069260448,0.341411097496748,0.922125678062439,22.023961234999888,0.0002889741100822,0.6058384602444172,0.5314151221405973,0.4160983580435549,0.6058384602444172,0.4662659144673333,0.5221409917100407,0.564537448593185,0.006722509083338,qmmf,44,0
20,0.7820053309202194,0.0350609704107046,0.4832276082038879,0.7896181875467301,0.0073149531614035,0.3320020481944084,0.8957614755630493,24.38881989299989,0.0002873659989982,,,,,,,,0.0060212447308003,qmmf,44,0
21,0.7887169918417931,0.0325641857273876,0.4862558889389038,0.7987342762947083,0.0059885174036026,0.3350567445158958,0.9025895750522612,24.369702755999924,0.0002856535741046,,,,,,,,0.0055204076645895,qmmf,44,0
22,0.7845582911372184,0.0347620792966336,0.4846398231387138,0.8075150835514069,0.0051050670631229,0.3368687354028225,0.90363603413105,24.89020136599993,0.0002838381357927,,,,,,,,0.0056035614409483,qmmf,44,0
23,0.7692506241798401,0.0310349872242659,0.4739643874764442,0.8197320932149887,0.0043690397683531,0.3289127206802368,0.8860039818286896,24.49801546399999,0.0002819210626809,,,,,,,,0.0046760737872682,qmmf,44,0
24,0.7838524115085602,0.0277788676321506,0.4814230141043663,0.8109389734268189,0.0038271692814305,0.3375555661320686,0.9010987734794615,24.082400472000018,0.0002799038105676,,,,,,,,0.0041746584093198,qmmf,44,0
25,0.775083826482296,0.0328958710096776,0.4782086640596389,0.8011078971624375,0.0031243151123635,0.3357622855901718,0.8951203954219819,24.53757928999994,0.0002777879113257,,,,,,,,0.0044122309680096,qmmf,44,0
26,0.7604000830650329,0.027141970959492,0.4670968547463417,0.8039452597498894,0.0028075420903041,0.3244306820631027,0.8727721655368805,24.543774149,0.0002755749717393,,,,,,,,0.0035485901660285,qmmf,44,0
27,0.763668726682663,0.02773691364564,0.4692960184812546,0.8271678107976913,0.0024383047304581,0.3300347718596458,0.8827486610412598,25.29094199999986,0.0002732666722837,,,,,,,,0.0028958520037122,qmmf,44,0
28,0.7639455598592758,0.0251212743436917,0.4684158661961555,0.8061016523838043,0.0020601273351348,0.3315049317479133,0.8811923512816429,22.69809516400005,0.0002708647658491,,,,,,,,0.0027919273404404,qmmf,44,0
29,0.7551267701387405,0.023766411775723,0.4625826467573642,0.805547109246254,0.00190259436029,0.3273684960603714,0.8710426586866379,22.98202239400007,0.0002683710764094,0.6901717805631562,0.6038404288498535,0.4785782402086218,0.6901717805631562,0.5034962655311755,0.6178532404552285,0.6431130210137119,0.0022083462192676,qmmf,44,0
30,0.7568215072154999,0.0235802368354052,0.4635250216722488,0.81681993663311,0.0016030528955161,0.3280277940630913,0.873735580444336,23.98174412699996,0.0002657874976374,,,,,,,,0.0021030891453847,qmmf,44,0
31,0.746458101272583,0.0270156839676201,0.458681154847145,0.8276070243120194,0.0014712816546671,0.3267327810823917,0.868724148273468,24.386514669000007,0.0002631159914665,,,,,,,,0.0023797463334631,qmmf,44,0
32,0.7510168904066086,0.0248892411962151,0.4605658480525016,0.8084741082787513,0.0012559470336418,0.3280425764620304,0.8699392622709274,24.30948458099988,0.0002603585866009,,,,,,,,0.0021031473169568,qmmf,44,0
33,0.7501142543554306,0.0224679336557164,0.4590557457506656,0.7984055870771408,0.001087835173239,0.3256847272068262,0.8649936392903328,24.369352646000152,0.0002575173769752,,,,,,,,0.0017910762812243,qmmf,44,0
34,0.7088188025355339,0.0253039051545783,0.4354128605127335,0.787285917699337,0.0009447492560138,0.3101959474384784,0.8247619053721428,24.33001179100006,0.000254594520164,,,,,,,,0.001886366076651,qmmf,44,0
35,0.7593120476603508,0.0219362850999459,0.4643617594242096,0.8227232983708381,0.0007768891652813,0.3319764697551727,0.8789587211608887,25.811378952999803,0.0002515922357438,,,,,,,,0.001546576685796,qmmf,44,0
36,0.7199385476112365,0.0207370453001931,0.4402579659223556,0.7883671593666076,0.0006860818259883,0.316419329047203,0.8357955548167229,24.504582648000223,0.0002485128036071,,,,,,,,0.0012362203514203,qmmf,44,0
37,0.723280083835125,0.0234674010891467,0.4433550271391868,0.7998127794265747,0.0005791906444937,0.318546315357089,0.842237922847271,23.70243055600008,0.0002453585622314,,,,,,,,0.0016316739673493,qmmf,44,0
38,0.7543782684206962,0.0194636279251426,0.4604124310612678,0.7820185959339142,0.0005508538390859,0.3315171921253204,0.8704247343540191,22.454904938000027,0.0002421319069034,,,,,,,,0.0013285531269502,qmmf,44,0
39,0.7201792898774148,0.0210026099532842,0.4405086362361908,0.8336697244644165,0.0005051953284419,0.3170912743359804,0.8412431854009629,24.40513604200009,0.0002388352878997,0.684862525141412,0.58545869116404,0.4385083508598615,0.684862525141412,0.4771436126512098,0.5943699356994981,0.6304059575200454,0.0012551948982581,qmmf,44,0
40,0.7381273359060287,0.0219237664621323,0.4516459266841411,0.8105722564458847,0.0004004344725399,0.3228255487978458,0.8558870083093644,25.99726408000015,0.0002354712086265,,,,,,,,0.0016914386043208,qmmf,44,0
41,0.7535067251324654,0.0200604421412572,0.4601282297074794,0.8363762801885605,0.0003769532311707,0.3320555202662945,0.8761053702235222,25.091132465999863,0.0002320422237183,,,,,,,,0.0013256934308446,qmmf,44,0
42,0.732684856057167,0.0214771460718475,0.4482017889618873,0.8018198072910309,0.000375812073471,0.3235252621769905,0.8523283064365387,26.19533868999997,0.0002285509370981,,,,,,,,0.0020024031333741,qmmf,44,0
43,0.7141556251049042,0.0192369208019226,0.4361881627142429,0.7813512605428695,0.0003799328400054,0.3147527353465557,0.8293483093380928,24.7260240170001,0.000225,,,,,,,,0.0012664240661251,qmmf,44,0
44,0.7298200345039367,0.0198154589172918,0.4458182224631309,0.7906439244747162,0.0002983305261295,0.3208395759761333,0.8460156828165054,25.614317825999933,0.0002213921089555,,,,,,,,0.0013928570089046,qmmf,44,0
45,0.7222300609946251,0.0201216686936095,0.4413867238163948,0.8010961070656777,0.0003096429652941,0.3183922484517097,0.840198022723198,24.936605138999997,0.0002177300037466,,,,,,,,0.0014697658848308,qmmf,44,0
46,0.7317158533632755,0.0193624431081116,0.4467745064198971,0.7892457893490792,0.000239326111623,0.3232667243480682,0.8493133097887039,23.476182164999955,0.0002140164653244,,,,,,,,0.0016776717532775,qmmf,44,0
47,0.696643246114254,0.0194473857292905,0.4257649184763432,0.786953507065773,0.0002516318188281,0.3071585084497928,0.8118842399120331,22.877078867000364,0.0002102543136979,,,,,,,,0.0012643858841329,qmmf,44,0
48,0.7095925551652909,0.0192933077877387,0.4334728708863258,0.8014045932888985,0.0002164852224814,0.314339015930891,0.8282464185357094,23.441522076000183,0.0002064464057921,,,,,,,,0.0014162781272898,qmmf,44,0
49,0.692098641693592,0.016896255693864,0.4220177067816257,0.7508678194880486,0.0001761547943897,0.3050867483019829,0.8024083814024925,22.842011947000174,0.0002025956332789,0.6582474538189729,0.5786743447707564,0.4590534987136629,0.6582474538189729,0.4954685843052918,0.582306996188004,0.6144561255939769,0.0010416827863809,qmmf,44,0
50,0.7220843809843064,0.0202462040865793,0.4413491263985634,0.7857927107810974,0.000158978945401,0.3202487128973007,0.8405368757247925,25.60266119500011,0.0001987049203807,,,,,,,,0.0017590907108024,qmmf,44,0
51,0.7018924391269684,0.0188548796158283,0.4286774335801601,0.7684338757395744,0.0001398608244198,0.3112470141053199,0.8170964542031288,25.22509495199984,0.0001947772216502,,,,,,,,0.0016081208076502,qmmf,44,0
52,0.7300309717655182,0.0205223588272929,0.4462275457382202,0.8061335870623588,0.0001434502923802,0.3251283274590969,0.8523533865809441,24.37649435100002,0.0001908155197268,,,,,,,,0.0018848784978035,qmmf,44,0
53,0.709547245502472,0.0186817616363987,0.4332010695338249,0.8259315580129624,0.0001507681272778,0.3129432561993599,0.8290710189938545,26.61999321500025,0.0001868228230711,,,,,,,,0.0016300090242657,qmmf,44,0
54,0.7034034034609795,0.0194546083547174,0.4298239009082317,0.7984722989797592,0.0001427598264854,0.311056220754981,0.8210539501905442,24.67936569199992,0.0001828021636809,,,,,,,,0.001597320152905,qmmf,44,0
55,0.6966917781531811,0.0192948222067207,0.4257330131530761,0.7831349384784698,0.0001281120261774,0.3080053636431694,0.8124111971259117,23.030150578000303,0.0001787565947885,,,,,,,,0.001764604479722,qmmf,44,0
56,0.6911885386705399,0.0178885342832654,0.4218685527890921,0.7717501950263977,0.0001274728563294,0.3063662491738796,0.8056743912398815,22.09013526600029,0.0001746891885421,,,,,,,,0.001290978170582,qmmf,44,0
57,0.6834203960001468,0.019198208565358,0.4177315378189087,0.8187269878387451,9.772156612598335e-05,0.302304180637002,0.8022614711523056,22.88874304000001,0.0001706030336727,,,,,,,,0.001740858679077,qmmf,44,0
58,0.7180627244710922,0.0183378010708838,0.4381727710366249,0.7775171172618865,0.000118118901264,0.3178640048205852,0.8340968611836433,22.16556602699984,0.0001665012331491,,,,,,,,0.0015123245432914,qmmf,44,0
59,0.7299411135911942,0.0147235353570431,0.4438540990650654,0.7821755591034889,0.0001020767637965,0.3225812943279743,0.8448834410309791,24.499515138999868,0.0001623869018208,0.7025820521090486,0.6091205862590303,0.4733420113068189,0.7025820521090486,0.507418564785375,0.6173611418826672,0.6516196082738202,0.0011269492675273,qmmf,44,0
60,0.6941007149219512,0.0148450620169751,0.4223984688520431,0.7452265849709511,9.45594241056824e-05,0.3057528147101402,0.8029211238026619,26.657546078,0.0001582631640533,,,,,,,,0.0012122755753262,qmmf,44,0
61,0.7154500029981137,0.0163573335506953,0.435812952965498,0.770947530567646,7.76364529338025e-05,0.3169307234510779,0.8301634414494038,25.01795796900024,0.0001541331513552,,,,,,,,0.0016056464728535,qmmf,44,0
62,0.6918785250186921,0.0181134446989744,0.4223725099861621,0.7779301255941391,9.378745500725926e-05,0.3075477576255798,0.8080436336994171,25.851093569000117,0.00015,,,,,,,,0.0016283103369642,qmmf,44,0
63,0.7046055500209332,0.0155350170377641,0.4289773531258106,0.7496906062960624,8.891417486665887e-05,0.312668065726757,0.8168578001856804,25.93880858300008,0.0001458668486447,,,,,,,,0.0011943569883806,qmmf,44,0
64,0.7253258782625198,0.0155124532955233,0.4414005291461944,0.7875048696994782,8.012327722099143e-05,0.3208704723417759,0.8413124307990074,24.274308115999705,0.0001417368359466,,,,,,,,0.0014346594836024,qmmf,44,0
65,0.6948321256041526,0.0167918859398923,0.4236160473525524,0.7872291433811188,8.31865327199921e-05,0.3084554134309292,0.8110752785205841,23.672130771999942,0.0001376130981791,,,,,,,,0.0013837208141376,qmmf,44,0
66,0.7030539804697037,0.0163321142387576,0.4283652506768703,0.7631098744273186,8.038003034016583e-05,0.3133394186198711,0.8183345267176628,24.529558322999947,0.0001334987668508,,,,,,,,0.0015742399851296,qmmf,44,0
67,0.709674888253212,0.0168411384196951,0.4325414043664932,0.7785452803969384,7.775254502121243e-05,0.3133331330120563,0.8240753185749053,22.91143971599968,0.0001293969663272,,,,,,,,0.0017118020607449,qmmf,44,0
68,0.7127997079491615,0.014803659095196,0.4336013062298298,0.7915769848227501,7.846630514904974e-05,0.3153577802330256,0.8283746361732482,25.272570849000203,0.0001253108114578,,,,,,,,0.0012696487518587,qmmf,44,0
69,0.6960640576481819,0.0150533821200951,0.4236598020792007,0.7557884508371353,7.056352109430008e-05,0.3091240939497948,0.8086630326509475,25.273461995999696,0.0001212434052114,0.720629861156321,0.6305925191093621,0.5067895183550593,0.720629861156321,0.5165167531426871,0.6546309430290782,0.6722346242621072,0.0014838383288224,qmmf,44,0
70,0.6824971048533917,0.0180308510409668,0.4167106215655803,0.8132459348440171,7.874906155848294e-05,0.3027644795551896,0.801176310479641,25.475132779999967,0.000117197836319,,,,,,,,0.0018633605542527,qmmf,44,0
71,0.6697256200015544,0.0173117111390456,0.4087600728869438,0.77356177598238,6.246740644201054e-05,0.2984508308768272,0.7849285793304444,24.726268595999954,0.0001131771769288,,,,,,,,0.0017918845870917,qmmf,44,0
72,0.7372682471573353,0.0204963275929912,0.450559497475624,0.8042350405454636,6.755850380613992e-05,0.328494840785861,0.8600190716981888,24.965512257000228,0.0001091844802731,,,,,,,,0.0026892413476889,qmmf,44,0
73,0.6941233652830124,0.0206972982222214,0.424752956032753,0.8090541952848435,7.593119857119745e-05,0.3097979137301445,0.8159844586253167,23.095044719999805,0.0001052227783497,,,,,,,,0.0026218358436199,qmmf,44,0
74,0.749485881626606,0.0200485630356706,0.457710970044136,0.8216053533554077,7.755770182484412e-05,0.3340103539824486,0.8744295907020568,24.067105741999967,0.0001012950796192,,,,,,,,0.0027192526660655,qmmf,44,0
75,0.7401117742061615,0.0184252659860067,0.4514371901750564,0.8009068813920021,8.899682154151379e-05,0.3282032577693462,0.8602225276827812,23.19966839000017,9.740436672108684e-05,,,,,,,,0.0024347336846767,qmmf,44,0
76,0.690445548593998,0.0187990771187469,0.4217869786918163,0.7813753190636635,7.82704053199268e-05,0.3063869202136993,0.8067670294642448,21.897815314000127,9.355359420782469e-05,,,,,,,,0.0022584432726034,qmmf,44,0
77,0.7181901350617409,0.0220378427114337,0.4397292374074459,0.8100272026658059,0.000105911145165,0.3206378702819347,0.84200712621212,24.170993313000054,8.97456863020546e-05,,,,,,,,0.0031600081390297,qmmf,44,0
78,0.7043809163570404,0.0192144905752502,0.4303143654763698,0.8328342467546463,7.803201213391731e-05,0.3143285351991653,0.8283859813213348,25.686733017999813,8.598353467553945e-05,,,,,,,,0.0022787865404097,qmmf,44,0
79,0.6955320432782173,0.0180767552508041,0.4245499467849731,0.7904214054346085,5.493509981533862e-05,0.3093433552980423,0.8133689987659455,24.47710626299977,8.226999625336662e-05,0.6932411810490041,0.6076506736790924,0.4905943017159666,0.6932411810490041,0.5032488469608313,0.626461993027442,0.6472993409047268,0.0021540472439846,qmmf,44,0
80,0.7050078797340393,0.0173172241629799,0.4299316334724426,0.7958269813656806,5.738667936384445e-05,0.3119895087182522,0.8219182580709458,25.088367176000247,7.860789104443896e-05,,,,,,,,0.0020577100158607,qmmf,44,0
81,0.698993853032589,0.0178730633785016,0.426545552611351,0.8011488032341003,7.2997790930458e-05,0.3112731598317623,0.8184096574783325,26.129449619000297,7.500000000000002e-05,,,,,,,,0.0023620570146886,qmmf,44,0
82,0.6896468171477318,0.0190429881354793,0.4214053021371364,0.7745693534612655,5.9185598056501474e-05,0.305952515900135,0.8053111118078232,22.89010848200041,7.144906290181832e-05,,,,,,,,0.0024669771490061,qmmf,44,0
83,0.7025455963611603,0.0186266240803524,0.4289780257642269,0.7909109807014465,6.862461968012213e-05,0.3131689867377281,0.8217450138926506,23.155169544999808,6.795777628163599e-05,,,,,,,,0.002517364439509,qmmf,44,0
84,0.7174900844693184,0.0195851178257726,0.4383281135559082,0.7937995445728302,6.930025479050528e-05,0.3195907141268253,0.8378255584836006,22.592904354999973,6.452879137346007e-05,,,,,,,,0.0026165719063646,qmmf,44,0
85,0.6873497602343559,0.0179243394033983,0.4195796076208353,0.7986479651927948,7.526793592660397e-05,0.3067276678979397,0.8066411951184272,23.0218980640002,6.1164712100253e-05,,,,,,,,0.0023268020561909,qmmf,44,0
86,0.7212912365794182,0.017052104617469,0.4395956002175808,0.7562557065486908,9.173936014121864e-05,0.3221866981685161,0.8378489914536477,24.069650038999956,5.786809309654982e-05,,,,,,,,0.0021826420202341,qmmf,44,0
87,0.731453673839569,0.0189176538481842,0.4464392846822738,0.8245375925302505,6.947107073756342e-05,0.3257823047041893,0.855167634487152,24.8352054789998,5.464143776850482e-05,,,,,,,,0.0024440487363699,qmmf,44,0
88,0.706718233525753,0.0172732237260788,0.4309402438998222,0.7633715459704399,6.841690723376815e-05,0.3139354602992534,0.8216587382555008,24.97717630699981,5.148719639283984e-05,,,,,,,,0.0022122799498993,qmmf,44,0
89,0.6929391217231751,0.0179061195719987,0.4229259392619133,0.8100330626964569,7.112662326107965e-05,0.3082623644918203,0.8126421445608139,23.84119872799965,4.840776425613886e-05,0.690745783382089,0.6061674818827256,0.4953622069268431,0.690745783382089,0.5052654620315944,0.6224912002344934,0.6458339352867555,0.0022348799721657,qmmf,44,0
90,0.705619982779026,0.0182384510175325,0.4306673888862133,0.78337242603302,6.392946191226656e-05,0.313865707963705,0.8233432811498642,25.27783971700001,4.5405479835900685e-05,,,,,,,,0.0023487305927392,qmmf,44,0
91,0.7159852296113968,0.0180866824788972,0.4368258294463157,0.816860054731369,4.865286953645409e-05,0.3188456945121288,0.8378232884407043,24.23771726399991,4.2482623024732334e-05,,,,,,,,0.0023166098437877,qmmf,44,0
92,0.7101900067925453,0.0169379662862047,0.4328892078995704,0.776551351249218,8.512330199664575e-05,0.3156931310892105,0.8266295892000198,23.10504396800025,3.964141339903026e-05,,,,,,,,0.0019392836638508,qmmf,44,0
93,0.7070285886526108,0.0179592550452798,0.4314008709788322,0.7963435652852059,7.546246231868281e-05,0.3144632323086261,0.8259487599134445,22.57593225699975,3.6884008533465575e-05,,,,,,,,0.0022326280404013,qmmf,44,0
94,0.7337971714138984,0.0158764486049767,0.4466288995742797,0.8068113714456558,6.503960868485592e-05,0.3255550684034824,0.8532395181059838,21.99626976899981,3.4212502362551864e-05,,,,,,,,0.0018557811034861,qmmf,44,0
95,0.7180186355113983,0.0166687743237707,0.4374787078797817,0.7775515866279602,7.235866386054112e-05,0.3192695708572864,0.834940554201603,23.538988674999928,3.162892359054098e-05,,,,,,,,0.0021674913402239,qmmf,44,0
96,0.7158965528011322,0.0176194058754481,0.4365857106447219,0.8019314402341843,8.735446695936843e-05,0.3177470876276493,0.8349922901391983,25.06667786900016,2.913523415085328e-05,,,,,,,,0.0023098749937889,qmmf,44,0
97,0.7172815933823585,0.017366217658855,0.4373154614120721,0.8077087438106537,8.252096781689034e-05,0.3174624772369862,0.8360120263695717,24.09800556599976,2.673332771621324e-05,,,,,,,,0.0022954619942811,qmmf,44,0
98,0.6927076891064644,0.0175476610776968,0.4226436941325664,0.7680909538269043,7.660515420866431e-05,0.3079341393709183,0.8078459131717682,25.431219401999897,2.4425028260620715e-05,,,,,,,,0.0022757616496164,qmmf,44,0
99,0.6891926704347133,0.0181330811977386,0.4207688511908054,0.7900634425878524,8.187901132259867e-05,0.3076277177035809,0.8078814828395844,24.442037335999885,2.221208867425096e-05,0.7200948003841976,0.6305206322659396,0.5123840049670335,0.7200948003841976,0.5154380578069969,0.6560290386066238,0.6724514704070038,0.0023723602386053,qmmf,44,0
100,0.7276906004548073,0.0174340157990809,0.4435879854857921,0.8285676062107086,6.293336768067093e-05,0.3243957403302193,0.8512839633226394,23.631514824999613,2.009618943233419e-05,,,,,,,,0.0022016825118225,qmmf,44,0
101,0.6901395209133625,0.0171578170545399,0.4209468556940555,0.7792161211371422,6.604737849556841e-05,0.3060178506374359,0.8053138566017151,22.49517437199984,1.807893731902665e-05,,,,,,,,0.0021211920910809,qmmf,44,0
102,0.6884332238137723,0.0193220947636291,0.420788787305355,0.7531270545721054,7.097250887454721e-05,0.3080108864605427,0.8046396294236183,23.1346355579999,1.616186420724089e-05,,,,,,,,0.0026184884458052,qmmf,44,0
103,0.7178291723132133,0.0172987723199185,0.4376170276105404,0.8129197141528129,5.674054023074859e-05,0.3203011918067932,0.8396728682518005,23.18804683000008,1.4346425895363384e-05,,,,,,,,0.002299221520443,qmmf,44,0
104,0.6851181164383888,0.0180610155093017,0.4182952915132045,0.7851388069987297,5.7874884441844186e-05,0.3055945160984993,0.802852929532528,24.88598614799957,1.2634001001741372e-05,,,,,,,,0.0022317172214752,qmmf,44,0
105,0.698730776309967,0.0168452204763889,0.4259765690565109,0.7775031572580338,5.9909630263064176e-05,0.3100765845179558,0.8142223805189133,25.20317100899956,1.1025889917779737e-05,,,,,,,,0.0020795722946786,qmmf,44,0
106,0.713334492444992,0.0177946005295962,0.4351185530424118,0.7765444260835648,7.189402158928715e-05,0.3192643789947033,0.8325385084748268,24.496416423000483,9.523313820441804e-06,,,,,,,,0.0024876954510773,qmmf,44,0
107,0.7166081899404526,0.0174047383945435,0.4369268274307251,0.7630317735671998,7.472996068827342e-05,0.3194559507071972,0.8331672060489654,24.820956457999277,8.127413744904804e-06,,,,,,,,0.0023875435255354,qmmf,44,0
108,0.6923502469062806,0.0146760035934858,0.4212805658578872,0.7601648616790772,5.992951934331359e-05,0.3065596179664135,0.8041941425204278,25.67811427900051,6.839249718073875e-06,,,,,,,,0.0016723781729547,qmmf,44,0
109,0.6924047718942166,0.0136768221412785,0.420913610085845,0.7477881407737732,4.883219292423746e-05,0.3079144310951233,0.8039301593601703,24.09846896199997,5.659799953612438e-06,0.7246321555669493,0.632449717918187,0.5143800788965865,0.7246321555669493,0.5171214147174386,0.6555955834701732,0.6759522166052844,0.0016042951361748,qmmf,44,0
110,0.6994736194610596,0.0157603471702896,0.4259883286058902,0.7440388354659081,5.595568165517761e-05,0.3107611979544162,0.811545593738556,22.25987790899944,4.589960109100444e-06,,,,,,,,0.0019469009151316,qmmf,44,0
111,0.6906185005605221,0.0144969602790661,0.4201699022948741,0.7465178966522217,5.079236111669161e-05,0.3076215159893036,0.8027891764044761,22.58913153499998,3.630542605884657e-06,,,,,,,,0.0017171281516937,qmmf,44,0
112,0.6885497310757637,0.0159906856715679,0.4195261274278163,0.7838029879331588,5.959572771644162e-05,0.3079314909875393,0.8062279143929482,23.42253722299938,2.7822760121373187e-06,,,,,,,,0.0019350535422483,qmmf,44,0
113,0.6900174704194069,0.0152515548514202,0.4201111228764057,0.7530961275100708,5.760287075645465e-05,0.3068722710758447,0.802643084526062,22.518101978999766,2.0458044895916517e-06,,,,,,,,0.0017359849642889,qmmf,44,0
114,0.6699565005302429,0.014978179228492,0.4079651875793934,0.7217555648088455,5.549862531552208e-05,0.295449515581131,0.7759388861060142,22.812435068000013,1.4216873043745137e-06,,,,,,,,0.0017292478626052,qmmf,44,0
115,0.6597866015136242,0.0173604891635477,0.402816169410944,0.7649760240316391,5.6631440293131165e-05,0.2931795996427536,0.7728588163852692,23.248168342999637,9.103984023075772e-07,,,,,,,,0.0018130527150128,qmmf,44,0
116,0.6751589047908783,0.0151160605135373,0.411141782104969,0.7627084457874298,5.4383829078688e-05,0.2998417842388153,0.7875965467095375,23.347192938000266,5.123260489995229e-07,,,,,,,,0.0016970848901857,qmmf,44,0
117,0.6931098720431328,0.0159883370099123,0.4222612760961056,0.7545616719126701,5.656620739046048e-05,0.3089655002951622,0.8070781657099724,22.80065063099937,2.2777253500257386e-07,,,,,,,,0.0019619481933455,qmmf,44,0
118,0.6902841800451278,0.015511138116708,0.4203749813139438,0.7555108851194382,5.147943223164475e-05,0.3072134158015251,0.8035257416963577,22.75716648900016,5.695394625728767e-08,,,,,,,,0.0019184465773537,qmmf,44,0
119,0.706217634677887,0.0167685078352224,0.4304379993677139,0.745223813354969,5.631038326100679e-05,0.3137068983912467,0.8190747621655464,22.68775436099986,0.0,0.7225460742015498,0.6332953070860878,0.5188717388398899,0.7225460742015498,0.5217862621338977,0.6555535849228159,0.6754034105307453,0.0020233292799451,qmmf,44,0
0,0.9726427370309828,0.6050110846757889,0.8255901056528091,0.7318942803144455,0.071933595277369,,0.902376212477684,30.47850088600001,5.1e-05,,,,,,,,,hemis,44,0
1,0.9644639331102371,0.4712473437190055,0.7671773225069046,0.6867794185876847,0.0181063901539891,,0.8367605811357498,27.40836143399997,0.0001009999999999,,,,,,,,,hemis,44,0
2,0.9570180714130402,0.4264537134766579,0.7447923630475998,0.6861664134263993,0.0078588482178747,,0.8138019442558289,26.25399473799996,0.0001509999999999,,,,,,,,,hemis,44,0
3,0.9602059304714204,0.3847725564241409,0.7300326144695282,0.6809551519155502,0.005477752990555,,0.798402014374733,25.44754758399995,0.0002009999999999,,,,,,,,,hemis,44,0
4,0.9551346373558044,0.342264190018177,0.7099864858388901,0.6880848622322082,0.0044628167687915,,0.7790181106328964,25.197530794000045,0.000251,,,,,,,,,hemis,44,0
5,0.9448702704906464,0.2967027342319489,0.6856032782793045,0.6847747504711151,0.0038041654287371,,0.7542709612846374,23.90007399900003,0.0003,,,,,,,,,hemis,44,0
6,0.9454968786239624,0.2480755259096622,0.6665283644199371,0.6866299265623093,0.0033051872137002,,0.735356616973877,24.16893469000001,0.0002999430460537,,,,,,,,,hemis,44,0
7,0.9435419583320618,0.2118067848682403,0.6508479166030884,0.6954005938768387,0.0023295757779851,,0.7205044561624527,23.95824609400006,0.0002997722274649,,,,,,,,,hemis,44,0
8,0.9266812807321548,0.182930344492197,0.6291809356212616,0.7042440330982208,0.0021800737833837,,0.699714338183403,23.83235613900001,0.000299487673951,,,,,,,,,hemis,44,0
9,0.919119980931282,0.1563944317400455,0.6140297824144363,0.7015973117947578,0.0030550573242362,,0.6843422657251358,23.516615236000007,0.0002990896015976,0.3719522853348833,0.3558730600683394,0.3074304961304047,0.3719522853348833,0.3327350465296199,0.362931848340515,0.3606763388344722,,hemis,44,0
10,0.9130018413066864,0.1345468264073133,0.6016198617219924,0.7001609328389168,0.0027402448491193,,0.6717729675769806,22.20413515899997,0.0002985783126956,,,,,,,,,hemis,44,0
11,0.888690648674965,0.1172265131771564,0.580105013847351,0.7055319303274155,0.0033486785425338,,0.6508256381750107,24.14619203199993,0.0002979541955104,,,,,,,,,hemis,44,0
12,0.8894798392057419,0.1013972831517458,0.5742468386888504,0.7203813254833221,0.003047298847232,,0.6464373379945755,24.25597647799998,0.0002972177239878,,,,,,,,,hemis,44,0
13,0.8693219017982483,0.0872239241749048,0.5564827337861061,0.7023352909088135,0.003190796872368,,0.6268758022785187,24.302887020999947,0.0002963694573941,,,,,,,,,hemis,44,0
14,0.8831860011816025,0.074330591186881,0.5596438613533974,0.7014945358037948,0.0030995382764376,,0.6299482917785645,23.646243174999995,0.0002954100398908,,,,,,,,,hemis,44,0
15,0.8636264061927795,0.0712173411995172,0.5466628041863442,0.7257698845863342,0.0030915882089175,,0.6193943691253662,23.692858054,0.0002943402000463,,,,,,,,,hemis,44,0
16,0.8458945071697235,0.0624857476726174,0.5325310230255127,0.7438700434565544,0.0029611017624847,,0.6070660799741745,24.29935158800004,0.0002931607502819,,,,,,,,,hemis,44,0
17,0.840224524140358,0.0602640673145651,0.5282403618097306,0.7396271753311158,0.0023073930863756,,0.6023184463381768,23.45316495099996,0.000291872586255,,,,,,,,,hemis,44,0
18,0.8639151066541672,0.0634228896722197,0.5437182429432869,0.7835642963647842,0.0022756887553259,,0.6351522535085679,24.643624897999985,0.0002904766861795,,,,,,,,0.064818971392815,hemis,44,0
19,0.8591704392433166,0.0637347808666527,0.5409961968660355,0.7852933627367019,0.001668464395334,,0.6306746578216553,24.19374360300003,0.0002889741100822,0.427658394202688,0.3931834563675983,0.3161467037640977,0.427658394202688,0.3327394433674125,0.4191525315326943,0.406164743808302,0.0553285195329226,hemis,44,0
20,0.8322635090351105,0.0544186448305845,0.5211255860328674,0.7775772950053215,0.0011679934337735,,0.607343473136425,21.42561390500009,0.0002873659989982,,,,,,,,0.0420088224369101,hemis,44,0
21,0.8358509874343872,0.0514953740499913,0.5221087637543679,0.7873975646495819,0.000961049744219,,0.6079997274279595,21.90475683,0.0002856535741046,,,,,,,,0.0355157661903649,hemis,44,0
22,0.8288934653997422,0.0519849942997098,0.5181300991773605,0.8095816832780838,0.0009575137033243,,0.603244466483593,24.903490108000145,0.0002838381357927,,,,,,,,0.0205416032136417,hemis,44,0
23,0.8138546293973923,0.0462340422347188,0.5068064165115357,0.8172492671012879,0.0006236736534629,,0.5907742956280708,24.55983073000016,0.0002819210626809,,,,,,,,0.0110588231496512,hemis,44,0
24,0.8259025156497956,0.0415679828077554,0.5121687248349189,0.8042865669727326,0.0006255423923721,,0.5942134243249894,24.53848316099993,0.0002799038105676,,,,,,,,0.007923826999031,hemis,44,0
25,0.8156502360105514,0.0438345072045922,0.5069239634275436,0.8145630186796189,0.0004847885967319,,0.5898338800668717,24.71530596299999,0.0002777879113257,,,,,,,,0.0071468516811728,hemis,44,0
26,0.8112568819522857,0.0405524859670549,0.5029751437902451,0.8267572844028472,0.0003432733842782,,0.586955863237381,25.149174068000093,0.0002755749717393,,,,,,,,0.0064391527837142,hemis,44,0
27,0.8125064080953598,0.0395703792572021,0.5033320185542106,0.8364181196689606,0.0003876404702168,,0.5880863791704178,25.259828455999923,0.0002732666722837,,,,,,,,0.0054658458242192,hemis,44,0
28,0.8162114781141281,0.0373856419790536,0.5046811676025391,0.8098279732465744,0.0003192051905352,,0.5866347056627274,23.65554301800012,0.0002708647658491,,,,,,,,0.0047739117685705,hemis,44,0
29,0.7969962212443352,0.0359713303297758,0.4925862899422645,0.8192540973424911,0.00045591209142,,0.5753417745232582,24.25191579899979,0.0002683710764094,0.4896267822140009,0.4393619913448466,0.34559727411776,0.4896267822140009,0.3542562541336264,0.4742029376869123,0.4601443941436305,0.004036389789544,hemis,44,0
30,0.8030495551228524,0.0372473712544888,0.4967286974191666,0.8423284775018692,0.0004023007532668,,0.5817170289158821,20.451523550000047,0.0002657874976374,,,,,,,,0.0036768450518138,hemis,44,0
31,0.795546652674675,0.037635788032785,0.4923823291063309,0.8423228907585144,0.0002128092827297,,0.577272869348526,20.465735419999877,0.0002631159914665,,,,,,,,0.0032380737876519,hemis,44,0
32,0.8020780116319657,0.0384211518988013,0.4966152879595756,0.8336968487501144,0.0002216389154636,,0.5806027993559837,21.300343926000096,0.0002603585866009,,,,,,,,0.0030337215226609,hemis,44,0
33,0.7965106776356697,0.0321530134789645,0.4907676316797733,0.8169960564374924,0.0002707526479207,,0.5729954999685287,23.909857080000165,0.0002575173769752,,,,,,,,0.0025736141053494,hemis,44,0
34,0.7603030318021774,0.0360792783740907,0.4706135499477386,0.8152245050668716,0.00022931176587,,0.5526301282644271,23.623811396999827,0.000254594520164,,,,,,,,0.0024133086693473,hemis,44,0
35,0.8026716232299804,0.0351440691761672,0.4956606224179268,0.847211332321167,0.0001736151800832,,0.5808893644809723,23.783949351000047,0.0002515922357438,,,,,,,,0.00249464013963,hemis,44,0
36,0.7717856788635253,0.0322815380059182,0.4759840416908264,0.8014151304960251,0.0001585299461476,,0.556529067158699,24.527874739000023,0.0002485128036071,,,,,,,,0.0019779335084604,hemis,44,0
37,0.7709673655033111,0.032317045032978,0.4755072557926178,0.8290623742341995,0.0001302509319793,,0.5588231083750724,24.15830959799996,0.0002453585622314,,,,,,,,0.0020154836063738,hemis,44,0
38,0.8043706375360489,0.0303852537833154,0.4947765046358108,0.8163574171066285,0.0001375152212131,,0.5767859247326851,24.807848710999902,0.0002421319069034,,,,,,,,0.0018340143054956,hemis,44,0
39,0.7772836354374886,0.0318533523473888,0.4791115412116051,0.8613878011703491,0.0001242021627149,,0.5655921706557274,25.38335203699989,0.0002388352878997,0.5754627786016714,0.4898857608782662,0.3631378151266652,0.5754627786016714,0.3858342082489425,0.508360295784185,0.5285571769371492,0.0016781612543854,hemis,44,0
40,0.7852632910013199,0.0328288587648421,0.4842895355820655,0.8316913741827011,0.00014963215237,,0.5678402507305145,22.601476564999984,0.0002354712086265,,,,,,,,0.0018704810549388,hemis,44,0
41,0.8013942557573318,0.0316607731534168,0.493500882089138,0.8708854544162751,0.0001100012269762,,0.5809533658623696,21.85990017799986,0.0002320422237183,,,,,,,,0.001792168385873,hemis,44,0
42,0.7800900134444236,0.0299233712581917,0.4800233766436577,0.7923053389787674,0.0001431917050285,,0.5596268662810325,21.919699893999905,0.0002285509370981,,,,,,,,0.001828997892444,hemis,44,0
43,0.7625070157647132,0.0277252248488366,0.4685943159461021,0.8302500393986701,0.0001775340096355,,0.55186174929142,21.867298349999828,0.000225,,,,,,,,0.0011677659873384,hemis,44,0
44,0.7755743503570557,0.028965892100241,0.4769309845566749,0.8190386521816254,9.848553452343368e-05,,0.5591676312685013,25.21067296499996,0.0002213921089555,,,,,,,,0.0016393112920923,hemis,44,0
45,0.7704515844583512,0.029150165868923,0.4739310371875763,0.8471392792463303,6.46583310481219e-05,,0.5590120500326157,25.32593573500003,0.0002177300037466,,,,,,,,0.0018192653122241,hemis,44,0
46,0.7763451424241066,0.0277298988820984,0.476899062693119,0.806852457523346,9.643529630920968e-05,,0.5579260748624801,25.92005558599999,0.0002140164653244,,,,,,,,0.0016847193180001,hemis,44,0
47,0.7469729745388031,0.0296557589061558,0.4600461094081401,0.8143526542186738,0.0001106251284181,,0.5418428406119347,25.33660394399999,0.0002102543136979,,,,,,,,0.0017796635931881,hemis,44,0
48,0.7596818515658379,0.0277111793961375,0.4668936026096344,0.8594501721858978,8.733432929147966e-05,,0.5530947858095169,25.354888805999963,0.0002064464057921,,,,,,,,0.0012590135310892,hemis,44,0
49,0.7458902624249458,0.026870622751303,0.458282424211502,0.8083280712366104,8.735872700412983e-05,,0.5394179236888885,24.522544354000047,0.0002025956332789,0.6122932478566364,0.5421150132897516,0.4131443742396894,0.6122932478566364,0.4290850205011813,0.5849667715114374,0.5713248901248762,0.0014916086854645,hemis,44,0
50,0.770599293410778,0.0311208125576376,0.474807921051979,0.8226103174686432,7.080663435772294e-05,,0.5575280332565308,21.928052176000165,0.0001987049203807,,,,,,,,0.0022776988024997,hemis,44,0
51,0.749476700425148,0.0293420641357079,0.4614228689670562,0.8279343551397323,9.320925532847468e-05,,0.5445973420143128,22.25057671000013,0.0001947772216502,,,,,,,,0.0018818862699845,hemis,44,0
52,0.7772731414437294,0.030575296273455,0.4785940197110176,0.8440879917144776,0.0001162675771684,,0.5634304627776145,21.928172024000105,0.0001908155197268,,,,,,,,0.0021091654677002,hemis,44,0
53,0.7575339853763581,0.0265714879101142,0.4651490035653114,0.8622455537319184,8.152911230808968e-05,,0.551737095117569,22.901576904000198,0.0001868228230711,,,,,,,,0.0017972942321648,hemis,44,0
54,0.7540449520945549,0.0306478638388216,0.4646861344575882,0.8499537658691406,6.448611429732409e-05,,0.5500749745965003,22.15037356799985,0.0001828021636809,,,,,,,,0.0019512279751506,hemis,44,0
55,0.7496063125133514,0.0282842700090259,0.4610775147378445,0.8250527721643448,6.511132636660477e-05,,0.5440089663863182,24.74947490500017,0.0001787565947885,,,,,,,,0.0021145701244313,hemis,44,0
56,0.7468508312106132,0.0276698670536279,0.4591784620285034,0.8269540750980378,5.1058708977507193e-05,,0.5422496366500854,24.13025803399978,0.0001746891885421,,,,,,,,0.0018660555664973,hemis,44,0
57,0.7311076194047927,0.0270934423245489,0.4495019686222076,0.8209155797958374,4.867614618433436e-05,,0.5319401574134827,24.389979176999987,0.0001706030336727,,,,,,,,0.0017209712792464,hemis,44,0
58,0.7635630959272385,0.028113384717144,0.4693832331895828,0.8203082758188248,9.363015848066424e-05,,0.5518787926435471,24.762941903999945,0.0001665012331491,,,,,,,,0.002300225794388,hemis,44,0
59,0.7809388449788094,0.0247638703370466,0.4784688767790794,0.8131052276492119,8.215412653953536e-05,,0.5601161313056946,25.598379552000097,0.0001623869018208,0.6413096522855112,0.5315202458703112,0.3779955181827377,0.6413096522855112,0.3847920581362745,0.5684590271891478,0.5820414169506738,0.0016631211326603,hemis,44,0
60,0.7340226808190345,0.0205728458147495,0.4486427643895149,0.7842207807302475,6.389290805600467e-05,,0.5272783935070038,25.37222207999957,0.0001582631640533,,,,,,,,0.0010517541056105,hemis,44,0
61,0.7662151323258877,0.0245008218940347,0.4695294269919395,0.8405891621112823,4.117890693123627e-05,,0.5538899005949497,21.52612513599979,0.0001541331513552,,,,,,,,0.0014974750195324,hemis,44,0
62,0.7328371131420135,0.0263489686977118,0.4502418720722198,0.8319009268283843,4.66472812900065e-05,,0.5337986931204796,22.17262159999973,0.00015,,,,,,,,0.0018219926253732,hemis,44,0
63,0.7467074444890023,0.0223782789055258,0.4569757950305939,0.7931160822510719,3.73809280245041e-05,,0.536556705236435,22.36394866899991,0.0001458668486447,,,,,,,,0.0013371802070469,hemis,44,0
64,0.7699398851394653,0.0229493054561316,0.4711436697840691,0.8195645773410797,3.4239807266658314e-05,,0.5534726470708847,22.16096016399979,0.0001417368359466,,,,,,,,0.0018540190852945,hemis,44,0
65,0.7448969399929046,0.0262955164629966,0.4574563904106617,0.8248277240991593,3.8866478662384906e-05,,0.5402919816970825,24.090254230000028,0.0001376130981791,,,,,,,,0.0017543746495357,hemis,44,0
66,0.7454494914412498,0.0244095854763872,0.4570335459709167,0.809060368835926,4.6194157763466135e-05,,0.5383091640472412,26.59728291500005,0.0001334987668508,,,,,,,,0.0018363711407437,hemis,44,0
67,0.7503330191969871,0.0251317923888564,0.4602525483071804,0.839380067884922,3.808490627079664e-05,,0.5445746341347695,24.634328391000054,0.0001293969663272,,,,,,,,0.0019108707564191,hemis,44,0
68,0.763140509724617,0.0223354796273633,0.4668185141682625,0.8258626744151115,4.097875716524868e-05,,0.5496664929389954,26.029656222000085,0.0001253108114578,,,,,,,,0.0012983094947412,hemis,44,0
69,0.7448979988694191,0.0226284780050627,0.4559902110695839,0.8076109164953231,5.238485404731818e-05,,0.537091406583786,25.401252058999944,0.0001212434052114,0.6067209011731104,0.5358084328198802,0.4208174012361816,0.6067209011731104,0.4426937865886562,0.5580106106978736,0.5668568106734485,0.0016874212022958,hemis,44,0
70,0.7380431048572064,0.0278165281750261,0.453952492326498,0.8559040462970734,6.107950935643202e-05,,0.5399846452474594,25.97118019300024,0.000117197836319,,,,,,,,0.0021934611809047,hemis,44,0
71,0.718061908185482,0.0254021624941378,0.4409980262815952,0.7996300315856933,4.8593232922939935e-05,,0.5213774707913399,23.80905278199998,0.0001131771769288,,,,,,,,0.0020700475477497,hemis,44,0
72,0.7817623768746853,0.0310911890072748,0.4814939214289188,0.842779313325882,4.832677894228255e-05,,0.566419733017683,21.77320545099974,0.0001091844802731,,,,,,,,0.0032273057559359,hemis,44,0
73,0.7461042878031731,0.0304443307593464,0.459840320944786,0.8564261865615844,4.667734718168503e-05,,0.5460718068480491,21.69033920999982,0.0001052227783497,,,,,,,,0.0029326649829454,hemis,44,0
74,0.7902678319811821,0.0280485568381845,0.4853801447153091,0.8780089378356933,4.534512793270551e-05,,0.5737175130844117,22.466105754000186,0.0001012950796192,,,,,,,,0.0026710405916674,hemis,44,0
75,0.787770980000496,0.0279960014624521,0.4838610064983368,0.8292677009105682,6.15424776015061e-05,,0.567347394824028,21.358929197999714,9.740436672108684e-05,,,,,,,,0.002782701001015,hemis,44,0
76,0.7393810552358627,0.0289993355516344,0.4552283860743046,0.8691826623678207,3.510328540414776e-05,,0.5426664769649505,21.997433478999938,9.355359420782469e-05,,,,,,,,0.0025903347769781,hemis,44,0
77,0.7625165787339211,0.0315480289468541,0.4701291787624359,0.837132437825203,5.088180966140499e-05,,0.5544743293523788,24.84056455400014,8.97456863020546e-05,,,,,,,,0.0031468189452425,hemis,44,0
78,0.7555506503582001,0.0295726606529206,0.4651594731211662,0.866189118027687,5.883006028852833e-05,,0.5523325309157372,25.489191724999728,8.598353467553945e-05,,,,,,,,0.0027560470770185,hemis,44,0
79,0.7412337160110474,0.027450894084759,0.4557206067442894,0.8297895961999893,4.358668209988536e-05,,0.539211491048336,24.4796234989999,8.226999625336662e-05,0.5682000749953289,0.5196073069804044,0.4256369789974968,0.5682000749953289,0.4349802396534776,0.5556416062924064,0.5393659349910683,0.002548700030602,hemis,44,0
80,0.7552289998531342,0.0280287806643173,0.4643489295244217,0.8484787702560425,3.933938924092217e-05,,0.5497373798489571,24.659667080999952,7.860789104443896e-05,,,,,,,,0.0026930372319293,hemis,44,0
81,0.7475849589705468,0.0259659493714571,0.4589373727142811,0.8717659145593644,3.0825866663235505e-05,,0.5465988481044769,25.599288075000004,7.500000000000002e-05,,,,,,,,0.0024166986698037,hemis,44,0
82,0.7484017217159271,0.0306598979374393,0.4613050112128258,0.8561652851104736,3.863136889606267e-05,,0.5475535672903061,23.02614778899988,7.144906290181832e-05,,,,,,,,0.0031504617286191,hemis,44,0
83,0.7460251912474632,0.0251419145287945,0.4576719027757644,0.8464279842376708,3.0133239383758338e-05,,0.542769826054573,21.711007505999987,6.795777628163599e-05,,,,,,,,0.0022680829965975,hemis,44,0
84,0.7702516701817512,0.0313546230271458,0.4746928706765175,0.8526636373996734,3.252704361557335e-05,,0.5606302541494369,20.790349663000143,6.452879137346007e-05,,,,,,,,0.0033469335513655,hemis,44,0
85,0.7409878474473953,0.0262254970800131,0.4550829245150089,0.8310217660665512,3.3028185953298816e-05,,0.5386886335909367,21.59284162499989,6.1164712100253e-05,,,,,,,,0.0025093956673481,hemis,44,0
86,0.7669174909591675,0.0267221496719867,0.4708393749594688,0.8326295536756515,3.443797299951257e-05,,0.5546068280935288,21.394559009000204,5.786809309654982e-05,,,,,,,,0.0025138713954947,hemis,44,0
87,0.7795062348246574,0.0267072565387934,0.4783866634964943,0.8458766502141952,3.5499401396918986e-05,,0.5634923714399338,22.00620995700001,5.464143776850482e-05,,,,,,,,0.0025813296275737,hemis,44,0
88,0.7554407247900963,0.0277464355900883,0.4643630236387253,0.8222533547878266,4.209447101402475e-05,,0.5471639427542686,25.169123970999863,5.148719639283984e-05,,,,,,,,0.0028673853329382,hemis,44,0
89,0.7391839531064034,0.0267517859535291,0.4542111064493656,0.8206670439243317,5.093738171240148e-05,,0.5367985144257545,23.84457539899995,4.840776425613886e-05,0.5603221196356257,0.5100654620033873,0.4198196484224794,0.5603221196356257,0.4311477106293009,0.5387265557452353,0.5311948752246396,0.0025907841041771,hemis,44,0
90,0.7514106342196465,0.0272458960488438,0.4617447562515736,0.8350470554828644,5.204363271332113e-05,,0.5457941704988479,25.800409330000093,4.5405479835900685e-05,,,,,,,,0.0027105399622087,hemis,44,0
91,0.7673354241251945,0.0288819733541458,0.4719540622830391,0.8872967231273651,4.858158804381674e-05,,0.5612743651866913,25.59155164499998,4.2482623024732334e-05,,,,,,,,0.0029410177162208,hemis,44,0
92,0.7539920967817306,0.025024935035035,0.4624052527546882,0.8150907862186432,4.835565305711498e-05,,0.5443608969449997,24.50789730099996,3.964141339903026e-05,,,,,,,,0.0022207487224659,hemis,44,0
93,0.7544787994027138,0.0281754242395982,0.4639574691653251,0.8291538944840431,6.914331342613877e-05,,0.5474758222699165,24.06227729200009,3.6884008533465575e-05,,,,,,,,0.002997503000588,hemis,44,0
94,0.769866035580635,0.0231930008158087,0.4711968430876732,0.8413429409265518,3.521364926768911e-05,,0.5557491883635521,21.481196853000256,3.4212502362551864e-05,,,,,,,,0.002081441775972,hemis,44,0
95,0.7605199220776558,0.0252692979527637,0.4664196929335594,0.812305845618248,4.281186302591777e-05,,0.5481620249152184,22.55217931599964,3.162892359054098e-05,,,,,,,,0.0025480265418809,hemis,44,0
96,0.7640391319990159,0.0274971860693767,0.4694223742187023,0.8377784544229507,4.120574656553799e-05,,0.5538040325045586,21.975453918999847,2.913523415085328e-05,,,,,,,,0.0030087764255586,hemis,44,0
97,0.7642323200404644,0.0258724707039073,0.468888401389122,0.8388443040847778,4.58328410059039e-05,,0.5533220010995865,21.341534652000064,2.673332771621324e-05,,,,,,,,0.0027343887923416,hemis,44,0
98,0.737902424633503,0.0267182826437056,0.4534287849068641,0.8302805233001709,4.927084162318351e-05,,0.537004222869873,23.29023381399975,2.4425028260620715e-05,,,,,,,,0.0027245935196697,hemis,44,0
99,0.7339140197634697,0.0261905059125274,0.4508246302604675,0.816415983736515,4.87176546550927e-05,,0.5329487815499305,24.77761485400015,2.221208867425096e-05,0.627817637484845,0.5520023545905012,0.4392369089017889,0.627817637484845,0.4491189930510129,0.5790704332356458,0.5862149797582362,0.0024005684929215,hemis,44,0
100,0.7725722336769104,0.0270512990443967,0.4743638777732849,0.8474271619319915,4.153057983160124e-05,,0.5596788257360459,24.768348493000303,2.009618943233419e-05,,,,,,,,0.0028507703322247,hemis,44,0
101,0.7418127146363258,0.0265060103591531,0.4556900531053543,0.8415821248292923,4.493874141189735e-05,,0.5403752326965332,23.86123824300012,1.807893731902665e-05,,,,,,,,0.0026235818367058,hemis,44,0
102,0.7385416162014008,0.0308300318801775,0.455457004904747,0.8314369377493859,5.061789880301148e-05,,0.5393060325086116,24.55076181699997,1.616186420724089e-05,,,,,,,,0.0035140102943296,hemis,44,0
103,0.7678226462006569,0.0266013695485889,0.4713341546058655,0.8368309473991394,4.309084916712891e-05,,0.5555445179343224,25.37373859099989,1.4346425895363384e-05,,,,,,,,0.0026255470422529,hemis,44,0
104,0.736579776108265,0.0277234808914363,0.453037277162075,0.8253051489591599,3.974198830292153e-05,,0.5361233040690422,23.37321814699999,1.2634001001741372e-05,,,,,,,,0.002767612639509,hemis,44,0
105,0.7446494536101818,0.0260937712248414,0.4572271998226642,0.8144327980279923,3.4599503899244154e-05,,0.5391499802470208,21.34524006899983,1.1025889917779737e-05,,,,,,,,0.0023888598045959,hemis,44,0
106,0.7576611995697021,0.0267220546584576,0.4652855570614338,0.8283338975906372,4.432535011346772e-05,,0.5486743235588074,20.775676696999653,9.523313820441804e-06,,,,,,,,0.0027657951932997,hemis,44,0
107,0.7592082890868187,0.0272011629794724,0.4664054587483406,0.8058310639858246,5.186620488530025e-05,,0.547589675784111,21.249515315999812,8.127413744904804e-06,,,,,,,,0.002992590897993,hemis,44,0
108,0.7428359031677246,0.0246915586618706,0.4555781838297844,0.8082699859142304,4.115226266549144e-05,,0.5368823546171189,21.939722031999736,6.839249718073875e-06,,,,,,,,0.0023755690789175,hemis,44,0
109,0.7416537338495255,0.0225531386630609,0.4540135139226913,0.7869545823335647,3.915185268624555e-05,,0.533121393173933,21.948645829999805,5.659799953612438e-06,0.6111834913936759,0.5435915517790676,0.4413783790247305,0.6111834913936759,0.450188941871295,0.5694022220722322,0.5739253982723989,0.0020522977646555,hemis,44,0
110,0.7443447080254555,0.0227437142468988,0.4557043281197548,0.779344427883625,4.999802812562848e-05,,0.5339994123578071,24.22173162900026,4.589960109100444e-06,,,,,,,,0.0017906865853592,hemis,44,0
111,0.7319661206007004,0.02277192982845,0.4482884587347507,0.7934743139147759,4.726987787876169e-05,,0.5280677080154419,23.814979744000084,3.630542605884657e-06,,,,,,,,0.0021472579222427,hemis,44,0
112,0.7328663754463196,0.0231143762124702,0.4489655908942223,0.8261061704158783,4.381682647476737e-05,,0.5319855812191964,25.115346548999696,2.7822760121373187e-06,,,,,,,,0.0020359035360206,hemis,44,0
113,0.7326694929599762,0.0231357420049607,0.4488560065627098,0.7980256950855256,4.266155105597136e-05,,0.5290276965498925,23.882691175000215,2.0458044895916517e-06,,,,,,,,0.0018349427873135,hemis,44,0
114,0.7208621421456337,0.0232374914409592,0.4418123003840446,0.7732723489403724,3.875993256315269e-05,,0.5195395556092263,25.278280751999773,1.4216873043745137e-06,,,,,,,,0.0019903939966229,hemis,44,0
115,0.7127718272805214,0.0259915475780144,0.4380597318708896,0.84269327044487,4.545885476545664e-05,,0.5227572739124298,23.215006577000167,9.103984023075772e-07,,,,,,,,0.0021296797157174,hemis,44,0
116,0.7232454606890678,0.022802265654318,0.4430682000517845,0.7997426235675812,3.915531033271691e-05,,0.5234391364455223,22.16959740499988,5.123260489995229e-07,,,,,,,,0.0019735931760703,hemis,44,0
117,0.7345684453845024,0.0232633408950641,0.4500464221835136,0.7885923904180526,4.061333618551543e-05,,0.5293478134274483,21.37986460100001,2.2777253500257386e-07,,,,,,,,0.0022006002239686,hemis,44,0
118,0.7362689951062202,0.0239917825208976,0.4513581281900405,0.7890169298648835,5.2146259720871056e-05,,0.5307795006036758,21.40836588699949,5.695394625728767e-08,,,,,,,,0.0025853642128458,hemis,44,0
119,0.7578558561205864,0.0262667758995667,0.4652202424407005,0.8303842759132385,4.990692886167381e-05,,0.5487450110912323,21.11803211300048,0.0,0.6180097627831581,0.5465757332014198,0.4395722735424536,0.6180097627831581,0.4482772324735448,0.5734402043475564,0.5787358049845662,0.0024192050042393,hemis,44,0
0,0.9735307627916336,0.5123263916373253,0.7890490460395813,0.7516253137588501,0.0269102098606526,,0.8655570876598359,23.591014736000037,5.1e-05,,,,,,,,,unet25d,44,0
1,0.956535005569458,0.2923174405097961,0.690848006606102,0.6859949171543122,0.0043159227448632,,0.7596632945537567,24.58897455100032,0.0001009999999999,,,,,,,,,unet25d,44,0
2,0.9384710395336152,0.2392732144892215,0.658791932463646,0.6882005506753921,0.0003798842067044,,0.7276309853792191,22.234462665999672,0.0001509999999999,,,,,,,,,unet25d,44,0
3,0.9403393238782882,0.2079462306201458,0.6473821091651917,0.6676182669401168,0.0004380099515401,,0.7141658341884614,21.1663722229996,0.0002009999999999,,,,,,,,,unet25d,44,0
4,0.9291087716817856,0.178516596853733,0.6288719272613525,0.6868574070930481,0.000268900113333,,0.6975711131095886,21.487758837,0.000251,,,,,,,,,unet25d,44,0
5,0.9126265984773636,0.1528847521543502,0.6087298828363419,0.677037370800972,0.000409117589952,,0.6764540761709213,20.50771039899973,0.0003,,,,,,,,,unet25d,44,0
6,0.9118008089065552,0.1251184581965208,0.5971278917789459,0.6809197682142257,0.0001846444229954,,0.6652291029691696,21.343146298000647,0.0002999430460537,,,,,,,,,unet25d,44,0
7,0.905345647931099,0.1046417205780744,0.5850640976428986,0.689465557038784,0.0002334830161532,,0.6540223300457001,20.47889793500053,0.0002997722274649,,,,,,,,,unet25d,44,0
8,0.8812382954359055,0.0901418884843587,0.564799758195877,0.6900962281227112,0.0003138905352219,,0.6338250780105591,20.75808989199959,0.000299487673951,,,,,,,,,unet25d,44,0
9,0.8706859147548676,0.0761691949516534,0.5528792479634285,0.6933932340145111,0.0002585782154403,,0.6222315010428429,20.562064789000036,0.0002990896015976,0.4825831661681467,0.3778408945509092,0.2959322379774052,0.4825831661681467,0.3457621123835987,0.3051774051009823,0.4324953918639013,,unet25d,44,0
10,0.8550079208612442,0.064534917101264,0.5388187378644943,0.6719989955425263,0.0002814435757431,,0.6060327091813087,20.98652765099996,0.0002985783126956,,,,,,,,,unet25d,44,0
11,0.8256304621696472,0.0559548461437225,0.5177602389454842,0.690199464559555,0.0002650894506177,,0.5867934480309487,20.940358867000214,0.0002979541955104,,,,,,,,,unet25d,44,0
12,0.8236101233959198,0.0480740823224186,0.5133957314491272,0.7078026133775711,0.0001942283136606,,0.5841857090592384,21.02843211599975,0.0002972177239878,,,,,,,,,unet25d,44,0
13,0.8005294275283813,0.0395249420963227,0.4961276564002037,0.6775324001908303,0.0001186498770357,,0.5638868251442909,21.71596754100028,0.0002963694573941,,,,,,,,,unet25d,44,0
14,0.8247561234235764,0.0355673032812774,0.5090806180238724,0.7112646648287773,0.0001275900823591,,0.5802134668827057,21.67859407599917,0.0002954100398908,,,,,,,,,unet25d,44,0
15,0.7975150156021118,0.0357951596751809,0.4928270950913429,0.7066777515411377,0.0001621395642748,,0.5635029819607734,20.869983262999995,0.0002943402000463,,,,,,,,,unet25d,44,0
16,0.7718148654699326,0.0306731957569718,0.4753582167625427,0.7525112125277519,0.0001197156400101,,0.5506153240799904,24.16495184399992,0.0002931607502819,,,,,,,,,unet25d,44,0
17,0.7696819522976875,0.0315253065247088,0.4744193139672279,0.7322183293104172,0.0001138744393392,,0.5476468396186829,23.29800881399933,0.000291872586255,,,,,,,,,unet25d,44,0
18,0.8087973153591156,0.0379010284505784,0.5004388204216957,0.8053719398379325,0.0002043988840418,,0.5819628170132637,24.465250234999985,0.0002904766861795,,,,,,,,0.0048829024285078,unet25d,44,0
19,0.8016991963982583,0.0379763551428914,0.4962100800871849,0.8035192295908928,0.0002484173233965,,0.5775640910863876,23.468961461999243,0.0002889741100822,0.5596581848236407,0.4518164063283962,0.3437385346629948,0.5596581848236407,0.3945547531705866,0.4012362809909612,0.5057136862590027,0.0049483131454326,unet25d,44,0
20,0.7718636828660965,0.034906945656985,0.4770810067653656,0.7884140336513519,0.0001502129792652,,0.5567956215143204,23.702103779000023,0.0002873659989982,,,,,,,,0.0043285255460068,unet25d,44,0
21,0.7785184955596924,0.033230757061392,0.4804034209251404,0.7687227869033814,0.0001389662910108,,0.5580739572644233,23.20331012699989,0.0002856535741046,,,,,,,,0.0039565388532355,unet25d,44,0
22,0.7809166973829269,0.0366983824875205,0.4832293900847435,0.8212438935041427,0.0001683799343317,,0.5661327320337296,22.039852122999942,0.0002838381357927,,,,,,,,0.0038526785420253,unet25d,44,0
23,0.7657511466741562,0.0329732860065996,0.4726400238275527,0.8161550036072731,0.0001873828307697,,0.5549248066544533,21.32804061600018,0.0002819210626809,,,,,,,,0.0032995424512773,unet25d,44,0
24,0.7742039173841476,0.0278726665582507,0.4756714376807213,0.7985000669956207,0.0001065160938265,,0.5561016592383384,21.18603166200046,0.0002799038105676,,,,,,,,0.002874428438954,unet25d,44,0
25,0.7658671608567238,0.0329154400713741,0.4726864913105965,0.8021825796365738,0.0001298003862873,,0.5534899842739105,21.481055125999774,0.0002777879113257,,,,,,,,0.0028937171644065,unet25d,44,0
26,0.7663617187738418,0.0311442454904317,0.4722747504711151,0.8294968169927597,0.00017762641366,,0.5557565090060234,21.42482825800016,0.0002755749717393,,,,,,,,0.0026159965142142,unet25d,44,0
27,0.7683102482557297,0.0299563288409262,0.4729686987400054,0.8385833662748337,0.0001535857443504,,0.557316644191742,23.65661003399964,0.0002732666722837,,,,,,,,0.0024096261966042,unet25d,44,0
28,0.7677371436357499,0.0260971329826861,0.4710811556875706,0.7993896201252937,7.765871239840294e-05,,0.5514475306868554,23.42475773600017,0.0002708647658491,,,,,,,,0.0021176361513789,unet25d,44,0
29,0.7562269362807273,0.0274620870687067,0.4647210110723972,0.8049758806824684,9.698492609302887e-05,,0.5456333881616593,23.657915200999923,0.0002683710764094,0.6909972897883021,0.5762342548884394,0.4296570641726723,0.6909972897883021,0.4973232284436863,0.5403822464333298,0.6304343567567803,0.0020497042924398,unet25d,44,0
30,0.7535822570323945,0.0260221499996259,0.4625582322478294,0.8180223497748375,0.0001086439183725,,0.5447920274734497,23.29360748199997,0.0002657874976374,,,,,,,,0.0021306242397986,unet25d,44,0
31,0.7539806288480758,0.0311612777644768,0.464852906614542,0.83415851354599,0.0001315447369762,,0.5488428115844727,23.031807467999897,0.0002631159914665,,,,,,,,0.0028373804851435,unet25d,44,0
32,0.7502052980661392,0.0275493030948564,0.4611429187655449,0.8009447556734085,0.0001347790021489,,0.541704318523407,23.86044526599926,0.0002603585866009,,,,,,,,0.002300930515048,unet25d,44,0
33,0.7515407341718674,0.0240223773894831,0.4605334080755711,0.8113585844635963,0.0001064399084482,,0.542048164755106,22.77937039100016,0.0002575173769752,,,,,,,,0.0018678802141221,unet25d,44,0
34,0.7085772934556007,0.0269452708028256,0.4359245012700558,0.7878139272332192,0.0001219154294196,,0.5151298803091049,20.17563725400032,0.000254594520164,,,,,,,,0.0020894313851022,unet25d,44,0
35,0.7636320981383323,0.0257655670447275,0.4684855073690414,0.8359971505403518,0.0001088387099477,,0.5525232598185539,20.70268494499942,0.0002515922357438,,,,,,,,0.0021630071281106,unet25d,44,0
36,0.7247219482064247,0.0255407047877088,0.4450494681298733,0.7849966996908188,0.0001169205467044,,0.5239859190583229,20.27029235200007,0.0002485128036071,,,,,,,,0.0021546824916731,unet25d,44,0
37,0.7285472449660301,0.025470916009508,0.4473167318105697,0.8085896182060242,9.552334565299248e-05,,0.5285577023029328,21.05886110000029,0.0002453585622314,,,,,,,,0.00188614137689,unet25d,44,0
38,0.7625267332792283,0.0237185569806024,0.4670034801959991,0.7878063407540321,8.585753466612278e-05,,0.5462227654457092,20.869391514999734,0.0002421319069034,,,,,,,,0.0021718171384418,unet25d,44,0
39,0.7258732116222382,0.0232241535326465,0.444813605248928,0.8383017730712891,0.0001211381995108,,0.528990208953619,25.228185111999665,0.0002388352878997,0.646730345503568,0.5304143836988043,0.4015028764302839,0.646730345503568,0.4365699123970811,0.5079428931957639,0.5873128100548105,0.0017018309429113,unet25d,44,0
40,0.745150491297245,0.0259254437871277,0.45746048822999,0.8070376712083817,0.0001700016192717,,0.5386674951016903,25.422750055000503,0.0002354712086265,,,,,,,,0.0024737184848345,unet25d,44,0
41,0.7649883857369423,0.0244738547876477,0.468782592266798,0.8200016698241234,0.0001173625305822,,0.5512675568461418,23.95955918600066,0.0002320422237183,,,,,,,,0.0023946177113248,unet25d,44,0
42,0.7422118291258812,0.023697752689477,0.4548062172532081,0.7858645230531692,0.0001338523017261,,0.5338717088103294,24.68790684800024,0.0002285509370981,,,,,,,,0.002361741495988,unet25d,44,0
43,0.7236353734135628,0.0219506782293319,0.4429615145921707,0.7917032665014268,0.0001497953409602,,0.5225216841697693,23.701133471000503,0.000225,,,,,,,,0.0019117247124813,unet25d,44,0
44,0.7343368896842003,0.0220196700177621,0.449410018324852,0.7760099992156029,8.850795283478874e-05,,0.5274303099513054,24.593707830000312,0.0002213921089555,,,,,,,,0.002074309257332,unet25d,44,0
45,0.7290521508455277,0.0236946494202129,0.4469091682136059,0.8086652153730393,9.47773031697352e-05,,0.5282561379671097,21.44687970099949,0.0002177300037466,,,,,,,,0.0023785198017139,unet25d,44,0
46,0.7399698740243912,0.0223637672327458,0.4529274502396583,0.7867268717288971,0.000122381262844,,0.5320763856172561,21.372344587000043,0.0002140164653244,,,,,,,,0.0023506515036933,unet25d,44,0
47,0.7046650159358978,0.0223132785130292,0.4317243376374244,0.78809106528759,0.0001237349008184,,0.5109565490484238,20.94983126499937,0.0002102543136979,,,,,,,,0.002084574936598,unet25d,44,0
48,0.717858758866787,0.021240868687164,0.4392116171121597,0.7849570053815842,0.000123884543823,,0.5181016659736634,21.56840754199948,0.0002064464057921,,,,,,,,0.0019407454264364,unet25d,44,0
49,0.7000034520030022,0.0198884486616589,0.4279574705660343,0.7683420473337174,0.000144977029798,,0.5051751399040222,20.92330177500025,0.0002025956332789,0.6508990636761331,0.5327752088820429,0.4037070735672581,0.6508990636761331,0.4546891507094068,0.4927374122605889,0.5907427082270185,0.0018810735792794,unet25d,44,0
50,0.7348912334442139,0.0223224626667797,0.4498637437820434,0.7817163625359536,0.0002070400974707,,0.5284678822755814,23.955418378000104,0.0001987049203807,,,,,,,,0.00211074359564,unet25d,44,0
51,0.7142501991987228,0.0245678353309631,0.4383772724866867,0.7640017721056939,9.356666424878313e-05,,0.5153801572322846,24.454471148000263,0.0001947772216502,,,,,,,,0.0029901464581416,unet25d,44,0
52,0.7429911381006241,0.0235876528522931,0.4552297604084014,0.8051180428266526,0.0001098007592167,,0.5362535324692727,24.22257455199997,0.0001908155197268,,,,,,,,0.0025323745816785,unet25d,44,0
53,0.7193904618918896,0.0214761272910982,0.4402247449755668,0.8132685613632202,8.5781273255634e-05,,0.5220370852947235,25.05140869600018,0.0001868228230711,,,,,,,,0.0024059736912749,unet25d,44,0
54,0.7117045792937279,0.0215343206073157,0.4356364938616752,0.8134754806756973,0.0001016654589416,,0.5174036037921905,23.60994760999984,0.0001828021636809,,,,,,,,0.0020724021481692,unet25d,44,0
55,0.7084466257691383,0.0214509002049453,0.4336483572423458,0.7948141822218895,0.0001219290676694,,0.5135987916588783,24.09191962800014,0.0001787565947885,,,,,,,,0.0023145976009072,unet25d,44,0
56,0.7034499761462212,0.0213666917849332,0.4306166824698448,0.7723429268598556,0.0001010658378654,,0.508305419832468,21.50395644999935,0.0001746891885421,,,,,,,,0.0022469491598894,unet25d,44,0
57,0.6966991652548313,0.0214057865203358,0.4265818318724632,0.7907114908099174,7.940099659585087e-05,,0.5061560417711735,21.055281494000155,0.0001706030336727,,,,,,,,0.0024954692850951,unet25d,44,0
58,0.7277667224407196,0.0214550101757049,0.4452420568466186,0.7823297360539436,0.0002239291564336,,0.5239923623204231,20.715812525999358,0.0001665012331491,,,,,,,,0.0025306781909966,unet25d,44,0
59,0.7441445586085319,0.0179074739408679,0.4536497434973717,0.7869468474388123,7.386541122173185e-05,,0.5327095112204552,21.286285561000117,0.0001623869018208,0.695643022961423,0.5845393865815358,0.4502623907552537,0.695643022961423,0.4825650619174688,0.5754100748657159,0.63777386882684,0.001806958669913,unet25d,44,0
60,0.7031954428553582,0.0169330971408635,0.4286905220150948,0.7429964810609817,6.0591930199436205e-05,,0.5033341780304909,24.572265159999915,0.0001582631640533,,,,,,,,0.0017048973081728,unet25d,44,0
61,0.7301150876283645,0.0202967576659284,0.4461877743899822,0.7790501752495765,8.949473997972746e-05,,0.5245815487205983,23.62248814099985,0.0001541331513552,,,,,,,,0.0024214100498647,unet25d,44,0
62,0.6957861074805259,0.0194135062966961,0.4252370816469192,0.77294651389122,0.0001050600212121,,0.502975828051567,24.34243489599976,0.00015,,,,,,,,0.0021942090567245,unet25d,44,0
63,0.7136872872710228,0.0179706370690837,0.4354006427526474,0.750210896730423,0.0001308069075622,,0.5107881119847297,24.3032142510001,0.0001458668486447,,,,,,,,0.0017991719468045,unet25d,44,0
64,0.738833886384964,0.0190307218430098,0.4509126383066177,0.8185175961256027,0.0001077215120604,,0.5332028877735138,24.136156510000543,0.0001417368359466,,,,,,,,0.0021655109522725,unet25d,44,0
65,0.7079913914203644,0.0202381382370367,0.4328901070356369,0.7825565731525421,0.0001743118187384,,0.5115962073206901,24.40525955800058,0.0001376130981791,,,,,,,,0.0022086224869235,unet25d,44,0
66,0.7159209275245666,0.0204177970928139,0.437719694674015,0.7742524605989456,0.0001464585870705,,0.5156639370322228,25.08237337399987,0.0001334987668508,,,,,,,,0.002558377870464,unet25d,44,0
67,0.719991799890995,0.019903417660389,0.4399564631283283,0.7658001941442489,0.0001334885537747,,0.5170141153037549,22.69975981100015,0.0001293969663272,,,,,,,,0.0023547791702367,unet25d,44,0
68,0.727968433201313,0.0178586899419315,0.4439245522022247,0.7739257517457009,8.770688789923042e-05,,0.5217256715893746,21.623479435000263,0.0001253108114578,,,,,,,,0.0020207868974284,unet25d,44,0
69,0.7083808073401451,0.0184073674678802,0.4323914495110512,0.7876246628165245,0.0001183427249168,,0.5115954296290874,21.17430219200014,0.0001212434052114,0.6671133885845971,0.5392438024948478,0.4083428751381568,0.6671133885845971,0.4316009418494193,0.519017077050527,0.6028754614130283,0.0021779933128618,unet25d,44,0
70,0.6913560600578785,0.0209819354442879,0.4232064288854599,0.7722825193405152,0.0001413272270838,,0.5009597699344158,25.38027258300008,0.000117197836319,,,,,,,,0.0025901026862538,unet25d,44,0
71,0.6840508277714252,0.0209698163066059,0.4188184404373169,0.7659266942739487,0.0001325143594999,,0.4959374129772186,23.177797156999983,0.0001131771769288,,,,,,,,0.0025983837894091,unet25d,44,0
72,0.7512789072096347,0.0250452216854318,0.4607854536920786,0.8247988724708557,0.000168861262905,,0.5440186281502247,24.25758879100067,0.0001091844802731,,,,,,,,0.0037242304357641,unet25d,44,0
73,0.7106012314558029,0.0262120843329466,0.4368455894291401,0.8194848811626434,0.0001900473891328,,0.5196263262629509,23.47820632299954,0.0001052227783497,,,,,,,,0.0041137222725228,unet25d,44,0
74,0.7622188687324524,0.0232387533830478,0.4666268412768841,0.8474978870153427,0.0001517258456067,,0.5520683887600899,24.694499963999988,0.0001012950796192,,,,,,,,0.0034208441905138,unet25d,44,0
75,0.7515120896697044,0.0235723259905353,0.4603362047672272,0.8016028690338135,0.0001958549045093,,0.5412332311272621,24.054998564000016,9.740436672108684e-05,,,,,,,,0.0036347105887034,unet25d,44,0
76,0.7081159287691117,0.0224307923286687,0.4338418938219547,0.8277580693364144,0.0001233161759566,,0.5171950107812882,23.46766103199934,9.355359420782469e-05,,,,,,,,0.0028557112564431,unet25d,44,0
77,0.7387956830859185,0.0268500648159533,0.4540174531936645,0.8419637924432755,0.0002071876380432,,0.5390684977173805,24.060494588999973,8.97456863020546e-05,,,,,,,,0.0042215357214172,unet25d,44,0
78,0.723942085802555,0.0226249431306496,0.4434152474999427,0.8279894638061523,0.0001958162093978,,0.5268414717912674,24.68514172599953,8.598353467553945e-05,,,,,,,,0.0030874474316078,unet25d,44,0
79,0.7061149886250496,0.0220117527456022,0.4324737150967121,0.7866762751340866,0.0001697404885908,,0.5117502541840077,21.27264658399963,8.226999625336662e-05,0.6635256394722956,0.5637397408462427,0.44341156527532,0.6635256394722956,0.4724941911135232,0.5551993919529089,0.6115784624647822,0.0030021296702761,unet25d,44,0
80,0.7169891002774239,0.0211886133463121,0.4386689269542694,0.7968513393402099,0.0001826453228295,,0.5189539912343025,21.92395446200044,7.860789104443896e-05,,,,,,,,0.00295399004317,unet25d,44,0
81,0.715193756967783,0.0198177374061197,0.4370433682203293,0.7947267735004425,0.0001247999018141,,0.5170449638366699,24.847690941999645,7.500000000000002e-05,,,,,,,,0.0026133704497624,unet25d,44,0
82,0.7084981873631477,0.0225956752803176,0.434137202501297,0.7886235782504082,0.0001556821218628,,0.5136337873339653,23.352911603000397,7.144906290181832e-05,,,,,,,,0.0031322163926597,unet25d,44,0
83,0.7192736408114433,0.0218886213377118,0.4403196515142917,0.7947435283660889,0.0001501801179279,,0.5204439121484756,24.216050992999957,6.795777628163599e-05,,,,,,,,0.0032120093206322,unet25d,44,0
84,0.7293990048766136,0.0233196330862119,0.4469672766327858,0.8295419269800186,0.0001302641761083,,0.5305868008732796,23.788800749000075,6.452879137346007e-05,,,,,,,,0.0032940517907263,unet25d,44,0
85,0.7044926926493644,0.0227412290778011,0.431792127713561,0.8083372443914414,0.000138807525241,,0.5132944940030575,23.74923049999961,6.1164712100253e-05,,,,,,,,0.0033085028840287,unet25d,44,0
86,0.7380137437582016,0.0211976640718057,0.4512873308360576,0.7769634041190148,0.0001653954406492,,0.5296072727441787,23.215347655000187,5.786809309654982e-05,,,,,,,,0.0030766287706137,unet25d,44,0
87,0.744075411260128,0.0219449265254661,0.455223236978054,0.8281255000829697,0.000157768756585,,0.5386693814396858,23.61113197200029,5.464143776850482e-05,,,,,,,,0.0031285159073013,unet25d,44,0
88,0.7153490805625915,0.0195644151978194,0.4370352306962013,0.7624935901165009,0.0001478821896853,,0.51381687104702,24.539856946999866,5.148719639283984e-05,,,,,,,,0.0026244589521957,unet25d,44,0
89,0.7089139573276043,0.0209985351702198,0.4337478050589561,0.8072734007239342,0.0001462099794116,,0.5150818751752376,23.35801940600049,4.840776425613886e-05,0.6935522971786763,0.598643621040447,0.473884947234493,0.6935522971786763,0.493164125284149,0.6092144406585155,0.6431129593427891,0.002997074791474,unet25d,44,0
90,0.7194863057136536,0.0216372119868174,0.4403466863930225,0.7942556628584861,0.0001489990096001,,0.5204309478402138,21.38634348600044,4.5405479835900685e-05,,,,,,,,0.0032562290769101,unet25d,44,0
91,0.7324822399020195,0.0223879308253526,0.4484445333480835,0.8363887631893158,0.0001352573699364,,0.5327190744876862,21.79107704600028,4.2482623024732334e-05,,,,,,,,0.0031445222016191,unet25d,44,0
92,0.7253527337312698,0.0208788772369734,0.4435632100701332,0.7683981257677078,0.0001294522064586,,0.5209643149375915,22.607768024000507,3.964141339903026e-05,,,,,,,,0.0027740846879896,unet25d,44,0
93,0.7202451106905937,0.0218818778195418,0.4408998341858387,0.8091191110014916,0.0001663176186229,,0.5224502158164978,24.206848500999516,3.6884008533465575e-05,,,,,,,,0.0031507571264774,unet25d,44,0
94,0.7458532997965812,0.0191866826312616,0.455186670422554,0.8143509903550148,0.0001371294539467,,0.5371180590987206,23.31059869000001,3.4212502362551864e-05,,,,,,,,0.0024471517741176,unet25d,44,0
95,0.7357375672459603,0.0205540409823879,0.4496641761064529,0.8004986429214478,0.0001435817560991,,0.5303104355931282,24.02168076399994,3.162892359054098e-05,,,,,,,,0.0029460780842964,unet25d,44,0
96,0.7327822729945183,0.0209289439208805,0.4480409578979015,0.8110932326316833,0.0001260291443304,,0.5297322386503219,24.578461109000276,2.913523415085328e-05,,,,,,,,0.0028782586628949,unet25d,44,0
97,0.7294566421210766,0.0209609262831509,0.4460583731532097,0.8079354226589203,0.0001596358910501,,0.5274787044525147,24.03413661599916,2.673332771621324e-05,,,,,,,,0.0030940510944128,unet25d,44,0
98,0.7099165132641793,0.0207727714860811,0.4342590323090553,0.7740017887949944,0.0001596073394921,,0.5122735440731049,25.619382420000875,2.4425028260620715e-05,,,,,,,,0.0030317450974689,unet25d,44,0
99,0.7009061521291733,0.0209864385123364,0.4289382800459861,0.7894233170151711,0.0001514563589807,,0.5084901621937752,24.369888191000427,2.221208867425096e-05,0.6935961473416543,0.596317145655834,0.4744103843752648,0.6935961473416543,0.4943623194207797,0.6009929702050686,0.6424938705392692,0.0030098823068692,unet25d,44,0
100,0.7443732196092605,0.0218720292393118,0.4553727643191814,0.833015703856945,0.0001918212297459,,0.539309131205082,21.59065469900088,2.009618943233419e-05,,,,,,,,0.0031260223262142,unet25d,44,0
101,0.7101653562486172,0.0214444599067792,0.4346770137548447,0.7888294062018395,0.0001587666678278,,0.5141794183850288,21.119630465000228,1.807893731902665e-05,,,,,,,,0.0030576329473296,unet25d,44,0
102,0.7067814299464226,0.0236875442741438,0.4335438928008079,0.7491341909766197,0.0001795270463298,,0.5092124733328819,21.846703156999865,1.616186420724089e-05,,,,,,,,0.0037309211887622,unet25d,44,0
103,0.7361554899811744,0.0215082590049132,0.4502966147661209,0.825328853726387,0.0001745645945243,,0.5334951421618461,22.625737151000067,1.4346425895363384e-05,,,,,,,,0.0032845695196738,unet25d,44,0
104,0.7026272565126419,0.0223780329455621,0.4305275854468345,0.7969697517156601,0.0001371987443144,,0.5108668711781502,25.38881018099892,1.2634001001741372e-05,,,,,,,,0.0031772528920191,unet25d,44,0
105,0.7159672077000141,0.0210270909173414,0.4379911789298057,0.7756055700778961,0.0001578949174017,,0.5161736603081226,25.89847345399903,1.1025889917779737e-05,,,,,,,,0.0030701489144121,unet25d,44,0
106,0.7307596945762634,0.0221140124788507,0.4473014397919178,0.7825146734714508,0.0001836630450088,,0.526247752904892,25.13217273500049,9.523313820441804e-06,,,,,,,,0.0034283132813925,unet25d,44,0
107,0.7279699349403381,0.0204045870434492,0.4449438168108463,0.7834842598438263,0.0001539395507916,,0.523917483985424,24.681320725998376,8.127413744904804e-06,,,,,,,,0.0030877272852785,unet25d,44,0
108,0.7066432714462281,0.0174844077671878,0.4309797412157058,0.7765627783536911,0.0001318409541818,,0.5090751367807388,25.686956583998835,6.839249718073875e-06,,,,,,,,0.0021626189515382,unet25d,44,0
109,0.7067930319905281,0.0163919206475839,0.4306326062977314,0.7632181802392006,0.0001182750951556,,0.5073840616643429,24.538090538999317,5.659799953612438e-06,0.6961944718903682,0.6029273975706915,0.4811557478030714,0.6961944718903682,0.4952259009641135,0.6173618198575925,0.6467104771857355,0.0021186021620019,unet25d,44,0
110,0.7124404573440551,0.0177755607571452,0.4345745165646076,0.7370160207152366,0.0001342427097179,,0.5087424343824387,21.428545866001517,4.589960109100444e-06,,,,,,,,0.0022980256949063,unet25d,44,0
111,0.7038913854956627,0.0173428593738935,0.4292719931900501,0.7589394614100456,0.0001154428891732,,0.5056288424134254,21.008163574999344,3.630542605884657e-06,,,,,,,,0.0022856593312621,unet25d,44,0
112,0.7047297233343124,0.0198534346092492,0.4307792238891125,0.7901653814315795,0.0001537228812412,,0.510343534052372,21.95082152000032,2.7822760121373187e-06,,,,,,,,0.0027004102226953,unet25d,44,0
113,0.7020088019967079,0.018385390699841,0.4285594560205936,0.754551793038845,0.0001357396193316,,0.5044948253035545,21.106536133998816,2.0458044895916517e-06,,,,,,,,0.0023669979385886,unet25d,44,0
114,0.6839220821857452,0.0176996317226439,0.4174331197142601,0.7343972897529603,0.0001384203476277,,0.4913337548077106,22.128552733000102,1.4216873043745137e-06,,,,,,,,0.0022699237019895,unet25d,44,0
115,0.6770317542552948,0.0201279765181243,0.4142702616751194,0.8016157442331314,0.0001348656070808,,0.4949016676843166,24.65624246300104,9.103984023075772e-07,,,,,,,,0.0023154374324531,unet25d,44,0
116,0.6894771334528923,0.017656736546196,0.4207489912211895,0.7782043674588204,0.0001129124464296,,0.4990111494064331,24.51645496999845,5.123260489995229e-07,,,,,,,,0.0021803821072921,unet25d,44,0
117,0.7048692047595978,0.0186861282261088,0.4303959882259369,0.7593594667315483,0.0001270393974425,,0.5068547344207763,23.884931055999918,2.2777253500257386e-07,,,,,,,,0.0025822217011818,unet25d,44,0
118,0.7020000714063644,0.0184311207372229,0.4285725085437298,0.7469118431210517,0.0001324119645687,,0.5037937018275261,23.698631416000357,5.695394625728767e-08,,,,,,,,0.0026169379216025,unet25d,44,0
119,0.7214195427298545,0.020640580196632,0.4411079733073711,0.7845090636610985,0.000144375882221,,0.520109256207943,25.043541241999264,0.0,0.6962438648914699,0.6028032158578279,0.4809133937993917,0.6962438648914699,0.4969097408643572,0.6152560418176568,0.6466786230721695,0.0027157705026775,unet25d,44,0
0,0.976246176958084,0.6657857203483581,0.8520620214939117,0.7469555002450943,0.0524030779674649,0.5976165735721588,1.5269942998886108,25.92676899200069,5.1e-05,,,,,,,,,no_quality,44,0
1,0.9636673599481582,0.4780872541666031,0.7694353419542312,0.6956841331720353,0.154977736249566,0.4972549074888229,1.344007548093796,24.403366950999956,0.0001009999999999,,,,,,,,,no_quality,44,0
2,0.9546886616945268,0.4056582248210907,0.7350765192508697,0.6891814607381821,0.1809069223701954,0.4698835414648056,1.2829235553741456,24.510237348999908,0.0001509999999999,,,,,,,,,no_quality,44,0
3,0.9569849467277528,0.3602120155096054,0.718275801539421,0.6851654642820358,0.1717244882881641,0.4531823775172233,1.248560951948166,24.42669142700015,0.0002009999999999,,,,,,,,,no_quality,44,0
4,0.9505288195610048,0.3162928593158722,0.6968344622850418,0.6969689798355102,0.1638255111873149,0.4335553964972496,1.2082780385017395,22.280453818999376,0.000251,,,,,,,,,no_quality,44,0
5,0.9377241533994676,0.2721484073996544,0.6714938777685165,0.6887620759010314,0.150599216222763,0.4103656470775604,1.1582656997442244,22.038546304000192,0.0003,,,,,,,,,no_quality,44,0
6,0.9351247829198838,0.2246144564449787,0.6509206777811051,0.6874561864137649,0.1383022806048393,0.3959343805909157,1.1225157874822616,22.52054316000067,0.0002999430460537,,,,,,,,,no_quality,44,0
7,0.9283078992366792,0.185924796462059,0.6313546818494796,0.6902545920014381,0.1230263214558363,0.3833819141983985,1.089913364648819,22.054684275,0.0002997722274649,,,,,,,,,no_quality,44,0
8,0.9077944737672806,0.1572663187980651,0.6075832337141037,0.699273687005043,0.109280837252736,0.3675181826949119,1.0504928296804428,24.115709210000205,0.000299487673951,,,,,,,,,no_quality,44,0
9,0.8961341434717178,0.1302731744945049,0.5897897797822952,0.6976332914829254,0.0982091074436903,0.3605862179398537,1.0250497829914094,23.373631790000218,0.0002990896015976,0.4520966177837171,0.427957576262219,0.3712549742643081,0.4520966177837171,0.4134868902362971,0.4182892207666428,0.4367707409753267,,no_quality,44,0
10,0.8880628979206086,0.1101071575284004,0.5768806210160256,0.7013472852110862,0.0867571040987968,0.3558283759653568,1.007181585431099,23.45726400999956,0.0002985783126956,,,,,,,,,no_quality,44,0
11,0.8617486542463303,0.0942717835307121,0.5547579312324524,0.7007621365785599,0.0758399721980094,0.3407860180735588,0.9694121599197388,23.86499734500012,0.0002979541955104,,,,,,,,,no_quality,44,0
12,0.8549669760465622,0.0790598116070032,0.5446041315793991,0.7084742617607117,0.0664811966195702,0.3379354333877563,0.9567110455036164,24.021199188000537,0.0002972177239878,,,,,,,,,no_quality,44,0
13,0.8365283232927322,0.0681835464015603,0.5291904377937316,0.6970957297086716,0.0574220114201307,0.3313544975221157,0.933125609755516,22.67806884000038,0.0002963694573941,,,,,,,,,no_quality,44,0
14,0.8527171391248703,0.0579402652010321,0.5348064115643502,0.7000890204310417,0.0499685631692409,0.3451149481534958,0.9524286937713624,22.604543215000376,0.0002954100398908,,,,,,,,,no_quality,44,0
15,0.8265411156415939,0.0539874071627855,0.5175196495652199,0.7169257694482803,0.0428857684507966,0.3375268495082855,0.9288833636045456,21.703391820000437,0.0002943402000463,,,,,,,,,no_quality,44,0
16,0.8071557396650314,0.0458107706159353,0.5026177689433098,0.7473146963119507,0.0373407401144504,0.3237879410386085,0.9030042171478272,23.68746063799972,0.0002931607502819,,,,,,,,,no_quality,44,0
17,0.7978650838136673,0.0424103993363678,0.4956832298636436,0.7243808716535568,0.0312614323757588,0.3219924862682819,0.8916768711805344,23.3629246090004,0.000291872586255,,,,,,,,,no_quality,44,0
18,0.8325465655326844,0.0465002670139074,0.5181280705332756,0.8148972895741463,0.0262134582921862,0.3517625461518764,0.9538790547847747,25.02890475299955,0.0002904766861795,,,,,,,,0.005940168579109,no_quality,44,0
19,0.8140455049276352,0.0430281433090567,0.5056385800242424,0.782558780014515,0.0226765231415629,0.3414998802542686,0.9276899367570876,23.95559341399985,0.0002889741100822,0.6197518615143792,0.5340036962296195,0.4107171348659998,0.6197518615143792,0.4630621778589065,0.519197049315573,0.5731239392641134,0.0058088665315881,no_quality,44,0
20,0.7888420647382737,0.0382742714509367,0.4886149689555168,0.7850674265623092,0.019733628463,0.3303739473223686,0.8996316158771515,24.14931607400013,0.0002873659989982,,,,,,,,0.0057463996298611,no_quality,44,0
21,0.7952588406205178,0.0370352013967931,0.491969405412674,0.7866823905706406,0.016800037631765,0.3352356703579426,0.9077727752923964,22.389790748999985,0.0002856535741046,,,,,,,,0.0052972682146355,no_quality,44,0
22,0.7872810032963753,0.0361792595218867,0.4868403244018555,0.8256293022632599,0.0144335694424808,0.3355695857107639,0.9066719609498978,23.50964660200043,0.0002838381357927,,,,,,,,0.0048871978418901,no_quality,44,0
23,0.7744980829954148,0.0333495995029807,0.4780387061834335,0.8217019215226173,0.0123749265260994,0.329418780207634,0.8910397326946259,22.930773466000574,0.0002819210626809,,,,,,,,0.0039665458421222,no_quality,44,0
24,0.784550421833992,0.0291525034233927,0.4823912754654884,0.7969777512550354,0.010685746744275,0.3356054423749446,0.8989213764667511,23.017779150000024,0.0002799038105676,,,,,,,,0.0034629689250141,no_quality,44,0
25,0.779812333881855,0.0338715747930109,0.4814360511302948,0.8056128245592117,0.0087921132054179,0.3364709250628948,0.8996810060739517,24.685060408000027,0.0002777879113257,,,,,,,,0.0038657012616749,no_quality,44,0
26,0.7641443890333176,0.0285612067533656,0.4699111366271972,0.8042991510033608,0.007867979039438,0.3248201791942119,0.8761440461874008,24.900987171999983,0.0002755749717393,,,,,,,,0.0029470674262847,no_quality,44,0
27,0.7667136725783348,0.0270395227055996,0.4708440333604812,0.8203022706508637,0.0067101187445223,0.3289775629341602,0.8826730847358704,25.11626031099968,0.0002732666722837,,,,,,,,0.0024287765915505,no_quality,44,0
28,0.7679569554328919,0.0251192399766296,0.4708218868076801,0.7982822850346565,0.0059164273412898,0.3312692411988973,0.8826732370257377,24.089426731999996,0.0002708647658491,,,,,,,,0.0022902792040258,no_quality,44,0
29,0.7571089944243431,0.0262297946028411,0.4647573347389698,0.7860934728384018,0.0050203430326655,0.3273244044184685,0.8715834718942642,24.8673055700001,0.0002683710764094,0.6982783601309078,0.6028357348215853,0.4579023171441869,0.6982783601309078,0.4994175455065586,0.6108112988272895,0.6456079682394389,0.0032068362738937,no_quality,44,0
30,0.759807702600956,0.0243661705311387,0.4656311091780662,0.850792892575264,0.004480103245005,0.3286662073433399,0.8802733606100083,22.174922066999898,0.0002657874976374,,,,,,,,0.003363747394178,no_quality,44,0
31,0.7493508195877076,0.0274235731782391,0.460579941868782,0.8161786583065986,0.003951933842618,0.3264816550910472,0.869592472910881,23.22987245100012,0.0002631159914665,,,,,,,,0.0035770436096936,no_quality,44,0
32,0.7487510806322097,0.0248468247801065,0.4591893988847733,0.8055093562602997,0.003625307243783,0.3271202480792999,0.867663132250309,23.17722489400057,0.0002603585866009,,,,,,,,0.0031064292206428,no_quality,44,0
33,0.7538920080661774,0.0232396825123578,0.4616310946643353,0.8010102832317352,0.0032062913011759,0.3263773216307163,0.8688136282563209,23.45613259800029,0.0002575173769752,,,,,,,,0.0027193770406302,no_quality,44,0
34,0.7084603580832481,0.0245117410784587,0.4348809313774109,0.7866527864336967,0.0028607134800404,0.3087911434471607,0.8229725459218025,24.000686903000314,0.000254594520164,,,,,,,,0.002460769622121,no_quality,44,0
35,0.7592357915639877,0.0225231464579701,0.4645507532358169,0.8295969825983047,0.0024300842138472,0.3302545194327831,0.8783338904380799,23.711914855000032,0.0002515922357438,,,,,,,,0.0022370598220732,no_quality,44,0
36,0.7234957644343376,0.0218997339857742,0.4428573682904243,0.7771697640419006,0.0022114124067593,0.3165352927148342,0.8376315012574196,23.845403066000472,0.0002485128036071,,,,,,,,0.0020564839657163,no_quality,44,0
37,0.7227075481414795,0.0231805189326405,0.4428967542946339,0.8141717958450317,0.0019298759498633,0.317169267013669,0.8419578438997268,24.148242751,0.0002453585622314,,,,,,,,0.0018907608522567,no_quality,44,0
38,0.7567533752322197,0.0200419586291536,0.4620688250660896,0.7810910481214524,0.0017703275871463,0.3332059161365032,0.8738213020563126,23.84727511700021,0.0002421319069034,,,,,,,,0.0017446884757373,no_quality,44,0
39,0.7203454497456551,0.0214811348170042,0.4407997411489486,0.8327715575695038,0.0016423862462397,0.3163209380209446,0.8408358004689217,24.60468293899976,0.0002388352878997,0.6734048780334355,0.5767827525848115,0.4288657250307013,0.6734048780334355,0.4693654219088389,0.5875779578121595,0.6199643250985749,0.0017792175558861,no_quality,44,0
40,0.7370441463589669,0.0214917735522612,0.4508232146501541,0.8039714023470879,0.0014339951495639,0.3218916660547256,0.8535607782006264,22.99814825599969,0.0002354712086265,,,,,,,,0.001885275200475,no_quality,44,0
41,0.7551232028007507,0.0205067694978788,0.4612766480445862,0.8485188525915146,0.0013265395222697,0.3319159919023514,0.8784262856841087,22.24947556799998,0.0002320422237183,,,,,,,,0.0015771471700281,no_quality,44,0
42,0.7329752144217491,0.0215290613891556,0.4483967708051204,0.798182920217514,0.0012553875608136,0.3236379301548004,0.8523553466796875,24.67433512699972,0.0002285509370981,,,,,,,,0.0021979126846417,no_quality,44,0
43,0.7149286264181137,0.0193397341063246,0.4366930870711803,0.7968367519974708,0.0011821649532066,0.3149766318500042,0.8316941237449647,24.23746804999973,0.000225,,,,,,,,0.0014080902883142,no_quality,44,0
44,0.728661413192749,0.0192096215032506,0.4448807138204574,0.783197862803936,0.0010313073603902,0.3204336756467819,0.8439763420820237,24.8048699459996,0.0002213921089555,,,,,,,,0.0014529959633364,no_quality,44,0
45,0.7245353791117668,0.0208238139143213,0.4430507725477218,0.7997576653957367,0.0009682313696248,0.3201463536918163,0.8435428774356842,24.50308268399931,0.0002177300037466,,,,,,,,0.0016078345308778,no_quality,44,0
46,0.7309763142466545,0.0189902196964249,0.4461818930506706,0.7844692894816399,0.0008773634972749,0.3212728820741176,0.8462868994474411,24.571696729,0.0002140164653244,,,,,,,,0.0017066485973191,no_quality,44,0
47,0.6968796676397324,0.0194913601223379,0.4259243601560593,0.7738043075799942,0.0008255684829782,0.3067533925175666,0.810393612086773,23.854045152999788,0.0002102543136979,,,,,,,,0.0014707295358675,no_quality,44,0
48,0.7111574187874794,0.0200234169210307,0.4347038349509239,0.803495488166809,0.0007956836445373,0.3146279160678387,0.830039176940918,24.898770603999765,0.0002064464057921,,,,,,,,0.0015904382685403,no_quality,44,0
49,0.6896580350399018,0.0176100576831959,0.4208388593792915,0.7480685475468636,0.0007308496488258,0.3041913664340973,0.8001098537445068,24.50886051399993,0.0002025956332789,0.6689278377341115,0.5807518895227721,0.4496466986686676,0.6689278377341115,0.4897202912570213,0.5836075395771837,0.6205469393641653,0.0011811519241746,no_quality,44,0
50,0.7235196653008461,0.0194367210031487,0.4418865031003952,0.7850666403770447,0.0006554237240925,0.32110584795475,0.8418628549575806,24.04301809500066,0.0001987049203807,,,,,,,,0.0016553169122926,no_quality,44,0
51,0.7058263915777206,0.0195018822560086,0.4312966062128543,0.7748173460364342,0.0005875532812206,0.3127714085578919,0.8219119945168495,24.59959490500023,0.0001947772216502,,,,,,,,0.0016642959622549,no_quality,44,0
52,0.732896617949009,0.0204622692242264,0.4479228979349136,0.8286470106244087,0.0005639651269302,0.3258623275160789,0.8570495718717575,24.68115407299956,0.0001908155197268,,,,,,,,0.0018572369829416,no_quality,44,0
53,0.7075567938387394,0.0185256991209462,0.431944370418787,0.8142955046892166,0.0005728172804811,0.3118762196600437,0.8256020057201385,25.792743568000333,0.0001868228230711,,,,,,,,0.0016161296024802,no_quality,44,0
54,0.7044900524616241,0.0202431603264994,0.4307913148403168,0.7995132493972779,0.0005249545242986,0.311505658775568,0.8226510518789292,23.738780701,0.0001828021636809,,,,,,,,0.0018825058327274,no_quality,44,0
55,0.6948690117895603,0.0194031553063541,0.424682685136795,0.7858886969089508,0.0004834822914563,0.3076112581789493,0.8112655678391456,24.41621305799981,0.0001787565947885,,,,,,,,0.001792886125113,no_quality,44,0
56,0.6923313936591149,0.0179872094583697,0.4225937373936176,0.7737677693367004,0.000457799436117,0.3070565417036414,0.8073205934464931,23.682011226999748,0.0001746891885421,,,,,,,,0.0013532247105831,no_quality,44,0
57,0.6826150873303414,0.0193055517273023,0.4172912916541099,0.8145177417993545,0.0004230566424666,0.3016134203225374,0.8007270017266274,24.552106455000285,0.0001706030336727,,,,,,,,0.0017468248167642,no_quality,44,0
58,0.716803850531578,0.0178503341670148,0.4372224628925323,0.7923964416980743,0.0004040846406132,0.3181173083186149,0.8348927074670791,24.493162131000645,0.0001665012331491,,,,,,,,0.001465440885222,no_quality,44,0
59,0.7317405691742898,0.0156146187079139,0.4452902048826218,0.7895771154761314,0.0003863707961863,0.3229831122606992,0.8475124689936638,24.760028491999947,0.0001623869018208,0.6998176946580584,0.6098833170605624,0.4807195284549548,0.6998176946580584,0.5084090729957133,0.6214231835279156,0.6509275647584992,0.0013106298286948,no_quality,44,0
60,0.6920028898119926,0.0144532855972647,0.420983063429594,0.7420256078243256,0.0003672357636969,0.3055571345984936,0.8010025173425674,25.91763857000024,0.0001582631640533,,,,,,,,0.001206963141667,no_quality,44,0
61,0.714209022372961,0.0170938190363813,0.4353629575669765,0.7706956604123115,0.0003398858204309,0.3160219302773475,0.8288324339687825,24.569750926999404,0.0001541331513552,,,,,,,,0.0018049462696762,no_quality,44,0
62,0.6883252456784248,0.0176684139645658,0.4200625304877758,0.7682354310154915,0.000331428485515,0.3071274058520793,0.8043596971035004,25.692955972999695,0.00015,,,,,,,,0.001648243604759,no_quality,44,0
63,0.704835072606802,0.0159540477022528,0.4292826808989048,0.7524608731269836,0.0003160200262209,0.3118244194984436,0.8166490858793258,24.952011541000505,0.0001458668486447,,,,,,,,0.0014004960779675,no_quality,44,0
64,0.7226658222079277,0.015640000780113,0.4398555117845535,0.7959040397405625,0.0003019663714803,0.3194884540885687,0.8392490130662918,24.649523690000024,0.0001417368359466,,,,,,,,0.0014977372883549,no_quality,44,0
65,0.6966524133086205,0.017384844336193,0.4249454028904438,0.7847374194860458,0.0003168275840289,0.3085568872094154,0.8122844785451889,25.004271347000213,0.0001376130981791,,,,,,,,0.0014629939753467,no_quality,44,0
66,0.7039650151133537,0.0171505825663916,0.429239260405302,0.751400004029274,0.000301988061401,0.3132423558086157,0.8179973188042641,25.53447240100013,0.0001334987668508,,,,,,,,0.0018030217792329,no_quality,44,0
67,0.7085093268752098,0.016863747164607,0.4318511113524437,0.783266538977623,0.0002571449719835,0.3125952210277319,0.8231291016936302,23.473469233000287,0.0001293969663272,,,,,,,,0.0017162773040854,no_quality,44,0
68,0.7091662374138832,0.014049422488315,0.4311195288598537,0.7852298873662948,0.0002523833420127,0.3135385216772556,0.8234291023015976,25.418477118999363,0.0001253108114578,,,,,,,,0.0011771790385319,no_quality,44,0
69,0.6963524028658867,0.0148588476795703,0.4237549974024295,0.7667301973700523,0.0002364971213683,0.3088556079566478,0.8095891758799553,23.28049453299991,0.0001212434052114,0.7081331616002782,0.6070377057133426,0.4687427519844907,0.7081331616002782,0.482743958742696,0.6302359967970537,0.6538654838726188,0.0014686410270041,no_quality,44,0
70,0.6828890302777291,0.0181743636354804,0.4170031823962927,0.7955805838108063,0.0002579684775264,0.3026439592614769,0.7996022953093052,25.5778634520002,0.000117197836319,,,,,,,,0.0019209583417978,no_quality,44,0
71,0.6713259471952915,0.0171323167392984,0.4096485115587711,0.7762733322381973,0.0002287852721929,0.2996807473152876,0.7873230507969856,24.03494608299934,0.0001131771769288,,,,,,,,0.0017750787939985,no_quality,44,0
72,0.7360867103934288,0.0207683477282989,0.4499593831598759,0.7985733276605607,0.0001894487882964,0.3274766263365745,0.8578551022708416,24.547669278000285,0.0001091844802731,,,,,,,,0.0027614505488236,no_quality,44,0
73,0.6933377808332444,0.0209098052489571,0.4243666061758995,0.8225450077652932,0.0001993280522583,0.3087321756780147,0.8158869597315789,23.98896458000036,0.0001052227783497,,,,,,,,0.0026185623326455,no_quality,44,0
74,0.7488488730788231,0.0200842227926477,0.4573430326581001,0.8266095012426377,0.0002075711461657,0.3336418141424656,0.8742159822583199,25.3282963949996,0.0001012950796192,,,,,,,,0.0027990048858191,no_quality,44,0
75,0.7406364333629608,0.0183168030367232,0.4517085991799831,0.790554449558258,0.0002076099059195,0.3284750504791736,0.8597357076406479,24.72909874800098,9.740436672108684e-05,,,,,,,,0.0024311160273373,no_quality,44,0
76,0.693184397816658,0.0193264036369509,0.4236412188410759,0.807017271220684,0.0001821287860366,0.3071157614886761,0.8119090193510056,24.049663462999888,9.355359420782469e-05,,,,,,,,0.0022060107558172,no_quality,44,0
77,0.7201750046014785,0.0211214456520974,0.440553597509861,0.8245172759890557,0.0001989176281495,0.3198539279401302,0.8434382665157318,24.40861580300043,8.97456863020546e-05,,,,,,,,0.002845349738709,no_quality,44,0
78,0.7018890464305878,0.0192925967741757,0.428850485086441,0.8212814652919769,0.0001968953340838,0.3119587329030037,0.8234122121334075,23.70004798300033,8.598353467553945e-05,,,,,,,,0.0023250277442639,no_quality,44,0
79,0.6958379067480565,0.0186752211651764,0.4249728490412235,0.8034047394990921,0.0001800832719163,0.309162825345993,0.8149413195252418,22.472124313999306,8.226999625336662e-05,0.6954774439499833,0.6088717744362675,0.478727456011812,0.6954774439499833,0.4876386146804566,0.6434992646783627,0.6478207443020514,0.0022808013650319,no_quality,44,0
80,0.7018578171730041,0.0169880698941415,0.4279099337756634,0.7939966475963592,0.0001723597049567,0.3103246119618416,0.8180434745550156,24.86396930199953,7.860789104443896e-05,,,,,,,,0.0020032219216909,no_quality,44,0
81,0.699633960723877,0.0175282086990773,0.4267916777729988,0.7971066999435424,0.0001858267072384,0.3102225159108638,0.8171775031089783,25.725859190999472,7.500000000000002e-05,,,,,,,,0.002216733690584,no_quality,44,0
82,0.689032737314701,0.0187060254858806,0.4209020711481571,0.7800893995165825,0.000166769516436,0.3063954456150531,0.8058083611726761,24.120624785000476,7.144906290181832e-05,,,,,,,,0.0024678361339647,no_quality,44,0
83,0.7032935765385627,0.0186427770974114,0.4294332720339298,0.8039593967795372,0.0001693713236454,0.3136528335511684,0.8239830848574639,25.19638936499905,6.795777628163599e-05,,,,,,,,0.0024628309308445,no_quality,44,0
84,0.7177853825688362,0.0200212228368036,0.4386797371506691,0.7915213760733605,0.0001527891115256,0.3193830706179142,0.8377554225921631,24.032302794001225,6.452879137346007e-05,,,,,,,,0.0026641803514212,no_quality,44,0
85,0.6882331995666027,0.0185560551285743,0.4203623592853546,0.7962329113483428,0.0001629832742037,0.3064276453107595,0.8069127064943313,24.413036330999603,6.1164712100253e-05,,,,,,,,0.0024563164085338,no_quality,44,0
86,0.7214045450091362,0.0171964337839744,0.4397213152050972,0.7705906650424004,0.0001581432944658,0.3225182309746742,0.8397418975830078,23.15362032899975,5.786809309654982e-05,,,,,,,,0.0021768997285835,no_quality,44,0
87,0.7301897060871124,0.0191715080477297,0.4457824465632438,0.7960518628358841,0.0001516669987177,0.3226904432475567,0.8486011496186256,22.945219937999354,5.464143776850482e-05,,,,,,,,0.0025774481651023,no_quality,44,0
88,0.7042130744457245,0.0174439354473724,0.4295054367184639,0.7724923145771027,0.0001505275291128,0.3137388508766889,0.8209691950678826,23.86418062300072,5.148719639283984e-05,,,,,,,,0.0023407334616786,no_quality,44,0
89,0.6943535383045674,0.0185750425234436,0.4240421567112207,0.7930355960130692,0.0001515614693926,0.3079212881624699,0.8117784941196442,22.8056901609998,4.840776425613886e-05,0.7091825123985614,0.6197938278214873,0.488770232027658,0.7091825123985614,0.5009052110792982,0.6492937599866019,0.6603246789883488,0.002519552803642,no_quality,44,0
90,0.7045798513293267,0.0178787346789613,0.4298994222283363,0.785581756234169,0.0001419953288132,0.3136345392465591,0.8225584742426872,25.208795393999026,4.5405479835900685e-05,,,,,,,,0.0022961843023631,no_quality,44,0
91,0.7164126080274582,0.0185414566332474,0.4372641661763191,0.8253253394365311,0.0001361879741307,0.3187658813595772,0.8390581506490707,25.332650698999718,4.2482623024732334e-05,,,,,,,,0.0024437959230999,no_quality,44,0
92,0.710040167272091,0.0178088040696457,0.4331476403772831,0.7728280627727508,0.000151719480491,0.3156714548170566,0.8265625658631325,24.877340170000025,3.964141339903026e-05,,,,,,,,0.0022653775033722,no_quality,44,0
93,0.7058209961652756,0.0182208582293242,0.4307809598743916,0.7893139871954918,0.0001478038528148,0.3138959991931915,0.8240796872973442,25.17195494600128,3.6884008533465575e-05,,,,,,,,0.0023196889369864,no_quality,44,0
94,0.7321866950392724,0.0157050989661365,0.4455940733850002,0.8158858421444893,0.0001359037093789,0.3252706433832645,0.8528228294849396,23.58161548300086,3.4212502362551864e-05,,,,,,,,0.0018136380032547,no_quality,44,0
95,0.7190822893381119,0.0168020319822244,0.4381702029705047,0.7836308032274246,0.0001399110675993,0.3181576219201087,0.8351163002848625,23.206289596000715,3.162892359054098e-05,,,,,,,,0.0020919858277557,no_quality,44,0
96,0.7160958445072174,0.0171616393397562,0.4365221816301345,0.7786637896299362,0.0001457864259282,0.3167961806058884,0.8316254252195359,23.53400234100081,2.913523415085328e-05,,,,,,,,0.002166946577272,no_quality,44,0
97,0.7158536739647389,0.0171859874250367,0.4363866171985864,0.8034277963638305,0.0001441752773826,0.3168450014293194,0.8340425971150398,23.108437781998877,2.673332771621324e-05,,,,,,,,0.0023049201908406,no_quality,44,0
98,0.6944587641954422,0.0180601898254826,0.4238993538916111,0.7677407792210579,0.0001487039633502,0.308887152671814,0.8100587755441666,24.308531693000987,2.4425028260620715e-05,,,,,,,,0.0024537898265225,no_quality,44,0
99,0.6877291333675385,0.0183940918510779,0.4199951349198818,0.7843660202622413,0.0001421953115641,0.3065358537435532,0.8054574671387672,22.765225193999868,2.221208867425096e-05,0.7202876659365423,0.631872705955947,0.5044614452983062,0.7202876659365423,0.5104687746567638,0.6648616772745348,0.6721805558785401,0.0024138575300457,no_quality,44,0
100,0.7285398343205451,0.0172547694621607,0.4440258282423019,0.8267385253310203,0.0001383257636916,0.3242371885478496,0.851370764374733,23.70476819799842,2.009618943233419e-05,,,,,,,,0.0021348747164665,no_quality,44,0
101,0.6914371483027935,0.0176546514267101,0.4219241678714752,0.7904880318045616,0.0001396613407268,0.3055132553726434,0.8069293805956841,22.67660045499906,1.807893731902665e-05,,,,,,,,0.0021808439255619,no_quality,44,0
102,0.6887052173912526,0.019838182432577,0.4211584205925465,0.7487520524859428,0.0001411581769207,0.307621334195137,0.8042205590009689,23.64011068200125,1.616186420724089e-05,,,,,,,,0.002792721537844,no_quality,44,0
103,0.7172654491662979,0.0170464670890942,0.437177874147892,0.8111516159772872,0.0001305996621522,0.3196682807803154,0.8384207293391228,23.58023949299968,1.4346425895363384e-05,,,,,,,,0.002264397856743,no_quality,44,0
104,0.6867186757922172,0.0180713749839924,0.4192597694694996,0.7964458429813385,0.0001274563962215,0.305177847892046,0.8045233780145645,23.59241816999929,1.2634001001741372e-05,,,,,,,,0.0021740162202513,no_quality,44,0
105,0.7009991174936294,0.0174184731161221,0.4275668747723102,0.7779055693745613,0.0001326326845446,0.3105973936617374,0.8163998085260391,23.701674362999256,1.1025889917779737e-05,,,,,,,,0.0021917483466677,no_quality,44,0
106,0.7153970617055893,0.018011863080319,0.4364430014789104,0.7807419764995575,0.0001362979183613,0.3192898343503475,0.8342994725704194,22.75987624299887,9.523313820441804e-06,,,,,,,,0.0024281611787364,no_quality,44,0
107,0.7155898377299309,0.0178870941000059,0.4365087588131427,0.7647384604811669,0.0001432285358168,0.3184626175463199,0.8319559988379478,23.48030232000019,8.127413744904804e-06,,,,,,,,0.0025180934278785,no_quality,44,0
108,0.6912976184487343,0.0149654784263111,0.4207647785544395,0.7556490617990493,0.0001353143530286,0.3065529714524746,0.8032436808943748,23.53791147799893,6.839249718073875e-06,,,,,,,,0.0017712922046712,no_quality,44,0
109,0.6943437968194485,0.0143525740143377,0.4223473227769136,0.7596724247932434,0.0001356277214654,0.3090647151321172,0.8077431786060333,22.119449674999487,5.659799953612438e-06,0.7263307318333118,0.635495696048531,0.5062425323825767,0.7263307318333118,0.5119214149570112,0.6682349413552698,0.6770714011528041,0.0017855522527338,no_quality,44,0
110,0.6995764163136482,0.0158820839645341,0.4260987003147602,0.7509620651602745,0.0001376847875508,0.3109751981496811,0.8125518292188645,23.332181448000483,4.589960109100444e-06,,,,,,,,0.0018742021444995,no_quality,44,0
111,0.6896593607962132,0.0144158759852871,0.4195619834959507,0.737166796028614,0.0001275299482222,0.3062488269805908,0.7998695304989815,23.5776061939996,3.630542605884657e-06,,,,,,,,0.0016783091390618,no_quality,44,0
112,0.6878861862421036,0.015831976684276,0.419064520150423,0.7731211131811142,0.0001382321095297,0.307178712785244,0.8039286285638809,23.729115907999585,2.7822760121373187e-06,,,,,,,,0.0018318780758158,no_quality,44,0
113,0.6899964401125908,0.0153197588119655,0.4201257802546024,0.7491541823744774,0.0001300750062364,0.3061276333034038,0.8015245297551155,23.034300076000363,2.0458044895916517e-06,,,,,,,,0.0017459515450673,no_quality,44,0
114,0.6708422626554966,0.0152202825550921,0.4085934871435165,0.7381547304987908,0.0001384623965714,0.2956789570301771,0.778454824090004,23.70676844600166,1.4216873043745137e-06,,,,,,,,0.0017999295546445,no_quality,44,0
115,0.6616474409401417,0.0173956662626005,0.4039467449486256,0.7736627608537674,0.0001353475300129,0.2939034141600132,0.7755811786651612,24.19411072799994,9.103984023075772e-07,,,,,,,,0.0017898631380421,no_quality,44,0
116,0.6759299173951149,0.01496164631797,0.4115426272153854,0.7643322855234146,0.0001335277673933,0.2997073364257812,0.7880164301395416,23.19513005599947,5.123260489995229e-07,,,,,,,,0.0016328074579581,no_quality,44,0
117,0.693073862195015,0.0159379207389429,0.4222195018827915,0.7426918435096741,0.0001310433774051,0.3088654591143131,0.8057507967948914,22.707233753000764,2.2777253500257386e-07,,,,,,,,0.0019504970089337,no_quality,44,0
118,0.6919685631990433,0.0152685669594211,0.4212885800004005,0.7566570138931275,0.0001263084051606,0.3079572236537933,0.8052860480546952,22.925986998001463,5.695394625728767e-08,,,,,,,,0.001841124178054,no_quality,44,0
119,0.7061342439055442,0.0160917922999942,0.4301172828674316,0.745182728767395,0.0001346579168603,0.3128226317465305,0.8178335791826248,23.916883860998496,0.0,0.7266426625384992,0.6368519280469332,0.5085803913147765,0.7266426625384992,0.5148940166138263,0.6690191049884743,0.6778992150686571,0.0018433038753198,no_quality,44,0
0,0.9702350252866744,0.7118614727258682,0.8668856340646743,0.7327575480937958,0.0689092472195625,0.5876425039768219,1.5312493550777435,23.798681743001,5.1e-05,,,,,,,,,no_variance,44,0
1,0.9682126557826995,0.5700435227155686,0.8089450311660766,0.6864593666791916,0.0563352584838867,0.48093091994524,1.3613386452198029,21.99295282700041,0.0001009999999999,,,,,,,,,no_variance,44,0
2,0.9602646148204804,0.475955710709095,0.7665410828590393,0.68420030772686,0.0702505624294281,0.4557148218154907,1.2941884648799895,22.820241830999294,0.0001509999999999,,,,,,,,,no_variance,44,0
3,0.9627854317426682,0.4214265388250351,0.7462419056892395,0.6804021555185318,0.0703696258366108,0.4411747154593468,1.2589753091335296,22.81047737900008,0.0002009999999999,,,,,,,,,no_variance,44,0
4,0.957113110423088,0.3667428016662598,0.7209650206565857,0.6916245234012603,0.0650211085751652,0.4222779923677444,1.2156565225124358,22.59948888999861,0.000251,,,,,,,,,no_variance,44,0
5,0.944987331032753,0.3117535609006882,0.6916938531398773,0.6817366737127304,0.057720797099173,0.3993095523118973,1.1620631128549577,22.11878568300017,0.0003,,,,,,,,,no_variance,44,0
6,0.9431369978189468,0.2559348738193512,0.6682561707496643,0.6863592326641083,0.0534969294071197,0.3891346532106399,1.128701588511467,22.003075348000493,0.0002999430460537,,,,,,,,,no_variance,44,0
7,0.935724937915802,0.2103978300094604,0.6455941146612167,0.6872925201058387,0.0484834695607423,0.3791256046295166,1.0958731436729432,21.273057398000677,0.0002997722274649,,,,,,,,,no_variance,44,0
8,0.9153842562437058,0.1766738061606884,0.6199000990390777,0.6970470571517944,0.0445760747790336,0.363646228313446,1.055479838848114,22.0688077399991,0.000299487673951,,,,,,,,,no_variance,44,0
9,0.907634887099266,0.1462413086742162,0.6030774766206741,0.710634982585907,0.041785837188363,0.359103464782238,1.035333732366562,21.58097843900032,0.0002990896015976,0.4107718683173677,0.3926383193750465,0.339671805016356,0.4107718683173677,0.3733746553654808,0.3937684344422908,0.3982217973045702,,no_variance,44,0
10,0.896351455450058,0.1234859162569046,0.5872052609920502,0.6884444665908813,0.0383157639950513,0.3547784918546676,1.0127439856529237,21.89348039200013,0.0002985783126956,,,,,,,,,no_variance,44,0
11,0.8713036006689072,0.1029422073811292,0.5639590680599212,0.7027715045213699,0.0355210433527827,0.3395314806699753,0.9755437415838242,21.75559751899891,0.0002979541955104,,,,,,,,,no_variance,44,0
12,0.8644001930952072,0.0869157335162162,0.5534064310789109,0.7114818155765533,0.0325041922181844,0.3362252654135227,0.9624050903320313,22.06666066300022,0.0002972177239878,,,,,,,,,no_variance,44,0
13,0.8464806485176086,0.0753450299426913,0.5380264258384705,0.7007559162378311,0.0289065161906182,0.3300432085990906,0.93959055185318,22.33528435600056,0.0002963694573941,,,,,,,,,no_variance,44,0
14,0.8623380970954895,0.0634371555969119,0.5427777406573295,0.7086500751972199,0.025670048482716,0.3448262202739716,0.9597524690628052,22.539494442999057,0.0002954100398908,,,,,,,,,no_variance,44,0
15,0.8365574383735657,0.058924486041069,0.5255042767524719,0.7246198591589927,0.0224523920752108,0.337552006393671,0.9366408920288086,21.647414119999667,0.0002943402000463,,,,,,,,,no_variance,44,0
16,0.8197263371944428,0.0513654306158423,0.5123819944262504,0.7389439451694488,0.0197480925545096,0.325677345097065,0.9129411453008652,22.87475077300041,0.0002931607502819,,,,,,,,,no_variance,44,0
17,0.8093409544229507,0.0463425491005182,0.5041416135430336,0.7378213155269623,0.0167232444137334,0.323022473603487,0.9017823767662048,21.592023352999604,0.000291872586255,,,,,,,,,no_variance,44,0
18,0.8415542340278626,0.055918645914644,0.5273000171780586,0.7701733618974685,0.0140047873556613,0.3515745946764946,0.9681249755620956,22.97413833000064,0.0002904766861795,,,,,,,,0.0576639493266702,no_variance,44,0
19,0.8253957945108413,0.0478447625413537,0.5143753978610038,0.7773014432191849,0.0123711575660854,0.3427076455950737,0.9428423529863358,21.999045760001536,0.0002889741100822,0.6685076781405953,0.5648230096988142,0.4231459866076468,0.6685076781405953,0.4644639949012003,0.5614973560546468,0.6128661084547661,0.0370530749973841,no_variance,44,0
20,0.8018919736146927,0.0430205385759472,0.4983434164524078,0.7866456359624863,0.010681862225756,0.3340862213075161,0.9152577143907548,22.858691333000024,0.0002873659989982,,,,,,,,0.0181470610329415,no_variance,44,0
21,0.8023505461215973,0.0380541380308568,0.4966320008039474,0.793547094464302,0.0090003860555589,0.3345784147083759,0.912678924202919,21.92158777399891,0.0002856535741046,,,,,,,,0.0083189064823091,no_variance,44,0
22,0.796455847620964,0.0392339597269892,0.4935671150684356,0.8045372262597084,0.0076999557390809,0.3363139858841896,0.9122991025447844,22.681121026000252,0.0002838381357927,,,,,,,,0.0078964058775454,no_variance,44,0
23,0.7815892630815506,0.0348756147269159,0.4829038244485855,0.8227645111083984,0.0065173358283936,0.3297619913518428,0.896579552590847,22.99806783399981,0.0002819210626809,,,,,,,,0.0065570833068341,no_variance,44,0
24,0.7938120406866074,0.0308864745590835,0.4886418336629867,0.8020436662435532,0.0056138978339731,0.3364085787534713,0.9066591995954514,23.12451942199914,0.0002799038105676,,,,,,,,0.0056186261773109,no_variance,44,0
25,0.7849370256066323,0.0351297907624393,0.4850141489505767,0.8075411516427994,0.0045178986061364,0.3357766631245613,0.903106214404106,22.69071387200165,0.0002777879113257,,,,,,,,0.0066769266733899,no_variance,44,0
26,0.7733808189630509,0.0297144848387688,0.4759143045544624,0.7971095356345177,0.0039269082108512,0.32635005235672,0.8834361404180526,22.77291252900068,0.0002755749717393,,,,,,,,0.0063224179390817,no_variance,44,0
27,0.7779106855392456,0.0296782114636153,0.4786177152395248,0.8197804349660873,0.0033767219190485,0.3315530250966549,0.8934682035446166,23.304631560000416,0.0002732666722837,,,,,,,,0.0057529354328289,no_variance,44,0
28,0.7732081615924835,0.0261207529436796,0.474373215585947,0.7974535822868347,0.0029749518563039,0.3299789862334728,0.8852394482493401,22.197049255999445,0.0002708647658491,,,,,,,,0.0049656827747821,no_variance,44,0
29,0.7626424938440323,0.025630346443504,0.4678376539051532,0.8177695819735527,0.0024951723031699,0.3275677379965782,0.8781758725643158,22.49434585600102,0.0002683710764094,0.6865287918691214,0.5934046758439853,0.453179172147951,0.6865287918691214,0.4905892693322259,0.6030959663306079,0.6352565950894635,0.0043438227474689,no_variance,44,0
30,0.7652255848050118,0.0255698530562222,0.4693633127212524,0.8287974363565445,0.002178901573643,0.3284425966441631,0.8815535467863083,21.950719905998994,0.0002657874976374,,,,,,,,0.0037947478285059,no_variance,44,0
31,0.7572707733511925,0.0287532303947955,0.4658637747168541,0.834125651717186,0.0018557520618196,0.3284500566124916,0.8785477259755134,21.90898005299823,0.0002631159914665,,,,,,,,0.0036427187174558,no_variance,44,0
32,0.7566567176580429,0.0270964910276234,0.4648326501250267,0.8097350281476975,0.0016983139980584,0.3267645984888077,0.8733251088857651,21.980552901999545,0.0002603585866009,,,,,,,,0.0033472250320483,no_variance,44,0
33,0.7567117631435394,0.0229688112111762,0.4632146006822586,0.8072921594977379,0.0013689025747589,0.3269521516561508,0.871492010653019,24.46290000600129,0.0002575173769752,,,,,,,,0.0026379903650376,no_variance,44,0
34,0.7167665463685989,0.024674939950928,0.4399299219250679,0.7845013037323951,0.001182586774812,0.3108817432820797,0.8297702103853226,24.426153135998906,0.000254594520164,,,,,,,,0.0022464133822359,no_variance,44,0
35,0.764592590034008,0.0238691382342949,0.4683032289147377,0.8309849014878273,0.0009781087737064,0.3330054758489132,0.8849210655689239,24.411476281000432,0.0002515922357438,,,,,,,,0.0023247905587777,no_variance,44,0
36,0.7315727645158767,0.0226604367326945,0.4480078519880772,0.8019640362262725,0.0008555405406514,0.3197458294034004,0.8483836108446121,24.4480695860002,0.0002485128036071,,,,,,,,0.0019537721108645,no_variance,44,0
37,0.7274424877762794,0.0242722457973286,0.4461744095385074,0.7977525955438614,0.0006925738468999,0.3184770210087299,0.844854896068573,24.626261383000383,0.0002453585622314,,,,,,,,0.0019678765576099,no_variance,44,0
38,0.7616529262065888,0.021186221181415,0.4654662626981735,0.7875182291865349,0.0006173528480576,0.3334599603712558,0.8780650335550308,24.31893802500053,0.0002421319069034,,,,,,,,0.0017806011403445,no_variance,44,0
39,0.7273264545202255,0.0222817257652059,0.4453085823357105,0.824896023273468,0.0005339932633796,0.3170376852154731,0.8452020895481109,25.6342097859997,0.0002388352878997,0.6683188375497607,0.56428722229851,0.4254748317244846,0.6683188375497607,0.4685792934903421,0.5559635358554275,0.612824952391858,0.0016976127744419,no_variance,44,0
40,0.7464138057827949,0.0226726294797845,0.4569173513352871,0.8110413345694542,0.0004435347730759,0.3253316103667021,0.8637149474024772,22.95476790400062,0.0002354712086265,,,,,,,,0.0016983764441101,no_variance,44,0
41,0.7616769397258758,0.0209516332903876,0.4653868377208709,0.8279028260707855,0.0003661594798904,0.3333189958333969,0.8818169343471527,22.17741992899937,0.0002320422237183,,,,,,,,0.0015125612559495,no_variance,44,0
42,0.7350385400652886,0.0212175383744761,0.4495101562142372,0.7991172730922699,0.0003672206244664,0.3229450024664402,0.8527843907475472,22.48670242300068,0.0002285509370981,,,,,,,,0.0019957074645208,no_variance,44,0
43,0.7203028777241707,0.0200464968662709,0.4402003429830074,0.7990371739864349,0.0003201849808101,0.3162259274721146,0.8366165092587471,24.30151118499998,0.000225,,,,,,,,0.0013525570153433,no_variance,44,0
44,0.7305516085028648,0.0201155116653535,0.4463771867752075,0.7816124123334884,0.0002594543050508,0.3208037212491035,0.8456591248512269,25.77169301699905,0.0002213921089555,,,,,,,,0.0015199948982626,no_variance,44,0
45,0.72448955565691,0.0211726243724115,0.4431628037989139,0.8171521383523941,0.000222538835369,0.3192122964560985,0.8444132882356644,24.852289980000933,0.0002177300037466,,,,,,,,0.0015592485554225,no_variance,44,0
46,0.733050330132246,0.0189372776821255,0.4474051262438297,0.7886445051431656,0.000194187106972,0.321086585894227,0.8476618322730064,25.31268790699869,0.0002140164653244,,,,,,,,0.0014798166410764,no_variance,44,0
47,0.6975525680184365,0.0203635221906006,0.4266769658029079,0.7704942816495896,0.0001867966185091,0.3071165286749601,0.8111570924520493,24.60974983699998,0.0002102543136979,,,,,,,,0.0015241450554458,no_variance,44,0
48,0.7126751095056534,0.0198057743394747,0.4355273929238319,0.800645569562912,0.0001636248856084,0.3151551759243011,0.8310539177060128,25.83404721099941,0.0002064464057921,,,,,,,,0.0014930607350106,no_variance,44,0
49,0.6920686334371566,0.0170744376583024,0.422070972174406,0.7529605057835579,0.0001204915746347,0.3041032792627811,0.8016904380917549,24.604789364999306,0.0002025956332789,0.6452575964793476,0.5664496883033817,0.4491507584676482,0.6452575964793476,0.4882538647524385,0.5658376036783596,0.6020045402253879,0.0010705246681027,no_variance,44,0
50,0.724066188633442,0.0191916490590665,0.4421163898706436,0.7813837587833404,0.0001071985720045,0.3201590709388256,0.8407179725170135,23.670737686999928,0.0001987049203807,,,,,,,,0.0014938856639491,no_variance,44,0
51,0.7072823834419251,0.0196300216717645,0.4322214536368847,0.7793496975302696,9.776721075468232e-05,0.3130919086933136,0.8235673874616622,23.736466715999995,0.0001947772216502,,,,,,,,0.0015708396537229,no_variance,44,0
52,0.7337221556901932,0.0202993808919563,0.4483530634641647,0.8045142650604248,9.574703246471472e-05,0.3263278789818287,0.8554911717772484,22.790477017999365,0.0001908155197268,,,,,,,,0.0017700892952416,no_variance,44,0
53,0.711200869679451,0.0190860649547539,0.43435496494174,0.8312431439757347,9.51213560983888e-05,0.3139135344326496,0.8317325982451439,27.17902304800009,0.0001868228230711,,,,,,,,0.0016751445409681,no_variance,44,0
54,0.7063925787806511,0.0206151873571798,0.4320816421508789,0.8114020749926567,8.45958534773672e-05,0.3114126080274582,0.8250116485357285,25.54292756200084,0.0001828021636809,,,,,,,,0.0018647878028787,no_variance,44,0
55,0.6976499223709106,0.0198932882933877,0.4265472875535488,0.7814339429140091,7.086594077918563e-05,0.3082125663757324,0.8133024021983146,25.655848342001264,0.0001787565947885,,,,,,,,0.0019780379244548,no_variance,44,0
56,0.6945045401155948,0.0177654454298317,0.4238089188933372,0.7840342772006988,6.181897451824625e-05,0.3066920814663171,0.8091578674316406,25.06924259399966,0.0001746891885421,,,,,,,,0.0012517438951545,no_variance,44,0
57,0.6880965399742126,0.0203981963661499,0.4210172164440155,0.8279852402210236,5.654960608808324e-05,0.3043878911435604,0.8086056369543075,25.799877711999216,0.0001706030336727,,,,,,,,0.0019958743195456,no_variance,44,0
58,0.7168288907408714,0.0180320735950954,0.4373101833462715,0.7814223924279213,7.175511223977083e-05,0.3172397887706756,0.8329799610376358,25.95504422099839,0.0001665012331491,,,,,,,,0.0014208030118243,no_variance,44,0
59,0.7363246047496795,0.015209695714293,0.4478786590695381,0.7992830848693848,4.685173062171089e-05,0.3244798132777214,0.8525026682019233,26.773585366001495,0.0001623869018208,0.7123702428649263,0.6136867750846239,0.47283115183757,0.7123702428649263,0.5015592578766084,0.6271308245123366,0.6588112934281,0.0010677040840164,no_variance,44,0
60,0.6954439121484757,0.0145481680589728,0.4230856315791607,0.7445005777478219,3.729343022314424e-05,0.3057102604955435,0.8034790542721748,24.48135482799989,0.0001582631640533,,,,,,,,0.0011561727127627,no_variance,44,0
61,0.7164092747867108,0.01663815358188,0.4365008443593979,0.7734814643859863,3.895729515534185e-05,0.3169826120138168,0.831162946075201,22.78608691599948,0.0001541331513552,,,,,,,,0.0016469541180413,no_variance,44,0
62,0.6923046627640724,0.0175550686079077,0.4224048452079296,0.7746822035312653,3.7898651294199225e-05,0.3066803401708602,0.8068863615393639,23.95683680699949,0.00015,,,,,,,,0.0016552788030458,no_variance,44,0
63,0.7073845200240612,0.016116339364089,0.4308772636950016,0.7575117862224579,3.933636513011152e-05,0.3129385274648666,0.8198465418815613,26.244634577999022,0.0001458668486447,,,,,,,,0.0013880424829767,no_variance,44,0
64,0.7271179127693176,0.0161776142287999,0.4427418130636215,0.7921338212490082,4.355854761342926e-05,0.3213370043039322,0.8436111611127853,26.50763128700055,0.0001417368359466,,,,,,,,0.001583888281857,no_variance,44,0
65,0.6966190570592881,0.017864953946555,0.4251174329221248,0.7953158777952194,5.268521068501286e-05,0.3090915039181709,0.8140352609753608,27.32800676900115,0.0001376130981791,,,,,,,,0.001460516271818,no_variance,44,0
66,0.7050146329402923,0.0168696566834114,0.4297566574811935,0.771383085846901,4.452095097576603e-05,0.3135904479771852,0.8208174139261246,27.761972309001067,0.0001334987668508,,,,,,,,0.0016488703810864,no_variance,44,0
67,0.7104885798692703,0.0171589731634594,0.4331567569077015,0.7723204374313355,4.033012491618138e-05,0.3127202484756708,0.8234500613808632,25.247342982998816,0.0001293969663272,,,,,,,,0.0016949553849008,no_variance,44,0
68,0.7107815045118332,0.0141869290231261,0.4321436941623687,0.7867700272798538,2.820939320145044e-05,0.3133845914900303,0.8244423216581345,26.68364268600089,0.0001253108114578,,,,,,,,0.0011780869990798,no_variance,44,0
69,0.6981799522042275,0.0151915424573235,0.4249846075475216,0.7640563413500786,2.8382500331645134e-05,0.310039042532444,0.811736815571785,25.803051861999847,0.0001212434052114,0.7134454983959032,0.6222955361059435,0.4939413703467418,0.7134454983959032,0.508918852223734,0.6445222576981932,0.6641500969039992,0.0015305681052086,no_variance,44,0
70,0.6879101359844207,0.0188537677377462,0.4202876044809818,0.8176331830024719,4.146572737226961e-05,0.3046648095548153,0.8071024645864964,23.76054750200092,0.000117197836319,,,,,,,,0.0019233011606775,no_variance,44,0
71,0.6701197990775108,0.0173847565101459,0.409025797471404,0.772735545039177,2.80671060363602e-05,0.2982495128363371,0.7849175077676773,23.11934542299969,0.0001131771769288,,,,,,,,0.0018361767414171,no_variance,44,0
72,0.7390723921358585,0.0212733355909585,0.4519527881592512,0.8177980279922485,3.977437982484844e-05,0.3299749556183815,0.8642624947428703,23.350491264000084,0.0001091844802731,,,,,,,,0.0027647704149421,no_variance,44,0
73,0.6984311482310295,0.0221429518121294,0.4279158872365951,0.8202688637375831,5.977807749786735e-05,0.3110637745261192,0.8216073495149613,25.83147075299894,0.0001052227783497,,,,,,,,0.0029890619705111,no_variance,44,0
74,0.7514936611056328,0.0197782417200505,0.4588075126707553,0.8383833116292954,5.9243424348096594e-05,0.3339948384463787,0.8771603655815124,26.504738328998428,0.0001012950796192,,,,,,,,0.0025835968899809,no_variance,44,0
75,0.7429289031028747,0.0186205602274276,0.4532055841386318,0.8065752652287483,6.927134960960758e-05,0.3287672483921051,0.8631191843748093,25.48602544300047,9.740436672108684e-05,,,,,,,,0.0024267976824467,no_variance,44,0
76,0.6948640322685242,0.0195826579723507,0.4247514969110489,0.8055269184708596,3.137063393182871e-05,0.3089781706035137,0.8147744607925415,25.028695458000584,9.355359420782469e-05,,,,,,,,0.0024526191884979,no_variance,44,0
77,0.7198292794823646,0.0222769316611811,0.4408083567023277,0.8113059818744659,7.023766771908412e-05,0.3210152687132359,0.8436223143339157,25.8837043679996,8.97456863020546e-05,,,,,,,,0.0033228989522649,no_variance,44,0
78,0.7054237762093544,0.0196205097134225,0.4311024866998195,0.8249380511045455,4.564823930650164e-05,0.3135891844332218,0.8276636233925819,26.686157031999755,8.598353467553945e-05,,,,,,,,0.0023792939766644,no_variance,44,0
79,0.6968747371435166,0.0188810297462623,0.4256772708892822,0.8125117337703704,5.03486221532512e-05,0.3091139339655637,0.8165074950456619,25.389962109999036,8.226999625336662e-05,0.6941023017640102,0.5983940591691632,0.4695464794748876,0.6941023017640102,0.4822369507054846,0.6188429250379949,0.6429342467566438,0.0023129649308793,no_variance,44,0
80,0.7063867065310478,0.0172376924246782,0.4307271173596382,0.7989689922332763,2.97743299722697e-05,0.3124214993417263,0.8234395435452462,23.252950051999505,7.860789104443896e-05,,,,,,,,0.0019626992430039,no_variance,44,0
81,0.6986909614503384,0.0178009585244581,0.4263349808752537,0.788439822793007,4.344418021446472e-05,0.3103818206489086,0.8160159957408905,24.08171209399916,7.500000000000002e-05,,,,,,,,0.0022651915383903,no_variance,44,0
82,0.6905201891064644,0.0190568787697702,0.4219348818063736,0.7936205041408538,3.650777082611967e-05,0.3069417650997639,0.8087135604023934,23.003560499999367,7.144906290181832e-05,,,,,,,,0.0023651993337534,no_variance,44,0
83,0.7063632616400719,0.0178280818881466,0.4309492060542106,0.803536086678505,4.037772906031023e-05,0.3139275275170803,0.8256806069612503,25.422864343001493,6.795777628163599e-05,,,,,,,,0.0022412579599222,no_variance,44,0
84,0.7185145312547684,0.0197396135074086,0.439004582464695,0.8173187640309334,3.887011784058814e-05,0.3196051633358002,0.8408781179785728,25.12538924100045,6.452879137346007e-05,,,,,,,,0.0026727585445041,no_variance,44,0
85,0.6898548802733422,0.0187399513460695,0.4214089281111955,0.8161091729998589,2.798077592842674e-05,0.3075355903804302,0.811056450754404,25.239136733000123,6.1164712100253e-05,,,,,,,,0.0024980571551077,no_variance,44,0
86,0.7228376251459122,0.017516559632495,0.4407092158496379,0.7738031956553459,2.884299162815296e-05,0.3230894120037555,0.8416172906756401,25.43552838999858,5.786809309654982e-05,,,,,,,,0.0021844764629167,no_variance,44,0
87,0.7316130238771439,0.0191502293362282,0.4466279229521751,0.8136995100975036,4.403759517458639e-05,0.3238611353933811,0.8523489210009575,25.489380021001125,5.464143776850482e-05,,,,,,,,0.0024385423453668,no_variance,44,0
88,0.7075500443577767,0.0176939251087605,0.4316076140105724,0.7814560058712959,3.36660140760614e-05,0.3156322546303272,0.8258583053946496,26.42799554900012,5.148719639283984e-05,,,,,,,,0.0023557653068019,no_variance,44,0
89,0.694190439581871,0.0183672678098082,0.4238611862063408,0.808576706647873,4.399094736527332e-05,0.3087657611817122,0.8139552772045135,25.067165180000305,4.840776425613886e-05,0.6874668370185524,0.6002277456278826,0.4820082992750791,0.6874668370185524,0.4969594055097615,0.6162569943553343,0.6407492558270041,0.0023422944722369,no_variance,44,0
90,0.7068328753113746,0.0184332794393412,0.4314730559289455,0.78314029276371,5.055798081912144e-05,0.3141292249411344,0.8244019809365273,23.719906674999947,4.5405479835900685e-05,,,,,,,,0.0024157202447895,no_variance,44,0
91,0.7177987387776374,0.0189456748217344,0.4382575306296348,0.8318157041072846,3.804526195381186e-05,0.319810081422329,0.8417553049325943,23.3416180410004,4.2482623024732334e-05,,,,,,,,0.0025210727711237,no_variance,44,0
92,0.7115514668822288,0.0176547306333668,0.4339927896857262,0.7761254134774208,5.528562915969815e-05,0.3156128066778183,0.8276396080851555,23.38133465300052,3.964141339903026e-05,,,,,,,,0.0020935089835438,no_variance,44,0
93,0.7065857577323914,0.0181659688137006,0.431217859685421,0.7907826915383339,4.582026293064701e-05,0.3137272717058658,0.8244765877723694,24.976991374000136,3.6884008533465575e-05,,,,,,,,0.0022544535219276,no_variance,44,0
94,0.7348549461364746,0.0163154426461551,0.4474391646683216,0.8152953979372978,3.0318372188276045e-05,0.3263661856949329,0.8557143825292587,24.679689632999725,3.4212502362551864e-05,,,,,,,,0.0018898700082172,no_variance,44,0
95,0.7200488966703414,0.0169973000069148,0.4388282790780067,0.7887295034527778,3.785469022659527e-05,0.3194824774563312,0.8376161471009255,25.689116427000044,3.162892359054098e-05,,,,,,,,0.0021527405982124,no_variance,44,0
96,0.7176948720216751,0.0178360338462516,0.4377513538300991,0.7999260592460632,6.315148664270964e-05,0.3184198679029941,0.8366400924324989,26.2713612030002,2.913523415085328e-05,,,,,,,,0.0023655513226185,no_variance,44,0
97,0.7176457092165947,0.0178073360398411,0.4377103791385889,0.8081487920880318,5.777598545819274e-05,0.3183666716516018,0.8373936772346496,25.880117541999425,2.673332771621324e-05,,,,,,,,0.002494260211024,no_variance,44,0
98,0.6949714350700379,0.0184549984638579,0.4243648779392242,0.779172914326191,6.104800631419494e-05,0.3086515073478222,0.8114381617307663,26.50109573199916,2.4425028260620715e-05,,,,,,,,0.0025071434428355,no_variance,44,0
99,0.6904109066724777,0.0184309085342101,0.4216189242899418,0.7919513759016991,5.7900653675915234e-05,0.3078302703797817,0.8091348615288735,25.402322169999024,2.221208867425096e-05,0.7167721087894999,0.6278819848704106,0.5033378734293926,0.7167721087894999,0.5151814034378369,0.6516924423838947,0.6687616480777623,0.0024381706299027,no_variance,44,0
100,0.7292996022105217,0.0174163462733849,0.4445463174581527,0.8403742372989654,5.31246375135197e-05,0.3255883593857288,0.8546217161417008,23.037184996001088,2.009618943233419e-05,,,,,,,,0.0022347727037504,no_variance,44,0
101,0.6922908236086368,0.0178467364329844,0.4225132063031196,0.7889612057805061,4.437111658262438e-05,0.3074290986359119,0.8092947897315025,22.80587027799993,1.807893731902665e-05,,,,,,,,0.0022707432831884,no_variance,44,0
102,0.6892141465842724,0.0200589734548702,0.4215520949661732,0.7461668562889099,6.445687213272323e-05,0.3085013211518526,0.8052373099327087,23.351328062999528,1.616186420724089e-05,,,,,,,,0.0028199220303395,no_variance,44,0
103,0.7196777445077897,0.0178795639681629,0.4389584879577159,0.8222844937443733,4.9982406454773806e-05,0.3212190195918083,0.8428890454769135,25.085227722000127,1.4346425895363384e-05,,,,,,,,0.002402923255413,no_variance,44,0
104,0.686880983710289,0.0185701290203724,0.4195566567778587,0.7932591760158538,5.60019684070312e-05,0.3061862090229988,0.8055340227484703,26.600805299998683,1.2634001001741372e-05,,,,,,,,0.0023121596841519,no_variance,44,0
105,0.7029095767438411,0.017459118925035,0.4287294090539217,0.7825041687488556,6.146452567691085e-05,0.3119976957887411,0.8194332745671272,26.787769348999063,1.1025889917779737e-05,,,,,,,,0.0022634113122694,no_variance,44,0
106,0.7175726968050004,0.0188935372978448,0.4381010526418686,0.7916221296787262,7.283552153239725e-05,0.3206780709326267,0.8384930765628815,25.16602074000002,9.523313820441804e-06,,,,,,,,0.0027404940458836,no_variance,44,0
107,0.717722993195057,0.017718700938858,0.4377212940156459,0.7669179370999336,6.864415236123023e-05,0.3195952770113945,0.834504300057888,25.5482294400008,8.127413744904804e-06,,,,,,,,0.0024625037786734,no_variance,44,0
108,0.6912202918529511,0.014603732349351,0.4205736850202083,0.7591280806064605,4.99264185350512e-05,0.3063757015764713,0.8031981945037842,25.719335165000302,6.839249718073875e-06,,,,,,,,0.0016675030453029,no_variance,44,0
109,0.6952761732041836,0.0140727933798916,0.4227948354929685,0.7579314181208611,4.675106186709854e-05,0.3087211833894253,0.8076503701508045,24.64531356600128,5.659799953612438e-06,0.7207142262675427,0.6268991990411052,0.5013979992782872,0.7207142262675427,0.5136371134599463,0.6463462573958271,0.6706380954006859,0.0016943326723236,no_variance,44,0
110,0.7022267732024193,0.0160412991442717,0.4277526025474071,0.7525879710912704,5.450650633974874e-05,0.3123066735267639,0.8157266253232955,22.840332318000947,4.589960109100444e-06,,,,,,,,0.0020291189885256,no_variance,44,0
111,0.6895059737563133,0.0143928192136809,0.419460729509592,0.7379557695984841,4.446320772444778e-05,0.3069108851253986,0.8005078941583633,22.93990884800041,3.630542605884657e-06,,,,,,,,0.0016924171801417,no_variance,44,0
112,0.689342081695795,0.0164624304510653,0.4201902374625206,0.7827031499147415,4.384392037991347e-05,0.3082649847865105,0.8071330320835114,23.07385706299829,2.7822760121373187e-06,,,,,,,,0.002026518151872,no_variance,44,0
113,0.6920578619837761,0.0158575383760035,0.421577748209238,0.7611725482344628,4.456208165720454e-05,0.3081809094548225,0.8062505152821541,24.48006282999995,2.0458044895916517e-06,,,,,,,,0.0018618607880443,no_variance,44,0
114,0.6699622091650963,0.0149937466229312,0.4079748395085334,0.7336750093102455,4.976814754854786e-05,0.2959360873699188,0.7776289662718773,26.37622479899983,1.4216873043745137e-06,,,,,,,,0.0017402288255311,no_variance,44,0
115,0.6638625982403755,0.0180340938363224,0.4055312125384807,0.7819078013300895,4.2221095127388254e-05,0.2951727919280529,0.7792835640907287,26.323941425998783,9.103984023075772e-07,,,,,,,,0.0019333303970279,no_variance,44,0
116,0.6771519672870636,0.015396508333506,0.4124498008191585,0.7673080104589463,4.3348871358830365e-05,0.3010050047934055,0.7905384775996208,26.37296339400018,5.123260489995229e-07,,,,,,,,0.0017534866011646,no_variance,44,0
117,0.6953049576282502,0.0165522562211845,0.4238038954138756,0.7554741755127907,4.524548662743655e-05,0.3101368122547865,0.8099073818325997,25.58812123899952,2.2777253500257386e-07,,,,,,,,0.0020849553330219,no_variance,44,0
118,0.6930652537941933,0.015983896300313,0.4222327265143394,0.7664016687870026,5.002276165555486e-05,0.3086732460558414,0.807949301302433,25.79385930900025,5.695394625728767e-08,,,,,,,,0.0020032492560744,no_variance,44,0
119,0.7074366509914398,0.016874228104134,0.4312116986513137,0.7542491194605827,4.473649544479486e-05,0.3141982831060886,0.8212366035580635,26.169905471000675,0.0,0.7182340765630819,0.626261645991264,0.5025679598099408,0.7182340765630819,0.514492412582166,0.646058448828544,0.6690757357162225,0.0019973850740291,no_variance,44,0
0,0.9702662259340288,0.7063333302736282,0.8646930956840515,0.7387487226724625,0.0670190870389342,0.588769081234932,1.5306880033016206,26.723253576999923,5.1e-05,,,,,,,,,no_max,44,0
1,0.9679826599359512,0.5625702768564225,0.805817734003067,0.6830889385938644,0.0567150039970874,0.4803387382626533,1.357301113605499,25.545306393998544,0.0001009999999999,,,,,,,,,no_max,44,0
2,0.9600675910711288,0.4737085136771202,0.7655239897966385,0.6825246769189834,0.0721626608073711,0.4548741137981414,1.2922587037086486,25.53132598899901,0.0001509999999999,,,,,,,,,no_max,44,0
3,0.962645741701126,0.4204647409915924,0.7457733714580536,0.678829836845398,0.0704891258478164,0.440259643793106,1.2574404513835906,25.60329481400004,0.0002009999999999,,,,,,,,,no_max,44,0
4,0.9570053523778916,0.3663541090488433,0.7207448852062225,0.6920199865102767,0.0654094107449054,0.4214418011903763,1.2146591651439669,25.073271306000606,0.000251,,,,,,,,,no_max,44,0
5,0.9454259341955183,0.3124494159221649,0.6922353506088257,0.6821897000074386,0.0580499915778637,0.400114920437336,1.1634717345237733,24.098691397999573,0.0003,,,,,,,,,no_max,44,0
6,0.943729008436203,0.2567176952958107,0.6689245051145554,0.6883581960201264,0.0538509221374988,0.3900595989823341,1.1305124706029892,25.02310987599958,0.0002999430460537,,,,,,,,,no_max,44,0
7,0.9363461416959764,0.2110616582632064,0.6462323707342148,0.689081898033619,0.0484206027910113,0.3796930143237114,1.097254605293274,22.410171678999177,0.0002997722274649,,,,,,,,,no_max,44,0
8,0.9166265606880188,0.1768942682445049,0.620733666419983,0.7027245944738388,0.0444986260309815,0.3636462570726871,1.0568773192167282,22.56242806299997,0.000299487673951,,,,,,,,,no_max,44,0
9,0.9074280422925948,0.1466223372519016,0.6031057834625244,0.703469415307045,0.0419416748732328,0.3593459242582321,1.0348957341909408,22.10949077300029,0.0002990896015976,0.4045288559122881,0.3956667313419036,0.3354019593254807,0.4045288559122881,0.36186740442639,0.4206039336870327,0.394957528882492,,no_max,44,0
10,0.8953974920511246,0.1229816484451293,0.5864311733841896,0.687018804550171,0.038862367272377,0.352850783765316,1.009926949739456,24.370539527999423,0.0002985783126956,,,,,,,,,no_max,44,0
11,0.8722280043363572,0.1045481856912374,0.5651561015844345,0.7090077942609787,0.0357178492844104,0.3388148161768913,0.9766575908660888,25.05849378699895,0.0002979541955104,,,,,,,,,no_max,44,0
12,0.8657676756381989,0.0882300383597612,0.5547526383399963,0.7114075446128845,0.0326335347630083,0.3361880639195442,0.9637131273746492,25.020469809000133,0.0002972177239878,,,,,,,,,no_max,44,0
13,0.8481847709417343,0.0759166705608367,0.539277556836605,0.708786147236824,0.0294214020296931,0.3300255820155143,0.9416528224945068,26.41161413000009,0.0002963694573941,,,,,,,,,no_max,44,0
14,0.8617800426483154,0.0639806528389453,0.5426603072881698,0.7114259690046311,0.0263371292687952,0.3429048687219619,0.9580246275663375,25.447496175998825,0.0002954100398908,,,,,,,,,no_max,44,0
15,0.8353500133752823,0.0588162683323025,0.5247365337610245,0.7227928727865219,0.023134897518903,0.3355519044399261,0.9337244665622711,24.930415184000594,0.0002943402000463,,,,,,,,,no_max,44,0
16,0.8200856375694275,0.05181838452816,0.5127787575125694,0.7488122797012329,0.0201226318627595,0.3251077882945538,0.9137739062309264,25.33437823299937,0.0002931607502819,,,,,,,,,no_max,44,0
17,0.8102911016345025,0.0474326381273567,0.5051477345824241,0.73160140812397,0.0169941339176148,0.3239168608188629,0.9030744433403016,22.1463222909988,0.000291872586255,,,,,,,,,no_max,44,0
18,0.8412782055139542,0.0539813319407403,0.5263594737648964,0.7949021291732788,0.0141312977857887,0.3505212606489658,0.970792487859726,23.65941877499972,0.0002904766861795,,,,,,,,0.0685748997260816,no_max,44,0
19,0.8240530616044999,0.047489052042365,0.5134274798631668,0.7692942273616791,0.0123664872627705,0.341551435738802,0.9385899633169176,22.55484988900025,0.0002889741100822,0.616363798302965,0.5258451757947993,0.3955623284356197,0.616363798302965,0.4545667155568907,0.5066050135245427,0.5671280645637807,0.0303164958453271,no_max,44,0
20,0.8020638304948807,0.0425986979715526,0.4982777968049049,0.788492298424244,0.0106932243518531,0.3349755749106407,0.9164496767520904,26.112950204998924,0.0002873659989982,,,,,,,,0.0190620668197516,no_max,44,0
21,0.8033064034581184,0.0389444659464061,0.4975616502761841,0.7871339869499206,0.0090531995892524,0.3336941912770271,0.9120777922868728,25.392911363000167,0.0002856535741046,,,,,,,,0.0082794829690828,no_max,44,0
22,0.7951347941160202,0.0395553376153111,0.4929030326008796,0.8076816248893738,0.0077856953442096,0.3356426002085209,0.9112427294254304,26.726773945998502,0.0002838381357927,,,,,,,,0.0076982288248836,no_max,44,0
23,0.7828498965501786,0.0346533398795872,0.4835712951421738,0.8184419646859169,0.0066005049319937,0.329060965180397,0.896095250248909,26.06891346900011,0.0002819210626809,,,,,,,,0.0064438156224787,no_max,44,0
24,0.7961039826273918,0.0323032786790281,0.4905837231874466,0.8115903401374817,0.0056974859628826,0.3369548271596432,0.9101314324140548,25.80302719400061,0.0002799038105676,,,,,,,,0.0057448685867711,no_max,44,0
25,0.7903309655189514,0.0355858270358294,0.4884329310059547,0.8127752447128296,0.004596921543125,0.3365402181446552,0.9077759492397308,26.336234157000945,0.0002777879113257,,,,,,,,0.0064771197875961,no_max,44,0
26,0.7749059823155403,0.0296043758280575,0.4767853590846062,0.7969661861658096,0.0039410341833718,0.3249716411530972,0.8828877151012421,26.46578702700026,0.0002755749717393,,,,,,,,0.0061852066870778,no_max,44,0
27,0.7770909923315048,0.0302174133248627,0.4783415812253952,0.8190387499332428,0.0034060350130312,0.3316403645277023,0.8931855815649032,24.151973584001095,0.0002732666722837,,,,,,,,0.0056473287288099,no_max,44,0
28,0.7755455368757248,0.0265071695949882,0.475930211097002,0.8012056165933609,0.0030202025966718,0.3307426539063454,0.8879419767856598,23.572387045998767,0.0002708647658491,,,,,,,,0.00498771361541,no_max,44,0
29,0.762808188199997,0.0263132119458168,0.4682102158665657,0.8039152348041534,0.0025660141929984,0.3277721792459488,0.8773595127463341,23.900396428000025,0.0002683710764094,0.699865076987976,0.5978570674852892,0.4528146345232549,0.699865076987976,0.4943475538685416,0.5993585715993496,0.6445576298906979,0.0042864368250593,no_max,44,0
30,0.7675183540582657,0.0260587489930912,0.4709345310926437,0.8439017757773399,0.0022486907360143,0.3291635851562023,0.8853365722298622,26.18253447400093,0.0002657874976374,,,,,,,,0.0036792129860259,no_max,44,0
31,0.7533528324961662,0.0283242734940722,0.4633414283394813,0.8199666574597358,0.0019226005405653,0.3257298503816128,0.8718931746482849,26.16170270300063,0.0002631159914665,,,,,,,,0.0036454945243895,no_max,44,0
32,0.7582804355025291,0.0269129857141524,0.4657334756851196,0.8189550399780273,0.0016975978133268,0.3276042050123214,0.8759541508555412,26.598761863000615,0.0002603585866009,,,,,,,,0.0031804226327221,no_max,44,0
33,0.7581348219513893,0.0231731574703007,0.464150171726942,0.803149596452713,0.0014167792536318,0.3266155271232128,0.8716748982667923,25.722994845998983,0.0002575173769752,,,,,,,,0.0026169806951656,no_max,44,0
34,0.7152301743626595,0.0261463453434407,0.4395966595411301,0.7913979741930962,0.0012103604228468,0.3109042006731033,0.8301877957582474,26.160226624000643,0.000254594520164,,,,,,,,0.0024330738326534,no_max,44,0
35,0.7685933324694634,0.0246045704558491,0.4709978467226028,0.8340722435712814,0.0009484523261198,0.3326848269999027,0.8875782060623169,25.646687935000955,0.0002515922357438,,,,,,,,0.0022044091706629,no_max,44,0
36,0.731201006770134,0.0232090574130415,0.4480042441189289,0.788362005352974,0.0008398651808965,0.3192980018258095,0.8465846970677375,25.253194385000825,0.0002485128036071,,,,,,,,0.0020212865265784,no_max,44,0
37,0.727030166387558,0.0246989558544009,0.4460976965725421,0.8102692115306854,0.0007016550452681,0.3191620592772961,0.84670494556427,23.706428977999167,0.0002453585622314,,,,,,,,0.0019159064034465,no_max,44,0
38,0.7616248437762261,0.0209594377223402,0.4653586974740028,0.7905171826481819,0.0006221446982817,0.3339198333024978,0.8786920922994613,22.91678940400016,0.0002421319069034,,,,,,,,0.0016536946798441,no_max,44,0
39,0.7274074810743332,0.0218285426776856,0.4451759240031242,0.8418478775024414,0.0005373198870802,0.3172819852828979,0.8469760203361512,23.51632024399987,0.0002388352878997,0.7066442828203677,0.6031146333526872,0.4489956257057694,0.7066442828203677,0.4865934640852405,0.6161061531524532,0.6498205222686038,0.0015322655509226,no_max,44,0
40,0.7446240335702896,0.0226612781966105,0.4558389501273632,0.8060576716065406,0.0004161434236448,0.3244476190209389,0.8612438327074051,27.0958139760005,0.0002354712086265,,,,,,,,0.0016534131200751,no_max,44,0
41,0.7600499418377876,0.0215696632303297,0.4646578511595726,0.8301950961351394,0.0003604580351384,0.333416411280632,0.8814371258020401,25.66471530299896,0.0002320422237183,,,,,,,,0.0016266457241727,no_max,44,0
42,0.7348656770586968,0.0209540814114734,0.4493010564148426,0.7868296903371811,0.0003586064546834,0.3231691575050354,0.8515142321586608,26.51001377099965,0.0002285509370981,,,,,,,,0.0017156068322947,no_max,44,0
43,0.7206778779625893,0.0197003038274124,0.4402868650853634,0.8090223866701126,0.0002981483530311,0.3155906708538532,0.8370237728953361,25.39918010600013,0.000225,,,,,,,,0.001145483979053,no_max,44,0
44,0.7334327316284179,0.0198302523395977,0.4479917564988136,0.7916187208890915,0.0002522245779982,0.3206348766386508,0.8480874997377396,26.398525245998822,0.0002213921089555,,,,,,,,0.0014319213590351,no_max,44,0
45,0.725798487663269,0.0210739988787099,0.4439087098836898,0.791892101764679,0.0002208441747643,0.3195876112580299,0.8430036732554436,26.24351331300022,0.0002177300037466,,,,,,,,0.0015354884999396,no_max,44,0
46,0.7374127723276616,0.0200637162709608,0.4504731698334217,0.806462542116642,0.000196207002009,0.3236499747633934,0.8551152446866035,26.303387223000755,0.0002140164653244,,,,,,,,0.0016801473348459,no_max,44,0
47,0.6983446934819222,0.0202375783678144,0.4271018631756306,0.7742303854227066,0.000172541024076,0.3067612478137016,0.8115942505002022,23.64580004199888,0.0002102543136979,,,,,,,,0.0014973708078468,no_max,44,0
48,0.7123567771911621,0.0196968531841412,0.4352928236126899,0.8038523423671723,0.0001518652394588,0.3144889740645885,0.8304571861028671,24.00176993399873,0.0002064464057921,,,,,,,,0.0014128356189758,no_max,44,0
49,0.696985491514206,0.0177972581190988,0.4253102155029774,0.7507799729704857,0.000124416856488,0.3072102600336074,0.8078330418467522,22.921737983999265,0.0002025956332789,0.6458454325676679,0.5749372706265601,0.4501458067170112,0.6458454325676679,0.4946732786465067,0.5842931006655059,0.6050030214002698,0.0011417474354675,no_max,44,0
50,0.7250111916661263,0.0195382156712003,0.4428220173716545,0.7876503425836563,0.000105411824843,0.3202061632275581,0.8420875960588455,25.867565086000468,0.0001987049203807,,,,,,,,0.0014455400397127,no_max,44,0
51,0.7080160236358642,0.0196542841708287,0.4326713465154171,0.7843436172604561,9.922232504322892e-05,0.3131972640752792,0.8246023342013359,26.558374443000503,0.0001947772216502,,,,,,,,0.0014719818547018,no_max,44,0
52,0.7348005047440529,0.0208850032929331,0.4492343218624592,0.8122573506832123,8.779771036643069e-05,0.3261050486564636,0.8569093966484069,25.60326283699942,0.0001908155197268,,,,,,,,0.0016995003261399,no_max,44,0
53,0.7117652435600758,0.0194427071511745,0.4348362430930138,0.8413416481018067,9.403039235621693e-05,0.3134037568420171,0.8327190658450127,27.209651936998853,0.0001868228230711,,,,,,,,0.0017009929489358,no_max,44,0
54,0.7072107189893723,0.0212907563219778,0.432842750698328,0.8136971601843834,6.353733895593905e-05,0.3125278177857399,0.8271317818760872,25.03208850900046,0.0001828021636809,,,,,,,,0.0019415817880872,no_max,44,0
55,0.696619452983141,0.0193094366870354,0.4256954625248909,0.7818579798936844,5.92897924616409e-05,0.3069564912468195,0.8112085193395615,25.892192080000317,0.0001787565947885,,,,,,,,0.0018389878493326,no_max,44,0
56,0.6910048109292984,0.0175463713868521,0.4216214528679847,0.7776111069321633,4.848659464187222e-05,0.3053941763564944,0.8050412105023861,24.144700920000105,0.0001746891885421,,,,,,,,0.0013102341384364,no_max,44,0
57,0.6873808842897415,0.0200778110139071,0.4204596711695194,0.8171829962730408,4.3239214301138416e-05,0.3039735133200884,0.8065170907974243,23.539943634999872,0.0001706030336727,,,,,,,,0.0018172277217672,no_max,44,0
58,0.7158789476752281,0.0175919157895259,0.4365641508996487,0.787044535279274,4.968332126736641e-05,0.3169999027252197,0.8325422099232673,23.18296477600052,0.0001665012331491,,,,,,,,0.0013560924313787,no_max,44,0
59,0.7339026749134063,0.0146022159943822,0.4461825086176395,0.7887978413701058,3.552213874172594e-05,0.3235170948505401,0.8487777277827263,22.71437559799961,0.0001623869018208,0.7214020447571731,0.62150150625203,0.4783148502381706,0.7214020447571731,0.5088302476713623,0.6342722263275543,0.6671231637537299,0.0009827978501016,no_max,44,0
60,0.6947396394610404,0.014687171941623,0.4227186664938926,0.7390578863024712,3.2190411056944866e-05,0.3058285345137119,0.8026998591423035,26.8763102009998,0.0001582631640533,,,,,,,,0.0012263141679432,no_max,44,0
61,0.7188019116222858,0.016940071133431,0.4380571947246789,0.7777373111248016,3.040807853722072e-05,0.3181329197436571,0.8342926344275474,25.77037943600044,0.0001541331513552,,,,,,,,0.0016363309372172,no_max,44,0
62,0.6895208039879799,0.0171894402173347,0.4205882745981216,0.764718017578125,4.170033583022814e-05,0.3061753869056701,0.803541553914547,26.211328539000533,0.00015,,,,,,,,0.0015199972017944,no_max,44,0
63,0.7056221137940883,0.0160614059725776,0.4297978504002094,0.7495899349451065,3.149003126054595e-05,0.3117885117232799,0.8168341189622879,26.566733604000547,0.0001458668486447,,,,,,,,0.0014359530677029,no_max,44,0
64,0.726584583222866,0.0153193032788112,0.4420784918963909,0.7978343540430068,2.460875613905955e-05,0.3204671741276979,0.8426039141416549,26.12631504799901,0.0001417368359466,,,,,,,,0.0013679358445915,no_max,44,0
65,0.6978129678964615,0.0174494869448244,0.425667589455843,0.7978539615869522,3.4072638709403694e-05,0.3101243986189365,0.8158457466959953,26.143486562999897,0.0001376130981791,,,,,,,,0.0013333151238839,no_max,44,0
66,0.7036659297347069,0.0163501447578892,0.4287396314740181,0.7639696624875069,3.500884923596459e-05,0.3126021111011505,0.8180480688810349,25.79989459600074,0.0001334987668508,,,,,,,,0.0015380370317325,no_max,44,0
67,0.7095096412301064,0.0172253207047469,0.4325959321856498,0.7837388664484024,4.509087373662623e-05,0.3122130949050188,0.8235424774885177,22.78372616300112,0.0001293969663272,,,,,,,,0.0017865570417779,no_max,44,0
68,0.7125586125254632,0.0146717698476277,0.4334038914740085,0.7887545102834701,3.547885578427668e-05,0.3160481569170952,0.8285822635889053,24.11123456000132,0.0001253108114578,,,,,,,,0.0012649285867519,no_max,44,0
69,0.6991810616850853,0.0149793121835682,0.4255003793537616,0.7458371829986572,3.828330262535928e-05,0.3100973404943943,0.8104780617356301,23.379641764999175,0.0001212434052114,0.700636322392464,0.6139205845876131,0.4780285630830734,0.700636322392464,0.4969428690136687,0.6441825623567069,0.6523608251200697,0.0014735092783939,no_max,44,0
70,0.682903143465519,0.0182282935455441,0.4170332197844982,0.8238868588209152,3.380188546771023e-05,0.3025916950032115,0.8023776087164879,26.39896221900017,0.000117197836319,,,,,,,,0.0018115523494634,no_max,44,0
71,0.6743679168820381,0.0175033956242259,0.4116221250593662,0.7843179711699486,2.408946924333577e-05,0.300786280632019,0.7911903557181358,25.629569655000523,0.0001131771769288,,,,,,,,0.0017447308328974,no_max,44,0
72,0.7368299748003483,0.0208026284386869,0.4504190568625927,0.813059795498848,4.522669270045298e-05,0.3279752861708402,0.8602292075753212,25.669330486000035,0.0001091844802731,,,,,,,,0.0026331452422527,no_max,44,0
73,0.6967840459942818,0.0210271802917122,0.426481317281723,0.8221699613332748,5.107787051656487e-05,0.3099014581739902,0.8191340610384941,25.072713949999525,0.0001052227783497,,,,,,,,0.0026586689803662,no_max,44,0
74,0.7497133445739746,0.0203407724993303,0.4579643338918686,0.8286817288398742,6.311887881338407e-05,0.3333034081757068,0.8746722656488418,26.481174587999703,0.0001012950796192,,,,,,,,0.0026659653726892,no_max,44,0
75,0.7444270581007004,0.0191762464330531,0.4543267507851123,0.8108933332562447,7.89365630453176e-05,0.3306408396363258,0.8665653422474862,25.00844989500001,9.740436672108684e-05,,,,,,,,0.0025223444984658,no_max,44,0
76,0.6953073969483375,0.0197306506871245,0.4250767174363136,0.8045144566893577,3.263987246782562e-05,0.3080052508413791,0.8140071266889572,24.128264543000117,9.355359420782469e-05,,,,,,,,0.0023604185557996,no_max,44,0
77,0.7186489313840866,0.022121145799756,0.4400378359854221,0.8131925636529922,6.220664904503792e-05,0.3200871483981609,0.8420898857712745,23.43652956599908,8.97456863020546e-05,,,,,,,,0.0032127077912809,no_max,44,0
78,0.7038318055868149,0.0191460603359155,0.429957525730133,0.839154080748558,4.657313045299816e-05,0.3135176040232181,0.8278426650166512,23.37410553500013,8.598353467553945e-05,,,,,,,,0.0022489736937859,no_max,44,0
79,0.6949388267099857,0.017846412777435,0.424101880043745,0.8014218366146088,4.000793278464698e-05,0.3078859907388687,0.8125486096739769,22.8921393640012,8.226999625336662e-05,0.7079165957049738,0.6252690606317101,0.5067555368957368,0.7079165957049738,0.5191755007213347,0.6487150854688215,0.663006229302071,0.0020827647355508,no_max,44,0
80,0.7042481637001038,0.0171970018208958,0.4294277161359787,0.8004864671826363,2.7020653983527155e-05,0.3118417683243751,0.821711297929287,25.703128323000783,7.860789104443896e-05,,,,,,,,0.0019590739814657,no_max,44,0
81,0.7020949518680573,0.0177186064561829,0.4283444306254387,0.8050356191396714,3.846544172120048e-05,0.3119268615543842,0.8212275165319443,26.49338154500037,7.500000000000002e-05,,,,,,,,0.0022536616505385,no_max,44,0
82,0.6911361566185952,0.0188745728228241,0.4222315402328968,0.7780393755435944,2.933536759655908e-05,0.3066569112241268,0.8071663361787796,25.391952556999968,7.144906290181832e-05,,,,,,,,0.0023623975202826,no_max,44,0
83,0.704275654554367,0.0180270807631313,0.4297762420773506,0.8171980547904968,3.5424762538696084e-05,0.31370026871562,0.825652321279049,26.43225564000022,6.795777628163599e-05,,,,,,,,0.0022711753981184,no_max,44,0
84,0.720696035027504,0.0207575772306881,0.4407206717133522,0.7969260275363922,4.27291285177489e-05,0.3206808196008205,0.8416546902060509,25.282387078999815,6.452879137346007e-05,,,,,,,,0.002792288679775,no_max,44,0
85,0.6880031262338161,0.0179302343563176,0.4199739836156368,0.80486761033535,2.920156160826082e-05,0.3067563468962908,0.8076743206381798,25.42179186500107,6.1164712100253e-05,,,,,,,,0.0022788626967439,no_max,44,0
86,0.7227479299902916,0.017066982849501,0.440475567728281,0.7696251142024993,3.43818219221248e-05,0.3217602740228176,0.8396288391947746,24.237640785999247,5.786809309654982e-05,,,,,,,,0.0021438468006817,no_max,44,0
87,0.7307816517353057,0.0193143520981539,0.446194751560688,0.8166444802284241,4.5213565881567776e-05,0.323960128724575,0.8523204603791237,23.491354567999224,5.464143776850482e-05,,,,,,,,0.0024943312725736,no_max,44,0
88,0.7065790128707886,0.0176971581252291,0.4310262900590896,0.7737965595722198,4.686789670358849e-05,0.3147507774829864,0.823631551861763,23.70828141899983,5.148719639283984e-05,,,,,,,,0.0023623912139737,no_max,44,0
89,0.6950041364133358,0.0181371497362852,0.4242573593556881,0.7968534183502197,4.772399877765565e-05,0.3092568741738796,0.8136741292476654,22.68339425700105,4.840776425613886e-05,0.6963447944698812,0.6149106779209215,0.4990002095525925,0.6963447944698812,0.510115074012745,0.6382721652801389,0.6521801010134644,0.0023608011194301,no_max,44,0
90,0.7079879754781723,0.0184989001881331,0.4321923619508743,0.78578422665596,4.451686958645951e-05,0.3145293610543012,0.8257837629318238,23.94543514999896,4.5405479835900685e-05,,,,,,,,0.0024069343072642,no_max,44,0
91,0.7167811730504036,0.0184168955683708,0.4374354764819145,0.8289322939515114,3.3822423329183945e-05,0.3194359385967255,0.8402553328871727,23.59450586499952,4.2482623024732334e-05,,,,,,,,0.0024449690960136,no_max,44,0
92,0.7100980263948441,0.0174073519522789,0.4330217738449573,0.790993432700634,4.4069243381272825e-05,0.3150530311465263,0.8275817891955376,23.789398351000276,3.964141339903026e-05,,,,,,,,0.0020271764094468,no_max,44,0
93,0.706590687930584,0.0181659382826183,0.4312208060920238,0.7818104583024978,4.782065245535705e-05,0.3144259196519852,0.8242860528826713,23.813055383001483,3.6884008533465575e-05,,,,,,,,0.0022794397765937,no_max,44,0
94,0.7315162655711174,0.0158680624037515,0.4452570015192031,0.8279271438717842,2.9361740540707612e-05,0.3254866988956928,0.8539038991928101,22.7352119749994,3.4212502362551864e-05,,,,,,,,0.0018300862437263,no_max,44,0
95,0.7198076999187469,0.017035438963212,0.4386988112330436,0.7788550829887391,4.347026079472016e-05,0.3194606631994247,0.8364786633849144,24.008033406998948,3.162892359054098e-05,,,,,,,,0.0021575289446445,no_max,44,0
96,0.7154736503958702,0.0175587864546105,0.4363077247142792,0.8055053627490998,5.610299739146285e-05,0.3171752561628818,0.834482597708702,23.716585507001582,2.913523415085328e-05,,,,,,,,0.0022313908867363,no_max,44,0
97,0.7183668395876884,0.0170019173249602,0.4378208875656127,0.8267509970068931,4.798257931724948e-05,0.3184247659891844,0.8393698436021805,23.96726245100035,2.673332771621324e-05,,,,,,,,0.002233456671538,no_max,44,0
98,0.6943465349078178,0.0178724967339076,0.4237569351494312,0.7760227772593499,4.104580949160663e-05,0.3094743745028973,0.8113014805316925,24.1875049070004,2.4425028260620715e-05,,,,,,,,0.0023291800094193,no_max,44,0
99,0.6906002770364285,0.0180577616556547,0.4215832881629467,0.7921033698320389,5.9265668091939006e-05,0.3085467071831226,0.8098093509674072,23.083710844999587,2.221208867425096e-05,0.7262228099650448,0.641914139704675,0.5248826724667423,0.7262228099650448,0.5298940450165516,0.6696255641324287,0.6807961951371037,0.0023302751900337,no_max,44,0
100,0.7294071260094642,0.0175648929155431,0.4446702490746975,0.8355022612214088,4.835195797795677e-05,0.3252827468514442,0.8539630120992661,23.819876446001217,2.009618943233419e-05,,,,,,,,0.0022868561444192,no_max,44,0
101,0.6914700445532799,0.0174550262000411,0.4218640553951263,0.782761943936348,4.382814170639904e-05,0.3063974885642528,0.8069725614786148,23.190529277999303,1.807893731902665e-05,,,,,,,,0.0021631321584482,no_max,44,0
102,0.6864775714278221,0.0192911906912922,0.4196030374616384,0.7547984877228737,5.9347475096274136e-05,0.3078391609340906,0.8034593880176544,23.387536029998955,1.616186420724089e-05,,,,,,,,0.0026718569273543,no_max,44,0
103,0.7197665357589722,0.0183786860364489,0.439211413860321,0.8162033158540726,4.737402243790712e-05,0.3211475300788879,0.8424850797653198,24.090967940001065,1.4346425895363384e-05,,,,,,,,0.0025171660271007,no_max,44,0
104,0.6868598926067352,0.0182397119747474,0.4194118401408195,0.793644843697548,5.251853698155173e-05,0.3060623100399971,0.8052760380506515,23.754084206999323,1.2634001001741372e-05,,,,,,,,0.002173861634219,no_max,44,0
105,0.6995320902764797,0.0170957325282506,0.4265575651824474,0.781698322892189,4.910627656045108e-05,0.3104248411208391,0.8155807828903199,24.566308504001427,1.1025889917779737e-05,,,,,,,,0.0021304061945375,no_max,44,0
106,0.7143047514557839,0.0178422732127364,0.4357197770476341,0.7828345960378646,6.440457814846923e-05,0.3191736170649528,0.8336757570505142,23.44380104299853,9.523313820441804e-06,,,,,,,,0.0024784117472518,no_max,44,0
107,0.7174568372964859,0.0174881621426902,0.4374693843722343,0.780987154841423,5.541694448652379e-05,0.3195344461500645,0.8355788323283195,23.28398862100039,8.127413744904804e-06,,,,,,,,0.0023675682948646,no_max,44,0
108,0.6903552514314651,0.0145365979359485,0.4200278097391128,0.7582585340738297,4.257559126131127e-05,0.3049623779952526,0.8011469054222107,24.27545507799914,6.839249718073875e-06,,,,,,,,0.0016436680624042,no_max,44,0
109,0.6963908691704274,0.0138210150552913,0.4233629435300827,0.7616537401080131,3.483104470660692e-05,0.3097091057151556,0.8095729061961174,22.28276665900012,5.659799953612438e-06,0.7319754056153894,0.6489865949740264,0.5309563927301236,0.7319754056153894,0.5326637259352837,0.6823206533714062,0.686976861134454,0.0016687087032482,no_max,44,0
110,0.7007768866419792,0.0157637452613562,0.4267716467380523,0.7523003941774369,4.944759395925757e-05,0.3118406082689762,0.8142182558774949,22.782830844000276,4.589960109100444e-06,,,,,,,,0.001867458780423,no_max,44,0
111,0.6914581248164177,0.0142330686002969,0.4205681203305721,0.7484208661317825,4.042287784159271e-05,0.3077228134870529,0.8034633249044418,23.112328564000563,3.630542605884657e-06,,,,,,,,0.0016414131575231,no_max,44,0
112,0.6871098101139068,0.015562463349197,0.4184908886253833,0.782370668053627,4.066655974156674e-05,0.3070253916829824,0.8041116270422936,24.178730188999907,2.7822760121373187e-06,,,,,,,,0.0017812462937649,no_max,44,0
113,0.690404482781887,0.0152355549507774,0.4203369292616844,0.7602863666415215,4.099393684100505e-05,0.3065416791290045,0.8032532331347465,22.804924489999397,2.0458044895916517e-06,,,,,,,,0.0017196923869232,no_max,44,0
114,0.6701724810898304,0.0146499686618335,0.4079634921252728,0.7305777224898339,3.5845888124868e-05,0.2963535946607589,0.7777110934257507,23.479850554000222,1.4216873043745137e-06,,,,,,,,0.0016722260570969,no_max,44,0
115,0.6625477102398872,0.0178183253877796,0.4046559709310531,0.7779538363218308,4.1670704517855485e-05,0.2947459157556295,0.7775650474429131,22.86652606800089,9.103984023075772e-07,,,,,,,,0.0018284662820769,no_max,44,0
116,0.6758715802431107,0.0150956183765083,0.4115612117946148,0.7623906609416008,3.524256022046757e-05,0.299985743612051,0.788113539814949,23.20911243800037,5.123260489995229e-07,,,,,,,,0.0016287559860927,no_max,44,0
117,0.6946821993589402,0.016283413656638,0.4233227044343948,0.7581529614329338,4.2531075633860384e-05,0.3095448902994394,0.8090830832719803,22.608278932999383,2.2777253500257386e-07,,,,,,,,0.0019903401879537,no_max,44,0
118,0.6916671296954156,0.0155278567760251,0.4212114407122135,0.769757426083088,4.054578340173975e-05,0.3076663832366466,0.8062167778611183,25.364099211001303,5.695394625728767e-08,,,,,,,,0.0018059009174567,no_max,44,0
119,0.7062321591377259,0.0165500325220637,0.4303593257069588,0.757891731262207,3.923026608958935e-05,0.3135348552465439,0.8200561770796776,25.649878583000827,0.0,0.7284194689796711,0.6463284747091279,0.5300111417014193,0.7284194689796711,0.5317198575392604,0.6788460976084522,0.683951337970683,0.0018542830159634,no_max,44,0
0,0.9719077122211456,0.6428311824798584,0.8402771294116974,0.7162980115413666,0.088749231621623,0.6009811252355576,1.5173255252838134,28.163540565999934,5.1e-05,,,,,,,,,no_consistency,44,0
1,0.9623206514120102,0.402701119184494,0.738472871184349,0.687272207736969,0.0319834743998944,0.4923949453234673,1.3011942088603974,25.785531831999837,0.0001009999999999,,,,,,,,,no_consistency,44,0
2,0.9490125179290771,0.3233406028151512,0.6987437790632248,0.6929368835687637,0.042192224599421,0.4652655434608459,1.2354126262664795,23.48989441100093,0.0001509999999999,,,,,,,,,no_consistency,44,0
3,0.9494986134767532,0.2794620107114315,0.6814839965105057,0.6956274873018264,0.0719138922169804,0.4492869094014168,1.2039293479919433,22.93060144599985,0.0002009999999999,,,,,,,,,no_consistency,44,0
4,0.9399849021434784,0.241011172235012,0.6603954356908798,0.7104639971256256,0.0730988880991935,0.4288262313604354,1.163923007249832,22.679107522000777,0.000251,,,,,,,,,no_consistency,44,0
5,0.9228687119483948,0.2059812398254871,0.6361137527227402,0.7048343998193741,0.0622952169924974,0.4046876972913742,1.1143996512889862,22.654112517000613,0.0003,,,,,,,,,no_consistency,44,0
6,0.9205746471881866,0.1675030341744423,0.6193460237979889,0.7075305223464966,0.0546329472586512,0.3919288539886474,1.084759573340416,22.340444288998697,0.0002999430460537,,,,,,,,,no_consistency,44,0
7,0.9118515360355376,0.138922654017806,0.602680007815361,0.7051575961709022,0.047211349196732,0.3806660592556,1.0562223905324937,22.492743353999685,0.0002997722274649,,,,,,,,,no_consistency,44,0
8,0.8889924240112305,0.1191688410937786,0.5810630121827125,0.7234743756055831,0.0417353362590074,0.3646036896109581,1.0201009130477905,23.077924374998474,0.000299487673951,,,,,,,,,no_consistency,44,0
9,0.8821042865514755,0.1009001962840557,0.5696226727962493,0.7293378400802613,0.0375661087408661,0.3616107302904129,1.0060454976558686,22.55748397299976,0.0002990896015976,0.3685005400297794,0.3569836050735741,0.324081550784461,0.3685005400297794,0.3550492761181549,0.3474009990727881,0.3606035606183859,,no_consistency,44,0
10,0.8681633245944976,0.0849106796830892,0.5548622918128967,0.7043123689293861,0.0333487211167812,0.3532070536911487,0.9801680219173432,22.785973440000816,0.0002985783126956,,,,,,,,,no_consistency,44,0
11,0.8426980751752854,0.0729970460385084,0.5348176842927933,0.7237242823839187,0.0293121649138629,0.3398902605473995,0.94854598402977,22.312244357000964,0.0002979541955104,,,,,,,,,no_consistency,44,0
12,0.8380627393722534,0.0623021773993969,0.5277585348486901,0.7198308116197586,0.0263442649692297,0.3370020762085914,0.9380608993768692,22.777175000999705,0.0002972177239878,,,,,,,,,no_consistency,44,0
13,0.8219949316978454,0.0558355413377285,0.5155311942100524,0.7176024204492569,0.0223414134420454,0.3324401099979877,0.9208486241102218,22.83763147600075,0.0002963694573941,,,,,,,,,no_consistency,44,0
14,0.8401499038934708,0.0461872490867972,0.5225648579001426,0.7209213203191758,0.0198098213598132,0.3446544431149959,0.9403019309043884,23.351082103999943,0.0002954100398908,,,,,,,,,no_consistency,44,0
15,0.8145571011304855,0.0449380050972104,0.5067094787955284,0.7321476256847381,0.0168975066766142,0.3372332069277763,0.9180023270845412,23.123086894998774,0.0002943402000463,,,,,,,,,no_consistency,44,0
16,0.7968138974905014,0.0379799760878086,0.4932803475856781,0.7471681615710258,0.0141567449644207,0.3243079616129398,0.8930129617452621,22.98856886700014,0.0002931607502819,,,,,,,,,no_consistency,44,0
17,0.7887105956673622,0.0374211841635406,0.4881948509812355,0.7442072367668152,0.0117930846102535,0.3250484588742256,0.8882536906003952,22.26282935900053,0.000291872586255,,,,,,,,,no_consistency,44,0
18,0.8247680544853211,0.0432921595871448,0.512177719771862,0.8170561414957046,0.0101616986561566,0.3526450249552726,0.9470364481210708,22.98790143200131,0.0002904766861795,,,,,,,,,no_consistency,44,0
19,0.8062657636404037,0.0366183410584926,0.4984068131446838,0.7948808342218399,0.0085326191363856,0.3402925014495849,0.9186140304803848,21.875118431000374,0.0002889741100822,0.6270998329248877,0.5359346483867299,0.4040610996378498,0.6270998329248877,0.4455961247823665,0.5351079874529353,0.5774464042347366,,no_consistency,44,0
20,0.780694996714592,0.0345991288032382,0.4822566702961922,0.7901540565490722,0.007252146131359,0.3313280799984932,0.8929627591371536,22.590745045001317,0.0002873659989982,,,,,,,,,no_consistency,44,0
21,0.7892344847321511,0.0320899387821555,0.4863766849040985,0.8021115398406983,0.0059160971594974,0.3346309489011764,0.9015145939588548,22.221572661999744,0.0002856535741046,,,,,,,,,no_consistency,44,0
22,0.7808169528841973,0.0335912731755524,0.4819266992807388,0.8144175970554351,0.0050743468059226,0.3347814463078976,0.8984036242961884,22.65409445200021,0.0002838381357927,,,,,,,,,no_consistency,44,0
23,0.7696857482194901,0.0313624378852546,0.4743564447760582,0.8169892689585686,0.0043530510063283,0.3297467651963234,0.8860197901725769,23.41542948099959,0.0002819210626809,,,,,,,,,no_consistency,44,0
24,0.7799440896511078,0.0262276435783132,0.4784575319290161,0.8067632693052292,0.0037329367757774,0.3355912370979786,0.8949117439985276,22.3825285490002,0.0002799038105676,,,,,,,,,no_consistency,44,0
25,0.7725407585501671,0.0320764412637799,0.4763550508022308,0.7976909494400024,0.0031273431819863,0.3337762123346329,0.8900567269325257,23.3144056229994,0.0002777879113257,,,,,,,,,no_consistency,44,0
26,0.7612341848015786,0.0271813964890316,0.4676130896806716,0.8123114770650863,0.0028324040723964,0.3257113823294639,0.8746972435712814,23.390768527000542,0.0002755749717393,,,,,,,,,no_consistency,44,0
27,0.763560072183609,0.0269783483259379,0.4689274027943611,0.8345750313997269,0.0024248156766407,0.329387087225914,0.8818932324647903,24.06218341299973,0.0002732666722837,,,,,,,,,no_consistency,44,0
28,0.7643680891394615,0.0245309649035334,0.4684332579374313,0.8091835615038871,0.0020192291412968,0.3312845885753631,0.8807371610403061,22.638119040000674,0.0002708647658491,,,,,,,,,no_consistency,44,0
29,0.7529863220453262,0.0240458257496356,0.4614101466536522,0.7977559354901314,0.0018520321173127,0.3272142232954502,0.8684925639629364,23.207349811000316,0.0002683710764094,0.7016242842548093,0.6097460828188943,0.4706866461716436,0.7016242842548093,0.4935353098018031,0.6340786544000706,0.6509670600157182,,no_consistency,44,0
30,0.756830343902111,0.0233746095001697,0.4634480664134026,0.824713636636734,0.0016036227333825,0.328031578361988,0.8740311950445175,23.36279142199965,0.0002657874976374,,,,,,,,,no_consistency,44,0
31,0.7467812442779541,0.0269436845416203,0.4588462373614311,0.8254808214306831,0.0014525217714253,0.3261600343883037,0.8676269778609276,22.44798220099983,0.0002631159914665,,,,,,,,,no_consistency,44,0
32,0.7489778715372085,0.0247037232574075,0.4592682293057442,0.8101150947809219,0.0012266049464233,0.3272713977098465,0.8676124691963196,22.804874316001587,0.0002603585866009,,,,,,,,,no_consistency,44,0
33,0.748768116235733,0.0221825183043256,0.4581338928639888,0.8013675704598426,0.001068599098362,0.3253460101783275,0.8636700949072837,23.56597025399969,0.0002575173769752,,,,,,,,,no_consistency,44,0
34,0.7071833685040474,0.0250011454662308,0.4343104992806911,0.7868751990795135,0.000945760239847,0.3098557406663895,0.8229010435938835,24.69857760299965,0.000254594520164,,,,,,,,,no_consistency,44,0
35,0.7587400171160698,0.0223115613823756,0.4641686531901359,0.8196165359020233,0.0007637668604729,0.3318953897058964,0.8780638891458511,24.84459697999955,0.0002515922357438,,,,,,,,,no_consistency,44,0
36,0.7213006773591042,0.0211508199386298,0.4412407502532005,0.7909023833274841,0.00068339951511,0.31751543559134,0.8378805935382843,24.72272716599946,0.0002485128036071,,,,,,,,,no_consistency,44,0
37,0.7234330350160598,0.0240567410364747,0.4436825361847877,0.7918883883953094,0.0005719903681892,0.3184045749902725,0.8413045507669449,25.781279069000448,0.0002453585622314,,,,,,,,,no_consistency,44,0
38,0.7538791781663895,0.019332548151724,0.4600605452060699,0.779513675570488,0.0005483850828022,0.3312300249934196,0.8692693567276001,24.22925332500017,0.0002421319069034,,,,,,,,,no_consistency,44,0
39,0.7192323723435402,0.0207500591129064,0.4398394630849361,0.8273604097962379,0.0004962753079598,0.3169387009739876,0.8395390191674232,25.976819928999248,0.0002388352878997,0.6739291466003082,0.5783783167089803,0.4365041520405305,0.6739291466003082,0.4777486267950072,0.5834571767316256,0.6215213981769321,,no_consistency,44,0
40,0.737119622528553,0.0220177211053669,0.4510788798332214,0.8098511305451394,0.0003992643562378,0.3223585253208875,0.8544424846768379,23.543477501998492,0.0002354712086265,,,,,,,,,no_consistency,44,0
41,0.7529887044429779,0.0202543446258641,0.4598949775099754,0.8396339356899262,0.0003833308647153,0.3319589248299598,0.8758364617824554,22.997084716000245,0.0002320422237183,,,,,,,,,no_consistency,44,0
42,0.7340487644076348,0.0215620910888537,0.4490541131794452,0.8074518558382988,0.0003762600052868,0.3242681232094764,0.8540862366557121,23.783326803999444,0.0002285509370981,,,,,,,,,no_consistency,44,0
43,0.7148773404955864,0.0195060703903436,0.4367288506031036,0.7877659296989441,0.0003708540461957,0.3145020163059234,0.8300260096788407,24.044261397999435,0.000225,,,,,,,,,no_consistency,44,0
44,0.7310059309005738,0.0197496551054064,0.4465034389495849,0.7894984054565429,0.0002966219637892,0.321358268558979,0.8468263822793961,26.14913002299909,0.0002213921089555,,,,,,,,,no_consistency,44,0
45,0.72123117685318,0.0196599199832417,0.4406026913225651,0.8017489349842072,0.0002939281691215,0.3181940385699272,0.8389863157272339,25.843975931000383,0.0002177300037466,,,,,,,,,no_consistency,44,0
46,0.7314566335082054,0.0197830879245884,0.4467872324585915,0.7851724204421043,0.0002337087946943,0.3224043446034193,0.8477205020189286,25.5840107719996,0.0002140164653244,,,,,,,,,no_consistency,44,0
47,0.6970435798168182,0.0193020937638357,0.4259470023214817,0.7829469877481461,0.0002381135938048,0.3077828769385815,0.8120364886522293,25.101034236000487,0.0002102543136979,,,,,,,,,no_consistency,44,0
48,0.7101374453306198,0.018866777063813,0.4336291971802711,0.7998475116491318,0.0002113296596508,0.314639448672533,0.8282639592885971,25.89252047899936,0.0002064464057921,,,,,,,,,no_consistency,44,0
49,0.6950168168544769,0.0174915355560369,0.4240067191421985,0.7508522117137909,0.0001762236032664,0.3060912784934044,0.8051920315623283,25.41898911000135,0.0002025956332789,0.6652705140752315,0.5819718325628108,0.4599749668859805,0.6652705140752315,0.4959629728940233,0.5846820107191778,0.6197513549025803,,no_consistency,44,0
50,0.7226062786579132,0.0200034406897611,0.4415651625394821,0.7861817795038223,0.0001558121523703,0.3198175399005413,0.8400086718797684,23.05701841800328,0.0001987049203807,,,,,,,,,no_consistency,44,0
51,0.7026504105329514,0.0188112120795995,0.4291147482395172,0.7707457938790321,0.000133403224172,0.3114880710840225,0.817684069275856,22.96512239599906,0.0001947772216502,,,,,,,,,no_consistency,44,0
52,0.7312045305967331,0.0207618781761266,0.4470274874567985,0.8086788234114647,0.0001323082025191,0.3259364813566208,0.853838467001915,22.268796506999934,0.0001908155197268,,,,,,,,,no_consistency,44,0
53,0.7106982362270355,0.0190447049215435,0.4340368390083313,0.8216616916656494,0.0001515468850266,0.3130693392455578,0.8292799255251885,25.551702525997825,0.0001868228230711,,,,,,,,,no_consistency,44,0
54,0.7051200920343399,0.0197127480839844,0.4309571728110313,0.7998679882287979,0.0001321927668323,0.3119142304360867,0.8228648123145104,25.39216403499813,0.0001828021636809,,,,,,,,,no_consistency,44,0
55,0.6965411049127579,0.0194787752535194,0.425716187953949,0.7804533970355988,0.0001286887829337,0.3084176310896873,0.8121855908632278,25.682813359999276,0.0001787565947885,,,,,,,,,no_consistency,44,0
56,0.6896833507716655,0.0176944993482902,0.4208878257870674,0.7740047830343246,0.000118905684576,0.3055636046826839,0.8038578547537327,24.366356193000684,0.0001746891885421,,,,,,,,,no_consistency,44,0
57,0.6830126622319221,0.0194132935721427,0.4175729306042194,0.8144361966848374,9.839886781264794e-05,0.3021783740073442,0.8011998441815377,25.40762327500124,0.0001706030336727,,,,,,,,,no_consistency,44,0
58,0.7178960195183755,0.0184871777566149,0.4381325003504753,0.7793820226192474,0.0001127174388238,0.3180942521989345,0.8341705900430679,25.61959120900065,0.0001665012331491,,,,,,,,,no_consistency,44,0
59,0.7296967130899429,0.015037239647936,0.4438329423964023,0.7852232375741005,0.0001001975537292,0.3227920736372471,0.8451523545384407,25.86325252700044,0.0001623869018208,0.703578435615432,0.6091512172534161,0.4731886449308629,0.703578435615432,0.5076408956555426,0.6162343204892741,0.6522112910383703,,no_consistency,44,0
60,0.6933831155300141,0.0150190788507461,0.4220375195145607,0.741050554215908,9.497380047832848e-05,0.3054841534793377,0.8016314768791198,23.441143185998957,0.0001582631640533,,,,,,,,,no_consistency,44,0
61,0.7167928986251354,0.0162598460330627,0.4365796957165003,0.7674668997526168,7.413583158268011e-05,0.3173320525884628,0.8306621487438679,22.146706436997192,0.0001541331513552,,,,,,,,,no_consistency,44,0
62,0.6912046480178833,0.0178954320191405,0.4218809787929058,0.7766728991270065,9.075232104805763e-05,0.3075035955011844,0.8070564040541649,23.06329145199925,0.00015,,,,,,,,,no_consistency,44,0
63,0.7048668019473553,0.01563387299655,0.4291736462712288,0.7517894980311394,8.224038010666846e-05,0.3131754274666309,0.8175321367383003,24.29692597399844,0.0001458668486447,,,,,,,,,no_consistency,44,0
64,0.7242473620176315,0.0156489936658181,0.4408080333471298,0.7811186966300011,7.207251559520955e-05,0.3200994007289409,0.839022907614708,25.63652016800188,0.0001417368359466,,,,,,,,,no_consistency,44,0
65,0.6949405103921891,0.0169908155954908,0.4237606501579284,0.7882503843307496,8.008563212570152e-05,0.3081786727905273,0.8107683682441711,26.14383131700015,0.0001376130981791,,,,,,,,,no_consistency,44,0
66,0.7039798256754876,0.0164396128756925,0.4289637564122677,0.7619413486123086,7.522893347413628e-05,0.3139590825140476,0.8191207349300385,26.716580771997545,0.0001334987668508,,,,,,,,,no_consistency,44,0
67,0.7087499716877937,0.016835232716985,0.431984094530344,0.7770411875844002,7.447610387316672e-05,0.3128075475990772,0.8224994811415672,24.621826503000197,0.0001293969663272,,,,,,,,,no_consistency,44,0
68,0.7117429268360138,0.0146446435688994,0.4329036295413971,0.788654762506485,7.741399296719465e-05,0.3152607513964176,0.8270337301492691,25.869166141001187,0.0001253108114578,,,,,,,,,no_consistency,44,0
69,0.696595404446125,0.0150570031115785,0.4239800588786602,0.7499756145477295,6.979340698308078e-05,0.3092298802733421,0.8082109901309014,25.17291472899888,0.0001212434052114,0.7218187455419408,0.6257970675508742,0.4972759131687064,0.7218187455419408,0.5149760218074398,0.6405964353032418,0.6705579589072974,,no_consistency,44,0
70,0.6824821907281876,0.0186261328496038,0.4169397835433483,0.8242204159498214,7.377299892141309e-05,0.3035308773443103,0.8028963907063007,23.423754352999826,0.000117197836319,,,,,,,,,no_consistency,44,0
71,0.6700834836065769,0.0173681070259772,0.4089973479509353,0.7764221918582916,5.689923702448141e-05,0.2987092387676239,0.7853516530990601,22.45525346000068,0.0001131771769288,,,,,,,,,no_consistency,44,0
72,0.7391749270260334,0.0208422609302215,0.4518418809771538,0.8077300506830215,5.193119113755529e-05,0.3286063013970852,0.861223786175251,22.68866737499775,0.0001091844802731,,,,,,,,,no_consistency,44,0
73,0.6942801487445831,0.0211750272358767,0.4250381164252758,0.810344742834568,6.767398392184987e-05,0.3095521084964275,0.815628088414669,23.394287725997856,0.0001052227783497,,,,,,,,,no_consistency,44,0
74,0.7497742849588395,0.0199932497506961,0.4578618866205215,0.8228195264935494,7.039840103061579e-05,0.3345428846776485,0.8746902471780778,26.677345529999,0.0001012950796192,,,,,,,,,no_consistency,44,0
75,0.7412810650467873,0.0191570015042088,0.4524314567446709,0.8032675850391388,8.344723293703282e-05,0.3284534312784671,0.8612158226966858,25.65509382899836,9.740436672108684e-05,,,,,,,,,no_consistency,44,0
76,0.6901898536086083,0.0190162048675119,0.4217204116284847,0.7818191421031951,6.175083326525055e-05,0.3069495133310556,0.8068549260497093,25.332214972000656,9.355359420782469e-05,,,,,,,,,no_consistency,44,0
77,0.7164027160406112,0.0221100100129842,0.4386856506764889,0.8164532551169396,9.65535362229275e-05,0.3196806302666664,0.8400164389610291,25.89517188500031,8.97456863020546e-05,,,,,,,,,no_consistency,44,0
78,0.7041363283991814,0.0191927024209871,0.4301588955521583,0.829381982088089,7.259493657329585e-05,0.3145145411789417,0.8276152610778809,26.712087918996986,8.598353467553945e-05,,,,,,,,,no_consistency,44,0
79,0.6965341353416443,0.0184241782221943,0.4252901704609394,0.7859875595569611,5.516595031622273e-05,0.3098561856150627,0.8137478706240654,25.36197336999976,8.226999625336662e-05,0.6857135760207148,0.6011941207185809,0.4886956324452036,0.6857135760207148,0.5039690788569048,0.6138997072781228,0.6406559450725235,,no_consistency,44,0
80,0.7051480105519294,0.0176184147765161,0.4301361893117428,0.8002816721796989,5.7230919246649136e-05,0.3122488728165626,0.8224160948395729,22.75295059900236,7.860789104443896e-05,,,,,,,,,no_consistency,44,0
81,0.6985604006052017,0.0179108699643984,0.4263006077706814,0.7974168819189071,6.838731922471198e-05,0.3107575438916683,0.8168032625317574,23.29691311200077,7.500000000000002e-05,,,,,,,,,no_consistency,44,0
82,0.6897082689404488,0.0192521894653327,0.4215258556604385,0.7888979595899582,4.7028005928950735e-05,0.3060305711627006,0.8064485758543014,21.84639506700114,7.144906290181832e-05,,,,,,,,,no_consistency,44,0
83,0.7014841613173485,0.0186063095228746,0.428333038687706,0.7934792304039001,5.941719037764415e-05,0.3132405292987823,0.8209244617819786,23.32534346099783,6.795777628163599e-05,,,,,,,,,no_consistency,44,0
84,0.7180040872097015,0.0196808923361822,0.4386748290061951,0.7932998171448707,6.032500368746696e-05,0.3201087890565395,0.8381166186928749,24.628838986998744,6.452879137346007e-05,,,,,,,,,no_consistency,44,0
85,0.6878178049623966,0.0184806727711111,0.4200829687714577,0.7971111860871315,6.443362365644135e-05,0.3070257823169231,0.8068230932950974,25.179066162996605,6.1164712100253e-05,,,,,,,,,no_consistency,44,0
86,0.7204245761036873,0.0169641321734525,0.439040417522192,0.7614200404286384,7.48647769796662e-05,0.3219875273108482,0.8371736931800843,25.207815241999924,5.786809309654982e-05,,,,,,,,,no_consistency,44,0
87,0.732642751634121,0.0193080886057578,0.4473089069128036,0.8203240358829498,6.647742087807273e-05,0.3260415580868721,0.8553861933946609,24.815476084000693,5.464143776850482e-05,,,,,,,,,no_consistency,44,0
88,0.7071998238563537,0.0178451221622526,0.4314579626917839,0.7631666845083237,6.345154799419105e-05,0.3141630545258522,0.8219408631324768,26.01438938900173,5.148719639283984e-05,,,,,,,,,no_consistency,44,0
89,0.6926748341321946,0.0183029662864282,0.4229261040687561,0.8006687831878662,6.610567887037177e-05,0.3079617878049612,0.8109580716490745,24.56680708499698,4.840776425613886e-05,0.6935923720446722,0.6064204892531524,0.4973465222803029,0.6935923720446722,0.5064225874386079,0.6192465082761776,0.6478162222307793,,no_consistency,44,0
90,0.7057210114598275,0.0186138239572756,0.4308781540393829,0.7846984514594078,5.597185127044213e-05,0.3143013621866703,0.823652164041996,22.939294492000045,4.5405479835900685e-05,,,,,,,,,no_consistency,44,0
91,0.7168447795510292,0.018268416065257,0.4374142514169216,0.8179002946615219,4.442363342604949e-05,0.3192715641856193,0.8384780663251877,23.105291616000613,4.2482623024732334e-05,,,,,,,,,no_consistency,44,0
92,0.7093812346458435,0.0170789950806647,0.4324603578448295,0.7741561302542687,7.259416154738574e-05,0.3153015106916427,0.8251811105012894,22.64245458899677,3.964141339903026e-05,,,,,,,,,no_consistency,44,0
93,0.7064621245861054,0.0184617523744236,0.431261995434761,0.7920190703868866,7.295586457985337e-05,0.3149116516113281,0.8253792053461075,23.19051224500072,3.6884008533465575e-05,,,,,,,,,no_consistency,44,0
94,0.732418250143528,0.0160907512914855,0.4458872689306736,0.8123258742690086,5.827492383104982e-05,0.3255043767392635,0.8526271507143974,24.6939178069988,3.4212502362551864e-05,,,,,,,,,no_consistency,44,0
95,0.7179910951852798,0.016801764430711,0.4375153811275959,0.7760068380832672,6.606964937418525e-05,0.3193448989093304,0.8344642716646195,25.260267166999256,3.162892359054098e-05,,,,,,,,,no_consistency,44,0
96,0.7158553516864776,0.0177749136649072,0.4366231931746006,0.8084422916173934,7.090964185408665e-05,0.3175107181072235,0.8349816828966141,26.069257772000128,2.913523415085328e-05,,,,,,,,,no_consistency,44,0
97,0.7174520587921143,0.0175566039839759,0.4374938923865556,0.8067785656452179,7.201491421255923e-05,0.3178206527233124,0.8359960013628006,25.06096148100187,2.673332771621324e-05,,,,,,,,,no_consistency,44,0
98,0.6930004045367241,0.017670370270498,0.4228684075176716,0.7712919062376022,6.542492141306866e-05,0.3085032194852829,0.8085040944814682,25.95692838700052,2.4425028260620715e-05,,,,,,,,,no_consistency,44,0
99,0.6891369737684727,0.0182202047621831,0.4207702814042568,0.7943267220258713,7.065773927934061e-05,0.3075403881818056,0.8077468773722649,25.106708690000232,2.221208867425096e-05,0.7234570991550581,0.62950325615155,0.507926331177727,0.7234570991550581,0.5114085087841989,0.6536441605153929,0.6737178694562725,,no_consistency,44,0
100,0.7282345435023307,0.0176540063461288,0.4440023493766785,0.8301507237553597,5.891716303267458e-05,0.3243068504333496,0.8513272127509117,22.91357464199973,2.009618943233419e-05,,,,,,,,,no_consistency,44,0
101,0.6908853729069233,0.0176149755925871,0.4215772308409214,0.7791562920808792,6.099525689023721e-05,0.3060899259150028,0.8055858346819877,22.09621254200101,1.807893731902665e-05,,,,,,,,,no_consistency,44,0
102,0.6870609086751938,0.0195538079645484,0.4200580848753452,0.7508892312645912,6.669363051514665e-05,0.3074659948796034,0.8026163399219512,23.13373925400083,1.616186420724089e-05,,,,,,,,,no_consistency,44,0
103,0.7176331436634064,0.0175009546196088,0.4375802850723266,0.8166130751371383,4.799364090104063e-05,0.3204442742466926,0.8396882694959641,23.38618372700148,1.4346425895363384e-05,,,,,,,,,no_consistency,44,0
104,0.6844340804219246,0.0182464594661723,0.4179590474069118,0.7865771198272705,4.9525462022756985e-05,0.305510882884264,0.8021301171183586,25.80068675500297,1.2634001001741372e-05,,,,,,,,,no_consistency,44,0
105,0.6998368081450462,0.017275540488772,0.4268123181164264,0.7805970832705498,5.448505806270987e-05,0.3105355257540941,0.8154102826118469,25.722984249001456,1.1025889917779737e-05,,,,,,,,,no_consistency,44,0
106,0.713921805024147,0.018054986607749,0.4355750988423824,0.773979360461235,6.523567386011564e-05,0.3194508807361126,0.8324271810054779,25.46309891599958,9.523313820441804e-06,,,,,,,,,no_consistency,44,0
107,0.7156954261660576,0.0176323736063204,0.4364702229201793,0.7597574779391288,7.009185052083921e-05,0.3189141584932804,0.8313636308908463,25.365173161000712,8.127413744904804e-06,,,,,,,,,no_consistency,44,0
108,0.6916029402613639,0.0146948222583159,0.4208397103846073,0.7585533159971237,5.381914765621332e-05,0.3063766923546791,0.8030744224786759,25.50001353300104,6.839249718073875e-06,,,,,,,,,no_consistency,44,0
109,0.6920541422069073,0.0138822492887265,0.4207854001224041,0.7442890012264252,4.606228547345381e-05,0.3080287131667137,0.8032453189790248,24.55858440800148,5.659799953612438e-06,0.7258405166141896,0.6313225790261082,0.5119035434632359,0.7258405166141896,0.5164881563856846,0.65163906407845,0.6760914380226698,,no_consistency,44,0
110,0.6992403370141983,0.0160397166130133,0.4259601038694381,0.7495636457204818,5.136002766448655e-05,0.3109998753666878,0.811918913424015,22.85621135700057,4.589960109100444e-06,,,,,,,,,no_consistency,44,0
111,0.6896993561089039,0.0146763433120213,0.4196901667118072,0.7441574880480766,4.624364462870289e-05,0.3069369973987341,0.8010452279448509,22.254175497000688,3.630542605884657e-06,,,,,,,,,no_consistency,44,0
112,0.688236386179924,0.015999022044707,0.4193414559960365,0.7784766209125519,5.352793706151715e-05,0.307518161535263,0.8047099557518959,23.248399707001223,2.7822760121373187e-06,,,,,,,,,no_consistency,44,0
113,0.6901723319292068,0.0154608002398163,0.4202877353131771,0.7629543069005013,5.060022565885447e-05,0.3072200924158096,0.8038057896494866,22.336846133999643,2.0458044895916517e-06,,,,,,,,,no_consistency,44,0
114,0.6699879851937294,0.0153835463523864,0.4081462262570858,0.7259575152397155,5.154407999725663e-05,0.2958473055809736,0.776591863334179,25.692194658997323,1.4216873043745137e-06,,,,,,,,,no_consistency,44,0
115,0.660361447930336,0.0177568549965508,0.4033196271955967,0.7696288445591927,5.100360520373215e-05,0.2939174973219633,0.7742025604844094,25.72559694399752,9.103984023075772e-07,,,,,,,,,no_consistency,44,0
116,0.674646854698658,0.0152728926879353,0.410897286683321,0.7638809630274772,5.169221872165508e-05,0.2996008731424808,0.7868888464570045,25.89505999999892,5.123260489995229e-07,,,,,,,,,no_consistency,44,0
117,0.6935038933157921,0.0162545619707088,0.4226041780412197,0.7511792242527008,4.963890203725896e-05,0.3093592162430286,0.8070838004350662,25.236784126998828,2.2777253500257386e-07,,,,,,,,,no_consistency,44,0
118,0.6901636934280395,0.0157409010047558,0.4203945910930634,0.7558770191669464,4.563011791560712e-05,0.3071817757189274,0.8031663492321968,25.26772886499748,5.695394625728767e-08,,,,,,,,,no_consistency,44,0
119,0.7068831899762154,0.0171193160203984,0.4309776557981968,0.7494800448417663,5.215357722590853e-05,0.3143796144425869,0.8203078785538673,25.520019035000587,0.0,0.7243890756607066,0.6325064860681879,0.5166469924957352,0.7243890756607066,0.5207019061642421,0.6524284763796147,0.6760500904664538,,no_consistency,44,0
0,0.9719013744592666,0.6428303396701813,0.8402729904651642,0.7163166868686676,0.0887829763814807,0.6009753954410553,1.51731920003891,27.212757306999265,5.1e-05,,,,,,,,,shuffled_quality,44,0
1,0.9623197543621064,0.4027191007137298,0.7384795182943344,0.6872785383462906,0.0319939176738262,0.4924189868569374,1.301226041316986,25.86591291399964,0.0001009999999999,,,,,,,,,shuffled_quality,44,0
2,0.9490146553516388,0.3233476084470749,0.6987478649616241,0.6929342347383499,0.0421802709251642,0.4652433177828788,1.235393625497818,25.97392394599956,0.0001509999999999,,,,,,,,,shuffled_quality,44,0
3,0.949518820643425,0.2795183545351028,0.6815186566114426,0.6957573395967483,0.0718443638458848,0.4493151527643204,1.2040017557144165,25.78449638100028,0.0002009999999999,,,,,,,,,shuffled_quality,44,0
4,0.9400404024124146,0.2410446840524673,0.6604421383142471,0.7105400031805038,0.0730856548994779,0.4288386911153793,1.1639891171455383,25.410906760000216,0.000251,,,,,,,,,shuffled_quality,44,0
5,0.9228944766521454,0.2060271298885345,0.6361475652456283,0.7050720542669296,0.0622598277404904,0.4047050523757934,1.1144728153944017,24.47596749700097,0.0003,,,,,,,,,shuffled_quality,44,0
6,0.920815088748932,0.1677653905749321,0.6195952349901199,0.707384186387062,0.0545655664056539,0.3922161814570427,1.0852781176567077,23.893972845000462,0.0002999430460537,,,,,,,,,shuffled_quality,44,0
7,0.9115454894304276,0.138742506057024,0.6024243229627609,0.7058668655157089,0.0470729395374655,0.3801427939534187,1.0555074524879455,22.29665026300063,0.0002997722274649,,,,,,,,,shuffled_quality,44,0
8,0.8890209239721298,0.1193630296736955,0.5811577895283699,0.7226500630378723,0.0416053655743598,0.3656429025530815,1.0211459666490554,23.20505666899953,0.000299487673951,,,,,,,,,shuffled_quality,44,0
9,0.8809419667720795,0.1001939310133457,0.5686427733302116,0.7239182358980178,0.0373578695580363,0.3606189887225628,1.0035214734077451,22.506177290000775,0.0002990896015976,0.4362557108606328,0.4132530840054628,0.369078667030876,0.4362557108606328,0.4113156467717501,0.3921878943840055,0.4226372184211061,,shuffled_quality,44,0
10,0.8689991688728332,0.0849688699841499,0.5553870719671249,0.7072217953205109,0.0331643312424421,0.3550262036919593,0.982793670296669,24.84305477899943,0.0002985783126956,,,,,,,,,shuffled_quality,44,0
11,0.8429470336437226,0.0730648800730705,0.534994193315506,0.7251904296875,0.029071444645524,0.3406939493119716,0.9496607619524002,25.10227511999983,0.0002979541955104,,,,,,,,,shuffled_quality,44,0
12,0.8372476673126221,0.0619592513516545,0.5271323201060295,0.7180136734247208,0.0262167689763009,0.3366079980134964,0.936852524280548,25.62123379499826,0.0002972177239878,,,,,,,,,shuffled_quality,44,0
13,0.822007406949997,0.0557364264503121,0.5154990366101265,0.718443289399147,0.0222663290053606,0.3324030405282974,0.9208597195148468,25.842896906000533,0.0002963694573941,,,,,,,,,shuffled_quality,44,0
14,0.8398922783136368,0.0462967357784509,0.5224540823698044,0.7192384177446365,0.0196683440729975,0.344302510023117,0.9396638524532318,25.85228356799962,0.0002954100398908,,,,,,,,,shuffled_quality,44,0
15,0.816426157951355,0.0450034823827445,0.5078571116924286,0.7391940784454346,0.0168348304647952,0.3388037052750587,0.921421965956688,26.20729222599948,0.0002943402000463,,,,,,,,,shuffled_quality,44,0
16,0.7959696853160858,0.0382776069454848,0.4928928753733635,0.7466667172312736,0.0139471899624913,0.3241156551241875,0.892372562289238,24.62219386300057,0.0002931607502819,,,,,,,,,shuffled_quality,44,0
17,0.7886738470196724,0.0364265707880258,0.4877749529480934,0.7461957812309266,0.0116552415676414,0.3247343553602695,0.8877116531133652,22.770135778999247,0.000291872586255,,,,,,,,,shuffled_quality,44,0
18,0.8260920351743698,0.0429272281378507,0.5128261303901672,0.8132963389158249,0.0099288735073059,0.3522350926697254,0.9483930379152298,24.17052978799984,0.0002904766861795,,,,,,,,0.0075286468351259,shuffled_quality,44,0
19,0.8054023617506028,0.036043408922851,0.4976588043570518,0.7977895337343216,0.0084283606708049,0.3393633195757866,0.9185406041145324,23.4347046139992,0.0002889741100822,0.6169317240568545,0.5198291559598145,0.3833727380041682,0.6169317240568545,0.4157553875856507,0.5268003562369382,0.5644450550224739,0.0065905407583341,shuffled_quality,44,0
20,0.7801900166273117,0.0339252761378884,0.4816841396689415,0.7745086598396301,0.007209082506597,0.330779387652874,0.8914432370662689,25.496307482000702,0.0002873659989982,,,,,,,,0.0058419271698221,shuffled_quality,44,0
21,0.7886036792397499,0.0321094884444028,0.486006024479866,0.8018557596206665,0.0058757320325821,0.334747564792633,0.9023007953166962,25.873270756001148,0.0002856535741046,,,,,,,,0.0053392097400501,shuffled_quality,44,0
22,0.7816790443658829,0.0333248397894203,0.4823373815417289,0.8238149172067643,0.0049958708649501,0.3346210184693337,0.9006566596031189,26.329947294001613,0.0002838381357927,,,,,,,,0.0053348890552297,shuffled_quality,44,0
23,0.7696140524744988,0.0309425260778516,0.4741454625129699,0.8182452389597893,0.0042843226972036,0.3291991111636161,0.8863164526224137,25.836631627000315,0.0002819210626809,,,,,,,,0.0046656764554791,shuffled_quality,44,0
24,0.7812398573756218,0.0270029869955033,0.4795451307296753,0.8101828414201736,0.0037154291803017,0.3362057466804981,0.8977770918607711,25.92765568899995,0.0002799038105676,,,,,,,,0.0041108068195171,shuffled_quality,44,0
25,0.7734404787421226,0.0323976858984679,0.4770233795046806,0.8051258593797683,0.0030010923766531,0.3348249784111977,0.893353842496872,26.47614435899959,0.0002777879113257,,,,,,,,0.0042142045614309,shuffled_quality,44,0
26,0.7610018101334571,0.027118321256712,0.4674484330415726,0.8176978740096092,0.0027244356530718,0.3250864009559154,0.8751099157333374,24.13820508400022,0.0002755749717393,,,,,,,,0.0033453529467806,shuffled_quality,44,0
27,0.7647351264953614,0.0278151919925585,0.4699671724438667,0.8246822518110275,0.0023584135971032,0.330641193240881,0.8837609422206879,23.95741471599831,0.0002732666722837,,,,,,,,0.0028321664710529,shuffled_quality,44,0
28,0.7638062030076981,0.0242811882356181,0.4679962168633937,0.7930105981230736,0.0019622921489644,0.3306820149719715,0.878586174249649,23.174814633002825,0.0002708647658491,,,,,,,,0.0025438649160787,shuffled_quality,44,0
29,0.7534671321511268,0.0241427192091941,0.4617373828589916,0.8100628620386123,0.0018703738262411,0.3274992808699608,0.8707857188582421,23.9262703409986,0.0002683710764094,0.711870948874244,0.6049567711041904,0.4362277367695047,0.711870948874244,0.4706115708937431,0.632387793544584,0.6522323743327539,0.002246252791956,shuffled_quality,44,0
30,0.7564889478683472,0.0232615331048145,0.4631980013847351,0.8291858065128327,0.0016018590016756,0.3276014117896557,0.8741776284575462,25.154624528000568,0.0002657874976374,,,,,,,,0.0018976699118502,shuffled_quality,44,0
31,0.7465446227788926,0.027425741488114,0.4588970884680748,0.8237665608525276,0.0014078899077139,0.3259497566521168,0.8677621430158615,25.51032335499985,0.0002631159914665,,,,,,,,0.00234122191614,shuffled_quality,44,0
32,0.751331185400486,0.0250550761586055,0.4608207604289054,0.8142834943532944,0.0012122003035619,0.3272653430700302,0.869964047074318,25.7347689729977,0.0002603585866009,,,,,,,,0.0019449025479843,shuffled_quality,44,0
33,0.7478073373436928,0.0215270427893847,0.4572952370345592,0.7979851073026657,0.0010461094690253,0.3253683062642812,0.8628436899185181,25.272699314999045,0.0002575173769752,,,,,,,,0.0016466681286692,shuffled_quality,44,0
34,0.707840433716774,0.0249983345065265,0.434703611433506,0.7964799943566322,0.00093084192893,0.3101271051168441,0.8248847764730454,25.20779209299872,0.000254594520164,,,,,,,,0.0017976027732947,shuffled_quality,44,0
35,0.759258564710617,0.0218897724756971,0.4643110704421997,0.8285490137338638,0.0007202709355624,0.331852421015501,0.8793369704484939,24.842959391997283,0.0002515922357438,,,,,,,,0.0014127950972761,shuffled_quality,44,0
36,0.7226400381326675,0.0214762120461091,0.4421745251119137,0.7924920213222504,0.0006531616277061,0.3170369550585746,0.838765284717083,23.60355141299806,0.0002485128036071,,,,,,,,0.0013597134230076,shuffled_quality,44,0
37,0.7213665699958801,0.0232791620027273,0.4421316245198249,0.798264229297638,0.000576676732453,0.3175432761758566,0.8398207938671112,23.150646943999163,0.0002453585622314,,,,,,,,0.0014531483131577,shuffled_quality,44,0
38,0.7536626568436623,0.0196604058379307,0.4600617721676826,0.7857143995165825,0.0005294455779949,0.3315803530812263,0.8704980379343032,23.042219757000566,0.0002421319069034,,,,,,,,0.0012900192046072,shuffled_quality,44,0
39,0.7203811633586884,0.0208571493579074,0.4405715788900852,0.8264485573768616,0.0005103290037368,0.3170710912346839,0.8405474546551704,23.580367747999844,0.0002388352878997,0.682513220029207,0.582455347862383,0.4373111677365566,0.682513220029207,0.4694581117740902,0.595394711783852,0.6279756531498948,0.0011720852775033,shuffled_quality,44,0
40,0.7375487205386162,0.0218418648419901,0.4512659975886345,0.8063055294752121,0.0003918519039871,0.3229673252999782,0.8551836887001991,26.19829318800112,0.0002354712086265,,,,,,,,0.0015010939521016,shuffled_quality,44,0
41,0.7520835915207863,0.0200828307843767,0.4592833073437214,0.8483112567663192,0.0003652669483562,0.3315039083361625,0.8758975875377655,26.06442016100118,0.0002320422237183,,,,,,,,0.0013048967575014,shuffled_quality,44,0
42,0.731684390604496,0.020754325883463,0.4473123830556869,0.7924767687916756,0.0003577352892898,0.3225209559500217,0.8494677847623825,26.67966771200008,0.0002285509370981,,,,,,,,0.0018443856241356,shuffled_quality,44,0
43,0.7133927017450332,0.0186650078324601,0.4355016413331032,0.7938975459337234,0.0003532263959641,0.313683011829853,0.8288137871026993,26.063936995000404,0.000225,,,,,,,,0.0011085763873416,shuffled_quality,44,0
44,0.7300068029761314,0.0196436060022097,0.4458615389466285,0.7877440083026886,0.0002950886455073,0.3210879430174828,0.846010622382164,26.53211282600023,0.0002213921089555,,,,,,,,0.0013599208618688,shuffled_quality,44,0
45,0.7226938772201538,0.0197068260144442,0.4414990743994713,0.7933289501070976,0.0002970902022207,0.3192542819678783,0.8403577977418899,26.133677682999405,0.0002177300037466,,,,,,,,0.001283464282751,shuffled_quality,44,0
46,0.7296281403303146,0.0190128649026155,0.4453820475935936,0.7900951686501503,0.0002394027933769,0.3213434202969074,0.8460704699158669,24.84588965799776,0.0002140164653244,,,,,,,,0.001617573980111,shuffled_quality,44,0
47,0.6938157284259796,0.0190052138967439,0.4238915404677391,0.7797175365686416,0.0002402708596491,0.3055468203127384,0.8076662224531174,23.544006623000318,0.0002102543136979,,,,,,,,0.0012204903534438,shuffled_quality,44,0
48,0.711086572110653,0.0193553902185522,0.4343941189348698,0.8063638064265252,0.0002104696312017,0.3145469380915165,0.8298574638366699,24.476860088998365,0.0002064464057921,,,,,,,,0.0013475029527035,shuffled_quality,44,0
49,0.6913691806793213,0.0173195215745363,0.4217493344843387,0.7449439176917076,0.0001733758998307,0.3040606342256069,0.8005328074097633,23.174525203001394,0.0002025956332789,0.6627034460364905,0.5779769849141728,0.4484579514092162,0.6627034460364905,0.4923664756785571,0.5788610330274707,0.6158609582370677,0.0010988722340698,shuffled_quality,44,0
50,0.7203085228800774,0.0194051462330389,0.4399471908807754,0.7844358086585999,0.0001532653765025,0.319596023261547,0.8383071440458297,26.26280528999996,0.0001987049203807,,,,,,,,0.0015634189553748,shuffled_quality,44,0
51,0.7005326250195503,0.0186471282411366,0.427778442800045,0.7720266985893249,0.0001415517041459,0.3102206942439079,0.8155033713579178,26.18176673600101,0.0001947772216502,,,,,,,,0.0014724513615146,shuffled_quality,44,0
52,0.7297130620479584,0.0206342947646044,0.4460815735161304,0.811718220114708,0.0001652430359536,0.3244504974782466,0.8520853310823441,25.46647166199909,0.0001908155197268,,,,,,,,0.0018658783900173,shuffled_quality,44,0
53,0.7090475803613663,0.0187727973121218,0.4329376846551895,0.8242784494161606,0.0001654279043577,0.3122380866855383,0.8279349002242088,27.30771022599947,0.0001868228230711,,,,,,,,0.0016150126411957,shuffled_quality,44,0
54,0.702895276248455,0.0193401192571036,0.4294732283055782,0.8021737045049667,0.0001484249622444,0.3102879019081592,0.8203070333600044,25.12225270299677,0.0001828021636809,,,,,,,,0.001605586013793,shuffled_quality,44,0
55,0.6945166116952897,0.0193639353709295,0.4244555597007274,0.7805814313888549,0.0001308109830642,0.3074952886253595,0.8104063519835472,25.996981643002076,0.0001787565947885,,,,,,,,0.0019541042394848,shuffled_quality,44,0
56,0.6899825339019299,0.0175575000094249,0.4210125362128019,0.7757025223970413,0.0001114957583195,0.3057809000089764,0.8046263860166073,22.584361795001318,0.0001746891885421,,,,,,,,0.0012856209039819,shuffled_quality,44,0
57,0.6818626354634761,0.0189866015454754,0.4167122383415699,0.8205136948823929,9.503340912488056e-05,0.3019160465151072,0.8010306638479233,23.480043902000038,0.0001706030336727,,,,,,,,0.0017312622281315,shuffled_quality,44,0
58,0.715233451128006,0.0177675049088429,0.4362470912933349,0.7779125887155532,0.0001219661286449,0.3165892624855042,0.8309216845035553,22.927304155000456,0.0001665012331491,,,,,,,,0.0014398455504124,shuffled_quality,44,0
59,0.729325747191906,0.0147663556772749,0.4435020069777965,0.7835379499197006,9.956153538951184e-05,0.3221801810711622,0.8442669382691383,23.64592820500184,0.0001623869018208,0.6982358579542566,0.6077138600956151,0.4751337351073721,0.6982358579542566,0.503361716751042,0.621544005581547,0.6487690463119757,0.0011298893012644,shuffled_quality,44,0
60,0.6927659252285957,0.0144075042009353,0.421422573775053,0.7402743723988533,9.677625370386522e-05,0.3046566687524318,0.8003481742739678,27.02212667799904,0.0001582631640533,,,,,,,,0.0011832652511293,shuffled_quality,44,0
61,0.715523928552866,0.0168979732319712,0.4360735620558262,0.7708571439981461,9.159226337942528e-05,0.3172263930737972,0.8307411435246468,25.255896757997107,0.0001541331513552,,,,,,,,0.0017544517390342,shuffled_quality,44,0
62,0.6887886723876,0.0181036932277493,0.4205146969854831,0.7630285578966141,0.0001061736965857,0.3064802296459675,0.8036398988962173,26.30642255699786,0.00015,,,,,,,,0.0016840477634741,shuffled_quality,44,0
63,0.7044810645282269,0.0155872887163423,0.4289235734939575,0.7459651228785514,9.351049768156372e-05,0.311798644810915,0.8155709835886955,25.841077829001733,0.0001458668486447,,,,,,,,0.0012378861124307,shuffled_quality,44,0
64,0.7243405282497406,0.0153562456555664,0.4407468312978744,0.7885703593492508,8.685030135893612e-05,0.3201163946092129,0.8400054964423179,25.927947853997463,0.0001417368359466,,,,,,,,0.0014044423598897,shuffled_quality,44,0
65,0.6955504235625267,0.0172552273864857,0.4242323623597622,0.7790808928012848,9.991633167373948e-05,0.3086393578350544,0.8110715541243553,25.535773670999333,0.0001376130981791,,,,,,,,0.0014337494153187,shuffled_quality,44,0
66,0.702528458237648,0.0164700949937105,0.4281051306426525,0.7580039644241333,8.641385013106628e-05,0.3125679797679186,0.8168057411909103,24.386237692000577,0.0001334987668508,,,,,,,,0.0016395582409313,shuffled_quality,44,0
67,0.706832922399044,0.0162634974671527,0.4306051698327064,0.7788479614257813,7.076455498463475e-05,0.3115991406142712,0.8204070910811424,22.49407123900164,0.0001293969663272,,,,,,,,0.0015722166874547,shuffled_quality,44,0
68,0.7105601406097413,0.0142722237866837,0.432044992595911,0.7876855465769768,7.050811653243727e-05,0.3145050089806318,0.8255694895982743,24.33057488600025,0.0001253108114578,,,,,,,,0.0012370565033052,shuffled_quality,44,0
69,0.6954519036412239,0.0148184838588349,0.4231985521316528,0.7576128336787223,6.71480804157909e-05,0.3090592366456985,0.8083202224969864,23.47792513499735,0.0001212434052114,0.7364496376633908,0.6425481160616101,0.5143858367452504,0.7364496376633908,0.515569946348601,0.6756247641728383,0.6860728010910425,0.0014889392845088,shuffled_quality,44,0
70,0.6816482231020927,0.0177913614781573,0.4161054943501949,0.8123201510310173,8.27081721763534e-05,0.3021050137653946,0.79981394931674,26.45084438399863,0.000117197836319,,,,,,,,0.001836459193646,shuffled_quality,44,0
71,0.6711599716544151,0.0170210656104609,0.4095044256746769,0.7734702616930008,5.6641112514626e-05,0.2993929915130138,0.7865910443663597,24.959013045001484,0.0001131771769288,,,,,,,,0.0017188295132473,shuffled_quality,44,0
72,0.7349367095530033,0.0202271195501089,0.4490528915822506,0.7994949090480804,6.055539254703035e-05,0.327457405179739,0.8569984936714172,25.663130079999974,0.0001091844802731,,,,,,,,0.0026783757842349,shuffled_quality,44,0
73,0.6924156281352043,0.0205961908842436,0.4236878699064255,0.8193245968222618,6.984245272178668e-05,0.3084698857367038,0.8146137258410454,25.438415058000828,0.0001052227783497,,,,,,,,0.0026000740762901,shuffled_quality,44,0
74,0.7490044781565666,0.0197976222471334,0.4573217526078224,0.8108819216489792,8.208379957977741e-05,0.3329516445100307,0.8718976581096649,26.283951041001277,0.0001012950796192,,,,,,,,0.0026597871139529,shuffled_quality,44,0
75,0.7401206406950951,0.0184378633601591,0.4514475484192371,0.7990889176726341,9.287539804063272e-05,0.3277160784602165,0.8595661023259162,25.247193835999497,9.740436672108684e-05,,,,,,,,0.0024446687570161,shuffled_quality,44,0
76,0.6900199511647225,0.0190700255939736,0.4216399993002415,0.783311261832714,6.05216369513073e-05,0.30685252815485,0.8072799977660179,22.249906919998462,9.355359420782469e-05,,,,,,,,0.002266605461391,shuffled_quality,44,0
77,0.7182175600528717,0.0224385487148538,0.4399059736728668,0.8135174661874771,9.141119933701702e-05,0.3207890151441097,0.8427099686861038,22.949136513001577,8.97456863020546e-05,,,,,,,,0.0032933113540821,shuffled_quality,44,0
78,0.70434541285038,0.0193000868405215,0.4303272993862629,0.8292437070608139,7.240760813147062e-05,0.3137052723765373,0.8274167147278786,24.513238314000773,8.598353467553945e-05,,,,,,,,0.0022807532927254,shuffled_quality,44,0
79,0.6950969842076301,0.0180955232109408,0.4242964205145836,0.8017637819051743,6.700320488562284e-05,0.3090058771520853,0.8139108550548554,22.51538381100181,8.226999625336662e-05,0.7046295428453407,0.6184802731829793,0.4997638777850068,0.7046295428453407,0.5077824515797834,0.6430288251238139,0.6582981954405989,0.0021441334122573,shuffled_quality,44,0
80,0.7042201456427574,0.0171860743727302,0.4294065341353416,0.7941746386885643,6.728466620188556e-05,0.3114233274757862,0.8206587702035903,25.76397603299847,7.860789104443896e-05,,,,,,,,0.0020403725846426,shuffled_quality,44,0
81,0.698052476644516,0.0177903156424872,0.4259476308524608,0.7909309846162796,7.928623137559043e-05,0.3101860097050666,0.815684693455696,26.523625271998757,7.500000000000002e-05,,,,,,,,0.0022699425247265,shuffled_quality,44,0
82,0.6895586842298508,0.0190338850487023,0.421348782479763,0.7724867299199104,5.803852337521676e-05,0.3057773311436176,0.8048613905906677,24.630622102002235,7.144906290181832e-05,,,,,,,,0.0024185135274638,shuffled_quality,44,0
83,0.7023020094633102,0.0184098994010128,0.4287451852858066,0.7992918825149536,7.323612991967821e-05,0.3134234727919102,0.8225955128669739,25.65776886399908,6.795777628163599e-05,,,,,,,,0.002470009685976,shuffled_quality,44,0
84,0.7166845709085464,0.0194103988783899,0.4377749213576317,0.7937476804852486,6.172686093123048e-05,0.3191024613380432,0.8367685914039612,24.61153239399937,6.452879137346007e-05,,,,,,,,0.0025667786104895,shuffled_quality,44,0
85,0.6860984303057194,0.0178390510333701,0.4187946939468384,0.8011185947060585,6.120497365373012e-05,0.3059246174991131,0.8053000232577324,24.82077889499851,6.1164712100253e-05,,,,,,,,0.0023289498435678,shuffled_quality,44,0
86,0.720580595433712,0.0170685370056889,0.4391757909953594,0.7591626837849617,8.29216373131203e-05,0.3217263473570347,0.8372608667612076,22.040097261000483,5.786809309654982e-05,,,,,,,,0.0021915293473284,shuffled_quality,44,0
87,0.7301504576206207,0.0189898638846352,0.4456862387061119,0.8212296015024185,8.395267534979212e-05,0.3250767508149147,0.8533816903829574,23.07402651500161,5.464143776850482e-05,,,,,,,,0.0024577096654775,shuffled_quality,44,0
88,0.7067844325304031,0.0171527428366243,0.4309317742288112,0.7616072690486908,7.127362728169828e-05,0.3138758760690689,0.8214175525307655,22.74259588900168,5.148719639283984e-05,,,,,,,,0.0022280717594912,shuffled_quality,44,0
89,0.6912016902863979,0.0179804837144911,0.4219132256507873,0.8019150385260582,7.996199430635897e-05,0.3076045032590627,0.8101680365204811,22.685479182000563,4.840776425613886e-05,0.6944841485053507,0.6141554945104226,0.500723134799301,0.6944841485053507,0.5044588065652614,0.6435235284606556,0.6510094509362673,0.0022739975316835,shuffled_quality,44,0
90,0.7048690438270568,0.0181625832617282,0.4301864740252494,0.7806670790910721,6.434700414502003e-05,0.3133375118672847,0.822079895734787,24.50498703199992,4.5405479835900685e-05,,,,,,,,0.002429899310714,shuffled_quality,44,0
91,0.7153465548157691,0.0177766423672437,0.4363186064362526,0.824001154601574,5.526094064407516e-05,0.3182409487664699,0.8374097836017609,24.273252314000278,4.2482623024732334e-05,,,,,,,,0.0022367206112039,shuffled_quality,44,0
92,0.7088756850361824,0.0169568433519452,0.4321081648766994,0.7801773130893708,9.375269654810836e-05,0.3147771570086479,0.8252905982732773,23.250564060002944,3.964141339903026e-05,,,,,,,,0.0019142581018604,shuffled_quality,44,0
93,0.7052104285359383,0.0183331358758732,0.4304595266282558,0.7917481446266175,7.796342647452548e-05,0.3140581087768078,0.8241637089848518,23.363948318998155,3.6884008533465575e-05,,,,,,,,0.0023367683023116,shuffled_quality,44,0
94,0.7316923415660859,0.0158623801521025,0.4453603731095791,0.818889471590519,6.174479409764899e-05,0.3247004427015781,0.8523226428031921,23.508586130999905,3.4212502362551864e-05,,,,,,,,0.0018489450895685,shuffled_quality,44,0
95,0.7169039449095727,0.0170910246693529,0.4369787937402725,0.7748354816436768,8.936901839661005e-05,0.3183520659804344,0.8332692363858223,23.642502245998912,3.162892359054098e-05,,,,,,,,0.0022517842267552,shuffled_quality,44,0
96,0.7152587294578552,0.0175876909890212,0.4361903317272663,0.7902033579349518,0.0001022763385208,0.3167436906695366,0.8324125242233277,23.891075919000286,2.913523415085328e-05,,,,,,,,0.0022652852291321,shuffled_quality,44,0
97,0.7169786547124386,0.0169744682405143,0.4369769982248545,0.8130857536196708,9.945315827280863e-05,0.3176567008346319,0.8363900488615036,22.989031044999138,2.673332771621324e-05,,,,,,,,0.0022139995330508,shuffled_quality,44,0
98,0.6916284927725792,0.0173237595637328,0.421906616538763,0.7697591984272003,8.71807446492312e-05,0.3079270136356353,0.8072511219978332,23.906649593998736,2.4425028260620715e-05,,,,,,,,0.0021860663987718,shuffled_quality,44,0
99,0.6883096222579479,0.0181742963870055,0.4202555118501186,0.7887014263868332,8.536655178431829e-05,0.307334489300847,0.8069372177124023,23.592222004001087,2.221208867425096e-05,0.7239532568948782,0.6357663959153202,0.5113621763524678,0.7239532568948782,0.5142054402805003,0.6691404905705826,0.6762380905467698,0.0023640016680747,shuffled_quality,44,0
100,0.7261530750989914,0.0174816920643206,0.4426845376193523,0.8346786132454872,6.887496085255406e-05,0.3239535854756832,0.8505469527840614,23.532510051998543,2.009618943233419e-05,,,,,,,,0.002187603887105,shuffled_quality,44,0
101,0.6897391219437122,0.0174194783717393,0.4208112798631191,0.777711173593998,7.445359360644944e-05,0.3051674377173185,0.8041937646269798,22.550886960001662,1.807893731902665e-05,,,,,,,,0.0022010434206003,shuffled_quality,44,0
102,0.6864862188696861,0.0186752817058004,0.4193618614971637,0.746257929801941,7.961833223816939e-05,0.3075106577575207,0.802005640566349,23.83710595100274,1.616186420724089e-05,,,,,,,,0.0025167335495643,shuffled_quality,44,0
103,0.7175709044933319,0.0172018813295289,0.4374233128130436,0.8115560913085937,5.6837067513697545e-05,0.3198200459778308,0.8388518050312996,24.07793782600129,1.4346425895363384e-05,,,,,,,,0.0022499647985387,shuffled_quality,44,0
104,0.684419027864933,0.0179361459729261,0.4178258921205997,0.7861481192708015,6.013415823872492e-05,0.3050653406977653,0.8019489029049873,24.08980524599974,1.2634001001741372e-05,,,,,,,,0.0021992739031702,shuffled_quality,44,0
105,0.6996389132738113,0.017036998423282,0.4265981674939394,0.7795516452193261,6.645111234320211e-05,0.3102341401576995,0.8152282756567001,23.56107259700002,1.1025889917779737e-05,,,,,,,,0.0021873968415093,shuffled_quality,44,0
106,0.7134234309196472,0.0179061462194658,0.4352165383100509,0.7771072018146515,7.822553361620521e-05,0.3187287829816341,0.8321596542000771,22.86668519200248,9.523313820441804e-06,,,,,,,,0.0024984979041437,shuffled_quality,44,0
107,0.7164223116636276,0.0174007112183608,0.4368136891722679,0.7748128944635391,8.095108402812912e-05,0.3197559750080108,0.8345232051610947,22.843852435999,8.127413744904804e-06,,,,,,,,0.0023410516998274,shuffled_quality,44,0
108,0.690625645518303,0.0144707899377681,0.4201637241244316,0.7624924498796463,6.25522902191733e-05,0.305586584508419,0.8023243644833564,23.411926659999157,6.839249718073875e-06,,,,,,,,0.0016084055095416,shuffled_quality,44,0
109,0.6929904571175576,0.0137717234320007,0.4213029818236828,0.7557278862595558,5.380130901357916e-05,0.3079223506897688,0.8051275658607483,22.268571571999928,5.659799953612438e-06,0.7265070334114409,0.6362703579043981,0.5143521006026635,0.7265070334114409,0.5184566958305826,0.6638473444711711,0.6782205374784502,0.0016337565781122,shuffled_quality,44,0
110,0.6992349910736084,0.0159014134155586,0.4259015768766403,0.7466284140944481,6.243988882033591e-05,0.3106962735950946,0.8116512954235077,23.136645569000397,4.589960109100444e-06,,,,,,,,0.0019374182028514,shuffled_quality,44,0
111,0.6893159048259259,0.0144831004086881,0.4193827979266643,0.7383272159099579,5.481193366449588e-05,0.306725036278367,0.8002882167696953,23.23244458699992,3.630542605884657e-06,,,,,,,,0.0017245941106989,shuffled_quality,44,0
112,0.6877917943894863,0.0160811833455227,0.4191075655817985,0.7740908128023147,6.268419575462758e-05,0.3069218813627958,0.803831765949726,22.770567655999912,2.7822760121373187e-06,,,,,,,,0.0019504981218551,shuffled_quality,44,0
113,0.6890655961632729,0.015027464730665,0.4194503638148308,0.7533597946166992,5.97887074945902e-05,0.3065734301507473,0.8017000985145569,24.53358243099865,2.0458044895916517e-06,,,,,,,,0.0016866526705484,shuffled_quality,44,0
114,0.6694468161463738,0.0151391030615195,0.4077237473428249,0.7239031299948693,6.006037881888915e-05,0.2959110263735056,0.7763792890310287,25.56609842800026,1.4216873043745137e-06,,,,,,,,0.0017559932933085,shuffled_quality,44,0
115,0.6608343322575092,0.017725571503397,0.4035908435285091,0.7700071084499359,6.261514388825162e-05,0.2936720442771912,0.7746397092938423,23.945697236998967,9.103984023075772e-07,,,,,,,,0.0018648360443239,shuffled_quality,44,0
116,0.6743790823221206,0.0152978120488114,0.410746589154005,0.7604508104920388,6.15543468938995e-05,0.3000355219841003,0.7871792641282082,23.985814202002075,5.123260489995229e-07,,,,,,,,0.0017449829208067,shuffled_quality,44,0
117,0.6925085327029228,0.0157769994263071,0.4218159361183643,0.7524434024095535,5.858716497186833e-05,0.3084338918328285,0.8058842766284943,24.61077505300273,2.2777253500257386e-07,,,,,,,,0.0019358808409913,shuffled_quality,44,0
118,0.6894380706548691,0.0156299016677076,0.4199148234724998,0.7531936788558959,5.5945277435967e-05,0.3068247161805629,0.8024451264739036,23.18391277199771,5.695394625728767e-08,,,,,,,,0.0019171130567531,shuffled_quality,44,0
119,0.7062024307250977,0.016877413552138,0.4304724386334419,0.7477217176556588,6.408833816749393e-05,0.3138369171321392,0.8194829198718071,21.984825824001742,0.0,0.7239587045462277,0.6363927786988678,0.5169460188693148,0.7239587045462277,0.5206671980655786,0.664552433484797,0.6769876582243284,0.0019909071733269,shuffled_quality,44,0
0,0.9753311198949812,0.7643947649002075,0.8909566080570221,0.7422999233007431,0.0665069555491209,0.5927803450822831,1.5612922966480256,23.81279226800325,5.1e-05,,,,,,,,,matched_moment_fusion,44,0
1,0.9734567028284072,0.693481073975563,0.8614664775133133,0.6942208927869796,0.0438511443324387,0.4937705308198928,1.4268516564369202,22.2218182530014,0.0001009999999999,,,,,,,,,matched_moment_fusion,44,0
2,0.9664727205038072,0.607812961935997,0.8230088466405868,0.6884881860017776,0.0150979412905871,0.4697853732109069,1.362397938966751,22.38038336700265,0.0001509999999999,,,,,,,,,matched_moment_fusion,44,0
3,0.9683742368221284,0.5337148195505143,0.7945104998350143,0.684816199541092,0.0074886817811056,0.4540043640136719,1.3173709225654602,22.46910160399784,0.0002009999999999,,,,,,,,,matched_moment_fusion,44,0
4,0.964350134730339,0.4672331357002258,0.7655033642053604,0.6886722099781036,0.0042640494764782,0.434450893998146,1.269034686088562,22.529738844998064,0.000251,,,,,,,,,matched_moment_fusion,44,0
5,0.955328865647316,0.396122927069664,0.7316465187072754,0.6774364095926285,0.001239847955876,0.4131220531463623,1.2125742137432098,22.238041560001875,0.0003,,,,,,,,,matched_moment_fusion,44,0
6,0.954340844154358,0.3252612140774726,0.7027090239524841,0.6759961253404617,0.00138320468046,0.3988245648145676,1.1692023539543153,22.171371330998227,0.0002999430460537,,,,,,,,,matched_moment_fusion,44,0
7,0.9495127153396606,0.2676474380493164,0.6767666298151016,0.6774270820617676,0.0019236119717243,0.3873435899615288,1.1319491094350815,22.01853454599768,0.0002997722274649,,,,,,,,,matched_moment_fusion,44,0
8,0.9318656778335572,0.222007535547018,0.6479224449396134,0.6778151369094849,0.0032849489821819,0.3692476004362106,1.0851158100366591,22.4261749340003,0.000299487673951,,,,,,,,,matched_moment_fusion,44,0
9,0.9252028012275696,0.1833767466247081,0.6284724020957947,0.6785897046327591,0.0038957739510806,0.364739828556776,1.0612659865617753,21.78006281000125,0.0002990896015976,0.4413269308331655,0.4166057705845014,0.3304509010807062,0.4413269308331655,0.3490612154725538,0.4594291654477846,0.4228229797833203,,matched_moment_fusion,44,0
10,0.9156575936079026,0.1535979491472244,0.6108337581157685,0.6679791429638863,0.004268705350114,0.3578282178938389,1.035673322081566,21.66740220599968,0.0002985783126956,,,,,,,,,matched_moment_fusion,44,0
11,0.8942597883939744,0.1284810112416744,0.5879483020305634,0.6800246173143387,0.0050600986438803,0.3424404136836528,0.9986441802978516,22.49451329099975,0.0002979541955104,,,,,,,,,matched_moment_fusion,44,0
12,0.8879586791992188,0.1064086662977933,0.5753386959433555,0.6776255464553833,0.0061393367988057,0.3390917211771011,0.9824999356269836,22.25385627599826,0.0002972177239878,,,,,,,,,matched_moment_fusion,44,0
13,0.8697288811206818,0.0900912613421678,0.5578738570213317,0.6712093782424927,0.0064929602248594,0.3330791862308979,0.9583986288309098,22.47386693800217,0.0002963694573941,,,,,,,,,matched_moment_fusion,44,0
14,0.8805273574590683,0.075437094643712,0.5584912732243538,0.6783402892947197,0.0067741503054276,0.3458590832352638,0.9725230938196182,22.09957590200065,0.0002954100398908,,,,,,,,,matched_moment_fusion,44,0
15,0.8554956865310669,0.0675976389274001,0.5403364932537079,0.688682206273079,0.0069363748608157,0.3395026712119579,0.9490542089939118,21.75031980100175,0.0002943402000463,,,,,,,,,matched_moment_fusion,44,0
16,0.8369658827781677,0.0569422658532857,0.52495645403862,0.7074562194943428,0.0059693066123872,0.324888651072979,0.9208891886472702,22.76683337600116,0.0002931607502819,,,,,,,,,matched_moment_fusion,44,0
17,0.826972314119339,0.0521428968012332,0.5170405644178391,0.7080765742063523,0.0053988829767331,0.3263619971275329,0.9144801658391952,21.95829020399833,0.000291872586255,,,,,,,,,matched_moment_fusion,44,0
18,0.8531490731239318,0.0569697316735982,0.5346773573756218,0.7682838320732117,0.0053485862258821,0.3517346662282943,0.9761406207084656,23.24400919800246,0.0002904766861795,,,,,,,,0.0631639287553844,matched_moment_fusion,44,0
19,0.8340936315059662,0.0510702950507402,0.5208843159675598,0.7398507073521614,0.0047195312124677,0.3404170370101929,0.9440178453922272,22.357459157999983,0.0002889741100822,0.6123160628590146,0.5193823321019102,0.3861029756814201,0.6123160628590146,0.4050183182319444,0.5408126152147715,0.5618146349141239,0.0424772748118266,matched_moment_fusion,44,0
20,0.8120899736881256,0.0468965763971209,0.5060126376152039,0.7485426521301269,0.0042108800821006,0.3361312206089497,0.9257693588733672,22.51948515800177,0.0002873659989982,,,,,,,,0.0428034348410437,matched_moment_fusion,44,0
21,0.8130377507209778,0.0415462537109851,0.5044411703944206,0.758809734582901,0.0036282064509578,0.3342841266095638,0.9253086203336716,22.890933848000717,0.0002856535741046,,,,,,,,0.0526047038729302,matched_moment_fusion,44,0
22,0.8037305408716202,0.0425287273526191,0.4992498341202736,0.7822506347298622,0.003346664130222,0.3355483052134513,0.921085605621338,23.03394192900305,0.0002838381357927,,,,,,,,0.039475324575178,matched_moment_fusion,44,0
23,0.788773717880249,0.0367489592544734,0.4879638355970382,0.8057815837860107,0.0028549319109879,0.3303202594816685,0.9043211174011232,21.84950912799832,0.0002819210626809,,,,,,,,0.0265805857619852,matched_moment_fusion,44,0
24,0.8005049410462379,0.0337064672075212,0.4937855726480484,0.776274705529213,0.0023758407321292,0.3359645137190818,0.9142091971635818,22.593716154002323,0.0002799038105676,,,,,,,,0.0335642569171614,matched_moment_fusion,44,0
25,0.7931721141934395,0.0385251442063599,0.4913133472204208,0.7943168592453003,0.0021054033585824,0.3359812952578068,0.913062008023262,22.6279251929991,0.0002777879113257,,,,,,,,0.0311520326609024,matched_moment_fusion,44,0
26,0.7780152261257172,0.0307162065990269,0.4790956395864487,0.7757653650641442,0.0016022628103382,0.3254735013842583,0.8842343372106553,23.076388838002455,0.0002755749717393,,,,,,,,0.0100427032541483,matched_moment_fusion,44,0
27,0.774710431098938,0.0288701261673122,0.4763743269443512,0.7974028086662293,0.0014757907495368,0.3287797139585018,0.8865440386533737,23.068017741999935,0.0002732666722837,,,,,,,,0.0078796280547976,matched_moment_fusion,44,0
28,0.7772737902402878,0.027124704956077,0.4772141744196415,0.7858304756879807,0.0012718304898589,0.3312659348547458,0.8885604310035705,22.922998366000684,0.0002708647658491,,,,,,,,0.0071684009302407,matched_moment_fusion,44,0
29,0.7649674436450005,0.0270548844523727,0.4698024353384971,0.7933050480484962,0.0011842431564582,0.3273585066199302,0.8777303102612496,23.597315823997636,0.0002683710764094,0.7002676582115829,0.5982014408513676,0.4419255397114399,0.7002676582115829,0.4875668554165847,0.6067698089259348,0.643813581153504,0.0058982667839154,matched_moment_fusion,44,0
30,0.7700229549407959,0.0263035887805745,0.4725352257490158,0.8347191560268402,0.0010563466872554,0.3312760442495346,0.8883485302329064,22.71632087100079,0.0002657874976374,,,,,,,,0.0050626320810988,matched_moment_fusion,44,0
31,0.7566426107287407,0.0288492624927312,0.4655252933502197,0.8114187127351761,0.000911931383307,0.3248368009924888,0.8724713778495788,22.48025992900148,0.0002631159914665,,,,,,,,0.0046090679778717,matched_moment_fusion,44,0
32,0.7599762743711471,0.0270148934656754,0.4667917394638061,0.8122214221954346,0.0008111806650413,0.32726442694664,0.8760854512453079,22.80652691799696,0.0002603585866009,,,,,,,,0.0038329026661813,matched_moment_fusion,44,0
33,0.7587320414185524,0.0231570139247924,0.4645020480453968,0.7951297977566719,0.0006225993912084,0.3264951921999454,0.8711894273757934,22.58587631699993,0.0002575173769752,,,,,,,,0.0032404096121899,matched_moment_fusion,44,0
34,0.7142515051364898,0.0254872874449938,0.4387458369135856,0.7708535248041153,0.0005416352883912,0.3095832592248916,0.8260394310951233,21.47250938399884,0.000254594520164,,,,,,,,0.0029894922522362,matched_moment_fusion,44,0
35,0.7660688289999962,0.0235186086408793,0.4690487605333328,0.8202083972096443,0.0003875856575905,0.3322968392074108,0.8838672006130218,19.94845983200139,0.0002515922357438,,,,,,,,0.0024069141899235,matched_moment_fusion,44,0
36,0.7319037646055222,0.0227764733508229,0.4482528667151928,0.7726323157548904,0.0003505170285643,0.3189813641458749,0.8449676010012627,20.00547802799701,0.0002485128036071,,,,,,,,0.00226301810937,matched_moment_fusion,44,0
37,0.7298567381501198,0.0242053470760583,0.4475961984694004,0.7946196681261063,0.0003131429229688,0.3189331019669771,0.8464177468419075,20.209988193000758,0.0002453585622314,,,,,,,,0.0020540866040391,matched_moment_fusion,44,0
38,0.7623531681299209,0.0212091289553791,0.4658955678343773,0.7814735156297684,0.0002686074189841,0.3324206987023353,0.876832377910614,19.789242703998752,0.0002421319069034,,,,,,,,0.0017766224755905,matched_moment_fusion,44,0
39,0.7251644167304039,0.0210864169849082,0.4435332342982292,0.820281218290329,0.0002838379722379,0.3161440010368824,0.8420419779419899,20.66867721900053,0.0002388352878997,0.6681970120362651,0.5678033771887743,0.4269410683572796,0.6681970120362651,0.4653326352617621,0.5698804842682951,0.6139533272141193,0.0016121297288918,matched_moment_fusion,44,0
40,0.7419195944070816,0.0217390601383522,0.4538474003970623,0.8036126643419266,0.0002584818316245,0.3222624440491199,0.8568559437990189,20.53841908500181,0.0002354712086265,,,,,,,,0.0018595414783339,matched_moment_fusion,44,0
41,0.757842832505703,0.0204177290783263,0.4628728096187114,0.8309690541028977,0.0001818017556797,0.3319287793338298,0.8782255899906158,20.023807124001905,0.0002320422237183,,,,,,,,0.0015900375327328,matched_moment_fusion,44,0
42,0.7376940596103668,0.021873838333413,0.4513659885525703,0.7913201886415482,0.0001999272435932,0.3243842181563377,0.8553003609180451,20.25268616000176,0.0002285509370981,,,,,,,,0.002040687323315,matched_moment_fusion,44,0
43,0.7192595493793488,0.0195833876729011,0.4393891008198261,0.7955055320262909,0.0001916535940472,0.3147961077094078,0.834001960158348,19.96784395800205,0.000225,,,,,,,,0.0012830789922736,matched_moment_fusion,44,0
44,0.7348818871378898,0.0203056344005744,0.4490514034032821,0.7726592516899109,0.0001285937573629,0.3210065786540508,0.8476336693763733,20.608999874999427,0.0002213921089555,,,,,,,,0.0015166662813862,matched_moment_fusion,44,0
45,0.7256072628498077,0.0204633670649491,0.4435497225821018,0.7997767356038094,0.0001310493526398,0.3196420677006245,0.8434682750701904,20.21332103300301,0.0002177300037466,,,,,,,,0.0014613029369502,matched_moment_fusion,44,0
46,0.7349829655885697,0.020115137794055,0.4490358528494835,0.7811212980747223,0.0001563574137435,0.3235787632316351,0.8511092427372933,20.172164861000056,0.0002140164653244,,,,,,,,0.0018733913684263,matched_moment_fusion,44,0
47,0.6976082789897918,0.0190055422391742,0.4261671993136406,0.7714403474330902,0.0001292475659647,0.3059474442154169,0.8095193958282471,20.07732651599872,0.0002102543136979,,,,,,,,0.0012712608443689,matched_moment_fusion,44,0
48,0.713290487229824,0.01950092920335,0.4357746818661689,0.7871932917833329,0.0001107069952195,0.3141727817058563,0.8289526337385178,20.310721106998244,0.0002064464057921,,,,,,,,0.0014015386647952,matched_moment_fusion,44,0
49,0.6945219266414643,0.0171485464274883,0.4235725884139538,0.7573520541191101,9.051431296029476e-05,0.3061058446764946,0.8056341573596001,19.57687394999812,0.0002025956332789,0.6389544143626417,0.5636281101496642,0.4446841226326871,0.6389544143626417,0.491220172871476,0.5607097432148748,0.5969294939257529,0.0010799560732993,matched_moment_fusion,44,0
50,0.7280427947640419,0.0202307728887535,0.4449180066585541,0.7814588475227356,7.848812339034339e-05,0.321826281696558,0.8452164876461029,19.75637250300133,0.0001987049203807,,,,,,,,0.0016119629203603,matched_moment_fusion,44,0
51,0.7072044205665589,0.0192073746817186,0.4320056208968162,0.7721116545796395,5.737993340744652e-05,0.3123105649650097,0.8218403208255768,20.13920467799835,0.0001947772216502,,,,,,,,0.001550501235979,matched_moment_fusion,44,0
52,0.7327424940466881,0.0205519530712626,0.4478662951290607,0.7910930049419403,7.676782176076813e-05,0.3245173889398575,0.8518852907419204,19.670372297998256,0.0001908155197268,,,,,,,,0.0019423428326263,matched_moment_fusion,44,0
53,0.7130817098915577,0.0193768954323604,0.4355998010933399,0.8182004660367965,7.827302388932367e-05,0.313594282567501,0.8313660964369773,20.25585815500017,0.0001868228230711,,,,,,,,0.0017402599235356,matched_moment_fusion,44,0
54,0.7056581351161003,0.0197124898596666,0.4312798941135407,0.796429480612278,8.188754773527762e-05,0.3111122941970825,0.8223896321654319,19.218904438999743,0.0001828021636809,,,,,,,,0.0017520127922034,matched_moment_fusion,44,0
55,0.6953625662624836,0.0192902565398253,0.4249336574971676,0.7758424597978592,6.491245052075101e-05,0.3059771583974361,0.8088821917772293,20.070611287999785,0.0001787565947885,,,,,,,,0.0019194082299145,matched_moment_fusion,44,0
56,0.6930794259905815,0.0176753205503337,0.4229178027063608,0.7778985959291458,6.13467186735761e-05,0.3062150950729847,0.8071913915872574,19.06280376200084,0.0001746891885421,,,,,,,,0.0013278082607939,matched_moment_fusion,44,0
57,0.6843725638091565,0.0192401057714596,0.418319595605135,0.8105535703897476,5.849772032661349e-05,0.3022751652449369,0.802003703713417,19.97481871999844,0.0001706030336727,,,,,,,,0.0017532886729532,matched_moment_fusion,44,0
58,0.7187745386362075,0.0181120961834676,0.4385095806419849,0.7692215192317963,8.305810450337959e-05,0.3173624563217163,0.833120596408844,19.8115873200004,0.0001665012331491,,,,,,,,0.0016112893472381,matched_moment_fusion,44,0
59,0.7329241126775742,0.0150583491998258,0.445777824819088,0.7808180049061775,5.414068435584341e-05,0.3227759979665279,0.846886323094368,20.35291293800037,0.0001623869018208,0.7114363373042404,0.61515428530279,0.4729902926291727,0.7114363373042404,0.5070902887958112,0.6269362298083183,0.6587071172362985,0.0012399700282367,matched_moment_fusion,44,0
60,0.6933724495768547,0.0145091300294734,0.4218271380662918,0.732975857257843,4.971098961618736e-05,0.3045509527623653,0.7999156069755554,20.359299230000037,0.0001582631640533,,,,,,,,0.0011872354428123,matched_moment_fusion,44,0
61,0.7147583632171154,0.0161235108133405,0.4353044372051954,0.7742627301812172,5.0059258320516165e-05,0.3154536098241806,0.8284868963062764,19.335024479998538,0.0001541331513552,,,,,,,,0.0015003657459601,matched_moment_fusion,44,0
62,0.6893609267473221,0.017192270993255,0.4204934810101985,0.7688515877723694,4.8990640032684495e-05,0.3061256110668182,0.8038114881515503,20.1431272689988,0.00015,,,,,,,,0.0015239276939792,matched_moment_fusion,44,0
63,0.704748025238514,0.0157180619053542,0.4291360588371753,0.7516956770420075,4.9007235207909614e-05,0.3118525986373424,0.8164179927110672,19.986468626000715,0.0001458668486447,,,,,,,,0.0012865635683192,matched_moment_fusion,44,0
64,0.7272324925661087,0.01551718476112,0.4425463883578777,0.786150472164154,4.888078923784178e-05,0.3208718970417976,0.8423170018196106,19.75357268500011,0.0001417368359466,,,,,,,,0.0014061144227343,matched_moment_fusion,44,0
65,0.6956561028957366,0.0168316580262035,0.4241263405978679,0.7834625974297523,7.669563869967533e-05,0.3083789823949337,0.811120656132698,19.939418786001625,0.0001376130981791,,,,,,,,0.0013261784770656,matched_moment_fusion,44,0
66,0.7068390017747879,0.0171963440743274,0.4309819549322128,0.7562733447551727,6.168670402757925e-05,0.3141631600260735,0.8211268883943558,20.385600928999335,0.0001334987668508,,,,,,,,0.0017567595153013,matched_moment_fusion,44,0
67,0.7087250953912735,0.0166746801836416,0.43190494582057,0.7649234393239022,4.73877928834554e-05,0.3126426765322685,0.8213878360390663,19.240214130000822,0.0001293969663272,,,,,,,,0.0017274958528651,matched_moment_fusion,44,0
68,0.7130818524956704,0.0148990547470748,0.4338087509572506,0.7906254667043686,4.338458371876186e-05,0.3149277299642563,0.8280653175711632,21.417100163002036,0.0001253108114578,,,,,,,,0.0013205620924236,matched_moment_fusion,44,0
69,0.6990006992220879,0.0149827391048893,0.4253935344517231,0.7499043443799018,5.305453473511079e-05,0.3094556567072868,0.8101388525962829,20.71969895300208,0.0001212434052114,0.7027311825864141,0.6136232477959253,0.4859612886076246,0.7027311825864141,0.4943532116383264,0.6437853491630355,0.6543218127513885,0.0014828795065568,matched_moment_fusion,44,0
70,0.685051653534174,0.0184376939572393,0.4184060876071453,0.807169560790062,5.516255362408629e-05,0.3035972015559673,0.8030950577557087,21.06175053399784,0.000117197836319,,,,,,,,0.0018602599223595,matched_moment_fusion,44,0
71,0.6724547481536866,0.0168873953050933,0.4102278239279985,0.75805928170681,4.21101217375508e-05,0.297844280526042,0.7842155110836029,19.70846416800123,0.0001131771769288,,,,,,,,0.0016768695050814,matched_moment_fusion,44,0
72,0.7376085039973259,0.0206899771373718,0.4508411096036434,0.8001022964715958,4.886907749096281e-05,0.3278823201358318,0.8592640486359596,20.58579170200028,0.0001091844802731,,,,,,,,0.002639725247136,matched_moment_fusion,44,0
73,0.6966884765028953,0.020876705290284,0.426363784968853,0.8265500026941299,7.386372272776498e-05,0.3097698420286178,0.8193112769722939,20.39080635100254,0.0001052227783497,,,,,,,,0.0025947811265723,matched_moment_fusion,44,0
74,0.7516203564405441,0.0200185984419658,0.4589796686172485,0.8210632467269897,7.372646722728859e-05,0.3341008649766445,0.8757142317295075,21.127983518999827,0.0001012950796192,,,,,,,,0.0026184451674271,matched_moment_fusion,44,0
75,0.740630786716938,0.0189454624359495,0.4519566756486892,0.7926453772187233,7.367489283751638e-05,0.3283751681447029,0.8601246765255928,20.24530236300052,9.740436672108684e-05,,,,,,,,0.0026230598215261,matched_moment_fusion,44,0
76,0.6934501212835312,0.0195184695697389,0.4238774761557579,0.8051256039738655,5.7681306084305104e-05,0.3078276838362217,0.8126887738704681,20.58626798399928,9.355359420782469e-05,,,,,,,,0.002340834472161,matched_moment_fusion,44,0
77,0.7183468574285508,0.021983181471005,0.4398014031350613,0.8109860226511956,0.0001319975470414,0.3193333572149276,0.8408794754743576,20.466319782997743,8.97456863020546e-05,,,,,,,,0.0031975687542581,matched_moment_fusion,44,0
78,0.7049259343743324,0.0192617160035297,0.4306602625548839,0.8389944475889206,7.499092508624017e-05,0.3141905066370964,0.8291892927885055,20.7797400069976,8.598353467553945e-05,,,,,,,,0.0021766014206514,matched_moment_fusion,44,0
79,0.6983911611139775,0.0188659563404507,0.4265810948610306,0.7926143389940262,6.37332646510913e-05,0.3103062114864587,0.8166159030795097,20.230279341001733,8.226999625336662e-05,0.6791886718750672,0.6001152215149348,0.4854105460491326,0.6791886718750672,0.4941177624039789,0.6270392302657584,0.636088824184434,0.0023198745090576,matched_moment_fusion,44,0
80,0.7029631945490837,0.0168950664135627,0.4285359621047974,0.7962837329506874,5.052896148868058e-05,0.3106843182444572,0.8192366242408753,20.529024595998635,7.860789104443896e-05,,,,,,,,0.0019272223675761,matched_moment_fusion,44,0
81,0.7003930747509003,0.0171177398669533,0.4270829577744007,0.7914670848846436,6.168233179778327e-05,0.3106390827894211,0.8172916826605797,20.668796720998216,7.500000000000002e-05,,,,,,,,0.0020992550014852,matched_moment_fusion,44,0
82,0.6907927623391151,0.0190179346082732,0.4220828469097614,0.7866287767887116,6.428364868497738e-05,0.3066877587139606,0.8079159897565842,20.23731062599836,7.144906290181832e-05,,,,,,,,0.0023964577339756,matched_moment_fusion,44,0
83,0.7025901311635971,0.0179790348070673,0.4287457072734832,0.797653329372406,8.160170886185369e-05,0.3129264555871486,0.8218987083435059,20.361293918998854,6.795777628163599e-05,,,,,,,,0.00228565907566,matched_moment_fusion,44,0
84,0.7190754118561745,0.0201997614488936,0.4395251704752445,0.8003849285840988,7.703389464950306e-05,0.3201930825412273,0.8403044757246971,19.613522353000008,6.452879137346007e-05,,,,,,,,0.002719402596922,matched_moment_fusion,44,0
85,0.688470064997673,0.0184881121059879,0.4204773013293743,0.8053583586215973,5.124252852738209e-05,0.3067940510064363,0.8082915875315666,19.41143051399922,6.1164712100253e-05,,,,,,,,0.0024091994169157,matched_moment_fusion,44,0
86,0.7240765205025673,0.0174499973654747,0.4414259281754493,0.7642168387770653,9.16681856233481e-05,0.3232329997420311,0.8415271222591401,20.16124573100024,5.786809309654982e-05,,,,,,,,0.0022096040170799,matched_moment_fusion,44,0
87,0.7338906186819076,0.019605133482255,0.4481764394044876,0.8120014894008637,8.513820104553815e-05,0.3257916934788227,0.8556869181990624,19.79660262499965,5.464143776850482e-05,,,,,,,,0.002571897992002,matched_moment_fusion,44,0
88,0.7086933118104934,0.0177376868482679,0.4323110818862915,0.765260517001152,7.584365730735954e-05,0.3147212512791156,0.824028000831604,20.06978537500254,5.148719639283984e-05,,,,,,,,0.0023291263154533,matched_moment_fusion,44,0
89,0.6955923019349575,0.0187058192351833,0.4248377266526222,0.8049105659127236,0.0001147678032293,0.3087405307590961,0.8145680600404739,19.315084877001937,4.840776425613886e-05,0.6907008079778101,0.6126156520362223,0.4944217475809622,0.6907008079778101,0.5085756061651004,0.6385705419657562,0.6476473551556489,0.0024650230766928,matched_moment_fusion,44,0
90,0.7060431683063507,0.0177936954749748,0.4307433952391147,0.7751878273487091,9.580881892361504e-05,0.3135519478470087,0.8222606706619263,20.31051055399803,4.5405479835900685e-05,,,,,,,,0.0022087840709764,matched_moment_fusion,44,0
91,0.7173748025298119,0.0182014310266822,0.4377054700255394,0.8187831556797027,5.278691335888652e-05,0.3192041693627834,0.8392491006851196,20.446681605997583,4.2482623024732334e-05,,,,,,,,0.0022925409186973,matched_moment_fusion,44,0
92,0.7101883292198181,0.0172099618031643,0.4329969972372055,0.7826534485816956,7.275377438418218e-05,0.3147380535304546,0.8264018481969834,19.877225702999567,3.964141339903026e-05,,,,,,,,0.0019890557442704,matched_moment_fusion,44,0
93,0.7057792195677757,0.018132715744432,0.4307206335663796,0.7871215838193893,0.0001048918388585,0.3134620617330074,0.823358613550663,20.09808280299694,3.6884008533465575e-05,,,,,,,,0.0022925752512674,matched_moment_fusion,44,0
94,0.7336932268738746,0.0157730668527074,0.4465251815319061,0.8201598304510117,8.091750321000291e-05,0.325410425812006,0.854312784075737,19.16051607800182,3.4212502362551864e-05,,,,,,,,0.0017857276538666,matched_moment_fusion,44,0
95,0.7193983748555184,0.0167979195830412,0.4383582073450088,0.7791986656188965,6.206486263295119e-05,0.3188548879325389,0.8355504879355431,20.142638666002316,3.162892359054098e-05,,,,,,,,0.0020720830720165,matched_moment_fusion,44,0
96,0.7173760581016541,0.0175601596594788,0.4374497129023075,0.8005010771751404,8.008018101463677e-05,0.3182086786627769,0.8361539688706398,20.375212366001502,2.913523415085328e-05,,,,,,,,0.0022073218532023,matched_moment_fusion,44,0
97,0.7194528856873512,0.0173399173282086,0.4386077165603638,0.8083547416329384,7.384838983853114e-05,0.317952194288373,0.8378564780950546,19.62870811600078,2.673332771621324e-05,,,,,,,,0.0022869990650451,matched_moment_fusion,44,0
98,0.6934600099921227,0.017589549999684,0.4231118446588516,0.7537821492552758,8.839365768835706e-05,0.3089323592185974,0.8078898966312409,20.598397017001844,2.4425028260620715e-05,,,,,,,,0.0023152722380564,matched_moment_fusion,44,0
99,0.6902775274217129,0.0182707158382982,0.4214748208224773,0.7877264213562012,0.0001049673287434,0.3076503597944975,0.8083827793598175,19.921804721998345,2.221208867425096e-05,0.7163746388475171,0.6339674884735769,0.5122263751982052,0.7163746388475171,0.5197305283201749,0.6657972982530388,0.6712376673704038,0.002398553951707,matched_moment_fusion,44,0
100,0.7299849852919579,0.0177423936687409,0.4450879651308059,0.8226109850406647,7.726205218204996e-05,0.3257655248045921,0.8535633891820907,20.5399053450019,2.009618943233419e-05,,,,,,,,0.0022246720061048,matched_moment_fusion,44,0
101,0.6926161190867424,0.0176154449954628,0.4226158668100834,0.7788141188025475,7.255167592120416e-05,0.3066879518330097,0.8076289635896683,19.7928758320013,1.807893731902665e-05,,,,,,,,0.0022005335291578,matched_moment_fusion,44,0
102,0.6882476435601711,0.0193201872776262,0.4206766784936189,0.7441241019964218,7.994432429086373e-05,0.3069897605478763,0.8025971773266792,20.192936040999484,1.616186420724089e-05,,,,,,,,0.0025716482986535,matched_moment_fusion,44,0
103,0.718783310353756,0.0173930151900276,0.4382272101938724,0.8135517823696137,6.414412414983417e-05,0.3208465787768364,0.8408898264169693,20.43143320300078,1.4346425895363384e-05,,,,,,,,0.0022882459313768,matched_moment_fusion,44,0
104,0.6858550384640694,0.0180596534651704,0.4187368999421597,0.7919400590658188,6.912763655918753e-05,0.3053128722310066,0.8036719986796379,20.01150003600196,1.2634001001741372e-05,,,,,,,,0.0021238267104854,matched_moment_fusion,44,0
105,0.7017708410322666,0.0174263785406947,0.4280330733209848,0.7875854071974754,6.654589048821436e-05,0.3115853196382522,0.8188121277093887,20.027108452999528,1.1025889917779737e-05,,,,,,,,0.0021593288721851,matched_moment_fusion,44,0
106,0.7155379807949066,0.0178925276431255,0.4364798159897327,0.7660055190324784,8.343844961700598e-05,0.3188659238815308,0.8324380603432655,19.56198924499768,9.523313820441804e-06,,,,,,,,0.0024379755742393,matched_moment_fusion,44,0
107,0.7175075227022171,0.017476547176484,0.4374951528012752,0.7703360065817833,8.584356306300833e-05,0.3191915729641914,0.8341927218437195,20.167135067000345,8.127413744904804e-06,,,,,,,,0.0023405114731599,matched_moment_fusion,44,0
108,0.6931092697381973,0.0151488895528018,0.4219251352548599,0.7614071089029312,6.638909770117607e-05,0.3068744577467441,0.8052867910265923,20.272516147000715,6.839249718073875e-06,,,,,,,,0.0017158405675104,matched_moment_fusion,44,0
109,0.6937646941840648,0.0140292421425692,0.4218705281615257,0.7388011187314987,5.7687584589984905e-05,0.3079477734863758,0.8040362426638603,19.298938215000817,5.659799953612438e-06,0.7149160265206357,0.6281150812285037,0.5062003949218283,0.7149160265206357,0.5158289640337118,0.6536002531311634,0.6680041797731153,0.0016747268248673,matched_moment_fusion,44,0
110,0.6989234614372254,0.015771401063539,0.4256626565754413,0.7503651890158654,8.034581208448798e-05,0.3098911711573601,0.8109701690077782,19.697757881000143,4.589960109100444e-06,,,,,,,,0.0018789920835865,matched_moment_fusion,44,0
111,0.6899979534745216,0.0142429149709641,0.4196959537267685,0.7533136758208275,7.11551525955656e-05,0.3068510257452726,0.8022029629349708,19.84752774899971,3.630542605884657e-06,,,,,,,,0.001605267186037,matched_moment_fusion,44,0
112,0.6894016282260418,0.0161249983683228,0.4200909930467605,0.7808269101381302,6.933897820545099e-05,0.3078877875208854,0.8064433848857879,20.08525959700273,2.7822760121373187e-06,,,,,,,,0.0018922216761779,matched_moment_fusion,44,0
113,0.6887217670679092,0.0147821106575429,0.4191459199786186,0.7481845986843109,6.89472234648747e-05,0.305727654621005,0.8000087642669678,19.619024668998463,2.0458044895916517e-06,,,,,,,,0.0015663985194964,matched_moment_fusion,44,0
114,0.6700562566518784,0.0149712135083973,0.4080222581326961,0.7211401161551475,7.459953382522145e-05,0.2957316003739834,0.7762158396840095,20.068466755998088,1.4216873043745137e-06,,,,,,,,0.001721175880736,matched_moment_fusion,44,0
115,0.6603529617190361,0.0170958675746805,0.4030501402914524,0.7586712849140167,8.458547408054074e-05,0.2928477078676224,0.772115119099617,20.034433094999255,9.103984023075772e-07,,,,,,,,0.0017295627162729,matched_moment_fusion,44,0
116,0.6771599787473679,0.0151030105259269,0.412337207943201,0.7666344049572945,6.174092211949756e-05,0.3009002213180065,0.7902170366048813,20.32644494700071,5.123260489995229e-07,,,,,,,,0.0015654069348715,matched_moment_fusion,44,0
117,0.6937920764088631,0.0157011368509847,0.4225557170808315,0.7479948535561561,6.706004946863687e-05,0.3089115982502698,0.806637601852417,19.83568064299834,2.2777253500257386e-07,,,,,,,,0.001837262986146,matched_moment_fusion,44,0
118,0.6923700901865959,0.0154265082580968,0.4215926730632782,0.7499485021829605,6.730362196549322e-05,0.3081622368097305,0.8051174423098564,19.382674349999437,5.695394625728767e-08,,,,,,,,0.0018215670060862,matched_moment_fusion,44,0
119,0.7065032857656479,0.0161230978590901,0.4303512242436409,0.742271426320076,7.444616461384613e-05,0.3133759947121143,0.8183134227991105,19.781723181000416,0.0,0.7182162536765458,0.6338995450864107,0.5120491886636315,0.7182162536765458,0.5211260749187335,0.6623563066639525,0.6723045345982138,0.0017767155619162,matched_moment_fusion,44,0
