case_id,region,dice,hd95,nsd,volume_pred_ml,volume_ref_ml,volume_error_ml,relative_volume_error,reference_empty,prediction_empty,lesion_recall,lesion_precision,lesion_f1,model,seed
BRATS_010,wt,0.8355751594025679,,,25.309,20.487,4.821999999999999,0.235368770439791,False,False,,,,qmmf,43
BRATS_010,tc,0.8384948384948385,,,4.129,4.88,-0.7509999999999994,-0.1538934426229507,False,False,,,,qmmf,43
BRATS_010,et,0.7692113882590073,,,3.471,4.4670000000000005,-0.9960000000000004,-0.2229684351914037,False,False,,,,qmmf,43
BRATS_020,wt,0.9311562683846576,,,261.56600000000003,256.869,4.697000000000003,0.0182855852594123,False,False,,,,qmmf,43
BRATS_020,tc,0.7962950990660167,,,116.081,115.936,0.144999999999996,0.0012506900358818,False,False,,,,qmmf,43
BRATS_020,et,0.7095885160477828,,,42.444,67.135,-24.691000000000003,-0.3677813361138005,False,False,,,,qmmf,43
BRATS_023,wt,0.8886510552677769,,,76.047,64.107,11.939999999999998,0.1862511114230894,False,False,,,,qmmf,43
BRATS_023,tc,0.3273062730627306,,,21.578,5.522,16.055999999999997,2.9076421586381738,False,False,,,,qmmf,43
BRATS_023,et,0.0,,,0.235,0.0,0.235,,True,False,,,,qmmf,43
BRATS_027,wt,0.9370634629666188,,,53.103,53.274,-0.1709999999999993,-0.0032098209257799,False,False,,,,qmmf,43
BRATS_027,tc,0.7311294290276639,,,17.606,28.736,-11.13,-0.3873190423162583,False,False,,,,qmmf,43
BRATS_027,et,0.0,,,0.219,0.0,0.219,,True,False,,,,qmmf,43
BRATS_034,wt,0.9573221162391136,,,205.835,216.14,-10.305000000000009,-0.0476774312945313,False,False,,,,qmmf,43
BRATS_034,tc,0.7764628300403277,,,86.385,110.75,-24.364999999999995,-0.2199999999999999,False,False,,,,qmmf,43
BRATS_034,et,0.1765988372093023,,,1.93,0.8220000000000001,1.108,1.3479318734793184,False,False,,,,qmmf,43
BRATS_035,wt,0.8792646680660459,,,83.42,83.797,-0.3769999999999953,-0.0044989677434752,False,False,,,,qmmf,43
BRATS_035,tc,0.8746795355150053,,,15.227,17.928,-2.7010000000000005,-0.1506581883087907,False,False,,,,qmmf,43
BRATS_035,et,0.8423839784325053,,,9.942,10.83,-0.8879999999999999,-0.081994459833795,False,False,,,,qmmf,43
BRATS_045,wt,0.9586816388203452,,,92.251,91.735,0.5160000000000053,0.0056248978034556,False,False,,,,qmmf,43
BRATS_045,tc,0.8482480860173438,,,36.895,45.786,-8.890999999999998,-0.1941859957192154,False,False,,,,qmmf,43
BRATS_045,et,0.9118993993993992,,,26.543,26.737,-0.1940000000000026,-0.0072558626622284,False,False,,,,qmmf,43
BRATS_048,wt,0.9408929320858124,,,161.226,162.83,-1.6040000000000134,-0.0098507646011178,False,False,,,,qmmf,43
BRATS_048,tc,0.9337521493656832,,,35.727000000000004,38.132,-2.404999999999994,-0.063070387076471,False,False,,,,qmmf,43
BRATS_048,et,0.8942760942760942,,,27.296,32.104,-4.808,-0.1497632693745327,False,False,,,,qmmf,43
BRATS_051,wt,0.9453658353857824,,,102.488,111.078,-8.590000000000003,-0.0773330452474837,False,False,,,,qmmf,43
BRATS_051,tc,0.8589431992078495,,,39.253,38.51,0.7430000000000021,0.0192936899506622,False,False,,,,qmmf,43
BRATS_051,et,0.8891492584231132,,,15.973,19.02,-3.046999999999999,-0.1601997896950577,False,False,,,,qmmf,43
BRATS_059,wt,0.929216196817846,,,91.308,99.569,-8.260999999999996,-0.0829675903142544,False,False,,,,qmmf,43
BRATS_059,tc,0.8216289581793284,,,34.081,48.438,-14.357,-0.2963995210372022,False,False,,,,qmmf,43
BRATS_059,et,0.8885278100169628,,,25.384,30.621,-5.237000000000002,-0.1710264197772771,False,False,,,,qmmf,43
BRATS_062,wt,0.6357696577879524,,,44.545,57.234,-12.689,-0.2217038823077191,False,False,,,,qmmf,43
BRATS_062,tc,0.7783673830370567,,,10.638,11.976,-1.338000000000001,-0.1117234468937876,False,False,,,,qmmf,43
BRATS_062,et,0.7731217918805413,,,6.197,4.518,1.6790000000000005,0.3716246126604693,False,False,,,,qmmf,43
BRATS_066,wt,0.8510573046022665,,,204.196,193.608,10.587999999999994,0.0546878228172389,False,False,,,,qmmf,43
BRATS_066,tc,0.604433685397357,,,19.928,40.383,-20.455,-0.5065250229056781,False,False,,,,qmmf,43
BRATS_066,et,0.7023646489546242,,,10.31,11.596,-1.2859999999999996,-0.1109003104518799,False,False,,,,qmmf,43
BRATS_076,wt,0.9559251653088398,,,197.814,200.985,-3.1710000000000207,-0.0157772968131951,False,False,,,,qmmf,43
BRATS_076,tc,0.8397110552763819,,,75.71300000000001,83.487,-7.773999999999987,-0.093116293554685,False,False,,,,qmmf,43
BRATS_076,et,0.3930131004366812,,,2.645,1.248,1.397,1.1193910256410255,False,False,,,,qmmf,43
BRATS_080,wt,0.9152577775099916,,,124.949,124.006,0.9429999999999978,0.0076044707514152,False,False,,,,qmmf,43
BRATS_080,tc,0.7507076884930884,,,89.202,55.989,33.212999999999994,0.5932058082837699,False,False,,,,qmmf,43
BRATS_080,et,0.7969056268457779,,,17.559,20.704,-3.145,-0.1519030139103554,False,False,,,,qmmf,43
BRATS_092,wt,0.8904302755440375,,,125.962,110.189,15.772999999999996,0.1431449600232327,False,False,,,,qmmf,43
BRATS_092,tc,0.7313679895952391,,,79.874,72.364,7.509999999999991,0.1037808855231881,False,False,,,,qmmf,43
BRATS_092,et,0.0576271186440678,,,0.856,0.324,0.532,1.6419753086419753,False,False,,,,qmmf,43
BRATS_096,wt,0.7196294449080772,,,126.252,76.255,49.997000000000014,0.6556553668611896,False,False,,,,qmmf,43
BRATS_096,tc,0.7870193451353239,,,72.65,57.667,14.983000000000004,0.2598193074028474,False,False,,,,qmmf,43
BRATS_096,et,0.8205439936338819,,,41.508,48.971,-7.463000000000001,-0.1523963161871311,False,False,,,,qmmf,43
BRATS_097,wt,0.9468069240166912,,,161.96,153.175,8.784999999999997,0.0573527011588052,False,False,,,,qmmf,43
BRATS_097,tc,0.8737376591296205,,,62.389,61.488,0.9010000000000034,0.0146532656778558,False,False,,,,qmmf,43
BRATS_097,et,0.8690165303498283,,,33.645,41.792,-8.146999999999998,-0.1949416156202143,False,False,,,,qmmf,43
BRATS_116,wt,0.9418764182686038,,,189.611,193.779,-4.168000000000006,-0.0215090386471186,False,False,,,,qmmf,43
BRATS_116,tc,0.8077620683828085,,,89.95400000000001,87.57600000000001,2.378,0.0271535580524344,False,False,,,,qmmf,43
BRATS_116,et,0.2461638916095331,,,2.435,0.628,1.807,2.877388535031847,False,False,,,,qmmf,43
BRATS_119,wt,0.858190104396672,,,107.965,118.479,-10.513999999999996,-0.0887414647321465,False,False,,,,qmmf,43
BRATS_119,tc,0.6980008412849521,,,19.895,25.274,-5.379000000000001,-0.2128274115692016,False,False,,,,qmmf,43
BRATS_119,et,0.5629727789741041,,,11.943,6.168,5.775,0.9362840466926068,False,False,,,,qmmf,43
BRATS_135,wt,0.8945069397148964,,,169.23,171.418,-2.1880000000000166,-0.0127641204540947,False,False,,,,qmmf,43
BRATS_135,tc,0.663232339467974,,,73.903,50.527,23.376000000000005,0.4626437350327548,False,False,,,,qmmf,43
BRATS_135,et,0.5720482580994984,,,3.993,3.384,0.609,0.1799645390070922,False,False,,,,qmmf,43
BRATS_143,wt,0.9528794890292612,,,110.834,116.498,-5.6640000000000015,-0.0486188604096207,False,False,,,,qmmf,43
BRATS_143,tc,0.9191087460909916,,,76.074,82.534,-6.460000000000008,-0.078270773257082,False,False,,,,qmmf,43
BRATS_143,et,0.3503474718427989,,,2.743,1.43,1.313,0.9181818181818182,False,False,,,,qmmf,43
BRATS_144,wt,0.9035762698349414,,,49.032,51.296,-2.263999999999996,-0.0441359950093573,False,False,,,,qmmf,43
BRATS_144,tc,0.6935633606684203,,,10.148,15.704,-5.556000000000001,-0.3537952114111055,False,False,,,,qmmf,43
BRATS_144,et,0.6355124835742444,,,7.523000000000001,4.6530000000000005,2.87,0.6168063614872125,False,False,,,,qmmf,43
BRATS_160,wt,0.6455460077673466,,,12.57,20.131,-7.561,-0.3755898862450946,False,False,,,,qmmf,43
BRATS_160,tc,0.7449559748427673,,,7.927,11.948,-4.021,-0.3365416806160026,False,False,,,,qmmf,43
BRATS_160,et,0.8273143438453713,,,7.164000000000001,8.564,-1.3999999999999997,-0.1634750116767865,False,False,,,,qmmf,43
BRATS_163,wt,0.9451401543054316,,,76.405,78.35300000000001,-1.9480000000000075,-0.0248618431968145,False,False,,,,qmmf,43
BRATS_163,tc,0.900398406374502,,,57.468,55.231,2.237000000000002,0.0405026162843331,False,False,,,,qmmf,43
BRATS_163,et,0.6,,,3.309,1.931,1.378,0.7136198860693941,False,False,,,,qmmf,43
BRATS_170,wt,0.9281077540644476,,,149.249,159.157,-9.908000000000015,-0.062252995469882,False,False,,,,qmmf,43
BRATS_170,tc,0.6326322006178449,,,56.668,31.38,25.288,0.8058636073932441,False,False,,,,qmmf,43
BRATS_170,et,0.0136810602821718,,,2.316,0.023,2.293,99.69565217391305,False,False,,,,qmmf,43
BRATS_190,wt,0.9122822430844922,,,74.526,84.82600000000001,-10.300000000000011,-0.1214250347770731,False,False,,,,qmmf,43
BRATS_190,tc,0.867939268367243,,,27.017,31.865,-4.8480000000000025,-0.1521418484230347,False,False,,,,qmmf,43
BRATS_190,et,0.7290129854294946,,,12.851,19.955,-7.104000000000001,-0.3560010022550739,False,False,,,,qmmf,43
BRATS_194,wt,0.8842813415966341,,,93.782,91.132,2.6499999999999915,0.0290786990299783,False,False,,,,qmmf,43
BRATS_194,tc,0.4935803440506419,,,38.997,16.925,22.072,1.30410635155096,False,False,,,,qmmf,43
BRATS_194,et,0.5386138613861386,,,1.719,0.806,0.913,1.1327543424317617,False,False,,,,qmmf,43
BRATS_197,wt,0.77824484128884,,,95.583,113.287,-17.704000000000008,-0.1562756538702588,False,False,,,,qmmf,43
BRATS_197,tc,0.5292728066083868,,,23.368,43.093,-19.725,-0.4577309539832455,False,False,,,,qmmf,43
BRATS_197,et,0.5605286872934815,,,5.829,4.158,1.6709999999999994,0.4018759018759016,False,False,,,,qmmf,43
BRATS_227,wt,0.8752374252550124,,,116.602,110.838,5.763999999999996,0.0520038254028401,False,False,,,,qmmf,43
BRATS_227,tc,0.6193759408277426,,,22.472,31.337,-8.864999999999998,-0.2828924274818903,False,False,,,,qmmf,43
BRATS_227,et,0.6155397230810593,,,8.294,6.5840000000000005,1.71,0.2597205346294046,False,False,,,,qmmf,43
BRATS_228,wt,0.8903701239717001,,,117.401,117.088,0.3129999999999882,0.0026732030609455,False,False,,,,qmmf,43
BRATS_228,tc,0.7671517671517671,,,23.182,31.652,-8.469999999999999,-0.26759762416277,False,False,,,,qmmf,43
BRATS_228,et,0.8891336068056053,,,17.909,18.414,-0.5050000000000026,-0.0274247854893017,False,False,,,,qmmf,43
BRATS_234,wt,0.9627295721450037,,,102.788,103.193,-0.4050000000000011,-0.0039246848138924,False,False,,,,qmmf,43
BRATS_234,tc,0.9461498708010336,,,38.568,38.832,-0.2640000000000029,-0.0067985166872683,False,False,,,,qmmf,43
BRATS_234,et,0.9200831422018348,,,26.872,28.936,-2.064,-0.0713298313519491,False,False,,,,qmmf,43
BRATS_259,wt,0.9218330093478212,,,66.618,62.503,4.114999999999995,0.0658368398316879,False,False,,,,qmmf,43
BRATS_259,tc,0.2791900311526479,,,27.35,4.75,22.6,4.757894736842106,False,False,,,,qmmf,43
BRATS_259,et,0.0,,,0.374,0.014,0.36,25.71428571428571,False,False,,,,qmmf,43
BRATS_266,wt,0.9513223953856312,,,198.426,202.929,-4.502999999999986,-0.022190027053797,False,False,,,,qmmf,43
BRATS_266,tc,0.9057724542378608,,,105.26,119.653,-14.393,-0.1202895038151989,False,False,,,,qmmf,43
BRATS_266,et,0.8392584560642588,,,45.122,49.869,-4.747,-0.0951893962180914,False,False,,,,qmmf,43
BRATS_268,wt,0.9254636283912326,,,177.59,179.323,-1.733000000000004,-0.0096641256280566,False,False,,,,qmmf,43
BRATS_268,tc,0.6109577970924784,,,64.306,52.013,12.293,0.2363447599638551,False,False,,,,qmmf,43
BRATS_268,et,0.1721362229102167,,,2.717,0.513,2.204,4.296296296296297,False,False,,,,qmmf,43
BRATS_273,wt,0.88959252188796,,,76.343,75.56700000000001,0.7759999999999962,0.0102690327788584,False,False,,,,qmmf,43
BRATS_273,tc,0.81698546856465,,,26.894,27.058,-0.1639999999999979,-0.0060610540320791,False,False,,,,qmmf,43
BRATS_273,et,0.8441325655009344,,,11.932,14.289,-2.3569999999999998,-0.164952061025964,False,False,,,,qmmf,43
BRATS_278,wt,0.835589519650655,,,25.313,20.487,4.825999999999997,0.2355640162053983,False,False,,,,qmmf,43
BRATS_278,tc,0.8383658969804618,,,4.128,4.88,-0.7519999999999998,-0.1540983606557376,False,False,,,,qmmf,43
BRATS_278,et,0.7689981096408317,,,3.468,4.4670000000000005,-0.9990000000000006,-0.223640026863667,False,False,,,,qmmf,43
BRATS_285,wt,0.9311393069180884,,,261.563,256.875,4.687999999999988,0.0182501216545011,False,False,,,,qmmf,43
BRATS_285,tc,0.7962347872913301,,,116.185,115.94,0.2450000000000045,0.0021131619803346,False,False,,,,qmmf,43
BRATS_285,et,0.7102969069156697,,,42.529,67.135,-24.606,-0.3665152305056974,False,False,,,,qmmf,43
BRATS_298,wt,0.9066438171981752,,,115.911,103.496,12.415000000000006,0.1199563268145629,False,False,,,,qmmf,43
BRATS_298,tc,0.6183776743681233,,,47.309,26.4,20.908999999999995,0.7920075757575755,False,False,,,,qmmf,43
BRATS_298,et,0.8508606177208232,,,13.609,15.498,-1.889000000000001,-0.1218866950574268,False,False,,,,qmmf,43
BRATS_302,wt,0.7831635427618461,,,49.303,33.446,15.857000000000006,0.4741075165939128,False,False,,,,qmmf,43
BRATS_302,tc,0.439246045102659,,,4.574,1.368,3.2059999999999995,2.343567251461988,False,False,,,,qmmf,43
BRATS_302,et,0.8057813911472448,,,1.003,1.211,-0.2079999999999999,-0.171758876961189,False,False,,,,qmmf,43
BRATS_304,wt,0.8019658452073684,,,40.267,44.582,-4.314999999999998,-0.0967879413216095,False,False,,,,qmmf,43
BRATS_304,tc,0.8799382716049383,,,5.966,6.994,-1.0279999999999996,-0.1469831283957677,False,False,,,,qmmf,43
BRATS_304,et,0.7936189608021877,,,4.497,6.473,-1.976,-0.3052680364591379,False,False,,,,qmmf,43
BRATS_306,wt,0.8553426935746954,,,30.483,32.051,-1.5680000000000014,-0.0489220305138685,False,False,,,,qmmf,43
BRATS_306,tc,0.8948427528315989,,,9.113,8.28,0.8330000000000002,0.1006038647342995,False,False,,,,qmmf,43
BRATS_306,et,0.7889222920652273,,,5.004,5.973,-0.9689999999999994,-0.1622300351582118,False,False,,,,qmmf,43
BRATS_307,wt,0.8765811599635838,,,47.026,46.339,0.6870000000000047,0.0148255249357993,False,False,,,,qmmf,43
BRATS_307,tc,0.911157952935485,,,14.404,14.535,-0.1310000000000002,-0.0090127278981768,False,False,,,,qmmf,43
BRATS_307,et,0.6231212248911364,,,3.08,4.039,-0.9589999999999996,-0.2374350086655112,False,False,,,,qmmf,43
BRATS_318,wt,0.8708372651015464,,,115.262,95.627,19.635000000000005,0.2053290388697753,False,False,,,,qmmf,43
BRATS_318,tc,0.8896158206791442,,,25.331,28.472,-3.141000000000002,-0.1103189098061253,False,False,,,,qmmf,43
BRATS_318,et,0.7899189643749044,,,15.97,23.272,-7.302000000000001,-0.3137676177380543,False,False,,,,qmmf,43
BRATS_322,wt,0.7868127147766323,,,25.625,20.935,4.690000000000001,0.2240267494626224,False,False,,,,qmmf,43
BRATS_322,tc,0.6364894911272392,,,8.81,15.027,-6.2170000000000005,-0.4137219671258401,False,False,,,,qmmf,43
BRATS_322,et,0.4430340557275541,,,3.639,9.281,-5.642,-0.6079086305355026,False,False,,,,qmmf,43
BRATS_325,wt,0.8854025625244782,,,91.121,87.60900000000001,3.5119999999999862,0.0400872056523871,False,False,,,,qmmf,43
BRATS_325,tc,0.8881590690036769,,,27.299,28.727,-1.4280000000000008,-0.0497093326835381,False,False,,,,qmmf,43
BRATS_325,et,0.8169090999354615,,,18.178,22.108,-3.93,-0.1777637054459923,False,False,,,,qmmf,43
BRATS_326,wt,0.8119053262452172,,,32.566,26.5,6.0660000000000025,0.2289056603773585,False,False,,,,qmmf,43
BRATS_326,tc,0.8420275906320179,,,13.74,17.43,-3.69,-0.2117039586919104,False,False,,,,qmmf,43
BRATS_326,et,0.7179239005504809,,,6.968,9.563,-2.5950000000000006,-0.2713583603471714,False,False,,,,qmmf,43
BRATS_327,wt,0.9425179282868524,,,128.344,122.656,5.687999999999988,0.046373597704148,False,False,,,,qmmf,43
BRATS_327,tc,0.8964571786686513,,,26.706,24.355,2.350999999999999,0.0965304865530691,False,False,,,,qmmf,43
BRATS_327,et,0.8881031212832299,,,15.1,16.009,-0.9090000000000008,-0.0567805609344744,False,False,,,,qmmf,43
BRATS_332,wt,0.9188123107872238,,,101.935,100.879,1.0559999999999974,0.0104679863995479,False,False,,,,qmmf,43
BRATS_332,tc,0.8591790431914035,,,34.613,37.23,-2.6170000000000044,-0.0702927746441043,False,False,,,,qmmf,43
BRATS_332,et,0.7429589707927677,,,19.762,26.254,-6.492000000000001,-0.2472766054696427,False,False,,,,qmmf,43
BRATS_336,wt,0.9377784108567284,,,78.499,75.949,2.549999999999997,0.0335751622799509,False,False,,,,qmmf,43
BRATS_336,tc,0.8988820599766875,,,34.701,40.795,-6.094000000000001,-0.1493810515994607,False,False,,,,qmmf,43
BRATS_336,et,0.7831215720861009,,,15.375,20.908,-5.533000000000001,-0.2646355462024106,False,False,,,,qmmf,43
BRATS_342,wt,0.6048006659883453,,,14.005,29.239,-15.234,-0.5210164506310065,False,False,,,,qmmf,43
BRATS_342,tc,0.8640023001725129,,,3.495,3.461,0.0340000000000002,0.0098237503611673,False,False,,,,qmmf,43
BRATS_342,et,0.6417953949285923,,,1.39,2.041,-0.6509999999999998,-0.3189612934835863,False,False,,,,qmmf,43
BRATS_348,wt,0.9217982719347492,,,74.397,80.574,-6.1769999999999925,-0.0766624469431825,False,False,,,,qmmf,43
BRATS_348,tc,0.9061418930414564,,,32.886,37.646,-4.759999999999998,-0.1264410561547043,False,False,,,,qmmf,43
BRATS_348,et,0.8198668412607661,,,23.226,30.995,-7.769000000000002,-0.2506533311824488,False,False,,,,qmmf,43
BRATS_354,wt,0.9220513874145352,,,87.894,87.324,0.5700000000000074,0.0065274151436032,False,False,,,,qmmf,43
BRATS_354,tc,0.942617094847541,,,35.456,34.53,0.926000000000002,0.026817260353316,False,False,,,,qmmf,43
BRATS_354,et,0.7831887017185639,,,13.213,16.172,-2.959,-0.1829705664110808,False,False,,,,qmmf,43
BRATS_358,wt,0.8056962475005329,,,101.227,95.815,5.412000000000006,0.0564838490841726,False,False,,,,qmmf,43
BRATS_358,tc,0.7815798420913452,,,52.444,79.911,-27.467,-0.3437198883758181,False,False,,,,qmmf,43
BRATS_358,et,0.593536299765808,,,18.065,35.31,-17.245,-0.4883885584820164,False,False,,,,qmmf,43
BRATS_360,wt,0.8617760732327916,,,75.557,59.246,16.311,0.275309725551092,False,False,,,,qmmf,43
BRATS_360,tc,0.8943539560934785,,,15.605,15.461,0.1440000000000001,0.0093137571955242,False,False,,,,qmmf,43
BRATS_360,et,0.7526523562792993,,,7.547000000000001,8.665000000000001,-1.1180000000000003,-0.1290248124639354,False,False,,,,qmmf,43
BRATS_374,wt,0.8837382196663242,,,48.002,43.464,4.538000000000004,0.1044082459046568,False,False,,,,qmmf,43
BRATS_374,tc,0.837318330989217,,,10.77,10.56,0.209999999999999,0.0198863636363635,False,False,,,,qmmf,43
BRATS_374,et,0.7525265179988307,,,5.285,6.688,-1.4029999999999996,-0.2097787081339712,False,False,,,,qmmf,43
BRATS_384,wt,0.8436568042069654,,,83.436,73.827,9.609000000000009,0.1301556341175993,False,False,,,,qmmf,43
BRATS_384,tc,0.9209687266806864,,,15.23,14.252,0.9779999999999998,0.0686219477968004,False,False,,,,qmmf,43
BRATS_384,et,0.8683642641346568,,,9.943,10.91,-0.9670000000000004,-0.088634280476627,False,False,,,,qmmf,43
BRATS_391,wt,0.93689035949402,,,92.231,81.84700000000001,10.384,0.1268708688162058,False,False,,,,qmmf,43
BRATS_391,tc,0.9062192043414286,,,36.931,37.146,-0.2150000000000034,-0.0057879717870027,False,False,,,,qmmf,43
BRATS_391,et,0.8603084294055996,,,26.579,33.532000000000004,-6.953000000000003,-0.207354169151855,False,False,,,,qmmf,43
BRATS_393,wt,0.9299972457932772,,,161.229,143.759,17.47,0.121522826396956,False,False,,,,qmmf,43
BRATS_393,tc,0.9157403613581993,,,35.726,39.933,-4.207000000000001,-0.1053514637017003,False,False,,,,qmmf,43
BRATS_393,et,0.847219357397858,,,27.304,35.721000000000004,-8.417000000000002,-0.2356317012401668,False,False,,,,qmmf,43
BRATS_396,wt,0.948592175250314,,,102.482,110.151,-7.668999999999997,-0.0696226089640584,False,False,,,,qmmf,43
BRATS_396,tc,0.8675369477439335,,,39.264,37.263,2.0010000000000048,0.0536993800821191,False,False,,,,qmmf,43
BRATS_396,et,0.8656549877259541,,,15.973,19.875,-3.9019999999999992,-0.1963270440251572,False,False,,,,qmmf,43
BRATS_403,wt,0.8818048857762829,,,124.947,146.494,-21.547,-0.1470845222329924,False,False,,,,qmmf,43
BRATS_403,tc,0.7997088590915651,,,89.205,70.168,19.036999999999992,0.2713060084368942,False,False,,,,qmmf,43
BRATS_403,et,0.7627246376811594,,,17.556,16.944,0.6120000000000019,0.0361189801699717,False,False,,,,qmmf,43
BRATS_414,wt,0.8841480147198514,,,127.48,156.762,-29.282,-0.1867927176228933,False,False,,,,qmmf,43
BRATS_414,tc,0.8522526850358577,,,68.465,77.25,-8.784999999999997,-0.1137216828478964,False,False,,,,qmmf,43
BRATS_414,et,0.7274360045879309,,,43.335,69.134,-25.799,-0.3731738363178754,False,False,,,,qmmf,43
BRATS_438,wt,0.6593552465233881,,,12.565,19.075,-6.51,-0.3412844036697248,False,False,,,,qmmf,43
BRATS_438,tc,0.8540446506233691,,,7.927,9.318,-1.3909999999999991,-0.149280961579738,False,False,,,,qmmf,43
BRATS_438,et,0.8078627145085804,,,7.167,8.858,-1.6910000000000007,-0.1909008805599459,False,False,,,,qmmf,43
BRATS_450,wt,0.91102784408446,,,74.507,66.672,7.835000000000008,0.1175155987520999,False,False,,,,qmmf,43
BRATS_450,tc,0.8255978166008155,,,27.019,36.002,-8.983,-0.2495139158935614,False,False,,,,qmmf,43
BRATS_450,et,0.6336899084933626,,,12.851,25.944,-13.092999999999998,-0.504663891458526,False,False,,,,qmmf,43
BRATS_463,wt,0.9545417767306824,,,102.777,107.328,-4.551000000000002,-0.0424027280858676,False,False,,,,qmmf,43
BRATS_463,tc,0.9495526033747912,,,38.567,41.675,-3.108000000000004,-0.0745770845830834,False,False,,,,qmmf,43
BRATS_463,et,0.8671834288692027,,,26.87,34.538000000000004,-7.668000000000003,-0.222016329839597,False,False,,,,qmmf,43
BRATS_475,wt,0.95034191633578,,,198.307,200.621,-2.313999999999993,-0.0115341863513789,False,False,,,,qmmf,43
BRATS_475,tc,0.9088258847029396,,,105.174,117.104,-11.929999999999993,-0.1018752561825385,False,False,,,,qmmf,43
BRATS_475,et,0.7835665701027089,,,45.025,65.092,-20.067,-0.3082867326245929,False,False,,,,qmmf,43
BRATS_478,wt,0.8908764255585064,,,76.346,77.278,-0.9320000000000022,-0.012060353528818,False,False,,,,qmmf,43
BRATS_478,tc,0.8370054979124468,,,26.897,21.485,5.412000000000003,0.2518966720968119,False,False,,,,qmmf,43
BRATS_478,et,0.8509676183176854,,,11.938,14.157,-2.2189999999999994,-0.1567422476513385,False,False,,,,qmmf,43
BRATS_010,wt,0.785,,,27.113,20.487,6.625999999999998,0.3234246107287546,False,False,,,,no_quality,43
BRATS_010,tc,0.728921124206709,,,5.047,4.88,0.1669999999999998,0.0342213114754098,False,False,,,,no_quality,43
BRATS_010,et,0.7275879148093115,,,3.609,4.4670000000000005,-0.8580000000000005,-0.1920752182672936,False,False,,,,no_quality,43
BRATS_020,wt,0.9295615691291484,,,260.59000000000003,256.869,3.721000000000004,0.0144859831275864,False,False,,,,no_quality,43
BRATS_020,tc,0.7834642210861048,,,111.74,115.936,-4.195999999999998,-0.0361923820038641,False,False,,,,no_quality,43
BRATS_020,et,0.7602051067026564,,,47.342,67.135,-19.793000000000006,-0.2948238623668728,False,False,,,,no_quality,43
BRATS_023,wt,0.880752830466108,,,78.714,64.107,14.607,0.227853432542468,False,False,,,,no_quality,43
BRATS_023,tc,0.3109196999166435,,,23.27,5.522,17.747999999999998,3.214052879391524,False,False,,,,no_quality,43
BRATS_023,et,0.0,,,0.182,0.0,0.182,,True,False,,,,no_quality,43
BRATS_027,wt,0.9364290593971384,,,53.583,53.274,0.3089999999999975,0.0058002027255321,False,False,,,,no_quality,43
BRATS_027,tc,0.7239034852546917,,,17.889,28.736,-10.847,-0.3774707683741648,False,False,,,,no_quality,43
BRATS_027,et,0.0,,,0.335,0.0,0.335,,True,False,,,,no_quality,43
BRATS_034,wt,0.9578643829596224,,,209.367,216.14,-6.773000000000025,-0.0313361710002777,False,False,,,,no_quality,43
BRATS_034,tc,0.7798945596627527,,,87.087,110.75,-23.663,-0.2136613995485327,False,False,,,,no_quality,43
BRATS_034,et,0.2191011235955056,,,1.67,0.8220000000000001,0.8479999999999999,1.0316301703163016,False,False,,,,no_quality,43
BRATS_035,wt,0.8751815360511013,,,82.148,83.797,-1.649000000000001,-0.0196785087771638,False,False,,,,no_quality,43
BRATS_035,tc,0.8804137430437938,,,15.136,17.928,-2.792,-0.1557340473003123,False,False,,,,no_quality,43
BRATS_035,et,0.8570598207798499,,,9.815,10.83,-1.0150000000000006,-0.0937211449676824,False,False,,,,no_quality,43
BRATS_045,wt,0.9551344670700048,,,93.552,91.735,1.8170000000000075,0.0198070529241838,False,False,,,,no_quality,43
BRATS_045,tc,0.8466711747710088,,,35.549,45.786,-10.237000000000002,-0.2235836281832875,False,False,,,,no_quality,43
BRATS_045,et,0.9163684559310802,,,26.078,26.737,-0.6590000000000025,-0.0246474922392191,False,False,,,,no_quality,43
BRATS_048,wt,0.9372877671187156,,,163.757,162.83,0.9269999999999924,0.0056930541055087,False,False,,,,no_quality,43
BRATS_048,tc,0.9203661206509984,,,37.69,38.132,-0.4420000000000001,-0.0115913143816217,False,False,,,,no_quality,43
BRATS_048,et,0.8965018499831819,,,27.356,32.104,-4.7479999999999976,-0.1478943433840019,False,False,,,,no_quality,43
BRATS_051,wt,0.951542908904366,,,105.299,111.078,-5.778999999999996,-0.0520265038981616,False,False,,,,no_quality,43
BRATS_051,tc,0.9134527865186072,,,38.396,38.51,-0.1139999999999972,-0.0029602700597246,False,False,,,,no_quality,43
BRATS_051,et,0.9019531898411997,,,17.126,19.02,-1.8939999999999984,-0.0995793901156676,False,False,,,,no_quality,43
BRATS_059,wt,0.9261243508426216,,,95.299,99.569,-4.269999999999996,-0.042884833632958,False,False,,,,no_quality,43
BRATS_059,tc,0.8644195276611009,,,37.983,48.438,-10.454999999999998,-0.2158429332342375,False,False,,,,no_quality,43
BRATS_059,et,0.9067808266281548,,,27.543,30.621,-3.078000000000003,-0.1005192514940727,False,False,,,,no_quality,43
BRATS_062,wt,0.6329656143645112,,,45.018,57.234,-12.216,-0.2134395638955865,False,False,,,,no_quality,43
BRATS_062,tc,0.8100477475607224,,,12.109,11.976,0.1329999999999991,0.0111055444221776,False,False,,,,no_quality,43
BRATS_062,et,0.7708373251580762,,,5.92,4.518,1.402,0.3103142983621071,False,False,,,,no_quality,43
BRATS_066,wt,0.8644434776956041,,,206.358,193.608,12.75,0.0658547167472418,False,False,,,,no_quality,43
BRATS_066,tc,0.7220436826757126,,,26.829,40.383,-13.554000000000002,-0.3356362825941609,False,False,,,,no_quality,43
BRATS_066,et,0.6885284716467385,,,13.745,11.596,2.149000000000001,0.1853225250086237,False,False,,,,no_quality,43
BRATS_076,wt,0.9570655621478412,,,201.0,200.985,0.0149999999999863,7.463243525629453e-05,False,False,,,,no_quality,43
BRATS_076,tc,0.8395532210953855,,,76.055,83.487,-7.431999999999988,-0.0890198474013917,False,False,,,,no_quality,43
BRATS_076,et,0.4042008196721312,,,2.656,1.248,1.408,1.1282051282051284,False,False,,,,no_quality,43
BRATS_080,wt,0.924269981812004,,,126.159,124.006,2.153000000000006,0.0173620631259778,False,False,,,,no_quality,43
BRATS_080,tc,0.7476857540755304,,,90.495,55.989,34.506,0.6162996302845202,False,False,,,,no_quality,43
BRATS_080,et,0.8299028158484923,,,19.426,20.704,-1.2779999999999987,-0.061727202472952,False,False,,,,no_quality,43
BRATS_092,wt,0.8897296754935324,,,129.005,110.189,18.81599999999999,0.1707611467569356,False,False,,,,no_quality,43
BRATS_092,tc,0.7674276409368543,,,83.007,72.364,10.643,0.1470758940909844,False,False,,,,no_quality,43
BRATS_092,et,0.2402528977871443,,,0.625,0.324,0.301,0.9290123456790124,False,False,,,,no_quality,43
BRATS_096,wt,0.7017135204971756,,,135.823,76.255,59.56800000000001,0.7811684479706251,False,False,,,,no_quality,43
BRATS_096,tc,0.7887080774502305,,,74.392,57.667,16.724999999999994,0.2900272252761544,False,False,,,,no_quality,43
BRATS_096,et,0.848342541436464,,,45.149,48.971,-3.8220000000000023,-0.0780461906026016,False,False,,,,no_quality,43
BRATS_097,wt,0.9481748535376296,,,161.923,153.175,8.74799999999999,0.0571111473804471,False,False,,,,no_quality,43
BRATS_097,tc,0.875049264451576,,,62.841,61.488,1.3530000000000015,0.0220042935206869,False,False,,,,no_quality,43
BRATS_097,et,0.8798030330810132,,,34.566,41.792,-7.225999999999999,-0.1729039050535987,False,False,,,,no_quality,43
BRATS_116,wt,0.9423196206720252,,,191.534,193.779,-2.2450000000000045,-0.0115853627070012,False,False,,,,no_quality,43
BRATS_116,tc,0.7999399531172415,,,85.622,87.57600000000001,-1.954000000000008,-0.0223120489631863,False,False,,,,no_quality,43
BRATS_116,et,0.3104916763453348,,,1.955,0.628,1.327,2.1130573248407645,False,False,,,,no_quality,43
BRATS_119,wt,0.866021413574708,,,111.095,118.479,-7.384,-0.0623232809189814,False,False,,,,no_quality,43
BRATS_119,tc,0.711444703961541,,,18.825,25.274,-6.449000000000002,-0.255163409036955,False,False,,,,no_quality,43
BRATS_119,et,0.5977445697461252,,,11.833,6.168,5.665,0.918450064850843,False,False,,,,no_quality,43
BRATS_135,wt,0.8895571036714832,,,177.106,171.418,5.687999999999988,0.0331820462261838,False,False,,,,no_quality,43
BRATS_135,tc,0.6527749557888399,,,82.358,50.527,31.831000000000003,0.6299800106873553,False,False,,,,no_quality,43
BRATS_135,et,0.5843539115221195,,,4.618,3.384,1.2340000000000004,0.3646572104018914,False,False,,,,no_quality,43
BRATS_143,wt,0.9535424683145286,,,113.497,116.498,-3.0010000000000048,-0.0257600988858178,False,False,,,,no_quality,43
BRATS_143,tc,0.9191617524233756,,,75.51,82.534,-7.024000000000001,-0.0851043206436135,False,False,,,,no_quality,43
BRATS_143,et,0.4070840608630581,,,2.579,1.43,1.1490000000000002,0.8034965034965037,False,False,,,,no_quality,43
BRATS_144,wt,0.9073341418318456,,,49.302,51.296,-1.994,-0.0388724266999376,False,False,,,,no_quality,43
BRATS_144,tc,0.6158641620867853,,,8.678,15.704,-7.026,-0.4474019358125318,False,False,,,,no_quality,43
BRATS_144,et,0.6025969437328857,,,6.668,4.6530000000000005,2.015,0.4330539436922414,False,False,,,,no_quality,43
BRATS_160,wt,0.6987389622279319,,,13.73,20.131,-6.401,-0.3179673140926928,False,False,,,,no_quality,43
BRATS_160,tc,0.773639521420301,,,8.78,11.948,-3.168000000000001,-0.265148978908604,False,False,,,,no_quality,43
BRATS_160,et,0.8456059874456784,,,8.004,8.564,-0.5600000000000005,-0.0653900046707146,False,False,,,,no_quality,43
BRATS_163,wt,0.9439241456031874,,,76.259,78.35300000000001,-2.0940000000000083,-0.0267252051612574,False,False,,,,no_quality,43
BRATS_163,tc,0.9026858909823098,,,56.017,55.231,0.7860000000000014,0.014231138310007,False,False,,,,no_quality,43
BRATS_163,et,0.5760963026655203,,,3.884,1.931,1.953,1.0113930605903676,False,False,,,,no_quality,43
BRATS_170,wt,0.9311777699523002,,,153.213,159.157,-5.944000000000017,-0.0373467707986454,False,False,,,,no_quality,43
BRATS_170,tc,0.6204835409681532,,,61.973,31.38,30.593,0.9749203314212874,False,False,,,,no_quality,43
BRATS_170,et,0.0171122994652406,,,1.847,0.023,1.824,79.30434782608697,False,False,,,,no_quality,43
BRATS_190,wt,0.9207498671543852,,,77.016,84.82600000000001,-7.810000000000002,-0.0920708273406738,False,False,,,,no_quality,43
BRATS_190,tc,0.8701549099129047,,,28.299,31.865,-3.5660000000000025,-0.1119096187039071,False,False,,,,no_quality,43
BRATS_190,et,0.7577551081105196,,,13.668,19.955,-6.287000000000001,-0.3150588824855926,False,False,,,,no_quality,43
BRATS_194,wt,0.8763438881674754,,,99.081,91.132,7.948999999999998,0.0872251239959618,False,False,,,,no_quality,43
BRATS_194,tc,0.4905112140197948,,,38.14,16.925,21.215,1.2534711964549483,False,False,,,,no_quality,43
BRATS_194,et,0.5115919629057187,,,1.782,0.806,0.976,1.2109181141439205,False,False,,,,no_quality,43
BRATS_197,wt,0.7895846147537623,,,130.583,113.287,17.295999999999992,0.1526741815036146,False,False,,,,no_quality,43
BRATS_197,tc,0.6877910693087389,,,44.515,43.093,1.421999999999997,0.0329983988118719,False,False,,,,no_quality,43
BRATS_197,et,0.5936163865964005,,,5.899,4.158,1.7409999999999997,0.4187109187109186,False,False,,,,no_quality,43
BRATS_227,wt,0.8778998988357538,,,122.446,110.838,11.60799999999999,0.1047294249264691,False,False,,,,no_quality,43
BRATS_227,tc,0.6382638583589785,,,18.705,31.337,-12.631999999999998,-0.403101764687111,False,False,,,,no_quality,43
BRATS_227,et,0.6400780923162739,,,7.758,6.5840000000000005,1.1739999999999997,0.1783110571081408,False,False,,,,no_quality,43
BRATS_228,wt,0.898435412770505,,,122.464,117.088,5.375999999999991,0.0459141842033341,False,False,,,,no_quality,43
BRATS_228,tc,0.8091577907104425,,,22.99,31.652,-8.661999999999999,-0.2736635915581953,False,False,,,,no_quality,43
BRATS_228,et,0.897020725388601,,,18.642,18.414,0.2279999999999979,0.0123818833496251,False,False,,,,no_quality,43
BRATS_234,wt,0.9612075805590686,,,104.76,103.193,1.5670000000000073,0.0151851385268381,False,False,,,,no_quality,43
BRATS_234,tc,0.946882866306334,,,39.429,38.832,0.5970000000000013,0.0153739184177997,False,False,,,,no_quality,43
BRATS_234,et,0.9301167642624216,,,28.102,28.936,-0.8339999999999996,-0.0288222283660492,False,False,,,,no_quality,43
BRATS_259,wt,0.9198610527923043,,,68.482,62.503,5.978999999999999,0.0956594083483992,False,False,,,,no_quality,43
BRATS_259,tc,0.2715967800072089,,,28.542,4.75,23.792,5.008842105263159,False,False,,,,no_quality,43
BRATS_259,et,0.0060975609756097,,,0.314,0.014,0.3,21.428571428571427,False,False,,,,no_quality,43
BRATS_266,wt,0.9499182009657484,,,201.11,202.929,-1.8189999999999884,-0.0089637262293708,False,False,,,,no_quality,43
BRATS_266,tc,0.9251273271988016,,,113.997,119.653,-5.656000000000006,-0.0472700224816762,False,False,,,,no_quality,43
BRATS_266,et,0.849384568309463,,,51.442,49.869,1.5730000000000004,0.0315426417213098,False,False,,,,no_quality,43
BRATS_268,wt,0.914606899611038,,,190.379,179.323,11.055999999999983,0.0616541101810698,False,False,,,,no_quality,43
BRATS_268,tc,0.5618158149937533,,,62.448,52.013,10.435000000000002,0.2006229211927787,False,False,,,,no_quality,43
BRATS_268,et,0.2108716026241799,,,1.621,0.513,1.108,2.159844054580897,False,False,,,,no_quality,43
BRATS_273,wt,0.8805737571312143,,,77.808,75.56700000000001,2.241,0.0296558021358529,False,False,,,,no_quality,43
BRATS_273,tc,0.8237920466154602,,,25.8,27.058,-1.2579999999999991,-0.0464927193436321,False,False,,,,no_quality,43
BRATS_273,et,0.8610192680424125,,,12.024,14.289,-2.264999999999999,-0.1585135418853663,False,False,,,,no_quality,43
BRATS_278,wt,0.7849564029835067,,,27.108,20.487,6.620999999999999,0.3231805535217454,False,False,,,,no_quality,43
BRATS_278,tc,0.7290491539081386,,,5.048,4.88,0.1680000000000001,0.0344262295081967,False,False,,,,no_quality,43
BRATS_278,et,0.7277681446618777,,,3.607,4.4670000000000005,-0.8600000000000003,-0.1925229460488023,False,False,,,,no_quality,43
BRATS_285,wt,0.9295430608833448,,,260.59000000000003,256.875,3.715000000000032,0.0144622871046229,False,False,,,,no_quality,43
BRATS_285,tc,0.7835677328109489,,,111.734,115.94,-4.205999999999989,-0.0362773848542348,False,False,,,,no_quality,43
BRATS_285,et,0.7604000174680117,,,47.36,67.135,-19.77500000000001,-0.2945557458851568,False,False,,,,no_quality,43
BRATS_298,wt,0.9033599639923484,,,118.679,103.496,15.183000000000009,0.1467013217902142,False,False,,,,no_quality,43
BRATS_298,tc,0.705199698568199,,,39.95,26.4,13.55,0.5132575757575757,False,False,,,,no_quality,43
BRATS_298,et,0.8665568369028006,,,14.852,15.498,-0.6460000000000008,-0.0416827977803588,False,False,,,,no_quality,43
BRATS_302,wt,0.7696821045544173,,,49.726,33.446,16.28,0.4867547688811817,False,False,,,,no_quality,43
BRATS_302,tc,0.4719564809604202,,,3.963,1.368,2.595,1.8969298245614032,False,False,,,,no_quality,43
BRATS_302,et,0.8102189781021898,,,0.981,1.211,-0.2300000000000001,-0.1899256812551611,False,False,,,,no_quality,43
BRATS_304,wt,0.798075672864387,,,40.019,44.582,-4.563000000000002,-0.1023507245076488,False,False,,,,no_quality,43
BRATS_304,tc,0.8915441176470589,,,6.062,6.994,-0.9319999999999996,-0.1332570774949956,False,False,,,,no_quality,43
BRATS_304,et,0.8153818764465017,,,4.761,6.473,-1.7119999999999995,-0.2644832380658118,False,False,,,,no_quality,43
BRATS_306,wt,0.8503929537152707,,,31.188,32.051,-0.8629999999999995,-0.0269258369473651,False,False,,,,no_quality,43
BRATS_306,tc,0.9038091349238756,,,8.863,8.28,0.5830000000000002,0.0704106280193237,False,False,,,,no_quality,43
BRATS_306,et,0.7893912883322589,,,4.886,5.973,-1.0869999999999995,-0.1819856018751046,False,False,,,,no_quality,43
BRATS_307,wt,0.8687093622966146,,,48.862,46.339,2.5230000000000032,0.0544465784760137,False,False,,,,no_quality,43
BRATS_307,tc,0.9017973968734936,,,14.507,14.535,-0.0280000000000004,-0.0019263845889233,False,False,,,,no_quality,43
BRATS_307,et,0.619667086305777,,,3.11,4.039,-0.9289999999999998,-0.2300074275810844,False,False,,,,no_quality,43
BRATS_318,wt,0.8641853540522937,,,119.313,95.627,23.686000000000007,0.2476915515492487,False,False,,,,no_quality,43
BRATS_318,tc,0.8903895339209156,,,25.875,28.472,-2.5970000000000013,-0.0912124192188817,False,False,,,,no_quality,43
BRATS_318,et,0.7970654003668249,,,16.529,23.272,-6.743000000000002,-0.2897473358542455,False,False,,,,no_quality,43
BRATS_322,wt,0.7778283915852244,,,27.361,20.935,6.426000000000002,0.3069500835920708,False,False,,,,no_quality,43
BRATS_322,tc,0.6695029658416854,,,9.418,15.027,-5.609,-0.3732614627004724,False,False,,,,no_quality,43
BRATS_322,et,0.4633741126718018,,,3.961,9.281,-5.32,-0.5732140933089107,False,False,,,,no_quality,43
BRATS_325,wt,0.8838796149628366,,,92.945,87.60900000000001,5.335999999999999,0.0609069844422376,False,False,,,,no_quality,43
BRATS_325,tc,0.8827491842963898,,,28.279,28.727,-0.4480000000000004,-0.0155950847634629,False,False,,,,no_quality,43
BRATS_325,et,0.8305594643117085,,,19.11,22.108,-2.998000000000001,-0.1356070200832278,False,False,,,,no_quality,43
BRATS_326,wt,0.821987866227667,,,33.333,26.5,6.832999999999998,0.2578490566037735,False,False,,,,no_quality,43
BRATS_326,tc,0.8762531425556349,,,14.789,17.43,-2.641,-0.1515203671830177,False,False,,,,no_quality,43
BRATS_326,et,0.7449530516431925,,,7.477,9.563,-2.0860000000000003,-0.2181323852347589,False,False,,,,no_quality,43
BRATS_327,wt,0.9400238116898784,,,130.161,122.656,7.5049999999999955,0.0611873858596399,False,False,,,,no_quality,43
BRATS_327,tc,0.9015434985968196,,,26.957,24.355,2.6020000000000003,0.1068363785670293,False,False,,,,no_quality,43
BRATS_327,et,0.8962692490871567,,,15.486,16.009,-0.5229999999999997,-0.0326691236179648,False,False,,,,no_quality,43
BRATS_332,wt,0.9162220111808418,,,103.399,100.879,2.519999999999996,0.0249804220898303,False,False,,,,no_quality,43
BRATS_332,tc,0.8455921382971092,,,32.475,37.23,-4.755000000000003,-0.1277195809830782,False,False,,,,no_quality,43
BRATS_332,et,0.7210532187883522,,,18.561,26.254,-7.693000000000001,-0.2930220156928468,False,False,,,,no_quality,43
BRATS_336,wt,0.9390916753940076,,,80.647,75.949,4.698000000000008,0.0618572989769451,False,False,,,,no_quality,43
BRATS_336,tc,0.9323116219667944,,,37.505,40.795,-3.289999999999999,-0.0806471381296727,False,False,,,,no_quality,43
BRATS_336,et,0.7932423721529867,,,16.324,20.908,-4.584,-0.2192462215419934,False,False,,,,no_quality,43
BRATS_342,wt,0.6141966822472734,,,14.405,29.239,-14.834,-0.5073360922056157,False,False,,,,no_quality,43
BRATS_342,tc,0.7857235225656278,,,4.272,3.461,0.8110000000000004,0.2343253394972552,False,False,,,,no_quality,43
BRATS_342,et,0.59375,,,1.351,2.041,-0.69,-0.3380695737383635,False,False,,,,no_quality,43
BRATS_348,wt,0.925601999091322,,,77.898,80.574,-2.676000000000002,-0.0332117060093827,False,False,,,,no_quality,43
BRATS_348,tc,0.907877695816206,,,33.39,37.646,-4.256,-0.1130531796206768,False,False,,,,no_quality,43
BRATS_348,et,0.837622802133659,,,24.684,30.995,-6.311,-0.2036134860461364,False,False,,,,no_quality,43
BRATS_354,wt,0.9231379162083232,,,91.763,87.324,4.439000000000007,0.0508336768814988,False,False,,,,no_quality,43
BRATS_354,tc,0.93954199770574,,,36.081,34.53,1.551000000000002,0.0449174630755865,False,False,,,,no_quality,43
BRATS_354,et,0.804446624162171,,,14.413,16.172,-1.7590000000000003,-0.1087682414048973,False,False,,,,no_quality,43
BRATS_358,wt,0.7974591705287472,,,106.796,95.815,10.981000000000009,0.1146062725043052,False,False,,,,no_quality,43
BRATS_358,tc,0.8098045573799487,,,55.781,79.911,-24.130000000000003,-0.3019609315363342,False,False,,,,no_quality,43
BRATS_358,et,0.6370140753690053,,,20.177,35.31,-15.133000000000004,-0.4285754743698669,False,False,,,,no_quality,43
BRATS_360,wt,0.8707759419164003,,,74.63,59.246,15.383999999999991,0.2596630996185395,False,False,,,,no_quality,43
BRATS_360,tc,0.8811824900511654,,,16.201,15.461,0.7400000000000002,0.0478623633658883,False,False,,,,no_quality,43
BRATS_360,et,0.7447306791569087,,,7.561,8.665000000000001,-1.104000000000001,-0.1274091171379112,False,False,,,,no_quality,43
BRATS_374,wt,0.8752482860255014,,,50.178,43.464,6.714000000000006,0.1544726670347875,False,False,,,,no_quality,43
BRATS_374,tc,0.8469582613440029,,,11.434,10.56,0.8740000000000006,0.0827651515151515,False,False,,,,no_quality,43
BRATS_374,et,0.7827872088432688,,,5.977,6.688,-0.7109999999999994,-0.1063098086124401,False,False,,,,no_quality,43
BRATS_384,wt,0.8412124475901066,,,82.155,73.827,8.328000000000003,0.1128042586045756,False,False,,,,no_quality,43
BRATS_384,tc,0.920004083160366,,,15.137,14.252,0.8849999999999998,0.0620965478529329,False,False,,,,no_quality,43
BRATS_384,et,0.8691917973462002,,,9.815,10.91,-1.0950000000000006,-0.1003666361136572,False,False,,,,no_quality,43
BRATS_391,wt,0.9309806157354618,,,93.553,81.84700000000001,11.705999999999989,0.1430229574694245,False,False,,,,no_quality,43
BRATS_391,tc,0.9202113024817036,,,35.546,37.146,-1.6000000000000014,-0.0430732784149033,False,False,,,,no_quality,43
BRATS_391,et,0.8520046971984566,,,26.078,33.532000000000004,-7.454000000000004,-0.222295121078373,False,False,,,,no_quality,43
BRATS_393,wt,0.922194400182108,,,163.751,143.759,19.99199999999999,0.1390660758630763,False,False,,,,no_quality,43
BRATS_393,tc,0.902375553952386,,,37.691,39.933,-2.2419999999999973,-0.0561440412691257,False,False,,,,no_quality,43
BRATS_393,et,0.8496638762049721,,,27.351,35.721000000000004,-8.370000000000005,-0.234315948601663,False,False,,,,no_quality,43
BRATS_396,wt,0.9581018421822132,,,105.3,110.151,-4.850999999999999,-0.0440395457145191,False,False,,,,no_quality,43
BRATS_396,tc,0.9240163360251648,,,38.398,37.263,1.1350000000000051,0.0304591686122965,False,False,,,,no_quality,43
BRATS_396,et,0.8934951220171338,,,17.128,19.875,-2.747,-0.1382138364779874,False,False,,,,no_quality,43
BRATS_403,wt,0.893486545070438,,,126.157,146.494,-20.337000000000003,-0.138824798285254,False,False,,,,no_quality,43
BRATS_403,tc,0.786904428469175,,,90.497,70.168,20.328999999999997,0.2897189602097821,False,False,,,,no_quality,43
BRATS_403,et,0.7616429317644471,,,19.43,16.944,2.4860000000000007,0.1467186024551464,False,False,,,,no_quality,43
BRATS_414,wt,0.9038437854924124,,,135.554,156.762,-21.208,-0.1352878886464832,False,False,,,,no_quality,43
BRATS_414,tc,0.8647659724961574,,,69.784,77.25,-7.465999999999994,-0.0966472491909384,False,False,,,,no_quality,43
BRATS_414,et,0.7583140887585735,,,46.483,69.134,-22.651,-0.3276390777330979,False,False,,,,no_quality,43
BRATS_438,wt,0.7184318029388452,,,13.727,19.075,-5.347999999999999,-0.2803669724770641,False,False,,,,no_quality,43
BRATS_438,tc,0.8771619605459469,,,8.779,9.318,-0.5389999999999997,-0.0578450311225584,False,False,,,,no_quality,43
BRATS_438,et,0.8428918806713718,,,8.003,8.858,-0.8550000000000004,-0.0965229171370513,False,False,,,,no_quality,43
BRATS_450,wt,0.8980344664383753,,,77.004,66.672,10.332000000000008,0.1549676025917928,False,False,,,,no_quality,43
BRATS_450,tc,0.8298858440386948,,,28.296,36.002,-7.706000000000003,-0.2140436642408755,False,False,,,,no_quality,43
BRATS_450,et,0.6625769968696354,,,13.668,25.944,-12.275999999999998,-0.473172987974098,False,False,,,,no_quality,43
BRATS_463,wt,0.9533217030505916,,,104.762,107.328,-2.5660000000000025,-0.0239080202742993,False,False,,,,no_quality,43
BRATS_463,tc,0.9543537767256048,,,39.427,41.675,-2.2480000000000047,-0.0539412117576485,False,False,,,,no_quality,43
BRATS_463,et,0.8855610192221726,,,28.098,34.538000000000004,-6.440000000000005,-0.1864612890149981,False,False,,,,no_quality,43
BRATS_475,wt,0.9498777810413752,,,201.117,200.621,0.4959999999999809,0.0024723234357319,False,False,,,,no_quality,43
BRATS_475,tc,0.9328452181589232,,,113.989,117.104,-3.114999999999995,-0.0266002869244431,False,False,,,,no_quality,43
BRATS_475,et,0.8162908042426115,,,51.44,65.092,-13.652,-0.209733915074049,False,False,,,,no_quality,43
BRATS_478,wt,0.8723666307705205,,,77.799,77.278,0.5210000000000008,0.0067418929061311,False,False,,,,no_quality,43
BRATS_478,tc,0.8591430142548961,,,25.797,21.485,4.312000000000001,0.2006981615080289,False,False,,,,no_quality,43
BRATS_478,et,0.8680672268907563,,,12.023,14.157,-2.1340000000000003,-0.1507381507381507,False,False,,,,no_quality,43
BRATS_010,wt,0.7934665226781857,,,23.961,20.487,3.474,0.1695709474300776,False,False,,,,qmmf,44
BRATS_010,tc,0.790946656649136,,,5.768,4.88,0.8879999999999999,0.181967213114754,False,False,,,,qmmf,44
BRATS_010,et,0.7613981762917933,,,4.745,4.4670000000000005,0.2779999999999996,0.062234161629729,False,False,,,,qmmf,44
BRATS_020,wt,0.9295685379727782,,,248.019,256.869,-8.850000000000023,-0.0344533594945284,False,False,,,,qmmf,44
BRATS_020,tc,0.8225261108160736,,,110.024,115.936,-5.912000000000006,-0.0509936516698868,False,False,,,,qmmf,44
BRATS_020,et,0.7749249413407117,,,51.772,67.135,-15.363000000000008,-0.2288374171445595,False,False,,,,qmmf,44
BRATS_023,wt,0.9004790559093299,,,72.82900000000001,64.107,8.722000000000008,0.1360537850780727,False,False,,,,qmmf,44
BRATS_023,tc,0.3475899524779361,,,18.046,5.522,12.524,2.2680188337558853,False,False,,,,qmmf,44
BRATS_023,et,0.0,,,0.834,0.0,0.834,,True,False,,,,qmmf,44
BRATS_027,wt,0.9386120399735554,,,51.095,53.274,-2.179000000000002,-0.0409017532004355,False,False,,,,qmmf,44
BRATS_027,tc,0.724101164328059,,,18.158,28.736,-10.578,-0.368109688195991,False,False,,,,qmmf,44
BRATS_027,et,0.0,,,0.867,0.0,0.867,,True,False,,,,qmmf,44
BRATS_034,wt,0.9479182655410592,,,200.82,216.14,-15.320000000000022,-0.0708799851947812,False,False,,,,qmmf,44
BRATS_034,tc,0.7580898060551212,,,79.304,110.75,-31.446,-0.2839367945823927,False,False,,,,qmmf,44
BRATS_034,et,0.135486577181208,,,3.946,0.8220000000000001,3.124,3.800486618004866,False,False,,,,qmmf,44
BRATS_035,wt,0.8592772867832926,,,75.63,83.797,-8.167000000000002,-0.0974617229733761,False,False,,,,qmmf,44
BRATS_035,tc,0.8922217744257009,,,16.81,17.928,-1.118000000000002,-0.0623605533244088,False,False,,,,qmmf,44
BRATS_035,et,0.8611357586512866,,,11.71,10.83,0.8800000000000008,0.0812557710064636,False,False,,,,qmmf,44
BRATS_045,wt,0.9511618444349136,,,90.131,91.735,-1.6039999999999992,-0.017485147435548,False,False,,,,qmmf,44
BRATS_045,tc,0.8548954618054304,,,37.485,45.786,-8.301000000000002,-0.1812999606866728,False,False,,,,qmmf,44
BRATS_045,et,0.9174884710890386,,,29.643,26.737,2.905999999999999,0.1086883345177094,False,False,,,,qmmf,44
BRATS_048,wt,0.9342645331582072,,,153.894,162.83,-8.936000000000007,-0.0548793219922619,False,False,,,,qmmf,44
BRATS_048,tc,0.9365364211519064,,,38.211,38.132,0.0790000000000006,0.0020717507605161,False,False,,,,qmmf,44
BRATS_048,et,0.925185008355216,,,30.731,32.104,-1.3729999999999976,-0.0427672564166458,False,False,,,,qmmf,44
BRATS_051,wt,0.942916950866712,,,101.507,111.078,-9.570999999999998,-0.0861646770737679,False,False,,,,qmmf,44
BRATS_051,tc,0.8599989940649834,,,41.018,38.51,2.5080000000000027,0.0651259413139445,False,False,,,,qmmf,44
BRATS_051,et,0.906753604749788,,,18.708,19.02,-0.3119999999999976,-0.0164037854889588,False,False,,,,qmmf,44
BRATS_059,wt,0.91984083671988,,,89.168,99.569,-10.400999999999996,-0.1044602235635589,False,False,,,,qmmf,44
BRATS_059,tc,0.8517357509934392,,,37.375,48.438,-11.063000000000002,-0.2283950617283951,False,False,,,,qmmf,44
BRATS_059,et,0.9176446782679076,,,28.683,30.621,-1.9380000000000024,-0.0632898990888606,False,False,,,,qmmf,44
BRATS_062,wt,0.6077092437162622,,,32.243,57.234,-24.991,-0.4366460495509662,False,False,,,,qmmf,44
BRATS_062,tc,0.7237874465049928,,,10.456,11.976,-1.5200000000000014,-0.1269205076820308,False,False,,,,qmmf,44
BRATS_062,et,0.7065545669741246,,,7.733,4.518,3.2150000000000007,0.7115980522355027,False,False,,,,qmmf,44
BRATS_066,wt,0.8637800450676014,,,189.816,193.608,-3.7920000000000016,-0.0195859675220032,False,False,,,,qmmf,44
BRATS_066,tc,0.612193935462948,,,21.287,40.383,-19.096000000000004,-0.4728722482232623,False,False,,,,qmmf,44
BRATS_066,et,0.6862360337992071,,,13.375,11.596,1.779,0.1534149706795446,False,False,,,,qmmf,44
BRATS_076,wt,0.95346192913923,,,194.777,200.985,-6.207999999999998,-0.0308878772047665,False,False,,,,qmmf,44
BRATS_076,tc,0.8162424713425296,,,70.923,83.487,-12.563999999999991,-0.1504904955262495,False,False,,,,qmmf,44
BRATS_076,et,0.3623452294246176,,,4.244,1.248,2.996,2.400641025641025,False,False,,,,qmmf,44
BRATS_080,wt,0.9286843328684332,,,123.359,124.006,-0.6469999999999914,-0.0052174894763155,False,False,,,,qmmf,44
BRATS_080,tc,0.7638395053053194,,,86.321,55.989,30.331999999999997,0.5417492721784635,False,False,,,,qmmf,44
BRATS_080,et,0.8196666347351279,,,21.052,20.704,0.347999999999999,0.016808346213292,False,False,,,,qmmf,44
BRATS_092,wt,0.8952013806011797,,,122.753,110.189,12.563999999999991,0.1140222708255814,False,False,,,,qmmf,44
BRATS_092,tc,0.7058053344033113,,,69.69500000000001,72.364,-2.668999999999997,-0.0368829804875351,False,False,,,,qmmf,44
BRATS_092,et,0.0664819944598338,,,0.398,0.324,0.074,0.228395061728395,False,False,,,,qmmf,44
BRATS_096,wt,0.7315619692691113,,,122.763,76.255,46.50800000000001,0.6099009900990101,False,False,,,,qmmf,44
BRATS_096,tc,0.8061114631930181,,,73.3,57.667,15.632999999999996,0.2710909185496036,False,False,,,,qmmf,44
BRATS_096,et,0.8644529761730313,,,53.392,48.971,4.420999999999999,0.0902779195850605,False,False,,,,qmmf,44
BRATS_097,wt,0.9514920639051636,,,154.218,153.175,1.042999999999978,0.0068092051574994,False,False,,,,qmmf,44
BRATS_097,tc,0.8904938892766137,,,61.738,61.488,0.25,0.0040658339838667,False,False,,,,qmmf,44
BRATS_097,et,0.9042618745205548,,,37.727,41.792,-4.064999999999998,-0.0972674196018376,False,False,,,,qmmf,44
BRATS_116,wt,0.9427469717926148,,,187.965,193.779,-5.813999999999993,-0.030003251126283,False,False,,,,qmmf,44
BRATS_116,tc,0.7817739726440651,,,78.165,87.57600000000001,-9.411,-0.1074609482049876,False,False,,,,qmmf,44
BRATS_116,et,0.25359477124183,,,3.197,0.628,2.569,4.090764331210191,False,False,,,,qmmf,44
BRATS_119,wt,0.8484096837673333,,,100.031,118.479,-18.447999999999997,-0.1557069185256458,False,False,,,,qmmf,44
BRATS_119,tc,0.7126496810534562,,,28.34,25.274,3.065999999999999,0.1213104376038616,False,False,,,,qmmf,44
BRATS_119,et,0.434249600243661,,,20.098,6.168,13.93,2.2584306095979247,False,False,,,,qmmf,44
BRATS_135,wt,0.894716151743116,,,164.36,171.418,-7.057999999999993,-0.0411742057426874,False,False,,,,qmmf,44
BRATS_135,tc,0.5784936244902174,,,65.699,50.527,15.171999999999995,0.3002751004413481,False,False,,,,qmmf,44
BRATS_135,et,0.5517098445595855,,,6.266,3.384,2.882,0.8516548463356974,False,False,,,,qmmf,44
BRATS_143,wt,0.9592359430120329,,,111.129,116.498,-5.369,-0.0460866280966196,False,False,,,,qmmf,44
BRATS_143,tc,0.8983626975271802,,,71.622,82.534,-10.912000000000006,-0.1322121792231081,False,False,,,,qmmf,44
BRATS_143,et,0.4464241524375155,,,2.611,1.43,1.1810000000000005,0.8258741258741261,False,False,,,,qmmf,44
BRATS_144,wt,0.8959289199621295,,,44.821,51.296,-6.475000000000001,-0.1262281659388646,False,False,,,,qmmf,44
BRATS_144,tc,0.7819183834142501,,,14.78,15.704,-0.9239999999999996,-0.0588385124808965,False,False,,,,qmmf,44
BRATS_144,et,0.5311163323091752,,,11.946,4.6530000000000005,7.292999999999999,1.5673758865248224,False,False,,,,qmmf,44
BRATS_160,wt,0.6382491119514151,,,14.777,20.131,-5.353999999999999,-0.2659579752620336,False,False,,,,qmmf,44
BRATS_160,tc,0.7798156596220092,,,9.534,11.948,-2.414,-0.202042182792099,False,False,,,,qmmf,44
BRATS_160,et,0.8451571669281274,,,8.647,8.564,0.0830000000000001,0.0096917328351237,False,False,,,,qmmf,44
BRATS_163,wt,0.9453564376437774,,,75.096,78.35300000000001,-3.257000000000005,-0.0415682871108956,False,False,,,,qmmf,44
BRATS_163,tc,0.8863204851702335,,,53.267,55.231,-1.9639999999999984,-0.0355597400010863,False,False,,,,qmmf,44
BRATS_163,et,0.6053788011952892,,,3.758,1.931,1.827,0.946141895390989,False,False,,,,qmmf,44
BRATS_170,wt,0.9248872237434798,,,144.32,159.157,-14.837000000000018,-0.0932224156022042,False,False,,,,qmmf,44
BRATS_170,tc,0.5506078423310445,,,41.583,31.38,10.203,0.3251434034416826,False,False,,,,qmmf,44
BRATS_170,et,0.0095923261390887,,,4.147,0.023,4.1240000000000006,179.304347826087,False,False,,,,qmmf,44
BRATS_190,wt,0.9020178747752994,,,73.162,84.82600000000001,-11.664,-0.1375050102562893,False,False,,,,qmmf,44
BRATS_190,tc,0.883132608980233,,,29.247,31.865,-2.618000000000002,-0.0821591087399969,False,False,,,,qmmf,44
BRATS_190,et,0.821027027027027,,,17.045,19.955,-2.91,-0.1458281132548233,False,False,,,,qmmf,44
BRATS_194,wt,0.8756014356672186,,,88.854,91.132,-2.278000000000006,-0.0249967080718079,False,False,,,,qmmf,44
BRATS_194,tc,0.5185317098145716,,,27.998,16.925,11.073,0.6542392909896603,False,False,,,,qmmf,44
BRATS_194,et,0.3731263383297644,,,2.93,0.806,2.124,2.6352357320099253,False,False,,,,qmmf,44
BRATS_197,wt,0.7419200229268269,,,89.096,113.287,-24.191000000000003,-0.2135372990722678,False,False,,,,qmmf,44
BRATS_197,tc,0.4822838815092741,,,23.005,43.093,-20.088000000000005,-0.4661545958740399,False,False,,,,qmmf,44
BRATS_197,et,0.5282251229021868,,,7.640000000000001,4.158,3.482,0.8374218374218374,False,False,,,,qmmf,44
BRATS_227,wt,0.85419412918368,,,106.883,110.838,-3.955000000000013,-0.0356827080965013,False,False,,,,qmmf,44
BRATS_227,tc,0.6735915552332934,,,27.966,31.337,-3.3709999999999987,-0.1075725181095828,False,False,,,,qmmf,44
BRATS_227,et,0.5766222785880364,,,12.34,6.5840000000000005,5.755999999999999,0.8742405832320777,False,False,,,,qmmf,44
BRATS_228,wt,0.8527709842646856,,,99.622,117.088,-17.466000000000008,-0.1491698551516808,False,False,,,,qmmf,44
BRATS_228,tc,0.7664614421371179,,,25.846,31.652,-5.806000000000001,-0.1834323265512448,False,False,,,,qmmf,44
BRATS_228,et,0.882038999245008,,,19.997,18.414,1.5829999999999984,0.0859671988704245,False,False,,,,qmmf,44
BRATS_234,wt,0.9591099708915092,,,99.497,103.193,-3.695999999999998,-0.0358163828941885,False,False,,,,qmmf,44
BRATS_234,tc,0.9389709116039454,,,40.753,38.832,1.9209999999999996,0.0494695096827358,False,False,,,,qmmf,44
BRATS_234,et,0.9286354034643008,,,30.239,28.936,1.3030000000000008,0.0450304119435997,False,False,,,,qmmf,44
BRATS_259,wt,0.9328129662494308,,,64.843,62.503,2.3400000000000034,0.0374382029662576,False,False,,,,qmmf,44
BRATS_259,tc,0.3214455539705183,,,22.589,4.75,17.839000000000002,3.755578947368421,False,False,,,,qmmf,44
BRATS_259,et,0.0041928721174004,,,0.463,0.014,0.449,32.07142857142857,False,False,,,,qmmf,44
BRATS_266,wt,0.9412292664441124,,,198.172,202.929,-4.757000000000005,-0.0234416963568539,False,False,,,,qmmf,44
BRATS_266,tc,0.8310334898049666,,,99.13,119.653,-20.52300000000001,-0.1715209815048516,False,False,,,,qmmf,44
BRATS_266,et,0.8374694031255884,,,56.351,49.869,6.481999999999999,0.1299805490384808,False,False,,,,qmmf,44
BRATS_268,wt,0.9151580014645412,,,175.737,179.323,-3.5860000000000127,-0.0199974347964288,False,False,,,,qmmf,44
BRATS_268,tc,0.5742387778591608,,,53.114,52.013,1.1010000000000062,0.0211677849768328,False,False,,,,qmmf,44
BRATS_268,et,0.184,,,2.237,0.513,1.7240000000000002,3.3606237816764137,False,False,,,,qmmf,44
BRATS_273,wt,0.8902237468924042,,,68.435,75.56700000000001,-7.132000000000005,-0.0943798218799211,False,False,,,,qmmf,44
BRATS_273,tc,0.8435281163382314,,,25.616,27.058,-1.4420000000000002,-0.0532929263064528,False,False,,,,qmmf,44
BRATS_273,et,0.8717096948907745,,,13.406,14.289,-0.8829999999999991,-0.061795786968997,False,False,,,,qmmf,44
BRATS_278,wt,0.793638653949973,,,23.969,20.487,3.4819999999999998,0.1699614389612924,False,False,,,,qmmf,44
BRATS_278,tc,0.7910209448670987,,,5.767,4.88,0.8870000000000005,0.1817622950819673,False,False,,,,qmmf,44
BRATS_278,et,0.7615326169543037,,,4.746,4.4670000000000005,0.2789999999999999,0.0624580255204835,False,False,,,,qmmf,44
BRATS_285,wt,0.9295953166527376,,,248.063,256.875,-8.811999999999983,-0.0343046228710461,False,False,,,,qmmf,44
BRATS_285,tc,0.8225361331752967,,,110.168,115.94,-5.771999999999991,-0.0497843712264963,False,False,,,,qmmf,44
BRATS_285,et,0.7752855257960686,,,51.856,67.135,-15.279000000000003,-0.2275862068965517,False,False,,,,qmmf,44
BRATS_298,wt,0.9208848859072866,,,111.899,103.496,8.403000000000006,0.0811915436345366,False,False,,,,qmmf,44
BRATS_298,tc,0.8234508161201791,,,28.984,26.4,2.584,0.0978787878787878,False,False,,,,qmmf,44
BRATS_298,et,0.8570229796023754,,,15.486,15.498,-0.0120000000000004,-0.0007742934572203,False,False,,,,qmmf,44
BRATS_302,wt,0.8076041797809392,,,45.984,33.446,12.538000000000004,0.3748729294982958,False,False,,,,qmmf,44
BRATS_302,tc,0.4594998133631952,,,3.99,1.368,2.622,1.9166666666666663,False,False,,,,qmmf,44
BRATS_302,et,0.8083989501312336,,,1.075,1.211,-0.1360000000000001,-0.1123038810900083,False,False,,,,qmmf,44
BRATS_304,wt,0.7617771208838008,,,35.255,44.582,-9.326999999999998,-0.2092099950652729,False,False,,,,qmmf,44
BRATS_304,tc,0.8759766365774103,,,6.189,6.994,-0.8049999999999997,-0.1150986559908492,False,False,,,,qmmf,44
BRATS_304,et,0.8403578186822639,,,5.1530000000000005,6.473,-1.3199999999999994,-0.2039239919666305,False,False,,,,qmmf,44
BRATS_306,wt,0.8433334441378851,,,28.115,32.051,-3.936,-0.1228042806776699,False,False,,,,qmmf,44
BRATS_306,tc,0.8859604662949823,,,9.477,8.28,1.197000000000001,0.1445652173913044,False,False,,,,qmmf,44
BRATS_306,et,0.81300549983824,,,6.391,5.973,0.4180000000000001,0.0699815837937385,False,False,,,,qmmf,44
BRATS_307,wt,0.8821317927742192,,,44.364,46.339,-1.9749999999999943,-0.0426206866786075,False,False,,,,qmmf,44
BRATS_307,tc,0.9078093768629238,,,13.982,14.535,-0.552999999999999,-0.0380460956312348,False,False,,,,qmmf,44
BRATS_307,et,0.6138132295719845,,,4.1850000000000005,4.039,0.1460000000000008,0.0361475612775441,False,False,,,,qmmf,44
BRATS_318,wt,0.8879113092514135,,,107.596,95.627,11.969000000000008,0.125163395275393,False,False,,,,qmmf,44
BRATS_318,tc,0.8878126934420857,,,26.454,28.472,-2.0180000000000007,-0.0708766507445912,False,False,,,,qmmf,44
BRATS_318,et,0.8278761380834555,,,18.355,23.272,-4.917000000000002,-0.2112839463733242,False,False,,,,qmmf,44
BRATS_322,wt,0.8224892818268654,,,24.082,20.935,3.147000000000002,0.1503224265583951,False,False,,,,qmmf,44
BRATS_322,tc,0.7474344776670359,,,12.063,15.027,-2.9640000000000004,-0.1972449590736674,False,False,,,,qmmf,44
BRATS_322,et,0.5866204861779232,,,6.3100000000000005,9.281,-2.971,-0.3201163667708221,False,False,,,,qmmf,44
BRATS_325,wt,0.896714791982406,,,87.905,87.60900000000001,0.2959999999999922,0.0033786483123879,False,False,,,,qmmf,44
BRATS_325,tc,0.8964275727069351,,,28.489,28.727,-0.2379999999999995,-0.0082848887805896,False,False,,,,qmmf,44
BRATS_325,et,0.8470204841713221,,,20.852,22.108,-1.2560000000000002,-0.0568120137506784,False,False,,,,qmmf,44
BRATS_326,wt,0.8279998636812869,,,32.186,26.5,5.686,0.214566037735849,False,False,,,,qmmf,44
BRATS_326,tc,0.8764601357452882,,,16.899,17.43,-0.5309999999999988,-0.0304647160068846,False,False,,,,qmmf,44
BRATS_326,et,0.7534958857085163,,,10.246,9.563,0.6829999999999998,0.0714211021645926,False,False,,,,qmmf,44
BRATS_327,wt,0.9490602942427075,,,124.283,122.656,1.6269999999999951,0.0132647404122097,False,False,,,,qmmf,44
BRATS_327,tc,0.949279822725594,,,24.383,24.355,0.0279999999999986,0.0011496612605213,False,False,,,,qmmf,44
BRATS_327,et,0.8967511690868816,,,16.495,16.009,0.4860000000000006,0.0303579236679368,False,False,,,,qmmf,44
BRATS_332,wt,0.9111968720364726,,,96.31,100.879,-4.569000000000003,-0.0452918843366806,False,False,,,,qmmf,44
BRATS_332,tc,0.8694425789120215,,,37.22,37.23,-0.0100000000000051,-0.0002686005909214,False,False,,,,qmmf,44
BRATS_332,et,0.7766051878883519,,,24.441,26.254,-1.8130000000000024,-0.0690561438257028,False,False,,,,qmmf,44
BRATS_336,wt,0.9475176748866324,,,77.093,75.949,1.1440000000000057,0.0150627394699075,False,False,,,,qmmf,44
BRATS_336,tc,0.8384916694251352,,,31.709,40.795,-9.086000000000002,-0.2227233729623728,False,False,,,,qmmf,44
BRATS_336,et,0.8280080889787664,,,18.652,20.908,-2.256,-0.1079012818060072,False,False,,,,qmmf,44
BRATS_342,wt,0.5367736890973953,,,11.687,29.239,-17.552,-0.6002941277061459,False,False,,,,qmmf,44
BRATS_342,tc,0.8270190103815559,,,3.956,3.461,0.4950000000000001,0.1430222479052297,False,False,,,,qmmf,44
BRATS_342,et,0.7021121631463948,,,2.078,2.041,0.0369999999999999,0.0181283684468397,False,False,,,,qmmf,44
BRATS_348,wt,0.9117069723618092,,,72.258,80.574,-8.316000000000003,-0.1032094720381264,False,False,,,,qmmf,44
BRATS_348,tc,0.9134172168929862,,,34.597,37.646,-3.0489999999999995,-0.0809913403814482,False,False,,,,qmmf,44
BRATS_348,et,0.8549294316574071,,,26.963,30.995,-4.032,-0.130085497660913,False,False,,,,qmmf,44
BRATS_354,wt,0.9242439915864972,,,86.682,87.324,-0.6419999999999959,-0.0073519307406897,False,False,,,,qmmf,44
BRATS_354,tc,0.9339870376578387,,,37.062,34.53,2.5319999999999965,0.0733275412684621,False,False,,,,qmmf,44
BRATS_354,et,0.8112373929735823,,,16.647000000000002,16.172,0.4750000000000014,0.029371753648281,False,False,,,,qmmf,44
BRATS_358,wt,0.8127792535596877,,,100.691,95.815,4.876000000000005,0.050889735427647,False,False,,,,qmmf,44
BRATS_358,tc,0.7508691151249208,,,49.531,79.911,-30.380000000000003,-0.3801729423984182,False,False,,,,qmmf,44
BRATS_358,et,0.6514510541251023,,,22.131,35.31,-13.179000000000002,-0.3732370433305013,False,False,,,,qmmf,44
BRATS_360,wt,0.9001929732728111,,,68.751,59.246,9.505000000000004,0.1604327718326976,False,False,,,,qmmf,44
BRATS_360,tc,0.893671289654073,,,15.904,15.461,0.4429999999999996,0.0286527391501196,False,False,,,,qmmf,44
BRATS_360,et,0.766444342226311,,,8.727,8.665000000000001,0.0619999999999993,0.0071552221581072,False,False,,,,qmmf,44
BRATS_374,wt,0.8790553166580364,,,45.37,43.464,1.9059999999999988,0.0438523835818148,False,False,,,,qmmf,44
BRATS_374,tc,0.8473523181925159,,,10.685,10.56,0.125,0.0118371212121212,False,False,,,,qmmf,44
BRATS_374,et,0.8030061489410157,,,6.485,6.688,-0.2029999999999994,-0.030352870813397,False,False,,,,qmmf,44
BRATS_384,wt,0.844622580278222,,,75.622,73.827,1.7950000000000017,0.0243135980061495,False,False,,,,qmmf,44
BRATS_384,tc,0.8919728241620246,,,16.805,14.252,2.552999999999999,0.1791327532977827,False,False,,,,qmmf,44
BRATS_384,et,0.8760666755095724,,,11.707,10.91,0.7970000000000006,0.0730522456461962,False,False,,,,qmmf,44
BRATS_391,wt,0.9432878178138594,,,90.109,81.84700000000001,8.262,0.1009444451232177,False,False,,,,qmmf,44
BRATS_391,tc,0.9204604848761008,,,37.471,37.146,0.3250000000000028,0.0087492596780273,False,False,,,,qmmf,44
BRATS_391,et,0.8928950159066809,,,29.649,33.532000000000004,-3.8830000000000022,-0.1157998329953478,False,False,,,,qmmf,44
BRATS_393,wt,0.9438113922519786,,,153.917,143.759,10.157999999999989,0.0706599239004165,False,False,,,,qmmf,44
BRATS_393,tc,0.9211021384967814,,,38.206,39.933,-1.7269999999999968,-0.0432474394610972,False,False,,,,qmmf,44
BRATS_393,et,0.8871198326586507,,,30.73,35.721000000000004,-4.991000000000003,-0.1397217323143249,False,False,,,,qmmf,44
BRATS_396,wt,0.9453775755599968,,,101.502,110.151,-8.649000000000001,-0.0785194868861835,False,False,,,,qmmf,44
BRATS_396,tc,0.8666036434247171,,,41.015,37.263,3.7520000000000016,0.1006896921879613,False,False,,,,qmmf,44
BRATS_396,et,0.8808252553003991,,,18.707,19.875,-1.1679999999999993,-0.0587672955974842,False,False,,,,qmmf,44
BRATS_403,wt,0.8892026399558278,,,123.359,146.494,-23.13499999999999,-0.1579245566371318,False,False,,,,qmmf,44
BRATS_403,tc,0.781629470562671,,,86.3,70.168,16.13199999999999,0.2299053699692166,False,False,,,,qmmf,44
BRATS_403,et,0.7216022739235709,,,21.052,16.944,4.1080000000000005,0.2424457034938621,False,False,,,,qmmf,44
BRATS_414,wt,0.8676429597547117,,,123.072,156.762,-33.69,-0.2149117770888353,False,False,,,,qmmf,44
BRATS_414,tc,0.8501417991145206,,,69.789,77.25,-7.4609999999999985,-0.0965825242718446,False,False,,,,qmmf,44
BRATS_414,et,0.7957400020866606,,,55.467,69.134,-13.667000000000002,-0.1976885468799722,False,False,,,,qmmf,44
BRATS_438,wt,0.6549870007090522,,,14.773,19.075,-4.302,-0.2255307994757535,False,False,,,,qmmf,44
BRATS_438,tc,0.8673420675754522,,,9.535,9.318,0.2170000000000005,0.023288259283108,False,False,,,,qmmf,44
BRATS_438,et,0.8389123729007197,,,8.648,8.858,-0.2100000000000008,-0.0237073831564688,False,False,,,,qmmf,44
BRATS_450,wt,0.9138905179442434,,,73.15,66.672,6.478000000000009,0.0971622270218383,False,False,,,,qmmf,44
BRATS_450,tc,0.8437993347945374,,,29.241,36.002,-6.761000000000003,-0.1877951224931948,False,False,,,,qmmf,44
BRATS_450,et,0.7431149981391887,,,17.048000000000002,25.944,-8.895999999999997,-0.3428923835954362,False,False,,,,qmmf,44
BRATS_463,wt,0.9439131233621182,,,99.494,107.328,-7.834000000000003,-0.0729912045319022,False,False,,,,qmmf,44
BRATS_463,tc,0.9549634806241052,,,40.747,41.675,-0.9280000000000044,-0.0222675464907019,False,False,,,,qmmf,44
BRATS_463,et,0.9098684616809732,,,30.234,34.538000000000004,-4.304000000000002,-0.1246163645839365,False,False,,,,qmmf,44
BRATS_475,wt,0.9405694860185616,,,198.265,200.621,-2.3559999999999945,-0.0117435363197272,False,False,,,,qmmf,44
BRATS_475,tc,0.8389155587528649,,,99.745,117.104,-17.358999999999995,-0.1482357562508539,False,False,,,,qmmf,44
BRATS_475,et,0.824174647748141,,,56.341,65.092,-8.750999999999998,-0.1344404842376943,False,False,,,,qmmf,44
BRATS_478,wt,0.8742519901180346,,,68.44200000000001,77.278,-8.835999999999999,-0.1143404332410258,False,False,,,,qmmf,44
BRATS_478,tc,0.8598964082533752,,,25.623,21.485,4.138000000000002,0.1925994880148941,False,False,,,,qmmf,44
BRATS_478,et,0.8770363920031929,,,13.404,14.157,-0.7530000000000001,-0.0531892350074168,False,False,,,,qmmf,44
BRATS_010,wt,0.582071481880753,,,39.808,20.487,19.321,0.9430858593254255,False,False,,,,unet25d,42
BRATS_010,tc,0.768338249754179,,,5.29,4.88,0.4100000000000001,0.0840163934426229,False,False,,,,unet25d,42
BRATS_010,et,0.8116770186335404,,,3.583,4.4670000000000005,-0.8840000000000003,-0.1978956794269085,False,False,,,,unet25d,42
BRATS_020,wt,0.916292847090023,,,258.97700000000003,256.869,2.108000000000004,0.0082065177191486,False,False,,,,unet25d,42
BRATS_020,tc,0.8338021534015501,,,104.831,115.936,-11.105000000000004,-0.0957856058515043,False,False,,,,unet25d,42
BRATS_020,et,0.8328715014182886,,,54.843,67.135,-12.292000000000002,-0.1830937662918001,False,False,,,,unet25d,42
BRATS_023,wt,0.7537911162120583,,,99.697,64.107,35.59,0.5551655825416881,False,False,,,,unet25d,42
BRATS_023,tc,0.2806988984752293,,,31.336,5.522,25.814,4.6747555233611005,False,False,,,,unet25d,42
BRATS_023,et,0.0,,,6.191,0.0,6.191,,True,False,,,,unet25d,42
BRATS_027,wt,0.8744920081805335,,,60.655,53.274,7.381,0.1385478845215302,False,False,,,,unet25d,42
BRATS_027,tc,0.7643428305255803,,,22.788,28.736,-5.948,-0.2069877505567929,False,False,,,,unet25d,42
BRATS_027,et,0.0,,,2.013,0.0,2.013,,True,False,,,,unet25d,42
BRATS_034,wt,0.952496108384468,,,203.994,216.14,-12.146000000000017,-0.0561950587582123,False,False,,,,unet25d,42
BRATS_034,tc,0.7325512763759776,,,79.006,110.75,-31.744,-0.286627539503386,False,False,,,,unet25d,42
BRATS_034,et,0.1509138381201044,,,6.838,0.8220000000000001,6.016,7.318734793187347,False,False,,,,unet25d,42
BRATS_035,wt,0.8644483404727047,,,82.184,83.797,-1.6129999999999995,-0.019248899125267,False,False,,,,unet25d,42
BRATS_035,tc,0.7888083600202258,,,23.603,17.928,5.675000000000001,0.3165439535921464,False,False,,,,unet25d,42
BRATS_035,et,0.801012699579403,,,13.659,10.83,2.8290000000000006,0.261218836565097,False,False,,,,unet25d,42
BRATS_045,wt,0.941480243193458,,,96.099,91.735,4.364000000000004,0.0475718101051943,False,False,,,,unet25d,42
BRATS_045,tc,0.8348407709192879,,,41.227,45.786,-4.5589999999999975,-0.0995719215480714,False,False,,,,unet25d,42
BRATS_045,et,0.8722410349917513,,,30.848,26.737,4.110999999999997,0.1537569660021691,False,False,,,,unet25d,42
BRATS_048,wt,0.9299216460615513,,,155.214,162.83,-7.616000000000014,-0.0467727077319905,False,False,,,,unet25d,42
BRATS_048,tc,0.9159083461470596,,,41.21,38.132,3.078000000000003,0.0807196055806147,False,False,,,,unet25d,42
BRATS_048,et,0.927708939183209,,,31.168,32.104,-0.936,-0.02915524545228,False,False,,,,unet25d,42
BRATS_051,wt,0.9453004009713144,,,102.653,111.078,-8.424999999999997,-0.0758476025855704,False,False,,,,unet25d,42
BRATS_051,tc,0.915589014505679,,,37.736,38.51,-0.7739999999999938,-0.0200986756686573,False,False,,,,unet25d,42
BRATS_051,et,0.9261381725565108,,,18.672,19.02,-0.347999999999999,-0.0182965299684542,False,False,,,,unet25d,42
BRATS_059,wt,0.923711927127811,,,97.159,99.569,-2.4099999999999966,-0.0242043206218802,False,False,,,,unet25d,42
BRATS_059,tc,0.8442889390519187,,,40.162,48.438,-8.276000000000003,-0.1708575911474462,False,False,,,,unet25d,42
BRATS_059,et,0.8998990852566815,,,30.817,30.621,0.1959999999999979,0.0064008360275627,False,False,,,,unet25d,42
BRATS_062,wt,0.5880915564209763,,,47.532,57.234,-9.701999999999998,-0.1695146241744417,False,False,,,,unet25d,42
BRATS_062,tc,0.7003161962759106,,,13.641,11.976,1.6649999999999991,0.1390280561122243,False,False,,,,unet25d,42
BRATS_062,et,0.6420632037776971,,,9.247,4.518,4.729,1.0467020805666225,False,False,,,,unet25d,42
BRATS_066,wt,0.8868945670229063,,,193.491,193.608,-0.1169999999999902,-0.0006043138713275,False,False,,,,unet25d,42
BRATS_066,tc,0.6453489200940908,,,29.762,40.383,-10.621000000000002,-0.2630067107446203,False,False,,,,unet25d,42
BRATS_066,et,0.5593298921274689,,,20.757,11.596,9.161,0.7900137978613316,False,False,,,,unet25d,42
BRATS_076,wt,0.95637927196232,,,198.802,200.985,-2.183000000000021,-0.0108615070776427,False,False,,,,unet25d,42
BRATS_076,tc,0.8262992547854464,,,80.761,83.487,-2.725999999999999,-0.0326517900990573,False,False,,,,unet25d,42
BRATS_076,et,0.2009057971014492,,,9.792,1.248,8.544,6.846153846153847,False,False,,,,unet25d,42
BRATS_080,wt,0.9040632848994156,,,131.6,124.006,7.593999999999994,0.0612389723077915,False,False,,,,unet25d,42
BRATS_080,tc,0.8255219429058372,,,75.443,55.989,19.453999999999997,0.3474611084320133,False,False,,,,unet25d,42
BRATS_080,et,0.8103959789138163,,,20.081,20.704,-0.6230000000000011,-0.0300908037094281,False,False,,,,unet25d,42
BRATS_092,wt,0.8830833160191149,,,130.461,110.189,20.27200000000001,0.1839748069226511,False,False,,,,unet25d,42
BRATS_092,tc,0.7406619682028045,,,79.033,72.364,6.668999999999997,0.0921590846277154,False,False,,,,unet25d,42
BRATS_092,et,0.0789754535752401,,,0.613,0.324,0.289,0.8919753086419752,False,False,,,,unet25d,42
BRATS_096,wt,0.7311273555377009,,,126.618,76.255,50.363000000000014,0.6604550521277296,False,False,,,,unet25d,42
BRATS_096,tc,0.7856515415520643,,,81.21900000000001,57.667,23.552000000000007,0.408413824197548,False,False,,,,unet25d,42
BRATS_096,et,0.8404507233555836,,,62.938,48.971,13.967,0.2852096138530967,False,False,,,,unet25d,42
BRATS_097,wt,0.9410519892762786,,,154.927,153.175,1.7519999999999811,0.0114378978292801,False,False,,,,unet25d,42
BRATS_097,tc,0.8675895947303784,,,63.91,61.488,2.422000000000004,0.0393897996357013,False,False,,,,unet25d,42
BRATS_097,et,0.9044038668098818,,,37.343,41.792,-4.448999999999998,-0.1064557810107197,False,False,,,,unet25d,42
BRATS_116,wt,0.9379366204313052,,,191.424,193.779,-2.3549999999999898,-0.0121530196770547,False,False,,,,unet25d,42
BRATS_116,tc,0.8028452197999113,,,77.051,87.57600000000001,-10.525000000000006,-0.1201813282177766,False,False,,,,unet25d,42
BRATS_116,et,0.3353549768105601,,,2.1750000000000003,0.628,1.5470000000000002,2.463375796178344,False,False,,,,unet25d,42
BRATS_119,wt,0.8351371672860857,,,114.266,118.479,-4.212999999999994,-0.0355590442188066,False,False,,,,unet25d,42
BRATS_119,tc,0.7186192836303561,,,31.624,25.274,6.350000000000001,0.2512463401123685,False,False,,,,unet25d,42
BRATS_119,et,0.3698630136986301,,,25.514,6.168,19.346,3.1365110246433203,False,False,,,,unet25d,42
BRATS_135,wt,0.8876569855783726,,,163.565,171.418,-7.853000000000009,-0.0458119917394906,False,False,,,,unet25d,42
BRATS_135,tc,0.7312456263121063,,,63.793,50.527,13.265999999999998,0.2625526945989272,False,False,,,,unet25d,42
BRATS_135,et,0.5190311418685121,,,8.176,3.384,4.792,1.4160756501182032,False,False,,,,unet25d,42
BRATS_143,wt,0.9405308734145714,,,120.583,116.498,4.084999999999994,0.035064979656303,False,False,,,,unet25d,42
BRATS_143,tc,0.9160262063752048,,,76.206,82.534,-6.328000000000003,-0.076671432379383,False,False,,,,unet25d,42
BRATS_143,et,0.4221388367729831,,,3.9,1.43,2.47,1.727272727272727,False,False,,,,unet25d,42
BRATS_144,wt,0.8497211728728189,,,59.884,51.296,8.588000000000001,0.1674204616344354,False,False,,,,unet25d,42
BRATS_144,tc,0.7402529413385501,,,20.589,15.704,4.885000000000002,0.3110672440142639,False,False,,,,unet25d,42
BRATS_144,et,0.4535253227408143,,,15.487,4.6530000000000005,10.834,2.328390285837094,False,False,,,,unet25d,42
BRATS_160,wt,0.5862184125570522,,,24.784,20.131,4.652999999999999,0.2311360588147632,False,False,,,,unet25d,42
BRATS_160,tc,0.691471740799095,,,12.805,11.948,0.8569999999999993,0.0717274857716772,False,False,,,,unet25d,42
BRATS_160,et,0.7394083543927457,,,11.617,8.564,3.053000000000001,0.3564922933208782,False,False,,,,unet25d,42
BRATS_163,wt,0.940487903327531,,,80.203,78.35300000000001,1.8499999999999943,0.0236110933850649,False,False,,,,unet25d,42
BRATS_163,tc,0.8825144893591615,,,53.642,55.231,-1.5889999999999986,-0.0287700747768463,False,False,,,,unet25d,42
BRATS_163,et,0.5333124804504222,,,4.463,1.931,2.532,1.3112377006732263,False,False,,,,unet25d,42
BRATS_170,wt,0.926576314155298,,,153.249,159.157,-5.908000000000016,-0.0371205790508743,False,False,,,,unet25d,42
BRATS_170,tc,0.6232194657314802,,,61.008,31.38,29.628000000000004,0.9441682600382412,False,False,,,,unet25d,42
BRATS_170,et,0.0094623655913978,,,4.627,0.023,4.604,200.17391304347828,False,False,,,,unet25d,42
BRATS_190,wt,0.9270729761247162,,,78.104,84.82600000000001,-6.722000000000008,-0.0792445712399501,False,False,,,,unet25d,42
BRATS_190,tc,0.8494324686794674,,,29.277,31.865,-2.588000000000001,-0.0812176369056959,False,False,,,,unet25d,42
BRATS_190,et,0.8523329299448702,,,17.23,19.955,-2.7250000000000014,-0.1365572538210975,False,False,,,,unet25d,42
BRATS_194,wt,0.894349980855619,,,94.301,91.132,3.168999999999997,0.0347737348022648,False,False,,,,unet25d,42
BRATS_194,tc,0.5407747289910974,,,37.778,16.925,20.853,1.2320827178729687,False,False,,,,unet25d,42
BRATS_194,et,0.4402480270574971,,,2.742,0.806,1.936,2.4019851116625306,False,False,,,,unet25d,42
BRATS_197,wt,0.7703770549692,,,141.583,113.287,28.295999999999992,0.2497727011925462,False,False,,,,unet25d,42
BRATS_197,tc,0.6539405047229663,,,63.302,43.093,20.209,0.4689624765043045,False,False,,,,unet25d,42
BRATS_197,et,0.5195508050331484,,,10.624,4.158,6.466,1.555074555074555,False,False,,,,unet25d,42
BRATS_227,wt,0.88376821416469,,,119.34,110.838,8.501999999999995,0.0767065446868402,False,False,,,,unet25d,42
BRATS_227,tc,0.7296376218468636,,,35.858000000000004,31.337,4.521000000000004,0.1442703513418644,False,False,,,,unet25d,42
BRATS_227,et,0.5609767250445836,,,15.285,6.5840000000000005,8.701,1.3215370595382745,False,False,,,,unet25d,42
BRATS_228,wt,0.8896362311529623,,,114.845,117.088,-2.243000000000009,-0.0191565318393004,False,False,,,,unet25d,42
BRATS_228,tc,0.7999933991220832,,,28.946,31.652,-2.7059999999999995,-0.0854922279792746,False,False,,,,unet25d,42
BRATS_228,et,0.8572739554921104,,,20.815,18.414,2.401,0.1303899207125013,False,False,,,,unet25d,42
BRATS_234,wt,0.9623004442708588,,,101.637,103.193,-1.5559999999999974,-0.0150785421491767,False,False,,,,unet25d,42
BRATS_234,tc,0.9364519522306788,,,41.973,38.832,3.1409999999999982,0.0808868974042026,False,False,,,,unet25d,42
BRATS_234,et,0.9327256944444444,,,30.968,28.936,2.032,0.0702239424937793,False,False,,,,unet25d,42
BRATS_259,wt,0.7738887104913069,,,90.09,62.503,27.587000000000003,0.4413708142009184,False,False,,,,unet25d,42
BRATS_259,tc,0.3139253501503263,,,22.524,4.75,17.774,3.7418947368421054,False,False,,,,unet25d,42
BRATS_259,et,0.0295358649789029,,,0.934,0.014,0.92,65.71428571428572,False,False,,,,unet25d,42
BRATS_266,wt,0.9337739011390004,,,194.437,202.929,-8.49199999999999,-0.0418471485100699,False,False,,,,unet25d,42
BRATS_266,tc,0.9090590293072406,,,114.18,119.653,-5.472999999999999,-0.0457405999013814,False,False,,,,unet25d,42
BRATS_266,et,0.8373218707657805,,,57.146,49.869,7.277000000000001,0.1459223164691492,False,False,,,,unet25d,42
BRATS_268,wt,0.8881115870590008,,,192.333,179.323,13.009999999999993,0.0725506488292075,False,False,,,,unet25d,42
BRATS_268,tc,0.5822837118582432,,,68.983,52.013,16.970000000000006,0.3262645876992291,False,False,,,,unet25d,42
BRATS_268,et,0.2550607287449393,,,2.451,0.513,1.938,3.777777777777778,False,False,,,,unet25d,42
BRATS_273,wt,0.8545042171663477,,,65.523,75.56700000000001,-10.044000000000011,-0.1329151613799676,False,False,,,,unet25d,42
BRATS_273,tc,0.8692609015529618,,,23.233,27.058,-3.8249999999999993,-0.141362998004287,False,False,,,,unet25d,42
BRATS_273,et,0.8820471221562627,,,12.832,14.289,-1.456999999999999,-0.1019665476940303,False,False,,,,unet25d,42
BRATS_278,wt,0.5820756907360112,,,39.811,20.487,19.324,0.9432322936496312,False,False,,,,unet25d,42
BRATS_278,tc,0.7686860739575138,,,5.288,4.88,0.4080000000000003,0.0836065573770492,False,False,,,,unet25d,42
BRATS_278,et,0.8116770186335404,,,3.583,4.4670000000000005,-0.8840000000000003,-0.1978956794269085,False,False,,,,unet25d,42
BRATS_285,wt,0.9163033511614788,,,258.976,256.875,2.100999999999999,0.0081790754257907,False,False,,,,unet25d,42
BRATS_285,tc,0.833836091710375,,,104.842,115.94,-11.098,-0.0957219251336898,False,False,,,,unet25d,42
BRATS_285,et,0.8329535207803919,,,54.855,67.135,-12.28,-0.1829150219706561,False,False,,,,unet25d,42
BRATS_298,wt,0.9218405309188378,,,113.637,103.496,10.141000000000004,0.0979844631676587,False,False,,,,unet25d,42
BRATS_298,tc,0.7894840747565148,,,34.384,26.4,7.983999999999998,0.3024242424242423,False,False,,,,unet25d,42
BRATS_298,et,0.870794370747771,,,16.691,15.498,1.1929999999999978,0.07697767453865,False,False,,,,unet25d,42
BRATS_302,wt,0.6577428746075984,,,63.075,33.446,29.629000000000005,0.8858757399988042,False,False,,,,unet25d,42
BRATS_302,tc,0.214572945150394,,,11.066,1.368,9.698,7.089181286549708,False,False,,,,unet25d,42
BRATS_302,et,0.6833105335157319,,,1.713,1.211,0.502,0.4145334434351775,False,False,,,,unet25d,42
BRATS_304,wt,0.7474303126542349,,,48.620000000000005,44.582,4.038000000000004,0.0905746713920417,False,False,,,,unet25d,42
BRATS_304,tc,0.8702725845582988,,,7.0200000000000005,6.994,0.0260000000000006,0.0037174721189592,False,False,,,,unet25d,42
BRATS_304,et,0.8606148398519234,,,5.953,6.473,-0.5199999999999996,-0.0803336938050362,False,False,,,,unet25d,42
BRATS_306,wt,0.7756600310602851,,,38.779,32.051,6.7280000000000015,0.2099154472559359,False,False,,,,unet25d,42
BRATS_306,tc,0.7985189756248071,,,11.166,8.28,2.886000000000001,0.3485507246376813,False,False,,,,unet25d,42
BRATS_306,et,0.755203330131284,,,6.519,5.973,0.5460000000000003,0.0914113510798594,False,False,,,,unet25d,42
BRATS_307,wt,0.7931805994711636,,,61.823,46.339,15.484000000000002,0.334146183560284,False,False,,,,unet25d,42
BRATS_307,tc,0.8590548683793213,,,16.995,14.535,2.460000000000001,0.1692466460268318,False,False,,,,unet25d,42
BRATS_307,et,0.6242845461978741,,,5.745,4.039,1.7060000000000004,0.4223817776677396,False,False,,,,unet25d,42
BRATS_318,wt,0.8736947033262685,,,111.031,95.627,15.40400000000001,0.1610842126177754,False,False,,,,unet25d,42
BRATS_318,tc,0.8266186210233055,,,31.471,28.472,2.9989999999999988,0.1053315538072491,False,False,,,,unet25d,42
BRATS_318,et,0.8092661560443164,,,19.421,23.272,-3.851000000000002,-0.1654778274321073,False,False,,,,unet25d,42
BRATS_322,wt,0.6966018548358219,,,34.919000000000004,20.935,13.984000000000004,0.6679722951994271,False,False,,,,unet25d,42
BRATS_322,tc,0.6223329362070833,,,12.672,15.027,-2.3550000000000004,-0.1567179077660211,False,False,,,,unet25d,42
BRATS_322,et,0.6337156995051731,,,8.503,9.281,-0.7780000000000005,-0.0838271737959272,False,False,,,,unet25d,42
BRATS_325,wt,0.8844863521360663,,,91.833,87.60900000000001,4.2239999999999895,0.0482142245659691,False,False,,,,unet25d,42
BRATS_325,tc,0.8557687335160573,,,29.284,28.727,0.5569999999999986,0.0193894245831447,False,False,,,,unet25d,42
BRATS_325,et,0.8384516430826804,,,20.647,22.108,-1.4609999999999983,-0.0660846752306856,False,False,,,,unet25d,42
BRATS_326,wt,0.7041272998508205,,,45.896,26.5,19.396,0.7319245283018868,False,False,,,,unet25d,42
BRATS_326,tc,0.784105713753955,,,14.808,17.43,-2.622,-0.1504302925989672,False,False,,,,unet25d,42
BRATS_326,et,0.7799820556275546,,,10.499,9.563,0.936,0.0978772351772456,False,False,,,,unet25d,42
BRATS_327,wt,0.949169977442178,,,124.265,122.656,1.6089999999999949,0.0131179885207408,False,False,,,,unet25d,42
BRATS_327,tc,0.8710840447591115,,,29.176,24.355,4.8210000000000015,0.1979470334633546,False,False,,,,unet25d,42
BRATS_327,et,0.8975681200988619,,,16.764,16.009,0.754999999999999,0.0471609719532762,False,False,,,,unet25d,42
BRATS_332,wt,0.8882319819819819,,,98.033,100.879,-2.846000000000004,-0.0282120163760545,False,False,,,,unet25d,42
BRATS_332,tc,0.8277374725830943,,,33.894,37.23,-3.3360000000000056,-0.0896051571313458,False,False,,,,unet25d,42
BRATS_332,et,0.777211598025698,,,23.789,26.254,-2.465,-0.0938904547878418,False,False,,,,unet25d,42
BRATS_336,wt,0.9318381820064188,,,78.595,75.949,2.646000000000001,0.0348391683893138,False,False,,,,unet25d,42
BRATS_336,tc,0.7188537221431959,,,26.693,40.795,-14.102,-0.3456796176001961,False,False,,,,unet25d,42
BRATS_336,et,0.8139061386541789,,,18.384,20.908,-2.524000000000001,-0.1207193418787067,False,False,,,,unet25d,42
BRATS_342,wt,0.600338580685334,,,22.152,29.239,-7.087,-0.2423817504018605,False,False,,,,unet25d,42
BRATS_342,tc,0.7125371360665478,,,4.954,3.461,1.493,0.4313782143889049,False,False,,,,unet25d,42
BRATS_342,et,0.5222146274777854,,,2.348,2.041,0.3069999999999999,0.1504164625183733,False,False,,,,unet25d,42
BRATS_348,wt,0.878595457021113,,,75.491,80.574,-5.082999999999998,-0.0630848660858341,False,False,,,,unet25d,42
BRATS_348,tc,0.9004604934437077,,,36.405,37.646,-1.2409999999999997,-0.0329649896403336,False,False,,,,unet25d,42
BRATS_348,et,0.8548317403252848,,,26.862,30.995,-4.132999999999999,-0.1333440877560896,False,False,,,,unet25d,42
BRATS_354,wt,0.915387065219864,,,88.512,87.324,1.1880000000000024,0.0136045073519307,False,False,,,,unet25d,42
BRATS_354,tc,0.9299680457213644,,,36.509,34.53,1.9789999999999992,0.0573124818997972,False,False,,,,unet25d,42
BRATS_354,et,0.8236527961997594,,,16.247,16.172,0.0749999999999992,0.0046376453128864,False,False,,,,unet25d,42
BRATS_358,wt,0.7997014158511345,,,110.492,95.815,14.677000000000008,0.153180608464228,False,False,,,,unet25d,42
BRATS_358,tc,0.8006388741682859,,,55.953,79.911,-23.958,-0.2998085369974096,False,False,,,,unet25d,42
BRATS_358,et,0.7198658512527125,,,25.518,35.31,-9.792000000000002,-0.2773152081563296,False,False,,,,unet25d,42
BRATS_360,wt,0.8357738164139368,,,78.97800000000001,59.246,19.732000000000006,0.3330520203895623,False,False,,,,unet25d,42
BRATS_360,tc,0.8541596497137083,,,17.198,15.461,1.737,0.1123471961710109,False,False,,,,unet25d,42
BRATS_360,et,0.7834665759482905,,,8.972,8.665000000000001,0.3069999999999986,0.0354298903635312,False,False,,,,unet25d,42
BRATS_374,wt,0.8338906332830404,,,54.628,43.464,11.164,0.2568562488496227,False,False,,,,unet25d,42
BRATS_374,tc,0.7529864179348715,,,13.884,10.56,3.324,0.3147727272727272,False,False,,,,unet25d,42
BRATS_374,et,0.7775991050828498,,,7.615,6.688,0.9270000000000004,0.1386064593301436,False,False,,,,unet25d,42
BRATS_384,wt,0.8510537380781459,,,82.18900000000001,73.827,8.362000000000009,0.113264794722798,False,False,,,,unet25d,42
BRATS_384,tc,0.7355295485166301,,,23.601,14.252,9.348999999999998,0.655978108335672,False,False,,,,unet25d,42
BRATS_384,et,0.8067233730820886,,,13.661,10.91,2.7509999999999994,0.2521539871677359,False,False,,,,unet25d,42
BRATS_391,wt,0.9171157704260258,,,96.1,81.84700000000001,14.253,0.1741419966522902,False,False,,,,unet25d,42
BRATS_391,tc,0.8848936468846895,,,41.225,37.146,4.079000000000001,0.1098099391589942,False,False,,,,unet25d,42
BRATS_391,et,0.8559623479706115,,,30.847,33.532000000000004,-2.6850000000000023,-0.0800727663127759,False,False,,,,unet25d,42
BRATS_393,wt,0.9415802042987016,,,155.215,143.759,11.455999999999989,0.0796889238238996,False,False,,,,unet25d,42
BRATS_393,tc,0.9047754020580442,,,41.212,39.933,1.2790000000000037,0.0320286479853755,False,False,,,,unet25d,42
BRATS_393,et,0.8933243627121178,,,31.164,35.721000000000004,-4.557000000000002,-0.1275720164609054,False,False,,,,unet25d,42
BRATS_396,wt,0.9474960409392724,,,102.652,110.151,-7.498999999999995,-0.0680792729979754,False,False,,,,unet25d,42
BRATS_396,tc,0.9164777727406064,,,37.735,37.263,0.4720000000000013,0.0126667203392105,False,False,,,,unet25d,42
BRATS_396,et,0.8994085909939822,,,18.677,19.875,-1.1980000000000004,-0.0602767295597484,False,False,,,,unet25d,42
BRATS_403,wt,0.8617836479163445,,,131.599,146.494,-14.89500000000001,-0.1016765191748468,False,False,,,,unet25d,42
BRATS_403,tc,0.800365357012863,,,75.443,70.168,5.274999999999992,0.0751767187321854,False,False,,,,unet25d,42
BRATS_403,et,0.7467725382163884,,,20.082,16.944,3.1380000000000017,0.1851983002832862,False,False,,,,unet25d,42
BRATS_414,wt,0.8632341139169897,,,121.107,156.762,-35.655,-0.2274467026447736,False,False,,,,unet25d,42
BRATS_414,tc,0.8744129307715767,,,70.305,77.25,-6.944999999999993,-0.0899029126213591,False,False,,,,unet25d,42
BRATS_414,et,0.8361132269046028,,,59.528,69.134,-9.606000000000002,-0.1389475511325831,False,False,,,,unet25d,42
BRATS_438,wt,0.5961735799147151,,,24.778,19.075,5.703000000000003,0.2989777195281784,False,False,,,,unet25d,42
BRATS_438,tc,0.7596275537877418,,,12.806,9.318,3.4880000000000013,0.3743292552049798,False,False,,,,unet25d,42
BRATS_438,et,0.7462030570884407,,,11.619,8.858,2.7609999999999992,0.3116956423571911,False,False,,,,unet25d,42
BRATS_450,wt,0.9012613458961358,,,78.09400000000001,66.672,11.422000000000011,0.1713162946964244,False,False,,,,unet25d,42
BRATS_450,tc,0.8134803921568627,,,29.278,36.002,-6.724,-0.1867674018110104,False,False,,,,unet25d,42
BRATS_450,et,0.7749362983553394,,,17.226,25.944,-8.718,-0.3360314523589269,False,False,,,,unet25d,42
BRATS_463,wt,0.9510729120805498,,,101.636,107.328,-5.692000000000007,-0.0530336911150865,False,False,,,,unet25d,42
BRATS_463,tc,0.959126827577138,,,41.974,41.675,0.2989999999999995,0.0071745650869825,False,False,,,,unet25d,42
BRATS_463,et,0.9235466536394724,,,30.966,34.538000000000004,-3.5720000000000027,-0.1034223174474492,False,False,,,,unet25d,42
BRATS_475,wt,0.9401347663863674,,,194.433,200.621,-6.188000000000017,-0.0308442286699797,False,False,,,,unet25d,42
BRATS_475,tc,0.9266569527375552,,,114.179,117.104,-2.924999999999997,-0.0249777975133214,False,False,,,,unet25d,42
BRATS_475,et,0.8373595988187076,,,57.147,65.092,-7.945,-0.1220580102009463,False,False,,,,unet25d,42
BRATS_478,wt,0.8278103028096025,,,65.518,77.278,-11.760000000000003,-0.1521778513936696,False,False,,,,unet25d,42
BRATS_478,tc,0.9071311970303452,,,23.234,21.485,1.7490000000000023,0.0814056318361648,False,False,,,,unet25d,42
BRATS_478,et,0.8930715079659133,,,12.833,14.157,-1.3239999999999998,-0.0935226389771844,False,False,,,,unet25d,42
BRATS_010,wt,0.6880257655145893,,,21.119,20.487,0.6319999999999979,0.0308488309659783,False,False,,,,hemis,43
BRATS_010,tc,0.5663012901348337,,,5.429,4.88,0.5490000000000004,0.1125,False,False,,,,hemis,43
BRATS_010,et,0.5822121681152518,,,3.932,4.4670000000000005,-0.5350000000000006,-0.1197671815536155,False,False,,,,hemis,43
BRATS_020,wt,0.7726609960740274,,,175.89,256.869,-80.97900000000001,-0.315254078927391,False,False,,,,hemis,43
BRATS_020,tc,0.5925169158353615,,,71.019,115.936,-44.917,-0.3874292713221087,False,False,,,,hemis,43
BRATS_020,et,0.5016808100684622,,,30.437,67.135,-36.69800000000001,-0.5466299247784316,False,False,,,,hemis,43
BRATS_023,wt,0.884229579907987,,,68.483,64.107,4.376000000000005,0.0682608763473568,False,False,,,,hemis,43
BRATS_023,tc,0.2768296873210399,,,29.402,5.522,23.880000000000003,4.324520101412532,False,False,,,,hemis,43
BRATS_023,et,0.0,,,14.706,0.0,14.706,,True,False,,,,hemis,43
BRATS_027,wt,0.9187877146835834,,,50.134,53.274,-3.140000000000001,-0.0589405713856665,False,False,,,,hemis,43
BRATS_027,tc,0.6381513405812795,,,17.438,28.736,-11.298000000000002,-0.3931653674832963,False,False,,,,hemis,43
BRATS_027,et,0.0,,,2.216,0.0,2.216,,True,False,,,,hemis,43
BRATS_034,wt,0.93730993551519,,,212.333,216.14,-3.807000000000016,-0.0176135837882854,False,False,,,,hemis,43
BRATS_034,tc,0.7306614444406928,,,96.569,110.75,-14.180999999999996,-0.1280451467268623,False,False,,,,hemis,43
BRATS_034,et,0.0445788530465949,,,25.962,0.8220000000000001,25.14,30.583941605839414,False,False,,,,hemis,43
BRATS_035,wt,0.7167730299667037,,,60.363,83.797,-23.434,-0.2796520161819635,False,False,,,,hemis,43
BRATS_035,tc,0.7238310708898944,,,21.852,17.928,3.924,0.2188755020080321,False,False,,,,hemis,43
BRATS_035,et,0.6705750370933304,,,16.803,10.83,5.973000000000001,0.5515235457063713,False,False,,,,hemis,43
BRATS_045,wt,0.9353677427015474,,,93.544,91.735,1.8089999999999973,0.0197198452063007,False,False,,,,hemis,43
BRATS_045,tc,0.7713328489545491,,,53.31,45.786,7.524000000000001,0.1643297077709343,False,False,,,,hemis,43
BRATS_045,et,0.7445995806446369,,,34.786,26.737,8.049,0.3010434977746194,False,False,,,,hemis,43
BRATS_048,wt,0.9186415370124776,,,154.617,162.83,-8.213000000000022,-0.0504391082724315,False,False,,,,hemis,43
BRATS_048,tc,0.8230481905578348,,,43.523,38.132,5.391000000000005,0.1413773208853458,False,False,,,,hemis,43
BRATS_048,et,0.8240711832656884,,,31.956,32.104,-0.1479999999999997,-0.0046100174433092,False,False,,,,hemis,43
BRATS_051,wt,0.9289332007728526,,,102.158,111.078,-8.920000000000002,-0.0803039305713102,False,False,,,,hemis,43
BRATS_051,tc,0.7869488321034336,,,43.475,38.51,4.965000000000003,0.1289275512853805,False,False,,,,hemis,43
BRATS_051,et,0.7713831631670198,,,22.508,19.02,3.4879999999999995,0.1833859095688748,False,False,,,,hemis,43
BRATS_059,wt,0.9084547865655028,,,95.362,99.569,-4.206999999999994,-0.0422521065793569,False,False,,,,hemis,43
BRATS_059,tc,0.7519695560615293,,,45.111,48.438,-3.326999999999998,-0.068685742598786,False,False,,,,hemis,43
BRATS_059,et,0.7712303669020811,,,33.238,30.621,2.6169999999999973,0.0854642238986315,False,False,,,,hemis,43
BRATS_062,wt,0.5465760346257615,,,47.659,57.234,-9.575000000000005,-0.1672956634168501,False,False,,,,hemis,43
BRATS_062,tc,0.6237194210507128,,,15.453,11.976,3.4770000000000003,0.2903306613226453,False,False,,,,hemis,43
BRATS_062,et,0.5149354857715195,,,12.455,4.518,7.937,1.7567507746790616,False,False,,,,hemis,43
BRATS_066,wt,0.8644577334736095,,,206.555,193.608,12.947000000000005,0.0668722366844345,False,False,,,,hemis,43
BRATS_066,tc,0.434537037037037,,,24.417,40.383,-15.966,-0.3953643860040116,False,False,,,,hemis,43
BRATS_066,et,0.4535499823383963,,,13.883,11.596,2.287000000000001,0.1972231804070369,False,False,,,,hemis,43
BRATS_076,wt,0.934862117159272,,,206.136,200.985,5.150999999999982,0.0256287782670347,False,False,,,,hemis,43
BRATS_076,tc,0.7726011791176555,,,92.068,83.487,8.581000000000003,0.1027824691269299,False,False,,,,hemis,43
BRATS_076,et,0.107949663920756,,,18.539,1.248,17.291,13.854967948717947,False,False,,,,hemis,43
BRATS_080,wt,0.8564637991291268,,,104.041,124.006,-19.965000000000003,-0.1610002741802816,False,False,,,,hemis,43
BRATS_080,tc,0.849632359184228,,,61.789,55.989,5.799999999999997,0.1035917769561877,False,False,,,,hemis,43
BRATS_080,et,0.7465211964310481,,,22.558,20.704,1.8539999999999992,0.0895479134466769,False,False,,,,hemis,43
BRATS_092,wt,0.8640783674021358,,,126.44,110.189,16.25099999999999,0.14748296109412,False,False,,,,hemis,43
BRATS_092,tc,0.7202339151419196,,,84.274,72.364,11.909999999999997,0.1645846000773864,False,False,,,,hemis,43
BRATS_092,et,0.0545431045624919,,,7.413,0.324,7.089,21.87962962962963,False,False,,,,hemis,43
BRATS_096,wt,0.7381279334303458,,,118.909,76.255,42.65400000000001,0.5593600419644615,False,False,,,,hemis,43
BRATS_096,tc,0.825693712680014,,,56.213,57.667,-1.4540000000000006,-0.0252137270882827,False,False,,,,hemis,43
BRATS_096,et,0.7945739067418529,,,39.343,48.971,-9.628,-0.1966061546629637,False,False,,,,hemis,43
BRATS_097,wt,0.9337351921992102,,,157.05,153.175,3.875,0.0252978619226375,False,False,,,,hemis,43
BRATS_097,tc,0.8465237628424327,,,68.063,61.488,6.575000000000003,0.1069314337756961,False,False,,,,hemis,43
BRATS_097,et,0.8480287756164513,,,42.724,41.792,0.9320000000000022,0.0223009188361409,False,False,,,,hemis,43
BRATS_116,wt,0.9109584910014448,,,187.56,193.779,-6.218999999999994,-0.0320932608796618,False,False,,,,hemis,43
BRATS_116,tc,0.6670957159617729,,,88.006,87.57600000000001,0.4299999999999926,0.0049100210103223,False,False,,,,hemis,43
BRATS_116,et,0.0761712167172227,,,11.24,0.628,10.612,16.898089171974522,False,False,,,,hemis,43
BRATS_119,wt,0.7795071027921976,,,92.072,118.479,-26.407,-0.2228833801770777,False,False,,,,hemis,43
BRATS_119,tc,0.5372020355325418,,,30.731,25.274,5.457000000000001,0.2159135870855424,False,False,,,,hemis,43
BRATS_119,et,0.3463905247138225,,,24.058,6.168,17.89,2.900453955901426,False,False,,,,hemis,43
BRATS_135,wt,0.8545494837210417,,,162.51,171.418,-8.908000000000015,-0.0519665379365061,False,False,,,,hemis,43
BRATS_135,tc,0.6483532143545724,,,68.766,50.527,18.239000000000004,0.3609753201258733,False,False,,,,hemis,43
BRATS_135,et,0.2535512256442489,,,12.526,3.384,9.142,2.701536643026005,False,False,,,,hemis,43
BRATS_143,wt,0.9358148028789344,,,106.918,116.498,-9.579999999999998,-0.0822331713849164,False,False,,,,hemis,43
BRATS_143,tc,0.8347972550645113,,,69.455,82.534,-13.079000000000008,-0.1584680252986648,False,False,,,,hemis,43
BRATS_143,et,0.1597863580727717,,,7.557,1.43,6.127000000000001,4.284615384615385,False,False,,,,hemis,43
BRATS_144,wt,0.8554400278593105,,,49.209,51.296,-2.086999999999996,-0.040685433562071,False,False,,,,hemis,43
BRATS_144,tc,0.600876340952751,,,30.625,15.704,14.921,0.950140091696383,False,False,,,,hemis,43
BRATS_144,et,0.2621675468834002,,,26.968,4.6530000000000005,22.315,4.795830646894475,False,False,,,,hemis,43
BRATS_160,wt,0.5860942603826411,,,16.3,20.131,-3.831,-0.1903035119964234,False,False,,,,hemis,43
BRATS_160,tc,0.6521793744504459,,,11.935,11.948,-0.0129999999999999,-0.0010880482089052,False,False,,,,hemis,43
BRATS_160,et,0.7191271118262269,,,11.324,8.564,2.76,0.3222793087342363,False,False,,,,hemis,43
BRATS_163,wt,0.8728552235941398,,,77.95700000000001,78.35300000000001,-0.3960000000000008,-0.005054050259722,False,False,,,,hemis,43
BRATS_163,tc,0.8244896461913758,,,53.811,55.231,-1.4200000000000017,-0.0257101989824555,False,False,,,,hemis,43
BRATS_163,et,0.312446677410181,,,8.618,1.931,6.687,3.462972553081305,False,False,,,,hemis,43
BRATS_170,wt,0.894809416927521,,,138.90200000000002,159.157,-20.254999999999995,-0.1272642736417499,False,False,,,,hemis,43
BRATS_170,tc,0.4877278300808446,,,64.854,31.38,33.474000000000004,1.0667304015296368,False,False,,,,hemis,43
BRATS_170,et,0.0031399768633283,,,12.079,0.023,12.056,524.1739130434784,False,False,,,,hemis,43
BRATS_190,wt,0.90270212404204,,,73.97500000000001,84.82600000000001,-10.851,-0.12792068469573,False,False,,,,hemis,43
BRATS_190,tc,0.7659464522171624,,,30.061,31.865,-1.804000000000002,-0.0566138396359642,False,False,,,,hemis,43
BRATS_190,et,0.6623465397971181,,,16.618000000000002,19.955,-3.337,-0.1672262590829366,False,False,,,,hemis,43
BRATS_194,wt,0.8152025280091928,,,82.918,91.132,-8.213999999999999,-0.0901329938989597,False,False,,,,hemis,43
BRATS_194,tc,0.4976745083659802,,,34.892,16.925,17.967000000000002,1.0615657311669129,False,False,,,,hemis,43
BRATS_194,et,0.1737818675516669,,,5.823,0.806,5.017,6.2245657568238215,False,False,,,,hemis,43
BRATS_197,wt,0.6546269105413858,,,159.476,113.287,46.18899999999999,0.4077166841738239,False,False,,,,hemis,43
BRATS_197,tc,0.5043348940586212,,,79.286,43.093,36.193,0.8398811871997771,False,False,,,,hemis,43
BRATS_197,et,0.1730345487049432,,,19.895,4.158,15.736999999999998,3.784752284752284,False,False,,,,hemis,43
BRATS_227,wt,0.8396494607992858,,,101.977,110.838,-8.861000000000004,-0.0799455060538804,False,False,,,,hemis,43
BRATS_227,tc,0.6264600920126696,,,38.436,31.337,7.099,0.2265373201008392,False,False,,,,hemis,43
BRATS_227,et,0.3616167849429189,,,22.585,6.5840000000000005,16.001,2.430285540704739,False,False,,,,hemis,43
BRATS_228,wt,0.7660208497728287,,,86.943,117.088,-30.14500000000001,-0.2574559305821263,False,False,,,,hemis,43
BRATS_228,tc,0.7560088603828479,,,28.842,31.652,-2.8099999999999987,-0.0887779603184632,False,False,,,,hemis,43
BRATS_228,et,0.800997554538631,,,22.887,18.414,4.472999999999999,0.242913000977517,False,False,,,,hemis,43
BRATS_234,wt,0.9377579774567392,,,98.375,103.193,-4.817999999999998,-0.0466892134156386,False,False,,,,hemis,43
BRATS_234,tc,0.7703707393616359,,,41.467,38.832,2.634999999999998,0.0678564070869385,False,False,,,,hemis,43
BRATS_234,et,0.8060065760482695,,,30.066,28.936,1.129999999999999,0.0390517003041194,False,False,,,,hemis,43
BRATS_259,wt,0.7894523026923219,,,45.805,62.503,-16.698,-0.2671551765515255,False,False,,,,hemis,43
BRATS_259,tc,0.1545602686287097,,,15.501,4.75,10.751,2.2633684210526317,False,False,,,,hemis,43
BRATS_259,et,0.0050642069090251,,,5.515,0.014,5.501,392.9285714285714,False,False,,,,hemis,43
BRATS_266,wt,0.9018754726493572,,,193.771,202.929,-9.157999999999989,-0.0451290845566675,False,False,,,,hemis,43
BRATS_266,tc,0.656095583013061,,,78.876,119.653,-40.777,-0.3407937953916742,False,False,,,,hemis,43
BRATS_266,et,0.7095643929635088,,,47.168,49.869,-2.7010000000000005,-0.0541619041889751,False,False,,,,hemis,43
BRATS_268,wt,0.8879755962285081,,,181.277,179.323,1.954000000000008,0.0108965386481377,False,False,,,,hemis,43
BRATS_268,tc,0.5569006085192698,,,71.237,52.013,19.224,0.3695999077153788,False,False,,,,hemis,43
BRATS_268,et,0.0278123702781237,,,9.123,0.513,8.61,16.78362573099415,False,False,,,,hemis,43
BRATS_273,wt,0.7718619613959836,,,52.658,75.56700000000001,-22.90900000000001,-0.3031614329006048,False,False,,,,hemis,43
BRATS_273,tc,0.7774923813670004,,,18.882,27.058,-8.175999999999998,-0.3021657180870721,False,False,,,,hemis,43
BRATS_273,et,0.7314814814814815,,,10.767,14.289,-3.522,-0.246483308838967,False,False,,,,hemis,43
BRATS_278,wt,0.6879296255347787,,,21.119,20.487,0.6319999999999979,0.0308488309659783,False,False,,,,hemis,43
BRATS_278,tc,0.5661914460285132,,,5.431,4.88,0.5510000000000002,0.1129098360655738,False,False,,,,hemis,43
BRATS_278,et,0.5822814955941891,,,3.931,4.4670000000000005,-0.5360000000000005,-0.1199910454443699,False,False,,,,hemis,43
BRATS_285,wt,0.7726963939941495,,,175.903,256.875,-80.97200000000001,-0.3152194647201947,False,False,,,,hemis,43
BRATS_285,tc,0.5925632784465562,,,71.051,115.94,-44.889,-0.3871744005520096,False,False,,,,hemis,43
BRATS_285,et,0.501767581026939,,,30.456,67.135,-36.679,-0.5463469129366202,False,False,,,,hemis,43
BRATS_298,wt,0.9109817831192534,,,99.777,103.496,-3.718999999999994,-0.0359337558939475,False,False,,,,hemis,43
BRATS_298,tc,0.6988108178263761,,,35.239,26.4,8.838999999999995,0.3348106060606058,False,False,,,,hemis,43
BRATS_298,et,0.7205143951161362,,,12.185,15.498,-3.3130000000000006,-0.2137695186475674,False,False,,,,hemis,43
BRATS_302,wt,0.7525973500283347,,,40.668,33.446,7.222000000000001,0.2159301560724751,False,False,,,,hemis,43
BRATS_302,tc,0.3558379666401906,,,6.186,1.368,4.818,3.521929824561403,False,False,,,,hemis,43
BRATS_302,et,0.6422487223168655,,,1.137,1.211,-0.074,-0.0611065235342692,False,False,,,,hemis,43
BRATS_304,wt,0.722538007560717,,,28.956,44.582,-15.626,-0.3505002018751963,False,False,,,,hemis,43
BRATS_304,tc,0.76196971763743,,,7.668,6.994,0.6740000000000004,0.0963683156991707,False,False,,,,hemis,43
BRATS_304,et,0.5872630043753039,,,3.812,6.473,-2.661,-0.411092229260003,False,False,,,,hemis,43
BRATS_306,wt,0.8458705783482313,,,33.394,32.051,1.3429999999999964,0.0419019687373247,False,False,,,,hemis,43
BRATS_306,tc,0.8315491183879093,,,10.776,8.28,2.4960000000000004,0.3014492753623189,False,False,,,,hemis,43
BRATS_306,et,0.7685322622893564,,,5.48,5.973,-0.4929999999999994,-0.0825380880629498,False,False,,,,hemis,43
BRATS_307,wt,0.8446716476602438,,,45.209,46.339,-1.1299999999999957,-0.0243855068085197,False,False,,,,hemis,43
BRATS_307,tc,0.7700497014969268,,,19.468,14.535,4.933,0.3393876848985208,False,False,,,,hemis,43
BRATS_307,et,0.43537288450809,,,6.715,4.039,2.676,0.662540232730874,False,False,,,,hemis,43
BRATS_318,wt,0.8857553689874298,,,98.404,95.627,2.777000000000001,0.0290399155050352,False,False,,,,hemis,43
BRATS_318,tc,0.8362790237140453,,,32.125,28.472,3.652999999999999,0.1283014891823545,False,False,,,,hemis,43
BRATS_318,et,0.7856829667920523,,,20.061,23.272,-3.211000000000002,-0.137976968030251,False,False,,,,hemis,43
BRATS_322,wt,0.7637795275590551,,,26.055,20.935,5.120000000000001,0.2445665154048245,False,False,,,,hemis,43
BRATS_322,tc,0.6110233794245657,,,10.936,15.027,-4.091000000000001,-0.2722432954016104,False,False,,,,hemis,43
BRATS_322,et,0.5080611074210495,,,7.28,9.281,-2.0010000000000003,-0.2156017670509643,False,False,,,,hemis,43
BRATS_325,wt,0.8898321872258539,,,89.07600000000001,87.60900000000001,1.4669999999999987,0.0167448549806526,False,False,,,,hemis,43
BRATS_325,tc,0.7461479786422578,,,36.823,28.727,8.096,0.2818254603682946,False,False,,,,hemis,43
BRATS_325,et,0.7297827013208351,,,24.832,22.108,2.724,0.1232133164465352,False,False,,,,hemis,43
BRATS_326,wt,0.7990244286220054,,,24.342,26.5,-2.1580000000000013,-0.0814339622641509,False,False,,,,hemis,43
BRATS_326,tc,0.7776773751285327,,,14.663,17.43,-2.7669999999999995,-0.1587492828456683,False,False,,,,hemis,43
BRATS_326,et,0.6375602893890675,,,10.341,9.563,0.7780000000000005,0.0813552232563003,False,False,,,,hemis,43
BRATS_327,wt,0.9122292773394524,,,131.848,122.656,9.192000000000007,0.0749412992434125,False,False,,,,hemis,43
BRATS_327,tc,0.7832812188144501,,,35.769,24.355,11.413999999999998,0.4686512009854238,False,False,,,,hemis,43
BRATS_327,et,0.8416003960763685,,,16.308,16.009,0.2989999999999995,0.0186769941907676,False,False,,,,hemis,43
BRATS_332,wt,0.9024638546550896,,,103.435,100.879,2.5559999999999974,0.0253372852625422,False,False,,,,hemis,43
BRATS_332,tc,0.8128223223494925,,,36.454,37.23,-0.7760000000000034,-0.0208434058554929,False,False,,,,hemis,43
BRATS_332,et,0.7269430579606805,,,22.831,26.254,-3.423000000000002,-0.1303801325512303,False,False,,,,hemis,43
BRATS_336,wt,0.9310757410150112,,,78.67,75.949,2.721000000000004,0.0358266731622536,False,False,,,,hemis,43
BRATS_336,tc,0.8162861290748318,,,34.975,40.795,-5.82,-0.1426645422233116,False,False,,,,hemis,43
BRATS_336,et,0.750551205048278,,,18.551,20.908,-2.3569999999999998,-0.1127319686244499,False,False,,,,hemis,43
BRATS_342,wt,0.5540492414349818,,,12.88,29.239,-16.359,-0.559492458702418,False,False,,,,hemis,43
BRATS_342,tc,0.7896496583805785,,,3.418,3.461,-0.0429999999999997,-0.012424154868535,False,False,,,,hemis,43
BRATS_342,et,0.4947776783049836,,,1.31,2.041,-0.7309999999999999,-0.3581577658010778,False,False,,,,hemis,43
BRATS_348,wt,0.8984989461779674,,,75.05,80.574,-5.524000000000001,-0.0685580956636135,False,False,,,,hemis,43
BRATS_348,tc,0.8550827692132659,,,32.67,37.646,-4.975999999999999,-0.1321787175264304,False,False,,,,hemis,43
BRATS_348,et,0.7594790051015641,,,22.518,30.995,-8.477,-0.2734957251169543,False,False,,,,hemis,43
BRATS_354,wt,0.9144545517995488,,,84.608,87.324,-2.715999999999994,-0.0311025605789931,False,False,,,,hemis,43
BRATS_354,tc,0.8923585651642585,,,35.025,34.53,0.4949999999999974,0.0143353605560381,False,False,,,,hemis,43
BRATS_354,et,0.7086095037699457,,,12.343,16.172,-3.8290000000000006,-0.2367672520405639,False,False,,,,hemis,43
BRATS_358,wt,0.7964383138607236,,,98.475,95.815,2.660000000000011,0.0277618326984293,False,False,,,,hemis,43
BRATS_358,tc,0.7516493261270076,,,50.9,79.911,-29.011000000000003,-0.3630413835391873,False,False,,,,hemis,43
BRATS_358,et,0.5497361551895739,,,17.941,35.31,-17.369000000000003,-0.4919003115264798,False,False,,,,hemis,43
BRATS_360,wt,0.8761107883013751,,,69.82900000000001,59.246,10.583000000000006,0.1786280930358168,False,False,,,,hemis,43
BRATS_360,tc,0.6899748789267863,,,23.152,15.461,7.691000000000001,0.4974451846581722,False,False,,,,hemis,43
BRATS_360,et,0.6361111111111111,,,9.335,8.665000000000001,0.6699999999999999,0.0773225620311598,False,False,,,,hemis,43
BRATS_374,wt,0.8640241070315952,,,44.809,43.464,1.3449999999999989,0.0309451500092029,False,False,,,,hemis,43
BRATS_374,tc,0.7351706660331037,,,14.694,10.56,4.134,0.3914772727272727,False,False,,,,hemis,43
BRATS_374,et,0.7453780249511499,,,6.618,6.688,-0.0699999999999994,-0.0104665071770334,False,False,,,,hemis,43
BRATS_384,wt,0.7005238801409931,,,60.364,73.827,-13.462999999999994,-0.1823587576360951,False,False,,,,hemis,43
BRATS_384,tc,0.7320869685639109,,,21.853,14.252,7.601000000000001,0.5333286556272804,False,False,,,,hemis,43
BRATS_384,et,0.6800173197661832,,,16.804000000000002,10.91,5.894000000000002,0.5402383134738773,False,False,,,,hemis,43
BRATS_391,wt,0.924461928789304,,,93.548,81.84700000000001,11.700999999999992,0.142961867875426,False,False,,,,hemis,43
BRATS_391,tc,0.7281410646177657,,,53.309000000000005,37.146,16.163000000000004,0.4351208743875519,False,False,,,,hemis,43
BRATS_391,et,0.7370146981319904,,,34.776,33.532000000000004,1.2439999999999998,0.0370988906119527,False,False,,,,hemis,43
BRATS_393,wt,0.925764806820924,,,154.617,143.759,10.857999999999976,0.0755291842597679,False,False,,,,hemis,43
BRATS_393,tc,0.8091158532932338,,,43.526,39.933,3.5930000000000035,0.0899757093130995,False,False,,,,hemis,43
BRATS_393,et,0.7876289269143245,,,31.953,35.721000000000004,-3.768000000000004,-0.1054841689762325,False,False,,,,hemis,43
BRATS_396,wt,0.9332158955494534,,,102.16,110.151,-7.991,-0.0725458688527566,False,False,,,,hemis,43
BRATS_396,tc,0.7898641368291989,,,43.48,37.263,6.217000000000006,0.16684110243405,False,False,,,,hemis,43
BRATS_396,et,0.7531027322920107,,,22.507,19.875,2.632000000000001,0.1324276729559749,False,False,,,,hemis,43
BRATS_403,wt,0.7907446434843695,,,104.042,146.494,-42.452,-0.2897866124209865,False,False,,,,hemis,43
BRATS_403,tc,0.7799325527641999,,,61.787,70.168,-8.381000000000007,-0.1194419108425494,False,False,,,,hemis,43
BRATS_403,et,0.684894053315106,,,22.557,16.944,5.613000000000003,0.3312677053824364,False,False,,,,hemis,43
BRATS_414,wt,0.8722826086956522,,,127.334,156.762,-29.428,-0.1877240657812479,False,False,,,,hemis,43
BRATS_414,tc,0.8038817588120176,,,59.183,77.25,-18.067,-0.2338770226537216,False,False,,,,hemis,43
BRATS_414,et,0.6820920219038825,,,40.253,69.134,-28.881,-0.417753927155958,False,False,,,,hemis,43
BRATS_438,wt,0.5942508267616382,,,16.304000000000002,19.075,-2.770999999999997,-0.1452686762778504,False,False,,,,hemis,43
BRATS_438,tc,0.7219686632475415,,,11.935,9.318,2.617000000000001,0.2808542605709381,False,False,,,,hemis,43
BRATS_438,et,0.702145582478569,,,11.323,8.858,2.465,0.2782795213366448,False,False,,,,hemis,43
BRATS_450,wt,0.9074723227554234,,,73.967,66.672,7.295000000000002,0.109416246700264,False,False,,,,hemis,43
BRATS_450,tc,0.7328045531605716,,,30.062,36.002,-5.940000000000001,-0.1649908338425643,False,False,,,,hemis,43
BRATS_450,et,0.6196752895843612,,,16.617,25.944,-9.326999999999998,-0.3595050878815911,False,False,,,,hemis,43
BRATS_463,wt,0.9235914962298916,,,98.369,107.328,-8.959000000000003,-0.0834730918306499,False,False,,,,hemis,43
BRATS_463,tc,0.7798546959199384,,,41.461,41.675,-0.2140000000000057,-0.005134973005399,False,False,,,,hemis,43
BRATS_463,et,0.7947868619013714,,,30.068,34.538000000000004,-4.470000000000002,-0.1294226648908449,False,False,,,,hemis,43
BRATS_475,wt,0.8997867587584847,,,193.768,200.621,-6.853000000000009,-0.0341589365021608,False,False,,,,hemis,43
BRATS_475,tc,0.6471815857821501,,,78.875,117.104,-38.229,-0.3264534089356469,False,False,,,,hemis,43
BRATS_475,et,0.6682939431462857,,,47.161,65.092,-17.930999999999997,-0.2754716401401093,False,False,,,,hemis,43
BRATS_478,wt,0.7698179999230443,,,52.667,77.278,-24.611000000000004,-0.3184735629804084,False,False,,,,hemis,43
BRATS_478,tc,0.8417558462148236,,,18.883,21.485,-2.6020000000000003,-0.1211077495927391,False,False,,,,hemis,43
BRATS_478,et,0.7411925206644732,,,10.765,14.157,-3.3919999999999995,-0.2395987850533304,False,False,,,,hemis,43
BRATS_010,wt,0.7327684712071233,,,25.896,20.487,5.408999999999999,0.2640210865426855,False,False,,,,hemis,44
BRATS_010,tc,0.6791301030141168,,,5.604,4.88,0.7240000000000002,0.1483606557377049,False,False,,,,hemis,44
BRATS_010,et,0.686518552983599,,,4.13,4.4670000000000005,-0.3370000000000006,-0.0754421311842401,False,False,,,,hemis,44
BRATS_020,wt,0.8593530748216176,,,212.768,256.869,-44.10100000000003,-0.1716867352619429,False,False,,,,hemis,44
BRATS_020,tc,0.7331090795401124,,,103.161,115.936,-12.775000000000006,-0.110190104885454,False,False,,,,hemis,44
BRATS_020,et,0.6372137355418738,,,49.322,67.135,-17.813000000000002,-0.2653310493781187,False,False,,,,hemis,44
BRATS_023,wt,0.835251056881318,,,80.422,64.107,16.314999999999998,0.2544963888498915,False,False,,,,hemis,44
BRATS_023,tc,0.2128804870233899,,,41.293,5.522,35.771,6.477906555595799,False,False,,,,hemis,44
BRATS_023,et,0.0,,,19.343,0.0,19.343,,True,False,,,,hemis,44
BRATS_027,wt,0.906143944939302,,,51.919,53.274,-1.3549999999999969,-0.0254345459323496,False,False,,,,hemis,44
BRATS_027,tc,0.6627825005183495,,,19.494,28.736,-9.242,-0.3216174832962138,False,False,,,,hemis,44
BRATS_027,et,0.0,,,3.633,0.0,3.633,,True,False,,,,hemis,44
BRATS_034,wt,0.937860224729471,,,217.27,216.14,1.1299999999999957,0.0052280929027481,False,False,,,,hemis,44
BRATS_034,tc,0.7777046362580798,,,108.004,110.75,-2.745999999999995,-0.0247945823927764,False,False,,,,hemis,44
BRATS_034,et,0.035325923700811,,,32.468,0.8220000000000001,31.646000000000004,38.49878345498784,False,False,,,,hemis,44
BRATS_035,wt,0.7734683794466403,,,70.027,83.797,-13.769999999999996,-0.1643256918505435,False,False,,,,hemis,44
BRATS_035,tc,0.6613459411394739,,,28.181,17.928,10.253,0.5718987059348505,False,False,,,,hemis,44
BRATS_035,et,0.5903274369589763,,,21.054,10.83,10.224000000000002,0.94404432132964,False,False,,,,hemis,44
BRATS_045,wt,0.9327153349298885,,,95.752,91.735,4.016999999999996,0.0437891753420177,False,False,,,,hemis,44
BRATS_045,tc,0.7687079748391294,,,51.031,45.786,5.244999999999997,0.1145546673655702,False,False,,,,hemis,44
BRATS_045,et,0.7692636333119717,,,38.801,26.737,12.064,0.4512099337996035,False,False,,,,hemis,44
BRATS_048,wt,0.9045805540771809,,,150.953,162.83,-11.87700000000001,-0.0729411042191243,False,False,,,,hemis,44
BRATS_048,tc,0.8174103999331654,,,45.657,38.132,7.525000000000006,0.1973408161124516,False,False,,,,hemis,44
BRATS_048,et,0.8368600066219185,,,34.342,32.104,2.2379999999999995,0.0697109394467978,False,False,,,,hemis,44
BRATS_051,wt,0.9327024581511084,,,101.114,111.078,-9.964,-0.0897027314139613,False,False,,,,hemis,44
BRATS_051,tc,0.7504519912044955,,,43.35,38.51,4.840000000000003,0.1256816411321735,False,False,,,,hemis,44
BRATS_051,et,0.7502701272354407,,,26.329,19.02,7.309000000000001,0.384279705573081,False,False,,,,hemis,44
BRATS_059,wt,0.9060899846488292,,,94.553,99.569,-5.016000000000005,-0.0503771254105193,False,False,,,,hemis,44
BRATS_059,tc,0.7891730453942628,,,47.323,48.438,-1.115000000000002,-0.0230191172220158,False,False,,,,hemis,44
BRATS_059,et,0.7523964107432701,,,34.685,30.621,4.064,0.132719375591914,False,False,,,,hemis,44
BRATS_062,wt,0.5295095005236509,,,69.759,57.234,12.525,0.2188384526679945,False,False,,,,hemis,44
BRATS_062,tc,0.6210496346208598,,,19.635,11.976,7.659000000000001,0.6395290581162325,False,False,,,,hemis,44
BRATS_062,et,0.4525495389944475,,,15.113,4.518,10.595,2.3450641876936698,False,False,,,,hemis,44
BRATS_066,wt,0.8297633715239795,,,240.617,193.608,47.009000000000015,0.2428050493781249,False,False,,,,hemis,44
BRATS_066,tc,0.3623752931356572,,,60.253,40.383,19.87,0.4920387291682142,False,False,,,,hemis,44
BRATS_066,et,0.2944990860823396,,,34.36,11.596,22.764,1.9630907209382544,False,False,,,,hemis,44
BRATS_076,wt,0.9316111288461066,,,206.245,200.985,5.259999999999991,0.0261711072965643,False,False,,,,hemis,44
BRATS_076,tc,0.7931159897741349,,,106.228,83.487,22.74100000000001,0.2723897133685485,False,False,,,,hemis,44
BRATS_076,et,0.0737704918032786,,,27.788,1.248,26.54,21.26602564102564,False,False,,,,hemis,44
BRATS_080,wt,0.8968035216387444,,,126.332,124.006,2.326000000000008,0.0187571569117623,False,False,,,,hemis,44
BRATS_080,tc,0.7636485946730013,,,86.718,55.989,30.729,0.5488399507046027,False,False,,,,hemis,44
BRATS_080,et,0.7505440409034249,,,26.627,20.704,5.922999999999998,0.2860799845440493,False,False,,,,hemis,44
BRATS_092,wt,0.8346380806533946,,,134.686,110.189,24.497,0.2223180172249498,False,False,,,,hemis,44
BRATS_092,tc,0.6680006339646565,,,79.06400000000001,72.364,6.700000000000003,0.0925874744348018,False,False,,,,hemis,44
BRATS_092,et,0.0341667960863488,,,6.115,0.324,5.791,17.87345679012346,False,False,,,,hemis,44
BRATS_096,wt,0.7242889060324013,,,123.367,76.255,47.11200000000001,0.6178217821782179,False,False,,,,hemis,44
BRATS_096,tc,0.8046672779351027,,,65.574,57.667,7.9069999999999965,0.1371148143652348,False,False,,,,hemis,44
BRATS_096,et,0.7498609013591925,,,39.096,48.971,-9.875,-0.2016499560964652,False,False,,,,hemis,44
BRATS_097,wt,0.9190376663797956,,,155.907,153.175,2.7319999999999998,0.0178358087155214,False,False,,,,hemis,44
BRATS_097,tc,0.8407306852387416,,,74.056,61.488,12.567999999999998,0.2043976060369502,False,False,,,,hemis,44
BRATS_097,et,0.8631752372569598,,,46.825,41.792,5.033000000000001,0.1204297473200612,False,False,,,,hemis,44
BRATS_116,wt,0.9019528880415556,,,198.563,193.779,4.78400000000002,0.0246879176794184,False,False,,,,hemis,44
BRATS_116,tc,0.7221445517708863,,,101.256,87.57600000000001,13.679999999999993,0.1562071800493285,False,False,,,,hemis,44
BRATS_116,et,0.0617370892018779,,,16.412,0.628,15.784,25.13375796178344,False,False,,,,hemis,44
BRATS_119,wt,0.8075995928789529,,,105.533,118.479,-12.945999999999998,-0.1092683091518328,False,False,,,,hemis,44
BRATS_119,tc,0.5512052117263844,,,36.126,25.274,10.851999999999997,0.4293740602991215,False,False,,,,hemis,44
BRATS_119,et,0.328428812778375,,,26.387,6.168,20.219,3.278047989623865,False,False,,,,hemis,44
BRATS_135,wt,0.8710867265232498,,,174.52,171.418,3.102000000000004,0.0180961159271488,False,False,,,,hemis,44
BRATS_135,tc,0.5861522323787591,,,76.266,50.527,25.739000000000004,0.5094108100619471,False,False,,,,hemis,44
BRATS_135,et,0.2386030949393559,,,15.744,3.384,12.36,3.652482269503546,False,False,,,,hemis,44
BRATS_143,wt,0.9433509694067526,,,114.468,116.498,-2.030000000000001,-0.0174251918487871,False,False,,,,hemis,44
BRATS_143,tc,0.8472074109288072,,,73.128,82.534,-9.406000000000006,-0.1139651537548162,False,False,,,,hemis,44
BRATS_143,et,0.1445017182130584,,,10.21,1.43,8.780000000000001,6.139860139860141,False,False,,,,hemis,44
BRATS_144,wt,0.8772408048914381,,,54.358,51.296,3.0620000000000047,0.0596927635683095,False,False,,,,hemis,44
BRATS_144,tc,0.5750418060200669,,,32.136,15.704,16.432000000000002,1.0463576158940395,False,False,,,,hemis,44
BRATS_144,et,0.2539682539682539,,,26.658,4.6530000000000005,22.005000000000003,4.729206963249516,False,False,,,,hemis,44
BRATS_160,wt,0.570719466122494,,,16.132,20.131,-3.998999999999999,-0.1986488500322884,False,False,,,,hemis,44
BRATS_160,tc,0.6918644650842793,,,11.308,11.948,-0.6400000000000006,-0.0535654502845665,False,False,,,,hemis,44
BRATS_160,et,0.7553079672062224,,,10.464,8.564,1.9000000000000004,0.221858944418496,False,False,,,,hemis,44
BRATS_163,wt,0.8691458322099802,,,88.558,78.35300000000001,10.204999999999998,0.1302438962132911,False,False,,,,hemis,44
BRATS_163,tc,0.8251102840421864,,,57.886,55.231,2.655000000000001,0.0480708297876192,False,False,,,,hemis,44
BRATS_163,et,0.2813370473537604,,,10.275,1.931,8.344000000000001,4.32107716209218,False,False,,,,hemis,44
BRATS_170,wt,0.9119336581428577,,,148.1,159.157,-11.057000000000016,-0.0694722820862419,False,False,,,,hemis,44
BRATS_170,tc,0.4699324729292364,,,68.728,31.38,37.348,1.190184831102613,False,False,,,,hemis,44
BRATS_170,et,0.0019983763192406,,,15.99,0.023,15.967,694.2173913043479,False,False,,,,hemis,44
BRATS_190,wt,0.8714375698988315,,,70.756,84.82600000000001,-14.070000000000007,-0.1658689552731474,False,False,,,,hemis,44
BRATS_190,tc,0.7932903144969302,,,31.983,31.865,0.1179999999999985,0.0037031225482503,False,False,,,,hemis,44
BRATS_190,et,0.6835716212570812,,,20.822,19.955,0.8669999999999973,0.0434477574542719,False,False,,,,hemis,44
BRATS_194,wt,0.8166626663466411,,,96.353,91.132,5.221000000000004,0.0572905236360444,False,False,,,,hemis,44
BRATS_194,tc,0.4573672202472542,,,39.616,16.925,22.691,1.3406794682422452,False,False,,,,hemis,44
BRATS_194,et,0.1425325840009565,,,7.557,0.806,6.751,8.375930521091812,False,False,,,,hemis,44
BRATS_197,wt,0.6739665269066842,,,175.303,113.287,62.01599999999999,0.5474237997298894,False,False,,,,hemis,44
BRATS_197,tc,0.5462468615624368,,,95.511,43.093,52.41799999999999,1.2163924535307356,False,False,,,,hemis,44
BRATS_197,et,0.1987800026521681,,,26.006,4.158,21.848,5.254449254449254,False,False,,,,hemis,44
BRATS_227,wt,0.8293131258357881,,,106.771,110.838,-4.067000000000007,-0.0366931918656057,False,False,,,,hemis,44
BRATS_227,tc,0.6089084811769797,,,42.615,31.337,11.278000000000002,0.3598940549510164,False,False,,,,hemis,44
BRATS_227,et,0.3178391610336866,,,29.365,6.5840000000000005,22.781,3.4600546780072903,False,False,,,,hemis,44
BRATS_228,wt,0.7459584858394701,,,88.095,117.088,-28.99300000000001,-0.2476171768242689,False,False,,,,hemis,44
BRATS_228,tc,0.7167321607238665,,,37.311,31.652,5.658999999999999,0.1787880702641223,False,False,,,,hemis,44
BRATS_228,et,0.7388003355704698,,,29.266,18.414,10.852,0.589334202237428,False,False,,,,hemis,44
BRATS_234,wt,0.9409817173216658,,,101.591,103.193,-1.6019999999999897,-0.0155243088193965,False,False,,,,hemis,44
BRATS_234,tc,0.826577255677638,,,44.081,38.832,5.249000000000002,0.1351720230737536,False,False,,,,hemis,44
BRATS_234,et,0.8315675675675676,,,31.189,28.936,2.253,0.0778614874205142,False,False,,,,hemis,44
BRATS_259,wt,0.838368999880891,,,63.432,62.503,0.929000000000002,0.014863286562245,False,False,,,,hemis,44
BRATS_259,tc,0.2388468920136305,,,20.781,4.75,16.031,3.3749473684210525,False,False,,,,hemis,44
BRATS_259,et,0.0059084194977843,,,4.048,0.014,4.034,288.1428571428571,False,False,,,,hemis,44
BRATS_266,wt,0.9027246973469456,,,193.482,202.929,-9.447000000000005,-0.0465532279762872,False,False,,,,hemis,44
BRATS_266,tc,0.7235670134756402,,,88.723,119.653,-30.930000000000007,-0.2584974885711182,False,False,,,,hemis,44
BRATS_266,et,0.6951311626007962,,,48.101,49.869,-1.768000000000001,-0.0354528865627945,False,False,,,,hemis,44
BRATS_268,wt,0.8710583204406538,,,201.384,179.323,22.061000000000007,0.1230238173575057,False,False,,,,hemis,44
BRATS_268,tc,0.5526094971291897,,,99.338,52.013,47.32500000000001,0.9098686866744854,False,False,,,,hemis,44
BRATS_268,et,0.0541182055542368,,,12.126,0.513,11.613,22.6374269005848,False,False,,,,hemis,44
BRATS_273,wt,0.7877819865628228,,,60.92,75.56700000000001,-14.647000000000006,-0.1938279937009542,False,False,,,,hemis,44
BRATS_273,tc,0.7964327890214603,,,22.056,27.058,-5.001999999999999,-0.1848621479784166,False,False,,,,hemis,44
BRATS_273,et,0.7812338381972663,,,12.781,14.289,-1.5079999999999991,-0.1055357267828398,False,False,,,,hemis,44
BRATS_278,wt,0.7328316695055952,,,25.892,20.487,5.404999999999998,0.263825840777078,False,False,,,,hemis,44
BRATS_278,tc,0.6792560801144493,,,5.605,4.88,0.7250000000000005,0.1485655737704919,False,False,,,,hemis,44
BRATS_278,et,0.6867441860465117,,,4.133,4.4670000000000005,-0.3340000000000005,-0.0747705395119768,False,False,,,,hemis,44
BRATS_285,wt,0.8593280896675368,,,212.771,256.875,-44.10399999999999,-0.171694403892944,False,False,,,,hemis,44
BRATS_285,tc,0.7331851561109413,,,103.167,115.94,-12.772999999999996,-0.1101690529584267,False,False,,,,hemis,44
BRATS_285,et,0.6373260296554507,,,49.336,67.135,-17.799000000000007,-0.2651225143367842,False,False,,,,hemis,44
BRATS_298,wt,0.8950450386686107,,,108.433,103.496,4.937000000000012,0.0477023266599676,False,False,,,,hemis,44
BRATS_298,tc,0.7132882256619396,,,38.334,26.4,11.934,0.4520454545454545,False,False,,,,hemis,44
BRATS_298,et,0.8159351025028299,,,16.306,15.498,0.8079999999999998,0.0521357594528326,False,False,,,,hemis,44
BRATS_302,wt,0.7558521765116047,,,46.866,33.446,13.420000000000002,0.4012437959696227,False,False,,,,hemis,44
BRATS_302,tc,0.2472277767678604,,,9.634,1.368,8.266,6.042397660818713,False,False,,,,hemis,44
BRATS_302,et,0.6529118136439268,,,1.794,1.211,0.583,0.4814203137902559,False,False,,,,hemis,44
BRATS_304,wt,0.7173877835777199,,,35.687,44.582,-8.895000000000003,-0.1995199856444305,False,False,,,,hemis,44
BRATS_304,tc,0.7447175231407597,,,8.671,6.994,1.6769999999999996,0.2397769516728624,False,False,,,,hemis,44
BRATS_304,et,0.6956823907566675,,,5.038,6.473,-1.4349999999999996,-0.2216900973273597,False,False,,,,hemis,44
BRATS_306,wt,0.8346783056488837,,,31.643,32.051,-0.4080000000000012,-0.0127297120214658,False,False,,,,hemis,44
BRATS_306,tc,0.8334580438268305,,,10.43,8.28,2.1500000000000004,0.2596618357487923,False,False,,,,hemis,44
BRATS_306,et,0.7854959940530272,,,6.134,5.973,0.1610000000000004,0.0269546291645739,False,False,,,,hemis,44
BRATS_307,wt,0.842848710997289,,,53.622,46.339,7.283000000000001,0.1571678283950884,False,False,,,,hemis,44
BRATS_307,tc,0.7592501233349778,,,21.951,14.535,7.416,0.5102167182662539,False,False,,,,hemis,44
BRATS_307,et,0.4484720758693361,,,10.196,4.039,6.157,1.524387224560535,False,False,,,,hemis,44
BRATS_318,wt,0.8829033484778737,,,104.225,95.627,8.598000000000013,0.0899118449810201,False,False,,,,hemis,44
BRATS_318,tc,0.8033782412538832,,,35.585,28.472,7.113,0.2498243888732789,False,False,,,,hemis,44
BRATS_318,et,0.811248273480663,,,23.064,23.272,-0.2080000000000019,-0.0089377793056033,False,False,,,,hemis,44
BRATS_322,wt,0.6897527042005887,,,31.391,20.935,10.456000000000005,0.4994506806782901,False,False,,,,hemis,44
BRATS_322,tc,0.5845228631666264,,,13.906,15.027,-1.1210000000000004,-0.0745990550342716,False,False,,,,hemis,44
BRATS_322,et,0.5204018227009114,,,10.031,9.281,0.75,0.0808102575153539,False,False,,,,hemis,44
BRATS_325,wt,0.8536062038469079,,,96.019,87.60900000000001,8.409999999999997,0.0959947037404832,False,False,,,,hemis,44
BRATS_325,tc,0.7323187895847995,,,39.481,28.727,10.754,0.3743516552372333,False,False,,,,hemis,44
BRATS_325,et,0.7074095167023429,,,28.813,22.108,6.704999999999998,0.3032838791387732,False,False,,,,hemis,44
BRATS_326,wt,0.7147153004665073,,,35.021,26.5,8.521,0.3215471698113208,False,False,,,,hemis,44
BRATS_326,tc,0.728957528957529,,,14.945,17.43,-2.4849999999999994,-0.1425702811244979,False,False,,,,hemis,44
BRATS_326,et,0.6469077257459,,,10.681,9.563,1.1180000000000003,0.1169089197950434,False,False,,,,hemis,44
BRATS_327,wt,0.9281494401620436,,,126.166,122.656,3.509999999999991,0.0286166188364204,False,False,,,,hemis,44
BRATS_327,tc,0.753675464163218,,,37.746,24.355,13.391000000000002,0.5498254978443852,False,False,,,,hemis,44
BRATS_327,et,0.8087610693168253,,,20.014,16.009,4.004999999999999,0.2501717783746642,False,False,,,,hemis,44
BRATS_332,wt,0.905774599598374,,,103.291,100.879,2.411999999999992,0.0239098325716947,False,False,,,,hemis,44
BRATS_332,tc,0.813523042054898,,,42.19,37.23,4.959999999999994,0.1332258930969646,False,False,,,,hemis,44
BRATS_332,et,0.7484998047083052,,,30.072,26.254,3.817999999999998,0.1454254589776795,False,False,,,,hemis,44
BRATS_336,wt,0.9259698523222892,,,80.879,75.949,4.930000000000007,0.0649119804079054,False,False,,,,hemis,44
BRATS_336,tc,0.823706574829442,,,35.572,40.795,-5.222999999999999,-0.1280303958818482,False,False,,,,hemis,44
BRATS_336,et,0.7736205942055729,,,22.444,20.908,1.5359999999999978,0.0734647025062176,False,False,,,,hemis,44
BRATS_342,wt,0.5622113462466396,,,14.282,29.239,-14.957,-0.5115428024214235,False,False,,,,hemis,44
BRATS_342,tc,0.7533752172169496,,,4.0200000000000005,3.461,0.5590000000000006,0.1615140132909565,False,False,,,,hemis,44
BRATS_342,et,0.5744125326370757,,,1.789,2.041,-0.2519999999999998,-0.1234688878000978,False,False,,,,hemis,44
BRATS_348,wt,0.897536383403139,,,75.33500000000001,80.574,-5.23899999999999,-0.0650209745079056,False,False,,,,hemis,44
BRATS_348,tc,0.8729362916095866,,,33.161,37.646,-4.484999999999999,-0.1191361632045901,False,False,,,,hemis,44
BRATS_348,et,0.8023678433912699,,,24.583,30.995,-6.411999999999999,-0.2068720761413131,False,False,,,,hemis,44
BRATS_354,wt,0.8988298715345862,,,85.563,87.324,-1.7609999999999957,-0.0201662773120791,False,False,,,,hemis,44
BRATS_354,tc,0.8505309874782058,,,34.869,34.53,0.3389999999999986,0.0098175499565594,False,False,,,,hemis,44
BRATS_354,et,0.7480725278074052,,,16.643,16.172,0.4710000000000001,0.029124412564927,False,False,,,,hemis,44
BRATS_358,wt,0.8053278584387403,,,100.962,95.815,5.147000000000006,0.0537181025935396,False,False,,,,hemis,44
BRATS_358,tc,0.7912625268104856,,,56.696,79.911,-23.215000000000003,-0.2905106931461251,False,False,,,,hemis,44
BRATS_358,et,0.6385838823451121,,,24.798,35.31,-10.512,-0.2977060322854715,False,False,,,,hemis,44
BRATS_360,wt,0.845673173601853,,,75.021,59.246,15.775,0.2662627012794112,False,False,,,,hemis,44
BRATS_360,tc,0.6891436616885402,,,24.313,15.461,8.851999999999999,0.5725373520470861,False,False,,,,hemis,44
BRATS_360,et,0.6181346670371399,,,12.929,8.665000000000001,4.263999999999999,0.4920946335833813,False,False,,,,hemis,44
BRATS_374,wt,0.8415438596491228,,,49.161,43.464,5.697000000000003,0.1310739922694644,False,False,,,,hemis,44
BRATS_374,tc,0.639959872930948,,,19.345,10.56,8.784999999999998,0.8319128787878786,False,False,,,,hemis,44
BRATS_374,et,0.6913037860188654,,,8.790000000000001,6.688,2.102000000000001,0.3142942583732059,False,False,,,,hemis,44
BRATS_384,wt,0.7514424346907281,,,70.027,73.827,-3.799999999999997,-0.0514716838013192,False,False,,,,hemis,44
BRATS_384,tc,0.6224138743578868,,,28.186,14.252,13.934,0.9776873421274206,False,False,,,,hemis,44
BRATS_384,et,0.59087780767065,,,21.056,10.91,10.146,0.9299725022914758,False,False,,,,hemis,44
BRATS_391,wt,0.9165657782858172,,,95.742,81.84700000000001,13.894999999999996,0.1697679817219934,False,False,,,,hemis,44
BRATS_391,tc,0.7840602390510535,,,51.036,37.146,13.89,0.3739298982393798,False,False,,,,hemis,44
BRATS_391,et,0.8001105965300339,,,38.803,33.532000000000004,5.270999999999994,0.1571931289514491,False,False,,,,hemis,44
BRATS_393,wt,0.9228576760599224,,,150.95600000000002,143.759,7.197000000000003,0.0500629525803602,False,False,,,,hemis,44
BRATS_393,tc,0.8053556407140854,,,45.659,39.933,5.725999999999999,0.1433901785490696,False,False,,,,hemis,44
BRATS_393,et,0.802158273381295,,,34.335,35.721000000000004,-1.3860000000000028,-0.0388007054673722,False,False,,,,hemis,44
BRATS_396,wt,0.9332462405748122,,,101.118,110.151,-9.032999999999989,-0.0820056104801589,False,False,,,,hemis,44
BRATS_396,tc,0.7462290364195693,,,43.353,37.263,6.090000000000003,0.1634328959021014,False,False,,,,hemis,44
BRATS_396,et,0.7514338275078455,,,26.33,19.875,6.455000000000002,0.3247798742138366,False,False,,,,hemis,44
BRATS_403,wt,0.855939534338162,,,126.322,146.494,-20.172,-0.1376984722923805,False,False,,,,hemis,44
BRATS_403,tc,0.7799328204572543,,,86.72500000000001,70.168,16.557000000000002,0.235962261999772,False,False,,,,hemis,44
BRATS_403,et,0.6674009821469549,,,26.634,16.944,9.69,0.5718838526912182,False,False,,,,hemis,44
BRATS_414,wt,0.8498810876422891,,,126.64,156.762,-30.122,-0.1921511590819203,False,False,,,,hemis,44
BRATS_414,tc,0.83089905874716,,,64.476,77.25,-12.774,-0.1653592233009709,False,False,,,,hemis,44
BRATS_414,et,0.6790431730177686,,,41.398,69.134,-27.736,-0.4011918882170856,False,False,,,,hemis,44
BRATS_438,wt,0.5884625216576249,,,16.132,19.075,-2.942999999999998,-0.1542857142857141,False,False,,,,hemis,44
BRATS_438,tc,0.7697677800940514,,,11.309,9.318,1.9910000000000012,0.2136724619016958,False,False,,,,hemis,44
BRATS_438,et,0.7541798229722035,,,10.461,8.858,1.6029999999999998,0.1809663580943779,False,False,,,,hemis,44
BRATS_450,wt,0.904717894231259,,,70.741,66.672,4.069000000000003,0.0610301175905927,False,False,,,,hemis,44
BRATS_450,tc,0.7702400564838786,,,31.982,36.002,-4.020000000000003,-0.1116604633075941,False,False,,,,hemis,44
BRATS_450,et,0.6674363414790584,,,20.829,25.944,-5.114999999999998,-0.1971554116558741,False,False,,,,hemis,44
BRATS_463,wt,0.9316963430978364,,,101.592,107.328,-5.736000000000004,-0.0534436493738819,False,False,,,,hemis,44
BRATS_463,tc,0.8347033241223314,,,44.092,41.675,2.4169999999999945,0.0579964007198558,False,False,,,,hemis,44
BRATS_463,et,0.8176424050632911,,,31.19,34.538000000000004,-3.3480000000000025,-0.0969367073947536,False,False,,,,hemis,44
BRATS_475,wt,0.9002019812431489,,,193.475,200.621,-7.146000000000015,-0.0356194017575429,False,False,,,,hemis,44
BRATS_475,tc,0.7203851797149048,,,88.72200000000001,117.104,-28.38199999999999,-0.2423657603497744,False,False,,,,hemis,44
BRATS_475,et,0.6617778288258838,,,48.091,65.092,-17.000999999999998,-0.2611841700977078,False,False,,,,hemis,44
BRATS_478,wt,0.7684815329396781,,,60.914,77.278,-16.364000000000004,-0.2117549626025518,False,False,,,,hemis,44
BRATS_478,tc,0.8285176167945243,,,22.053,21.485,0.5680000000000014,0.0264370491040261,False,False,,,,hemis,44
BRATS_478,et,0.7930663301288,,,12.784,14.157,-1.372999999999999,-0.0969838242565514,False,False,,,,hemis,44
BRATS_010,wt,0.803559277676001,,,17.723,20.487,-2.764000000000003,-0.1349148240347538,False,False,,,,qmmf,42
BRATS_010,tc,0.8521666142062743,,,4.651,4.88,-0.2290000000000001,-0.0469262295081967,False,False,,,,qmmf,42
BRATS_010,et,0.8060424354243543,,,4.205,4.4670000000000005,-0.2620000000000004,-0.0586523393776584,False,False,,,,qmmf,42
BRATS_020,wt,0.9181049560892984,,,231.964,256.869,-24.90500000000003,-0.0969560359560711,False,False,,,,qmmf,42
BRATS_020,tc,0.8112249460912424,,,85.33,115.936,-30.60600000000001,-0.2639904775048303,False,False,,,,qmmf,42
BRATS_020,et,0.7534388718903818,,,45.62,67.135,-21.515000000000008,-0.3204736724510316,False,False,,,,qmmf,42
BRATS_023,wt,0.910325024805316,,,68.929,64.107,4.822000000000003,0.0752179949147519,False,False,,,,qmmf,42
BRATS_023,tc,0.3115628333019637,,,10.417,5.522,4.895,0.8864541832669321,False,False,,,,qmmf,42
BRATS_023,et,0.0,,,0.939,0.0,0.939,,True,False,,,,qmmf,42
BRATS_027,wt,0.9237059095242308,,,48.477,53.274,-4.796999999999997,-0.0900439238653001,False,False,,,,qmmf,42
BRATS_027,tc,0.4863162745449425,,,10.325,28.736,-18.411,-0.6406945991091314,False,False,,,,qmmf,42
BRATS_027,et,0.0,,,0.868,0.0,0.868,,True,False,,,,qmmf,42
BRATS_034,wt,0.9411265344138,,,196.151,216.14,-19.989000000000004,-0.0924817248079948,False,False,,,,qmmf,42
BRATS_034,tc,0.6382840780161003,,,55.831,110.75,-54.919,-0.4958826185101579,False,False,,,,qmmf,42
BRATS_034,et,0.1117495541906082,,,4.225,0.8220000000000001,3.403,4.139902676399026,False,False,,,,qmmf,42
BRATS_035,wt,0.81654699781588,,,69.125,83.797,-14.671999999999995,-0.1750898003508478,False,False,,,,qmmf,42
BRATS_035,tc,0.8784751223004414,,,15.596,17.928,-2.3320000000000007,-0.1300758589915217,False,False,,,,qmmf,42
BRATS_035,et,0.8644638001751233,,,10.869,10.83,0.0389999999999997,0.0036011080332409,False,False,,,,qmmf,42
BRATS_045,wt,0.950916617386162,,,89.202,91.735,-2.5330000000000013,-0.0276121436747152,False,False,,,,qmmf,42
BRATS_045,tc,0.8381055640431718,,,35.378,45.786,-10.408,-0.2273183942689905,False,False,,,,qmmf,42
BRATS_045,et,0.9140103245370204,,,28.665,26.737,1.9279999999999973,0.0721098103751354,False,False,,,,qmmf,42
BRATS_048,wt,0.9241274707130308,,,149.681,162.83,-13.149,-0.0807529325062949,False,False,,,,qmmf,42
BRATS_048,tc,0.9398672028429814,,,36.719,38.132,-1.4129999999999967,-0.0370554914507499,False,False,,,,qmmf,42
BRATS_048,et,0.9258856978564356,,,30.502,32.104,-1.6020000000000003,-0.0499003239471717,False,False,,,,qmmf,42
BRATS_051,wt,0.9363943796141938,,,98.872,111.078,-12.206000000000005,-0.1098867462503826,False,False,,,,qmmf,42
BRATS_051,tc,0.8698194137092587,,,34.696,38.51,-3.814,-0.0990392105946507,False,False,,,,qmmf,42
BRATS_051,et,0.9014107566785822,,,17.627,19.02,-1.393000000000001,-0.0732386961093586,False,False,,,,qmmf,42
BRATS_059,wt,0.9148405259285326,,,87.985,99.569,-11.584000000000003,-0.116341431570067,False,False,,,,qmmf,42
BRATS_059,tc,0.8151830203142967,,,35.050000000000004,48.438,-13.387999999999998,-0.2763945662496386,False,False,,,,qmmf,42
BRATS_059,et,0.9089407879216796,,,28.725,30.621,-1.8960000000000008,-0.0619182913686685,False,False,,,,qmmf,42
BRATS_062,wt,0.5723058659696143,,,30.373,57.234,-26.861,-0.4693189362966069,False,False,,,,qmmf,42
BRATS_062,tc,0.7379223805682531,,,10.338,11.976,-1.638,-0.1367735470941883,False,False,,,,qmmf,42
BRATS_062,et,0.6990654205607477,,,7.787,4.518,3.269,0.7235502434705623,False,False,,,,qmmf,42
BRATS_066,wt,0.8527335484806928,,,171.723,193.608,-21.88499999999999,-0.1130376843932068,False,False,,,,qmmf,42
BRATS_066,tc,0.4164552773795081,,,14.019,40.383,-26.364000000000004,-0.6528489711017013,False,False,,,,qmmf,42
BRATS_066,et,0.6582042029293144,,,11.959,11.596,0.3629999999999995,0.0313038978958261,False,False,,,,qmmf,42
BRATS_076,wt,0.9441253290742432,,,185.326,200.985,-15.65900000000002,-0.0779112869119587,False,False,,,,qmmf,42
BRATS_076,tc,0.6653025295734627,,,46.021,83.487,-37.466,-0.448764478302011,False,False,,,,qmmf,42
BRATS_076,et,0.3959071231798504,,,3.834,1.248,2.5860000000000003,2.072115384615385,False,False,,,,qmmf,42
BRATS_080,wt,0.9173020727728128,,,110.752,124.006,-13.254000000000003,-0.1068819250681419,False,False,,,,qmmf,42
BRATS_080,tc,0.8316264151542577,,,69.96900000000001,55.989,13.980000000000004,0.2496919037668113,False,False,,,,qmmf,42
BRATS_080,et,0.8368670925405781,,,19.527,20.704,-1.1769999999999996,-0.0568489180834621,False,False,,,,qmmf,42
BRATS_092,wt,0.8929900703332995,,,116.304,110.189,6.114999999999995,0.0554955576327945,False,False,,,,qmmf,42
BRATS_092,tc,0.6858413081154396,,,60.346,72.364,-12.018,-0.1660770548891714,False,False,,,,qmmf,42
BRATS_092,et,0.0759837177747625,,,0.413,0.324,0.089,0.2746913580246914,False,False,,,,qmmf,42
BRATS_096,wt,0.7551387784150375,,,114.841,76.255,38.58600000000001,0.5060127204773459,False,False,,,,qmmf,42
BRATS_096,tc,0.8183280128651321,,,67.322,57.667,9.655,0.1674267778798966,False,False,,,,qmmf,42
BRATS_096,et,0.8466177737617416,,,46.203,48.971,-2.7680000000000007,-0.0565232484531661,False,False,,,,qmmf,42
BRATS_097,wt,0.9545477151183802,,,148.43800000000002,153.175,-4.736999999999995,-0.0309254121103312,False,False,,,,qmmf,42
BRATS_097,tc,0.8846394056932483,,,60.2,61.488,-1.2879999999999967,-0.0209471766848815,False,False,,,,qmmf,42
BRATS_097,et,0.9000579885535638,,,37.534,41.792,-4.258000000000003,-0.101885528330781,False,False,,,,qmmf,42
BRATS_116,wt,0.932412389438015,,,175.697,193.779,-18.081999999999997,-0.0933124848409786,False,False,,,,qmmf,42
BRATS_116,tc,0.6000762485703393,,,40.951,87.57600000000001,-46.62500000000001,-0.532394720014616,False,False,,,,qmmf,42
BRATS_116,et,0.365277180919639,,,1.699,0.628,1.0710000000000002,1.7054140127388535,False,False,,,,qmmf,42
BRATS_119,wt,0.8093117157113674,,,90.548,118.479,-27.931,-0.2357464191966508,False,False,,,,qmmf,42
BRATS_119,tc,0.6874842714537371,,,22.41,25.274,-2.8640000000000008,-0.1133180343435942,False,False,,,,qmmf,42
BRATS_119,et,0.4695711717880681,,,17.198,6.168,11.03,1.7882619974059664,False,False,,,,qmmf,42
BRATS_135,wt,0.8752204668562211,,,147.224,171.418,-24.194000000000017,-0.1411403703228366,False,False,,,,qmmf,42
BRATS_135,tc,0.5854291526914829,,,40.408,50.527,-10.119,-0.2002691630217507,False,False,,,,qmmf,42
BRATS_135,et,0.5494018608772707,,,5.644,3.384,2.26,0.6678486997635935,False,False,,,,qmmf,42
BRATS_143,wt,0.9475487964871884,,,107.596,116.498,-8.902000000000001,-0.0764133289841885,False,False,,,,qmmf,42
BRATS_143,tc,0.8509166049252646,,,64.58500000000001,82.534,-17.948999999999998,-0.2174740107107373,False,False,,,,qmmf,42
BRATS_143,et,0.3648732220160791,,,3.4210000000000003,1.43,1.9910000000000003,1.3923076923076927,False,False,,,,qmmf,42
BRATS_144,wt,0.8914489560381912,,,44.014,51.296,-7.2819999999999965,-0.1419603867747972,False,False,,,,qmmf,42
BRATS_144,tc,0.6986757363050872,,,11.934,15.704,-3.77,-0.2400662251655629,False,False,,,,qmmf,42
BRATS_144,et,0.5579411346509313,,,9.413,4.6530000000000005,4.76,1.0229959166129377,False,False,,,,qmmf,42
BRATS_160,wt,0.6486093552465234,,,11.509,20.131,-8.622,-0.4282946699120759,False,False,,,,qmmf,42
BRATS_160,tc,0.7599751517178764,,,8.979000000000001,11.948,-2.9689999999999994,-0.2484934717107465,False,False,,,,qmmf,42
BRATS_160,et,0.8465858705291162,,,8.351,8.564,-0.2129999999999992,-0.0248715553479681,False,False,,,,qmmf,42
BRATS_163,wt,0.9261795328768408,,,70.901,78.35300000000001,-7.452000000000012,-0.0951080367056783,False,False,,,,qmmf,42
BRATS_163,tc,0.8464368763429783,,,46.688,55.231,-8.543,-0.154677626695153,False,False,,,,qmmf,42
BRATS_163,et,0.6289400921658986,,,3.494,1.931,1.5630000000000002,0.809425168306577,False,False,,,,qmmf,42
BRATS_170,wt,0.8917948788206765,,,132.80700000000002,159.157,-26.349999999999994,-0.1655597931602128,False,False,,,,qmmf,42
BRATS_170,tc,0.5406878099712868,,,29.916,31.38,-1.4639999999999986,-0.0466539196940726,False,False,,,,qmmf,42
BRATS_170,et,0.0100597296447657,,,3.158,0.023,3.135,136.30434782608694,False,False,,,,qmmf,42
BRATS_190,wt,0.8913872638713501,,,70.386,84.82600000000001,-14.440000000000012,-0.1702308254544598,False,False,,,,qmmf,42
BRATS_190,tc,0.8791343197377138,,,27.002,31.865,-4.863000000000003,-0.1526125843401852,False,False,,,,qmmf,42
BRATS_190,et,0.8090654387084246,,,16.094,19.955,-3.8610000000000007,-0.1934853420195439,False,False,,,,qmmf,42
BRATS_194,wt,0.8642769057624846,,,75.914,91.132,-15.218000000000004,-0.1669885440898916,False,False,,,,qmmf,42
BRATS_194,tc,0.5229818724964356,,,12.533,16.925,-4.392000000000001,-0.2594977843426884,False,False,,,,qmmf,42
BRATS_194,et,0.4301552106430155,,,2.351,0.806,1.545,1.9168734491315131,False,False,,,,qmmf,42
BRATS_197,wt,0.7396547505505315,,,86.974,113.287,-26.313,-0.232268486234078,False,False,,,,qmmf,42
BRATS_197,tc,0.4699320097085915,,,23.24,43.093,-19.853,-0.4607012739888149,False,False,,,,qmmf,42
BRATS_197,et,0.493583562050293,,,9.323,4.158,5.165,1.242183742183742,False,False,,,,qmmf,42
BRATS_227,wt,0.8543514554594887,,,103.596,110.838,-7.242000000000004,-0.0653386022844151,False,False,,,,qmmf,42
BRATS_227,tc,0.6240706862325328,,,20.045,31.337,-11.291999999999998,-0.3603408111816701,False,False,,,,qmmf,42
BRATS_227,et,0.5947473056398451,,,12.53,6.5840000000000005,5.946000000000001,0.9030984204131228,False,False,,,,qmmf,42
BRATS_228,wt,0.817698657422481,,,91.764,117.088,-25.32400000000001,-0.2162817709756765,False,False,,,,qmmf,42
BRATS_228,tc,0.7945568223611622,,,22.728,31.652,-8.924,-0.281941109566536,False,False,,,,qmmf,42
BRATS_228,et,0.8914596801633209,,,19.793,18.414,1.3789999999999978,0.074888671662865,False,False,,,,qmmf,42
BRATS_234,wt,0.951093519052033,,,96.392,103.193,-6.801000000000002,-0.0659056331340304,False,False,,,,qmmf,42
BRATS_234,tc,0.9345204639517654,,,39.452,38.832,0.6199999999999974,0.0159662134322207,False,False,,,,qmmf,42
BRATS_234,et,0.925378800952611,,,29.01,28.936,0.0740000000000016,0.0025573679845176,False,False,,,,qmmf,42
BRATS_259,wt,0.9457575186583976,,,59.56,62.503,-2.942999999999998,-0.0470857398844855,False,False,,,,qmmf,42
BRATS_259,tc,0.3361553998882634,,,18.519,4.75,13.769000000000002,2.898736842105264,False,False,,,,qmmf,42
BRATS_259,et,0.0,,,0.182,0.014,0.1679999999999999,11.999999999999998,False,False,,,,qmmf,42
BRATS_266,wt,0.9327705028406296,,,193.638,202.929,-9.290999999999997,-0.0457844861996067,False,False,,,,qmmf,42
BRATS_266,tc,0.8385363298950292,,,99.932,119.653,-19.721000000000004,-0.164818266152959,False,False,,,,qmmf,42
BRATS_266,et,0.8311586887369283,,,55.129,49.869,5.259999999999998,0.1054763480318433,False,False,,,,qmmf,42
BRATS_268,wt,0.8993765421850222,,,170.019,179.323,-9.304000000000002,-0.0518840304924633,False,False,,,,qmmf,42
BRATS_268,tc,0.485989541568313,,,36.528,52.013,-15.485,-0.297714033030204,False,False,,,,qmmf,42
BRATS_268,et,0.2337858220211161,,,2.139,0.513,1.6260000000000003,3.169590643274854,False,False,,,,qmmf,42
BRATS_273,wt,0.8755979474096194,,,62.405,75.56700000000001,-13.162000000000006,-0.1741765585506901,False,False,,,,qmmf,42
BRATS_273,tc,0.8696465992553559,,,22.093,27.058,-4.965,-0.1834947150565452,False,False,,,,qmmf,42
BRATS_273,et,0.8796653564602791,,,13.442,14.289,-0.8469999999999995,-0.0592763664357197,False,False,,,,qmmf,42
BRATS_278,wt,0.8036634829255528,,,17.728,20.487,-2.7590000000000003,-0.1346707668277444,False,False,,,,qmmf,42
BRATS_278,tc,0.8519878317423686,,,4.6530000000000005,4.88,-0.2269999999999994,-0.0465163934426228,False,False,,,,qmmf,42
BRATS_278,et,0.805718897728583,,,4.206,4.4670000000000005,-0.2610000000000001,-0.0584284754869039,False,False,,,,qmmf,42
BRATS_285,wt,0.9181441814418144,,,232.009,256.875,-24.865999999999985,-0.0968019464720194,False,False,,,,qmmf,42
BRATS_285,tc,0.8113304089935867,,,85.35900000000001,115.94,-30.58099999999999,-0.2637657409004657,False,False,,,,qmmf,42
BRATS_285,et,0.7536709938284741,,,45.641,67.135,-21.494000000000007,-0.3201608698890296,False,False,,,,qmmf,42
BRATS_298,wt,0.90932238692797,,,110.151,103.496,6.655000000000001,0.0643020020097395,False,False,,,,qmmf,42
BRATS_298,tc,0.8376507369361322,,,27.336,26.4,0.936,0.0354545454545454,False,False,,,,qmmf,42
BRATS_298,et,0.8452832678919061,,,14.809,15.498,-0.6890000000000001,-0.0444573493353981,False,False,,,,qmmf,42
BRATS_302,wt,0.8310595026524313,,,41.391,33.446,7.945,0.2375470908329845,False,False,,,,qmmf,42
BRATS_302,tc,0.5027689873417721,,,3.688,1.368,2.3200000000000003,1.695906432748538,False,False,,,,qmmf,42
BRATS_302,et,0.8334825425246195,,,1.023,1.211,-0.1879999999999999,-0.1552436003303055,False,False,,,,qmmf,42
BRATS_304,wt,0.7872768295075535,,,36.97,44.582,-7.612000000000002,-0.1707415548876228,False,False,,,,qmmf,42
BRATS_304,tc,0.8831939163498099,,,6.156,6.994,-0.8380000000000001,-0.1198169859879897,False,False,,,,qmmf,42
BRATS_304,et,0.841343669250646,,,5.1370000000000005,6.473,-1.3359999999999994,-0.2063957979298624,False,False,,,,qmmf,42
BRATS_306,wt,0.8393081553012766,,,28.425,32.051,-3.626000000000001,-0.1131321955633209,False,False,,,,qmmf,42
BRATS_306,tc,0.8844667474188153,,,9.057,8.28,0.777000000000001,0.093840579710145,False,False,,,,qmmf,42
BRATS_306,et,0.8139554294299307,,,6.008,5.973,0.0350000000000001,0.0058597019922987,False,False,,,,qmmf,42
BRATS_307,wt,0.8785551731482831,,,42.862,46.339,-3.4769999999999968,-0.0750339886488702,False,False,,,,qmmf,42
BRATS_307,tc,0.873283699352763,,,12.194,14.535,-2.3409999999999997,-0.1610595115239077,False,False,,,,qmmf,42
BRATS_307,et,0.6114790286975718,,,3.209,4.039,-0.8299999999999996,-0.2054964100024758,False,False,,,,qmmf,42
BRATS_318,wt,0.8990245746691872,,,102.748,95.627,7.121000000000009,0.0744664163886769,False,False,,,,qmmf,42
BRATS_318,tc,0.891170818103026,,,24.602,28.472,-3.870000000000001,-0.1359230120820455,False,False,,,,qmmf,42
BRATS_318,et,0.8293841159083201,,,18.002,23.272,-5.270000000000003,-0.2264523891371606,False,False,,,,qmmf,42
BRATS_322,wt,0.8142554438483387,,,23.427,20.935,2.492000000000001,0.1190351086696919,False,False,,,,qmmf,42
BRATS_322,tc,0.67348227678219,,,10.307,15.027,-4.720000000000001,-0.314101284354828,False,False,,,,qmmf,42
BRATS_322,et,0.5691936640375465,,,6.0600000000000005,9.281,-3.221,-0.34705311927594,False,False,,,,qmmf,42
BRATS_325,wt,0.898654543784727,,,86.607,87.60900000000001,-1.0020000000000095,-0.0114371811115297,False,False,,,,qmmf,42
BRATS_325,tc,0.8831537356321839,,,26.953,28.727,-1.774000000000001,-0.0617537508267483,False,False,,,,qmmf,42
BRATS_325,et,0.8265320767353969,,,19.698,22.108,-2.41,-0.1090103130088655,False,False,,,,qmmf,42
BRATS_326,wt,0.806439206636998,,,28.103,26.5,1.6030000000000015,0.0604905660377359,False,False,,,,qmmf,42
BRATS_326,tc,0.8272228457413643,,,14.646,17.43,-2.783999999999999,-0.1597246127366608,False,False,,,,qmmf,42
BRATS_326,et,0.7152732771656946,,,8.953,9.563,-0.6100000000000012,-0.0637875143783332,False,False,,,,qmmf,42
BRATS_327,wt,0.9484865968582102,,,121.727,122.656,-0.929000000000002,-0.0075740281763631,False,False,,,,qmmf,42
BRATS_327,tc,0.9444525259242328,,,23.766,24.355,-0.5889999999999986,-0.0241839458016833,False,False,,,,qmmf,42
BRATS_327,et,0.8980017802879156,,,16.57,16.009,0.5609999999999999,0.0350427884315072,False,False,,,,qmmf,42
BRATS_332,wt,0.9046674817379512,,,93.787,100.879,-7.091999999999999,-0.0703020450242369,False,False,,,,qmmf,42
BRATS_332,tc,0.8656549083948591,,,35.910000000000004,37.23,-1.3200000000000005,-0.0354552780016116,False,False,,,,qmmf,42
BRATS_332,et,0.7793356169839879,,,23.958,26.254,-2.296,-0.0874533404433609,False,False,,,,qmmf,42
BRATS_336,wt,0.944925848999193,,,75.229,75.949,-0.7199999999999989,-0.0094800458202214,False,False,,,,qmmf,42
BRATS_336,tc,0.8725105510834243,,,33.368,40.795,-7.427,-0.1820566245863463,False,False,,,,qmmf,42
BRATS_336,et,0.8135110650964151,,,17.727,20.908,-3.181000000000001,-0.1521427204897647,False,False,,,,qmmf,42
BRATS_342,wt,0.5289743716849254,,,11.107,29.239,-18.132,-0.6201306474229624,False,False,,,,qmmf,42
BRATS_342,tc,0.8340091916734252,,,3.937,3.461,0.4760000000000004,0.1375325050563422,False,False,,,,qmmf,42
BRATS_342,et,0.7003467062902426,,,1.997,2.041,-0.0439999999999998,-0.0215580597746201,False,False,,,,qmmf,42
BRATS_348,wt,0.9053261092477556,,,70.587,80.574,-9.986999999999997,-0.1239481718668552,False,False,,,,qmmf,42
BRATS_348,tc,0.910966766525744,,,33.788000000000004,37.646,-3.857999999999997,-0.1024810072783296,False,False,,,,qmmf,42
BRATS_348,et,0.8481942102304666,,,25.933,30.995,-5.062000000000001,-0.163316663978061,False,False,,,,qmmf,42
BRATS_354,wt,0.9138628837741712,,,83.903,87.324,-3.4209999999999923,-0.0391759424671338,False,False,,,,qmmf,42
BRATS_354,tc,0.9347242069162618,,,35.45,34.53,0.9200000000000016,0.0266434984071822,False,False,,,,qmmf,42
BRATS_354,et,0.7999233789866871,,,15.151,16.172,-1.0210000000000008,-0.0631338115260945,False,False,,,,qmmf,42
BRATS_358,wt,0.8153993157229603,,,98.843,95.815,3.028000000000006,0.0316025674476857,False,False,,,,qmmf,42
BRATS_358,tc,0.7259601365037082,,,46.972,79.911,-32.939,-0.4121960681257899,False,False,,,,qmmf,42
BRATS_358,et,0.6430578976953345,,,21.618,35.31,-13.692,-0.3877655055225149,False,False,,,,qmmf,42
BRATS_360,wt,0.9096574706014292,,,65.59,59.246,6.344000000000001,0.1070789589170577,False,False,,,,qmmf,42
BRATS_360,tc,0.8937921202695698,,,15.403,15.461,-0.0579999999999998,-0.003751374425975,False,False,,,,qmmf,42
BRATS_360,et,0.7736533957845433,,,8.415000000000001,8.665000000000001,-0.25,-0.0288517022504327,False,False,,,,qmmf,42
BRATS_374,wt,0.8755574120276816,,,45.115,43.464,1.6510000000000034,0.0379854592306277,False,False,,,,qmmf,42
BRATS_374,tc,0.8560249616165618,,,9.631,10.56,-0.9290000000000004,-0.0879734848484848,False,False,,,,qmmf,42
BRATS_374,et,0.8171959721146398,,,6.222,6.688,-0.4659999999999993,-0.0696770334928228,False,False,,,,qmmf,42
BRATS_384,wt,0.8035872933703628,,,69.122,73.827,-4.704999999999998,-0.0637300716540019,False,False,,,,qmmf,42
BRATS_384,tc,0.915150906106589,,,15.601,14.252,1.3490000000000002,0.0946533819814763,False,False,,,,qmmf,42
BRATS_384,et,0.8815566059382314,,,10.881,10.91,-0.0289999999999999,-0.0026581118240146,False,False,,,,qmmf,42
BRATS_391,wt,0.9488840303515684,,,89.215,81.84700000000001,7.367999999999995,0.0900216257162754,False,False,,,,qmmf,42
BRATS_391,tc,0.927421577815756,,,35.410000000000004,37.146,-1.735999999999997,-0.04673450708017,False,False,,,,qmmf,42
BRATS_391,et,0.8839683126315621,,,28.701,33.532000000000004,-4.831000000000003,-0.1440713348443278,False,False,,,,qmmf,42
BRATS_393,wt,0.94627730262037,,,149.711,143.759,5.951999999999998,0.0414026252269423,False,False,,,,qmmf,42
BRATS_393,tc,0.9212445372121844,,,36.722,39.933,-3.2109999999999985,-0.0804096862244258,False,False,,,,qmmf,42
BRATS_393,et,0.8818590885754839,,,30.505,35.721000000000004,-5.216000000000005,-0.1460205481369503,False,False,,,,qmmf,42
BRATS_396,wt,0.9358491649244342,,,98.872,110.151,-11.278999999999996,-0.1023958021261722,False,False,,,,qmmf,42
BRATS_396,tc,0.8783789418092366,,,34.69,37.263,-2.5730000000000004,-0.0690497276118401,False,False,,,,qmmf,42
BRATS_396,et,0.8831889081455806,,,17.63,19.875,-2.245000000000001,-0.1129559748427673,False,False,,,,qmmf,42
BRATS_403,wt,0.8471848615365478,,,110.758,146.494,-35.736000000000004,-0.2439417314019687,False,False,,,,qmmf,42
BRATS_403,tc,0.7596015242553555,,,69.96600000000001,70.168,-0.2019999999999981,-0.0028788051533462,False,False,,,,qmmf,42
BRATS_403,et,0.7539203860072377,,,19.532,16.944,2.588000000000001,0.152738432483475,False,False,,,,qmmf,42
BRATS_414,wt,0.8469431692952175,,,117.28,156.762,-39.482,-0.2518595067682219,False,False,,,,qmmf,42
BRATS_414,tc,0.8466720105753139,,,64.968,77.25,-12.281999999999996,-0.1589902912621358,False,False,,,,qmmf,42
BRATS_414,et,0.7666370896184561,,,49.201,69.134,-19.933,-0.2883241241646657,False,False,,,,qmmf,42
BRATS_438,wt,0.6679091057708026,,,11.51,19.075,-7.564999999999999,-0.3965923984272608,False,False,,,,qmmf,42
BRATS_438,tc,0.8574863387978142,,,8.982,9.318,-0.3360000000000003,-0.0360592401802962,False,False,,,,qmmf,42
BRATS_438,et,0.8291209110452618,,,8.353,8.858,-0.5050000000000008,-0.0570106118762701,False,False,,,,qmmf,42
BRATS_450,wt,0.9228355649604144,,,70.373,66.672,3.701000000000008,0.0555105591552676,False,False,,,,qmmf,42
BRATS_450,tc,0.839918093937999,,,26.997,36.002,-9.005000000000003,-0.2501249930559414,False,False,,,,qmmf,42
BRATS_450,et,0.7288687998096824,,,16.091,25.944,-9.852999999999998,-0.3797795251310514,False,False,,,,qmmf,42
BRATS_463,wt,0.9321676124649008,,,96.38,107.328,-10.948000000000008,-0.102005068574836,False,False,,,,qmmf,42
BRATS_463,tc,0.9413475999112448,,,39.447,41.675,-2.228000000000001,-0.0534613077384523,False,False,,,,qmmf,42
BRATS_463,et,0.8877697162372716,,,29.001,34.538000000000004,-5.537000000000003,-0.1603161734900689,False,False,,,,qmmf,42
BRATS_475,wt,0.931606088815948,,,193.61,200.621,-7.010999999999996,-0.0349464911449947,False,False,,,,qmmf,42
BRATS_475,tc,0.8403200147557236,,,99.761,117.104,-17.343000000000004,-0.1480991255636016,False,False,,,,qmmf,42
BRATS_475,et,0.8090504969781729,,,55.034,65.092,-10.058,-0.1545197566521231,False,False,,,,qmmf,42
BRATS_478,wt,0.8489473345121087,,,62.415,77.278,-14.863000000000008,-0.1923315820802816,False,False,,,,qmmf,42
BRATS_478,tc,0.9246655499208334,,,22.094,21.485,0.6090000000000018,0.0283453572259716,False,False,,,,qmmf,42
BRATS_478,et,0.883712505433995,,,13.447,14.157,-0.7099999999999991,-0.0501518683336864,False,False,,,,qmmf,42
BRATS_010,wt,0.8101589367041546,,,22.549,20.487,2.0619999999999976,0.1006491921706446,False,False,,,,no_quality,42
BRATS_010,tc,0.8263534218590398,,,4.91,4.88,0.0300000000000002,0.0061475409836066,False,False,,,,no_quality,42
BRATS_010,et,0.7811764705882352,,,4.033,4.4670000000000005,-0.4340000000000001,-0.0971569285874188,False,False,,,,no_quality,42
BRATS_020,wt,0.9315574513715318,,,250.447,256.869,-6.4220000000000255,-0.0250010705846171,False,False,,,,no_quality,42
BRATS_020,tc,0.8265184350503298,,,109.477,115.936,-6.459000000000003,-0.0557117720121446,False,False,,,,no_quality,42
BRATS_020,et,0.7912058649757429,,,53.036,67.135,-14.099000000000004,-0.210009681984062,False,False,,,,no_quality,42
BRATS_023,wt,0.9008052332829756,,,72.251,64.107,8.144000000000005,0.1270376089974574,False,False,,,,no_quality,42
BRATS_023,tc,0.3475208814643682,,,16.986,5.522,11.464,2.076059398768562,False,False,,,,no_quality,42
BRATS_023,et,0.0,,,1.863,0.0,1.863,,True,False,,,,no_quality,42
BRATS_027,wt,0.9293769908456968,,,51.267,53.274,-2.006999999999998,-0.0376731613920486,False,False,,,,no_quality,42
BRATS_027,tc,0.6594114731197332,,,15.646,28.736,-13.09,-0.4555261692650333,False,False,,,,no_quality,42
BRATS_027,et,0.0,,,0.872,0.0,0.872,,True,False,,,,no_quality,42
BRATS_034,wt,0.9500575505895952,,,202.622,216.14,-13.518,-0.0625427963357083,False,False,,,,no_quality,42
BRATS_034,tc,0.7726860628039232,,,83.378,110.75,-27.372,-0.2471512415349887,False,False,,,,no_quality,42
BRATS_034,et,0.0802315963606286,,,4.014,0.8220000000000001,3.192,3.883211678832117,False,False,,,,no_quality,42
BRATS_035,wt,0.8555208734906048,,,77.029,83.797,-6.768000000000001,-0.080766614556607,False,False,,,,no_quality,42
BRATS_035,tc,0.8809128630705394,,,15.812,17.928,-2.116,-0.1180276662204372,False,False,,,,no_quality,42
BRATS_035,et,0.8664366229583621,,,10.905,10.83,0.0749999999999992,0.0069252077562326,False,False,,,,no_quality,42
BRATS_045,wt,0.9550841209933868,,,90.027,91.735,-1.7079999999999984,-0.0186188477680274,False,False,,,,no_quality,42
BRATS_045,tc,0.8456843940714909,,,35.651,45.786,-10.134999999999998,-0.2213558729742715,False,False,,,,no_quality,42
BRATS_045,et,0.9188192555541356,,,28.042,26.737,1.3049999999999995,0.0488087668773609,False,False,,,,no_quality,42
BRATS_048,wt,0.9301372937787588,,,157.942,162.83,-4.888000000000005,-0.0300190382607627,False,False,,,,no_quality,42
BRATS_048,tc,0.9404264906630616,,,37.321,38.132,-0.8109999999999999,-0.0212682261617539,False,False,,,,no_quality,42
BRATS_048,et,0.9257339132947048,,,30.199,32.104,-1.9049999999999976,-0.059338400199352,False,False,,,,no_quality,42
BRATS_051,wt,0.9419221533478528,,,103.806,111.078,-7.272000000000006,-0.0654675093177767,False,False,,,,no_quality,42
BRATS_051,tc,0.8712804298892749,,,38.347,38.51,-0.1629999999999967,-0.0042326668397817,False,False,,,,no_quality,42
BRATS_051,et,0.9068299319727892,,,17.73,19.02,-1.2899999999999991,-0.0678233438485804,False,False,,,,no_quality,42
BRATS_059,wt,0.9174768328631988,,,89.384,99.569,-10.185000000000002,-0.1022908736654983,False,False,,,,no_quality,42
BRATS_059,tc,0.8468703690635806,,,36.588,48.438,-11.85,-0.2446426359469838,False,False,,,,no_quality,42
BRATS_059,et,0.9114304242465612,,,27.977,30.621,-2.644000000000002,-0.0863459717187551,False,False,,,,no_quality,42
BRATS_062,wt,0.6250929779064391,,,42.252,57.234,-14.982,-0.2617674808680155,False,False,,,,no_quality,42
BRATS_062,tc,0.7918805595830558,,,13.543,11.976,1.5670000000000002,0.1308450233800935,False,False,,,,no_quality,42
BRATS_062,et,0.6670229007633588,,,8.582,4.518,4.064000000000001,0.899513058875609,False,False,,,,no_quality,42
BRATS_066,wt,0.8522942881862753,,,201.678,193.608,8.069999999999993,0.0416821618941365,False,False,,,,no_quality,42
BRATS_066,tc,0.5845018696581197,,,19.521,40.383,-20.862,-0.5166035212837085,False,False,,,,no_quality,42
BRATS_066,et,0.6934948556256223,,,12.508,11.596,0.9120000000000008,0.0786478095895137,False,False,,,,no_quality,42
BRATS_076,wt,0.9513478359173948,,,192.646,200.985,-8.338999999999999,-0.0414906585068537,False,False,,,,no_quality,42
BRATS_076,tc,0.7872059106885394,,,67.02,83.487,-16.467,-0.197240288907255,False,False,,,,no_quality,42
BRATS_076,et,0.4210966931770615,,,3.53,1.248,2.282,1.828525641025641,False,False,,,,no_quality,42
BRATS_080,wt,0.9251674500106448,,,120.246,124.006,-3.759999999999991,-0.0303211134945082,False,False,,,,no_quality,42
BRATS_080,tc,0.7831322713441918,,,83.686,55.989,27.697000000000003,0.4946864562681956,False,False,,,,no_quality,42
BRATS_080,et,0.8408949954677735,,,21.218,20.704,0.5139999999999993,0.0248261205564141,False,False,,,,no_quality,42
BRATS_092,wt,0.8964511638561435,,,116.815,110.189,6.625999999999991,0.0601330441332618,False,False,,,,no_quality,42
BRATS_092,tc,0.7432920572898365,,,69.93,72.364,-2.433999999999997,-0.0336355093692996,False,False,,,,no_quality,42
BRATS_092,et,0.0704070407040704,,,0.585,0.324,0.2609999999999999,0.8055555555555554,False,False,,,,no_quality,42
BRATS_096,wt,0.7259157148483655,,,126.865,76.255,50.610000000000014,0.6636941839879354,False,False,,,,no_quality,42
BRATS_096,tc,0.8398860952011131,,,65.94500000000001,57.667,8.278000000000006,0.143548303188999,False,False,,,,no_quality,42
BRATS_096,et,0.86099401616253,,,48.291,48.971,-0.6799999999999997,-0.0138857691286679,False,False,,,,no_quality,42
BRATS_097,wt,0.9555542531160864,,,153.941,153.175,0.7659999999999911,0.0050008160600619,False,False,,,,no_quality,42
BRATS_097,tc,0.8855653062691143,,,63.745000000000005,61.488,2.257000000000005,0.0367063492063492,False,False,,,,no_quality,42
BRATS_097,et,0.9039834389310584,,,37.913,41.792,-3.878999999999998,-0.0928168070444103,False,False,,,,no_quality,42
BRATS_116,wt,0.9430610784994424,,,186.453,193.779,-7.325999999999993,-0.037805954205564,False,False,,,,no_quality,42
BRATS_116,tc,0.787923092096866,,,84.786,87.57600000000001,-2.7900000000000063,-0.0318580432995341,False,False,,,,no_quality,42
BRATS_116,et,0.2137931034482758,,,3.432,0.628,2.804,4.464968152866242,False,False,,,,no_quality,42
BRATS_119,wt,0.8519832891604151,,,104.131,118.479,-14.348,-0.1211016298246946,False,False,,,,no_quality,42
BRATS_119,tc,0.730185464444488,,,25.787,25.274,0.5129999999999981,0.0202975389728574,False,False,,,,no_quality,42
BRATS_119,et,0.4522896090115093,,,18.334,6.168,12.166,1.972438391699092,False,False,,,,no_quality,42
BRATS_135,wt,0.8923991856270315,,,164.546,171.418,-6.872000000000014,-0.0400891388302279,False,False,,,,no_quality,42
BRATS_135,tc,0.6228099273242664,,,82.117,50.527,31.590000000000003,0.6252102836107428,False,False,,,,no_quality,42
BRATS_135,et,0.3568122649696268,,,10.444,3.384,7.0600000000000005,2.0862884160756505,False,False,,,,no_quality,42
BRATS_143,wt,0.9531025197661066,,,110.785,116.498,-5.713000000000008,-0.0490394684887294,False,False,,,,no_quality,42
BRATS_143,tc,0.9118021825521984,,,75.996,82.534,-6.538000000000011,-0.0792158383211768,False,False,,,,no_quality,42
BRATS_143,et,0.326024137344892,,,4.453,1.43,3.023000000000001,2.1139860139860143,False,False,,,,no_quality,42
BRATS_144,wt,0.9030025948350426,,,45.82,51.296,-5.475999999999999,-0.1067529631940112,False,False,,,,no_quality,42
BRATS_144,tc,0.7463850965095165,,,14.034,15.704,-1.67,-0.1063423331635252,False,False,,,,no_quality,42
BRATS_144,et,0.5654679117822372,,,10.446,4.6530000000000005,5.792999999999999,1.2450032237266278,False,False,,,,no_quality,42
BRATS_160,wt,0.6734035691249194,,,12.426,20.131,-7.705,-0.3827430331329789,False,False,,,,no_quality,42
BRATS_160,tc,0.7886971983276467,,,8.861,11.948,-3.087,-0.2583696016069635,False,False,,,,no_quality,42
BRATS_160,et,0.8596151518818831,,,7.962,8.564,-0.6020000000000003,-0.0702942550210182,False,False,,,,no_quality,42
BRATS_163,wt,0.9392171891035216,,,75.605,78.35300000000001,-2.7480000000000047,-0.0350720457417074,False,False,,,,no_quality,42
BRATS_163,tc,0.8889048422412865,,,56.205,55.231,0.9739999999999966,0.0176350238090926,False,False,,,,no_quality,42
BRATS_163,et,0.5823120238489566,,,4.107,1.931,2.176,1.1268772656654584,False,False,,,,no_quality,42
BRATS_170,wt,0.9235296045086668,,,146.03300000000002,159.157,-13.123999999999995,-0.082459458270764,False,False,,,,no_quality,42
BRATS_170,tc,0.6178112055809898,,,60.36,31.38,28.98,0.9235181644359464,False,False,,,,no_quality,42
BRATS_170,et,0.0082807570977917,,,5.049,0.023,5.026000000000001,218.5217391304348,False,False,,,,no_quality,42
BRATS_190,wt,0.9053813639518012,,,73.684,84.82600000000001,-11.14200000000001,-0.1313512366491407,False,False,,,,no_quality,42
BRATS_190,tc,0.8865879199128759,,,27.82,31.865,-4.045000000000002,-0.1269417856582457,False,False,,,,no_quality,42
BRATS_190,et,0.8069121375813031,,,16.329,19.955,-3.626000000000001,-0.1817088449010273,False,False,,,,no_quality,42
BRATS_194,wt,0.8736213338105998,,,87.664,91.132,-3.4680000000000035,-0.0380546899003643,False,False,,,,no_quality,42
BRATS_194,tc,0.4939744985227803,,,34.523,16.925,17.598000000000003,1.0397636632200888,False,False,,,,no_quality,42
BRATS_194,et,0.4226437462951986,,,2.568,0.806,1.762,2.1861042183622827,False,False,,,,no_quality,42
BRATS_197,wt,0.7881103100886572,,,123.355,113.287,10.067999999999998,0.088871626929833,False,False,,,,no_quality,42
BRATS_197,tc,0.657202487064655,,,48.903,43.093,5.809999999999995,0.1348246815027961,False,False,,,,no_quality,42
BRATS_197,et,0.4683054736152081,,,11.097,4.158,6.938999999999999,1.6688311688311686,False,False,,,,no_quality,42
BRATS_227,wt,0.8651006770498587,,,116.324,110.838,5.48599999999999,0.0494956603330986,False,False,,,,no_quality,42
BRATS_227,tc,0.6630331919666328,,,25.725,31.337,-5.611999999999998,-0.1790854261735328,False,False,,,,no_quality,42
BRATS_227,et,0.5666239274090147,,,13.694,6.5840000000000005,7.11,1.0798906439854192,False,False,,,,no_quality,42
BRATS_228,wt,0.853824010438938,,,109.755,117.088,-7.333000000000013,-0.0626281087728888,False,False,,,,no_quality,42
BRATS_228,tc,0.7697914900830649,,,27.338,31.652,-4.314,-0.136294704915961,False,False,,,,no_quality,42
BRATS_228,et,0.8680281184257786,,,20.564,18.414,2.1499999999999986,0.1167589877267295,False,False,,,,no_quality,42
BRATS_234,wt,0.9589947283822142,,,101.488,103.193,-1.7049999999999983,-0.0165224385374976,False,False,,,,no_quality,42
BRATS_234,tc,0.9417100240617796,,,40.547,38.832,1.7150000000000034,0.0441646065100948,False,False,,,,no_quality,42
BRATS_234,et,0.9313621239666586,,,29.37,28.936,0.434000000000001,0.0149986176389273,False,False,,,,no_quality,42
BRATS_259,wt,0.9290348523395996,,,66.81400000000001,62.503,4.311000000000007,0.0689726893109131,False,False,,,,no_quality,42
BRATS_259,tc,0.2798828426082935,,,27.685,4.75,22.935,4.82842105263158,False,False,,,,no_quality,42
BRATS_259,et,0.0139130434782608,,,0.561,0.014,0.547,39.07142857142858,False,False,,,,no_quality,42
BRATS_266,wt,0.9504747254160494,,,201.41,202.929,-1.5190000000000057,-0.0074853766588314,False,False,,,,no_quality,42
BRATS_266,tc,0.9301683313424997,,,116.429,119.653,-3.224000000000004,-0.0269445814145905,False,False,,,,no_quality,42
BRATS_266,et,0.8481990530411946,,,54.465,49.869,4.596000000000004,0.0921614630331469,False,False,,,,no_quality,42
BRATS_268,wt,0.9194983570524012,,,179.179,179.323,-0.1440000000000054,-0.0008030202483786,False,False,,,,no_quality,42
BRATS_268,tc,0.5731838905036405,,,50.858,52.013,-1.154999999999994,-0.0222059869647971,False,False,,,,no_quality,42
BRATS_268,et,0.1897775674396592,,,3.713,0.513,3.2,6.237816764132554,False,False,,,,no_quality,42
BRATS_273,wt,0.889735944601634,,,68.986,75.56700000000001,-6.581000000000003,-0.087088279275345,False,False,,,,no_quality,42
BRATS_273,tc,0.8518758976175018,,,23.771,27.058,-3.286999999999999,-0.1214797841673441,False,False,,,,no_quality,42
BRATS_273,et,0.8784532413691896,,,12.968,14.289,-1.3209999999999995,-0.0924487367905381,False,False,,,,no_quality,42
BRATS_278,wt,0.8101212881639481,,,22.551,20.487,2.064,0.1007468150534485,False,False,,,,no_quality,42
BRATS_278,tc,0.8261846405228758,,,4.912,4.88,0.032,0.0065573770491803,False,False,,,,no_quality,42
BRATS_278,et,0.780952380952381,,,4.038,4.4670000000000005,-0.4290000000000002,-0.0960376091336468,False,False,,,,no_quality,42
BRATS_285,wt,0.931525209918398,,,250.465,256.875,-6.409999999999997,-0.0249537712895377,False,False,,,,no_quality,42
BRATS_285,tc,0.8266252633913719,,,109.485,115.94,-6.454999999999998,-0.055675349318613,False,False,,,,no_quality,42
BRATS_285,et,0.7913903703272291,,,53.056,67.135,-14.079,-0.2097117747821553,False,False,,,,no_quality,42
BRATS_298,wt,0.9039130633304416,,,115.514,103.496,12.018,0.1161204297750637,False,False,,,,no_quality,42
BRATS_298,tc,0.8182996785479603,,,29.907,26.4,3.506999999999998,0.132840909090909,False,False,,,,no_quality,42
BRATS_298,et,0.8731319143430161,,,15.416,15.498,-0.0820000000000007,-0.0052910052910053,False,False,,,,no_quality,42
BRATS_302,wt,0.809224212288802,,,45.39,33.446,11.944000000000004,0.3571129582012797,False,False,,,,no_quality,42
BRATS_302,tc,0.4785527788138754,,,3.994,1.368,2.6260000000000003,1.919590643274854,False,False,,,,no_quality,42
BRATS_302,et,0.8363004776378636,,,1.092,1.211,-0.119,-0.0982658959537572,False,False,,,,no_quality,42
BRATS_304,wt,0.7770955653479487,,,37.341,44.582,-7.241,-0.162419810685927,False,False,,,,no_quality,42
BRATS_304,tc,0.8918817244752087,,,6.297,6.994,-0.6970000000000001,-0.0996568487274807,False,False,,,,no_quality,42
BRATS_304,et,0.8504887377815554,,,5.292,6.473,-1.181,-0.1824501776610536,False,False,,,,no_quality,42
BRATS_306,wt,0.8482539682539683,,,29.374,32.051,-2.677,-0.083523135003588,False,False,,,,no_quality,42
BRATS_306,tc,0.8982885925247553,,,9.191,8.28,0.9110000000000014,0.1100241545893721,False,False,,,,no_quality,42
BRATS_306,et,0.8273659438561103,,,5.925,5.973,-0.048,-0.0080361627322953,False,False,,,,no_quality,42
BRATS_307,wt,0.8803380637572563,,,45.478,46.339,-0.8609999999999971,-0.0185804613824207,False,False,,,,no_quality,42
BRATS_307,tc,0.8987389357848331,,,14.726,14.535,0.1910000000000007,0.013140694874441,False,False,,,,no_quality,42
BRATS_307,et,0.611665664461816,,,4.276,4.039,0.2370000000000001,0.058677890566972,False,False,,,,no_quality,42
BRATS_318,wt,0.8919206760874496,,,107.187,95.627,11.560000000000002,0.1208863605467075,False,False,,,,no_quality,42
BRATS_318,tc,0.8939631480900825,,,25.745,28.472,-2.7270000000000003,-0.0957783085136274,False,False,,,,no_quality,42
BRATS_318,et,0.8314190975058868,,,18.346,23.272,-4.926000000000002,-0.2116706772086628,False,False,,,,no_quality,42
BRATS_322,wt,0.8065793481571734,,,25.027,20.935,4.092000000000002,0.1954621447336996,False,False,,,,no_quality,42
BRATS_322,tc,0.7204964243823073,,,11.402,15.027,-3.625,-0.241232448259799,False,False,,,,no_quality,42
BRATS_322,et,0.5852531520232359,,,5.868,9.281,-3.4130000000000003,-0.3677405451998707,False,False,,,,no_quality,42
BRATS_325,wt,0.8937044987336309,,,88.485,87.60900000000001,0.8759999999999906,0.0099989727082832,False,False,,,,no_quality,42
BRATS_325,tc,0.8951963534361851,,,28.313,28.727,-0.4140000000000015,-0.0144115292233787,False,False,,,,no_quality,42
BRATS_325,et,0.8458558894903864,,,20.748,22.108,-1.3599999999999994,-0.0615161932332187,False,False,,,,no_quality,42
BRATS_326,wt,0.8333160711203176,,,31.43,26.5,4.93,0.1860377358490565,False,False,,,,no_quality,42
BRATS_326,tc,0.870498940927277,,,16.562,17.43,-0.8679999999999986,-0.0497991967871485,False,False,,,,no_quality,42
BRATS_326,et,0.764015508749869,,,9.523,9.563,-0.0400000000000009,-0.0041827878280875,False,False,,,,no_quality,42
BRATS_327,wt,0.9478700837636906,,,125.781,122.656,3.125,0.0254777589355596,False,False,,,,no_quality,42
BRATS_327,tc,0.9298063834542168,,,24.866,24.355,0.5109999999999992,0.0209813180045164,False,False,,,,no_quality,42
BRATS_327,et,0.8984365457432515,,,16.739,16.009,0.7300000000000004,0.0455993503654194,False,False,,,,no_quality,42
BRATS_332,wt,0.914931973466664,,,99.925,100.879,-0.9540000000000076,-0.0094568740768644,False,False,,,,no_quality,42
BRATS_332,tc,0.8829308554540856,,,37.888,37.23,0.6579999999999941,0.0176739188826213,False,False,,,,no_quality,42
BRATS_332,et,0.7934315956078741,,,24.291,26.254,-1.963000000000001,-0.0747695589243544,False,False,,,,no_quality,42
BRATS_336,wt,0.936098369011213,,,81.011,75.949,5.061999999999998,0.0666499888082792,False,False,,,,no_quality,42
BRATS_336,tc,0.9435502153706644,,,38.603,40.795,-2.192,-0.0537320750091923,False,False,,,,no_quality,42
BRATS_336,et,0.8323569863990627,,,18.354,20.908,-2.554000000000002,-0.1221541993495313,False,False,,,,no_quality,42
BRATS_342,wt,0.5484828415139696,,,11.528,29.239,-17.711,-0.6057320701802387,False,False,,,,no_quality,42
BRATS_342,tc,0.8682277954828876,,,3.756,3.461,0.2950000000000004,0.0852354810748339,False,False,,,,no_quality,42
BRATS_342,et,0.6993929796780153,,,1.748,2.041,-0.2929999999999999,-0.1435570798628123,False,False,,,,no_quality,42
BRATS_348,wt,0.9195744297177892,,,74.7,80.574,-5.873999999999995,-0.0729019286618511,False,False,,,,no_quality,42
BRATS_348,tc,0.9223337152006184,,,34.805,37.646,-2.841000000000001,-0.0754661849864527,False,False,,,,no_quality,42
BRATS_348,et,0.8597569492945942,,,26.277,30.995,-4.718,-0.1522180996934989,False,False,,,,no_quality,42
BRATS_354,wt,0.9222507802460068,,,86.98,87.324,-0.3439999999999941,-0.0039393522971919,False,False,,,,no_quality,42
BRATS_354,tc,0.9395758416626554,,,36.104,34.53,1.573999999999998,0.0455835505357659,False,False,,,,no_quality,42
BRATS_354,et,0.8153583087206591,,,15.993,16.172,-0.1790000000000002,-0.011068513480089,False,False,,,,no_quality,42
BRATS_358,wt,0.7985271640961512,,,105.701,95.815,9.88600000000001,0.1031779992694255,False,False,,,,no_quality,42
BRATS_358,tc,0.8144516242343522,,,56.738,79.911,-23.173,-0.2899851084331318,False,False,,,,no_quality,42
BRATS_358,et,0.6650144427162562,,,23.197,35.31,-12.113000000000005,-0.343047295383744,False,False,,,,no_quality,42
BRATS_360,wt,0.8891468279896381,,,70.845,59.246,11.598999999999997,0.1957769300881071,False,False,,,,no_quality,42
BRATS_360,tc,0.8997567371181246,,,16.192,15.461,0.7309999999999999,0.047280253541168,False,False,,,,no_quality,42
BRATS_360,et,0.7859597723815426,,,9.084,8.665000000000001,0.4189999999999987,0.0483554529717251,False,False,,,,no_quality,42
BRATS_374,wt,0.8790001893580761,,,46.313,43.464,2.849000000000004,0.0655484999079699,False,False,,,,no_quality,42
BRATS_374,tc,0.8587793608009241,,,10.216,10.56,-0.3439999999999994,-0.0325757575757575,False,False,,,,no_quality,42
BRATS_374,et,0.8085458511998797,,,6.605,6.688,-0.0829999999999993,-0.0124102870813396,False,False,,,,no_quality,42
BRATS_384,wt,0.8365902160943921,,,77.033,73.827,3.206000000000003,0.0434258469123762,False,False,,,,no_quality,42
BRATS_384,tc,0.9109655103601956,,,15.815,14.252,1.5629999999999988,0.1096688184114509,False,False,,,,no_quality,42
BRATS_384,et,0.8801686990006418,,,10.904,10.91,-0.0060000000000002,-0.0005499541704858,False,False,,,,no_quality,42
BRATS_391,wt,0.9447146713833552,,,90.025,81.84700000000001,8.177999999999997,0.0999181399440418,False,False,,,,no_quality,42
BRATS_391,tc,0.9338425188197154,,,35.65,37.146,-1.4960000000000022,-0.0402735153179346,False,False,,,,no_quality,42
BRATS_391,et,0.8826920890650123,,,28.041,33.532000000000004,-5.491000000000003,-0.1637540260050102,False,False,,,,no_quality,42
BRATS_393,wt,0.9332533403161491,,,157.934,143.759,14.174999999999985,0.098602522276866,False,False,,,,no_quality,42
BRATS_393,tc,0.9238555027763036,,,37.328,39.933,-2.604999999999997,-0.0652342673978913,False,False,,,,no_quality,42
BRATS_393,et,0.8838860402318032,,,30.197,35.721000000000004,-5.5240000000000045,-0.1546429271296997,False,False,,,,no_quality,42
BRATS_396,wt,0.9465143669028436,,,103.813,110.151,-6.337999999999994,-0.057539196194315,False,False,,,,no_quality,42
BRATS_396,tc,0.8831931439454055,,,38.349,37.263,1.0860000000000056,0.0291441912889462,False,False,,,,no_quality,42
BRATS_396,et,0.8832336125515224,,,17.73,19.875,-2.145,-0.1079245283018867,False,False,,,,no_quality,42
BRATS_403,wt,0.8762750941910814,,,120.251,146.494,-26.242999999999995,-0.179140442611984,False,False,,,,no_quality,42
BRATS_403,tc,0.7788870256990211,,,83.69,70.168,13.521999999999991,0.1927089271462773,False,False,,,,no_quality,42
BRATS_403,et,0.7440251572327043,,,21.216,16.944,4.272000000000002,0.2521246458923514,False,False,,,,no_quality,42
BRATS_414,wt,0.884601063642942,,,127.92,156.762,-28.842,-0.1839859149538791,False,False,,,,no_quality,42
BRATS_414,tc,0.869140200416541,,,65.353,77.25,-11.897000000000006,-0.1540064724919094,False,False,,,,no_quality,42
BRATS_414,et,0.783324607771942,,,49.292,69.134,-19.842,-0.2870078398472531,False,False,,,,no_quality,42
BRATS_438,wt,0.6993459902216014,,,12.423,19.075,-6.651999999999999,-0.3487287024901703,False,False,,,,no_quality,42
BRATS_438,tc,0.8933876113983936,,,8.86,9.318,-0.4580000000000002,-0.0491521785790942,False,False,,,,no_quality,42
BRATS_438,et,0.8574316290130797,,,7.962,8.858,-0.8960000000000008,-0.1011515014675999,False,False,,,,no_quality,42
BRATS_450,wt,0.9125694741342454,,,73.668,66.672,6.996000000000009,0.1049316054715624,False,False,,,,no_quality,42
BRATS_450,tc,0.8487355457365798,,,27.82,36.002,-8.182000000000002,-0.2272651519360036,False,False,,,,no_quality,42
BRATS_450,et,0.7270490833826139,,,16.331,25.944,-9.613,-0.3705288313290163,False,False,,,,no_quality,42
BRATS_463,wt,0.9465128976331192,,,101.47,107.328,-5.858000000000004,-0.0545803518187239,False,False,,,,no_quality,42
BRATS_463,tc,0.9569458295833232,,,40.547,41.675,-1.128,-0.0270665866826634,False,False,,,,no_quality,42
BRATS_463,et,0.9012268402603906,,,29.366,34.538000000000004,-5.172000000000004,-0.149748103538132,False,False,,,,no_quality,42
BRATS_475,wt,0.9495832390200708,,,201.408,200.621,0.7870000000000061,0.0039228196450022,False,False,,,,no_quality,42
BRATS_475,tc,0.9376359556720278,,,116.428,117.104,-0.6760000000000019,-0.005772646536412,False,False,,,,no_quality,42
BRATS_475,et,0.833255269320843,,,54.468,65.092,-10.623999999999995,-0.1632151416456706,False,False,,,,no_quality,42
BRATS_478,wt,0.869398163657371,,,68.991,77.278,-8.287000000000006,-0.1072362121172909,False,False,,,,no_quality,42
BRATS_478,tc,0.8963521067632957,,,23.774,21.485,2.289000000000001,0.1065394461252037,False,False,,,,no_quality,42
BRATS_478,et,0.8866686329449933,,,12.967,14.157,-1.1899999999999995,-0.0840573567846294,False,False,,,,no_quality,42
BRATS_010,wt,0.7102484236116386,,,32.165,20.487,11.677999999999995,0.5700200126909746,False,False,,,,unet25d,44
BRATS_010,tc,0.8738147337709701,,,4.7170000000000005,4.88,-0.1629999999999993,-0.0334016393442621,False,False,,,,unet25d,44
BRATS_010,et,0.84,,,3.883,4.4670000000000005,-0.5840000000000005,-0.1307365122005821,False,False,,,,unet25d,44
BRATS_020,wt,0.9199371564467534,,,253.605,256.869,-3.26400000000001,-0.0127068661457786,False,False,,,,unet25d,44
BRATS_020,tc,0.8364536298896962,,,105.09,115.936,-10.846000000000004,-0.0935516146839635,False,False,,,,unet25d,44
BRATS_020,et,0.8359924765703538,,,56.213,67.135,-10.922000000000004,-0.1626871229611976,False,False,,,,unet25d,44
BRATS_023,wt,0.843427265181718,,,82.879,64.107,18.77200000000001,0.2928229366527837,False,False,,,,unet25d,44
BRATS_023,tc,0.4018170909402588,,,17.812,5.522,12.29,2.225642883013401,False,False,,,,unet25d,44
BRATS_023,et,0.0,,,2.588,0.0,2.588,,True,False,,,,unet25d,44
BRATS_027,wt,0.9279422867209128,,,54.015,53.274,0.7409999999999997,0.013909224011713,False,False,,,,unet25d,44
BRATS_027,tc,0.7800650054171181,,,23.875,28.736,-4.861000000000001,-0.1691606347438753,False,False,,,,unet25d,44
BRATS_027,et,0.0,,,2.119,0.0,2.119,,True,False,,,,unet25d,44
BRATS_034,wt,0.9527846792120872,,,204.465,216.14,-11.675000000000011,-0.0540159156102526,False,False,,,,unet25d,44
BRATS_034,tc,0.7476061086766453,,,80.257,110.75,-30.492999999999995,-0.2753318284424378,False,False,,,,unet25d,44
BRATS_034,et,0.1264346190028222,,,9.808,0.8220000000000001,8.986,10.931873479318735,False,False,,,,unet25d,44
BRATS_035,wt,0.8692085916984458,,,79.57000000000001,83.797,-4.22699999999999,-0.0504433332935545,False,False,,,,unet25d,44
BRATS_035,tc,0.8769957640925383,,,18.9,17.928,0.9720000000000012,0.0542168674698795,False,False,,,,unet25d,44
BRATS_035,et,0.8591694609233944,,,12.432,10.83,1.6020000000000003,0.1479224376731302,False,False,,,,unet25d,44
BRATS_045,wt,0.951306592106678,,,94.245,91.735,2.510000000000005,0.0273614214858015,False,False,,,,unet25d,44
BRATS_045,tc,0.842181345090528,,,37.227,45.786,-8.558999999999997,-0.1869348709212422,False,False,,,,unet25d,44
BRATS_045,et,0.904274576574962,,,29.058,26.737,2.320999999999998,0.0868085424692373,False,False,,,,unet25d,44
BRATS_048,wt,0.9344225139295496,,,154.84,162.83,-7.990000000000009,-0.0490695817724007,False,False,,,,unet25d,44
BRATS_048,tc,0.9384187010295928,,,39.083,38.132,0.9510000000000004,0.0249396832057065,False,False,,,,unet25d,44
BRATS_048,et,0.9347870939072196,,,30.905,32.104,-1.198999999999998,-0.0373473710441065,False,False,,,,unet25d,44
BRATS_051,wt,0.9451037252886992,,,102.033,111.078,-9.045000000000002,-0.0814292659212445,False,False,,,,unet25d,44
BRATS_051,tc,0.905283513688923,,,36.989,38.51,-1.5209999999999937,-0.0394962347442221,False,False,,,,unet25d,44
BRATS_051,et,0.9162728249194416,,,18.22,19.02,-0.8000000000000007,-0.0420609884332282,False,False,,,,unet25d,44
BRATS_059,wt,0.9301898503665174,,,95.374,99.569,-4.195000000000007,-0.0421315871405759,False,False,,,,unet25d,44
BRATS_059,tc,0.8355637665261821,,,38.167,48.438,-10.271,-0.2120442627689004,False,False,,,,unet25d,44
BRATS_059,et,0.9012597441042004,,,30.185,30.621,-0.4359999999999999,-0.01423859442866,False,False,,,,unet25d,44
BRATS_062,wt,0.5599675485644747,,,53.701,57.234,-3.5330000000000013,-0.0617290421777265,False,False,,,,unet25d,44
BRATS_062,tc,0.6473201281677833,,,15.488,11.976,3.5119999999999987,0.2932531730126919,False,False,,,,unet25d,44
BRATS_062,et,0.6201144957240794,,,9.631,4.518,5.113,1.131695440460381,False,False,,,,unet25d,44
BRATS_066,wt,0.8835346519300384,,,180.426,193.608,-13.181999999999988,-0.068086029502913,False,False,,,,unet25d,44
BRATS_066,tc,0.7348651406072624,,,29.208,40.383,-11.175,-0.2767253547284748,False,False,,,,unet25d,44
BRATS_066,et,0.6563854269404346,,,21.863,11.596,10.267,0.8853915143152811,False,False,,,,unet25d,44
BRATS_076,wt,0.9578519260056552,,,197.586,200.985,-3.399000000000001,-0.0169117098290917,False,False,,,,unet25d,44
BRATS_076,tc,0.8042735984139222,,,79.935,83.487,-3.5519999999999925,-0.0425455460131516,False,False,,,,unet25d,44
BRATS_076,et,0.1738669894832412,,,11.969,1.248,10.721,8.590544871794872,False,False,,,,unet25d,44
BRATS_080,wt,0.9124597185963992,,,127.661,124.006,3.655000000000001,0.0294743802719223,False,False,,,,unet25d,44
BRATS_080,tc,0.7934856882544985,,,75.721,55.989,19.732,0.3524263694654306,False,False,,,,unet25d,44
BRATS_080,et,0.8022307807732706,,,19.282,20.704,-1.4220000000000006,-0.0686823802163833,False,False,,,,unet25d,44
BRATS_092,wt,0.8849471996000916,,,129.866,110.189,19.677000000000007,0.1785749938741617,False,False,,,,unet25d,44
BRATS_092,tc,0.6994884825865708,,,78.755,72.364,6.390999999999991,0.0883173953899727,False,False,,,,unet25d,44
BRATS_092,et,0.0864978902953586,,,0.624,0.324,0.3,0.9259259259259258,False,False,,,,unet25d,44
BRATS_096,wt,0.7783593462609701,,,114.035,76.255,37.78,0.4954429217756213,False,False,,,,unet25d,44
BRATS_096,tc,0.8070840013422318,,,76.438,57.667,18.771,0.3255067889780983,False,False,,,,unet25d,44
BRATS_096,et,0.8428269180128397,,,61.156,48.971,12.184999999999995,0.248820730636499,False,False,,,,unet25d,44
BRATS_097,wt,0.9409993199702082,,,155.635,153.175,2.4599999999999795,0.0160600620205645,False,False,,,,unet25d,44
BRATS_097,tc,0.8574529893171737,,,66.568,61.488,5.079999999999998,0.0826177465521727,False,False,,,,unet25d,44
BRATS_097,et,0.8954224136829053,,,36.437,41.792,-5.355000000000004,-0.128134571209801,False,False,,,,unet25d,44
BRATS_116,wt,0.9396907714019632,,,189.562,193.779,-4.2169999999999845,-0.0217619040246878,False,False,,,,unet25d,44
BRATS_116,tc,0.8117603075017817,,,83.61,87.57600000000001,-3.966000000000008,-0.0452863798300905,False,False,,,,unet25d,44
BRATS_116,et,0.3147973609802073,,,2.555,0.628,1.927,3.0684713375796178,False,False,,,,unet25d,44
BRATS_119,wt,0.8327642039689053,,,108.183,118.479,-10.295999999999992,-0.086901476210974,False,False,,,,unet25d,44
BRATS_119,tc,0.7047894920841032,,,34.795,25.274,9.521,0.3767112447574582,False,False,,,,unet25d,44
BRATS_119,et,0.362935308158394,,,26.51,6.168,20.342,3.2979896238651105,False,False,,,,unet25d,44
BRATS_135,wt,0.8790983482620766,,,159.264,171.418,-12.153999999999996,-0.0709027056668494,False,False,,,,unet25d,44
BRATS_135,tc,0.7092439817337869,,,55.899,50.527,5.372,0.1063193935915451,False,False,,,,unet25d,44
BRATS_135,et,0.5818610129564193,,,6.804,3.384,3.4200000000000004,1.0106382978723405,False,False,,,,unet25d,44
BRATS_143,wt,0.9565389548346002,,,115.848,116.498,-0.6500000000000057,-0.0055794949269515,False,False,,,,unet25d,44
BRATS_143,tc,0.9006279434850863,,,70.346,82.534,-12.188000000000002,-0.1476724743741973,False,False,,,,unet25d,44
BRATS_143,et,0.5101195952161913,,,2.918,1.43,1.4880000000000002,1.0405594405594407,False,False,,,,unet25d,44
BRATS_144,wt,0.8993350679387107,,,52.474,51.296,1.1780000000000044,0.0229647535870244,False,False,,,,unet25d,44
BRATS_144,tc,0.7634633897729203,,,19.614,15.704,3.91,0.2489811512990321,False,False,,,,unet25d,44
BRATS_144,et,0.4778900821225521,,,14.343,4.6530000000000005,9.69,2.0825274016763373,False,False,,,,unet25d,44
BRATS_160,wt,0.6116416091019911,,,19.245,20.131,-0.8859999999999992,-0.0440117232129551,False,False,,,,unet25d,44
BRATS_160,tc,0.7246684801088066,,,11.58,11.948,-0.3680000000000003,-0.0308001339136257,False,False,,,,unet25d,44
BRATS_160,et,0.7683995173897078,,,10.499,8.564,1.9350000000000005,0.2259458197104157,False,False,,,,unet25d,44
BRATS_163,wt,0.942869429592878,,,77.44800000000001,78.35300000000001,-0.9050000000000012,-0.0115502916289102,False,False,,,,unet25d,44
BRATS_163,tc,0.8766740250183959,,,53.489,55.231,-1.741999999999997,-0.0315402581883362,False,False,,,,unet25d,44
BRATS_163,et,0.5469735182849937,,,4.413,1.931,2.482,1.2853443811496634,False,False,,,,unet25d,44
BRATS_170,wt,0.9288433627150936,,,151.58,159.157,-7.576999999999998,-0.0476070798017052,False,False,,,,unet25d,44
BRATS_170,tc,0.5879368401892974,,,56.524,31.38,25.144,0.8012746972594009,False,False,,,,unet25d,44
BRATS_170,et,0.0079697986577181,,,4.745,0.023,4.722,205.30434782608697,False,False,,,,unet25d,44
BRATS_190,wt,0.9226869455006336,,,77.708,84.82600000000001,-7.118000000000009,-0.0839129512177871,False,False,,,,unet25d,44
BRATS_190,tc,0.8645165376272582,,,31.294,31.865,-0.5710000000000015,-0.0179193472461949,False,False,,,,unet25d,44
BRATS_190,et,0.8656034106376967,,,18.982,19.955,-0.9730000000000024,-0.0487597093460286,False,False,,,,unet25d,44
BRATS_194,wt,0.8869857938305845,,,97.8,91.132,6.667999999999992,0.0731685906158099,False,False,,,,unet25d,44
BRATS_194,tc,0.5392207612934397,,,41.029,16.925,24.104000000000003,1.424165435745938,False,False,,,,unet25d,44
BRATS_194,et,0.2333677533559522,,,5.973,0.806,5.167,6.410669975186104,False,False,,,,unet25d,44
BRATS_197,wt,0.7760697293061805,,,134.299,113.287,21.012,0.1854758268821665,False,False,,,,unet25d,44
BRATS_197,tc,0.6482586146813439,,,54.473,43.093,11.379999999999995,0.2640800129951499,False,False,,,,unet25d,44
BRATS_197,et,0.5397945100444717,,,8.884,4.158,4.726,1.1366041366041364,False,False,,,,unet25d,44
BRATS_227,wt,0.8811328734294068,,,109.063,110.838,-1.7750000000000057,-0.0160143633050037,False,False,,,,unet25d,44
BRATS_227,tc,0.7551243463200552,,,28.134,31.337,-3.2029999999999994,-0.1022114433417365,False,False,,,,unet25d,44
BRATS_227,et,0.5740872620234535,,,14.479,6.5840000000000005,7.895,1.19911907654921,False,False,,,,unet25d,44
BRATS_228,wt,0.861277200888343,,,99.495,117.088,-17.593000000000004,-0.1502545094288057,False,False,,,,unet25d,44
BRATS_228,tc,0.7829318161614366,,,24.593,31.652,-7.059000000000001,-0.2230190825224314,False,False,,,,unet25d,44
BRATS_228,et,0.8770030775761435,,,19.278,18.414,0.8639999999999972,0.0469208211143693,False,False,,,,unet25d,44
BRATS_234,wt,0.9649134806100814,,,101.501,103.193,-1.691999999999993,-0.0163964610002615,False,False,,,,unet25d,44
BRATS_234,tc,0.9344790814175532,,,41.814,38.832,2.9819999999999998,0.0767923362175525,False,False,,,,unet25d,44
BRATS_234,et,0.9269087523277468,,,31.208,28.936,2.272000000000002,0.0785181089300526,False,False,,,,unet25d,44
BRATS_259,wt,0.8353915546079528,,,79.61,62.503,17.107,0.2736988624546022,False,False,,,,unet25d,44
BRATS_259,tc,0.2781304096941719,,,28.177,4.75,23.427,4.932,False,False,,,,unet25d,44
BRATS_259,et,0.0460992907801418,,,0.55,0.014,0.536,38.285714285714285,False,False,,,,unet25d,44
BRATS_266,wt,0.9339141118563256,,,192.632,202.929,-10.296999999999995,-0.0507418850928157,False,False,,,,unet25d,44
BRATS_266,tc,0.9164580033045464,,,115.175,119.653,-4.478000000000009,-0.0374248869648066,False,False,,,,unet25d,44
BRATS_266,et,0.8451133974585574,,,57.629,49.869,7.759999999999998,0.1556076921534419,False,False,,,,unet25d,44
BRATS_268,wt,0.8898916285919269,,,191.439,179.323,12.115999999999984,0.0675652314538569,False,False,,,,unet25d,44
BRATS_268,tc,0.5819824151669185,,,64.45100000000001,52.013,12.43800000000001,0.2391325245611676,False,False,,,,unet25d,44
BRATS_268,et,0.2399747395011051,,,2.654,0.513,2.141,4.173489278752436,False,False,,,,unet25d,44
BRATS_273,wt,0.8599422286565075,,,70.18,75.56700000000001,-5.3870000000000005,-0.0712877314171529,False,False,,,,unet25d,44
BRATS_273,tc,0.8653271630250132,,,24.155,27.058,-2.9029999999999987,-0.1072880478971098,False,False,,,,unet25d,44
BRATS_273,et,0.8709759188846641,,,13.326,14.289,-0.9629999999999992,-0.0673944992651689,False,False,,,,unet25d,44
BRATS_278,wt,0.7103538663171691,,,32.160000000000004,20.487,11.673000000000002,0.5697759554839654,False,False,,,,unet25d,44
BRATS_278,tc,0.8738147337709701,,,4.7170000000000005,4.88,-0.1629999999999993,-0.0334016393442621,False,False,,,,unet25d,44
BRATS_278,et,0.84,,,3.883,4.4670000000000005,-0.5840000000000005,-0.1307365122005821,False,False,,,,unet25d,44
BRATS_285,wt,0.9199326911963768,,,253.608,256.875,-3.266999999999996,-0.0127182481751824,False,False,,,,unet25d,44
BRATS_285,tc,0.8364120034202419,,,105.097,115.94,-10.84299999999999,-0.0935225116439536,False,False,,,,unet25d,44
BRATS_285,et,0.8360490944760608,,,56.219,67.135,-10.916000000000004,-0.1625977508006256,False,False,,,,unet25d,44
BRATS_298,wt,0.917904871060172,,,114.629,103.496,11.13300000000001,0.1075693746618227,False,False,,,,unet25d,44
BRATS_298,tc,0.7556287406187656,,,36.758,26.4,10.358,0.3923484848484848,False,False,,,,unet25d,44
BRATS_298,et,0.863719512195122,,,17.302,15.498,1.8039999999999985,0.1164021164021163,False,False,,,,unet25d,44
BRATS_302,wt,0.6920844240479294,,,57.855,33.446,24.40900000000001,0.7298032649644205,False,False,,,,unet25d,44
BRATS_302,tc,0.2712425056853421,,,8.306000000000001,1.368,6.938000000000001,5.071637426900585,False,False,,,,unet25d,44
BRATS_302,et,0.7710386656557998,,,1.427,1.211,0.2159999999999999,0.1783649876135425,False,False,,,,unet25d,44
BRATS_304,wt,0.7390273356021517,,,46.508,44.582,1.926000000000002,0.0432012920012561,False,False,,,,unet25d,44
BRATS_304,tc,0.8493074406626296,,,7.373,6.994,0.3790000000000004,0.0541893051186732,False,False,,,,unet25d,44
BRATS_304,et,0.8420058253955759,,,6.23,6.473,-0.2429999999999994,-0.0375405530665841,False,False,,,,unet25d,44
BRATS_306,wt,0.7674998930542286,,,38.078,32.051,6.027000000000001,0.1880440547876821,False,False,,,,unet25d,44
BRATS_306,tc,0.8460448899542384,,,10.076,8.28,1.7960000000000012,0.2169082125603866,False,False,,,,unet25d,44
BRATS_306,et,0.7907090864480248,,,6.254,5.973,0.2810000000000006,0.0470450359953123,False,False,,,,unet25d,44
BRATS_307,wt,0.8051586317416105,,,58.495000000000005,46.339,12.156000000000006,0.2623276289950151,False,False,,,,unet25d,44
BRATS_307,tc,0.8459784673844205,,,17.045,14.535,2.5100000000000016,0.172686618507052,False,False,,,,unet25d,44
BRATS_307,et,0.6244593000393236,,,6.133,4.039,2.0940000000000003,0.5184451596929934,False,False,,,,unet25d,44
BRATS_318,wt,0.8860102853103267,,,105.242,95.627,9.615000000000007,0.1005469166657953,False,False,,,,unet25d,44
BRATS_318,tc,0.8627581030841464,,,28.821,28.472,0.3490000000000002,0.012257656645125,False,False,,,,unet25d,44
BRATS_318,et,0.8255732170488114,,,19.382,23.272,-3.890000000000001,-0.1671536610519078,False,False,,,,unet25d,44
BRATS_322,wt,0.7016591804931708,,,33.61,20.935,12.675,0.6054454263195607,False,False,,,,unet25d,44
BRATS_322,tc,0.5867444120505345,,,10.698,15.027,-4.329000000000001,-0.288081453383909,False,False,,,,unet25d,44
BRATS_322,et,0.6040579022306597,,,7.575,9.281,-1.7060000000000004,-0.1838163990949251,False,False,,,,unet25d,44
BRATS_325,wt,0.8746083396895252,,,94.628,87.60900000000001,7.018999999999991,0.0801173395427409,False,False,,,,unet25d,44
BRATS_325,tc,0.8474938033599559,,,29.369,28.727,0.6419999999999995,0.0223483134333553,False,False,,,,unet25d,44
BRATS_325,et,0.8358417594706677,,,20.814,22.108,-1.2940000000000005,-0.0585308485616066,False,False,,,,unet25d,44
BRATS_326,wt,0.7000565228779795,,,46.037,26.5,19.537,0.7372452830188679,False,False,,,,unet25d,44
BRATS_326,tc,0.8614036614732933,,,17.037,17.43,-0.3930000000000007,-0.0225473321858864,False,False,,,,unet25d,44
BRATS_326,et,0.7714370195150798,,,10.729,9.563,1.1660000000000004,0.1219282651887483,False,False,,,,unet25d,44
BRATS_327,wt,0.9452308831042404,,,125.933,122.656,3.277000000000001,0.0267169971301852,False,False,,,,unet25d,44
BRATS_327,tc,0.892543564717862,,,27.694,24.355,3.338999999999998,0.1370971053171832,False,False,,,,unet25d,44
BRATS_327,et,0.8966990641831915,,,17.224,16.009,1.215,0.0758948091698419,False,False,,,,unet25d,44
BRATS_332,wt,0.8780210789739641,,,106.911,100.879,6.0319999999999965,0.0597944071610542,False,False,,,,unet25d,44
BRATS_332,tc,0.8354926834545996,,,36.712,37.23,-0.5180000000000007,-0.0139135106097233,False,False,,,,unet25d,44
BRATS_332,et,0.7681259222823413,,,24.571,26.254,-1.6829999999999998,-0.0641045174068713,False,False,,,,unet25d,44
BRATS_336,wt,0.9284749656068962,,,82.513,75.949,6.564000000000007,0.0864264177276857,False,False,,,,unet25d,44
BRATS_336,tc,0.9016015990688966,,,38.251,40.795,-2.544000000000004,-0.0623605834048291,False,False,,,,unet25d,44
BRATS_336,et,0.8304496554459372,,,19.434,20.908,-1.4740000000000002,-0.0704993303998469,False,False,,,,unet25d,44
BRATS_342,wt,0.5895872966572194,,,22.275,29.239,-6.963999999999999,-0.2381750401860528,False,False,,,,unet25d,44
BRATS_342,tc,0.7019775644732277,,,5.186,3.461,1.725,0.4984108639121641,False,False,,,,unet25d,44
BRATS_342,et,0.544108313941189,,,2.686,2.041,0.645,0.3160215580597746,False,False,,,,unet25d,44
BRATS_348,wt,0.8682823760234433,,,78.44800000000001,80.574,-2.1259999999999906,-0.0263856827264376,False,False,,,,unet25d,44
BRATS_348,tc,0.9000450555001843,,,35.597,37.646,-2.0489999999999995,-0.0544280932901237,False,False,,,,unet25d,44
BRATS_348,et,0.8559520072547173,,,26.347,30.995,-4.648,-0.1499596709146636,False,False,,,,unet25d,44
BRATS_354,wt,0.9107537835510504,,,90.353,87.324,3.0290000000000106,0.0346869131052174,False,False,,,,unet25d,44
BRATS_354,tc,0.92588677968968,,,36.429,34.53,1.899000000000001,0.0549956559513466,False,False,,,,unet25d,44
BRATS_354,et,0.8225933798967506,,,16.758,16.172,0.5859999999999985,0.0362354687113528,False,False,,,,unet25d,44
BRATS_358,wt,0.7974240122315873,,,110.863,95.815,15.048000000000002,0.1570526535511141,False,False,,,,unet25d,44
BRATS_358,tc,0.8312178884145017,,,58.279,79.911,-21.632,-0.2707011550349764,False,False,,,,unet25d,44
BRATS_358,et,0.7124722883652188,,,25.585,35.31,-9.725,-0.2754177286887567,False,False,,,,unet25d,44
BRATS_360,wt,0.8418808083895524,,,78.163,59.246,18.916999999999994,0.3192958174391519,False,False,,,,unet25d,44
BRATS_360,tc,0.8421768707482993,,,16.879,15.461,1.418000000000001,0.0917146368281483,False,False,,,,unet25d,44
BRATS_360,et,0.7671295502600148,,,8.834,8.665000000000001,0.1689999999999987,0.0195037507212924,False,False,,,,unet25d,44
BRATS_374,wt,0.8392731284282782,,,54.435,43.464,10.971000000000004,0.2524157923799007,False,False,,,,unet25d,44
BRATS_374,tc,0.7703177148801525,,,12.511,10.56,1.9510000000000003,0.1847537878787879,False,False,,,,unet25d,44
BRATS_374,et,0.7898053881847773,,,7.751,6.688,1.0630000000000006,0.1589413875598087,False,False,,,,unet25d,44
BRATS_384,wt,0.8549171457999244,,,79.575,73.827,5.748000000000005,0.0778576943394693,False,False,,,,unet25d,44
BRATS_384,tc,0.836098208360982,,,18.902,14.252,4.65,0.3262699971933764,False,False,,,,unet25d,44
BRATS_384,et,0.8613051116157504,,,12.429,10.91,1.519,0.1392300641613199,False,False,,,,unet25d,44
BRATS_391,wt,0.9263785564200124,,,94.243,81.84700000000001,12.395999999999988,0.1514533214412255,False,False,,,,unet25d,44
BRATS_391,tc,0.919353537526555,,,37.228,37.146,0.0820000000000007,0.0022075055187638,False,False,,,,unet25d,44
BRATS_391,et,0.8740873288491956,,,29.059,33.532000000000004,-4.4730000000000025,-0.1333949660026244,False,False,,,,unet25d,44
BRATS_393,wt,0.9442725287679674,,,154.837,143.759,11.077999999999976,0.0770595232298497,False,False,,,,unet25d,44
BRATS_393,tc,0.9266983901994532,,,39.083,39.933,-0.8500000000000014,-0.0212856534695615,False,False,,,,unet25d,44
BRATS_393,et,0.8975009380863039,,,30.904,35.721000000000004,-4.817000000000004,-0.1348506480781613,False,False,,,,unet25d,44
BRATS_396,wt,0.9473619718641751,,,102.034,110.151,-8.11699999999999,-0.0736897531570298,False,False,,,,unet25d,44
BRATS_396,tc,0.9088142212645614,,,36.992,37.263,-0.2710000000000008,-0.007272629686284,False,False,,,,unet25d,44
BRATS_396,et,0.9018743109151048,,,18.219,19.875,-1.6559999999999988,-0.083320754716981,False,False,,,,unet25d,44
BRATS_403,wt,0.8803898609880029,,,127.655,146.494,-18.839,-0.1285991235135909,False,False,,,,unet25d,44
BRATS_403,tc,0.7626842141339365,,,75.72200000000001,70.168,5.554000000000002,0.0791528902063618,False,False,,,,unet25d,44
BRATS_403,et,0.7418713773116202,,,19.286,16.944,2.3420000000000023,0.1382200188857414,False,False,,,,unet25d,44
BRATS_414,wt,0.8357019485374001,,,114.775,156.762,-41.987,-0.2678391446906775,False,False,,,,unet25d,44
BRATS_414,tc,0.8711910417373601,,,70.10000000000001,77.25,-7.149999999999992,-0.092556634304207,False,False,,,,unet25d,44
BRATS_414,et,0.8313620576363465,,,58.702,69.134,-10.432000000000002,-0.1508953626290971,False,False,,,,unet25d,44
BRATS_438,wt,0.627084583866169,,,19.242,19.075,0.1670000000000016,0.0087549148099607,False,False,,,,unet25d,44
BRATS_438,tc,0.8039816232771823,,,11.578,9.318,2.26,0.2425413178793732,False,False,,,,unet25d,44
BRATS_438,et,0.7818764207480885,,,10.498,8.858,1.6399999999999988,0.1851433732219461,False,False,,,,unet25d,44
BRATS_450,wt,0.9043568608436656,,,77.69800000000001,66.672,11.02600000000001,0.1653767698584115,False,False,,,,unet25d,44
BRATS_450,tc,0.8398246526487853,,,31.293,36.002,-4.709000000000003,-0.1307982889839454,False,False,,,,unet25d,44
BRATS_450,et,0.8132318240505766,,,18.978,25.944,-6.9659999999999975,-0.2685013876040702,False,False,,,,unet25d,44
BRATS_463,wt,0.954767901778446,,,101.506,107.328,-5.822000000000003,-0.054244931425164,False,False,,,,unet25d,44
BRATS_463,tc,0.957453944373907,,,41.811,41.675,0.1359999999999956,0.0032633473305337,False,False,,,,unet25d,44
BRATS_463,et,0.9223305400514044,,,31.215,34.538000000000004,-3.323000000000004,-0.0962128669870868,False,False,,,,unet25d,44
BRATS_475,wt,0.9379039927580086,,,192.641,200.621,-7.980000000000018,-0.039776493986173,False,False,,,,unet25d,44
BRATS_475,tc,0.922707331459102,,,115.169,117.104,-1.9350000000000025,-0.0165237737395819,False,False,,,,unet25d,44
BRATS_475,et,0.8393174372932184,,,57.622,65.092,-7.469999999999999,-0.1147606464696122,False,False,,,,unet25d,44
BRATS_478,wt,0.8342929221003804,,,70.181,77.278,-7.097000000000008,-0.0918372628691219,False,False,,,,unet25d,44
BRATS_478,tc,0.8967466316135393,,,24.16,21.485,2.6750000000000007,0.1245054689318129,False,False,,,,unet25d,44
BRATS_478,et,0.8898511698992031,,,13.324,14.157,-0.8330000000000002,-0.0588401497492406,False,False,,,,unet25d,44
BRATS_010,wt,0.6076248313090419,,,38.793,20.487,18.306,0.8935422463025331,False,False,,,,unet25d,43
BRATS_010,tc,0.7869144319572716,,,4.107,4.88,-0.7729999999999997,-0.1584016393442622,False,False,,,,unet25d,43
BRATS_010,et,0.7352821210061183,,,2.888,4.4670000000000005,-1.5790000000000006,-0.3534810835012313,False,False,,,,unet25d,43
BRATS_020,wt,0.9173250671001398,,,245.738,256.869,-11.131000000000029,-0.0433333722636831,False,False,,,,unet25d,43
BRATS_020,tc,0.7797786362666793,,,95.029,115.936,-20.90700000000001,-0.1803322522771185,False,False,,,,unet25d,43
BRATS_020,et,0.7765478737924779,,,46.424,67.135,-20.71100000000001,-0.308497802934386,False,False,,,,unet25d,43
BRATS_023,wt,0.8752786478173763,,,77.649,64.107,13.542000000000002,0.2112405821517151,False,False,,,,unet25d,43
BRATS_023,tc,0.4120333064732742,,,16.816,5.522,11.294,2.045273451647953,False,False,,,,unet25d,43
BRATS_023,et,0.0,,,0.97,0.0,0.97,,True,False,,,,unet25d,43
BRATS_027,wt,0.9255633750093584,,,53.582,53.274,0.3079999999999998,0.0057814318429252,False,False,,,,unet25d,43
BRATS_027,tc,0.7100657866448811,,,17.778,28.736,-10.958000000000002,-0.3813335189309577,False,False,,,,unet25d,43
BRATS_027,et,0.0,,,0.383,0.0,0.383,,True,False,,,,unet25d,43
BRATS_034,wt,0.9517983487027064,,,200.381,216.14,-15.759000000000016,-0.0729110761543444,False,False,,,,unet25d,43
BRATS_034,tc,0.7416566799025808,,,70.32300000000001,110.75,-40.42699999999999,-0.3650293453724604,False,False,,,,unet25d,43
BRATS_034,et,0.2571262361838278,,,2.616,0.8220000000000001,1.794,2.182481751824817,False,False,,,,unet25d,43
BRATS_035,wt,0.8889382283403142,,,82.849,83.797,-0.9479999999999932,-0.0113130541666168,False,False,,,,unet25d,43
BRATS_035,tc,0.8707555240876774,,,15.969,17.928,-1.959,-0.1092704149933065,False,False,,,,unet25d,43
BRATS_035,et,0.85194957490472,,,9.636,10.83,-1.193999999999999,-0.1102493074792242,False,False,,,,unet25d,43
BRATS_045,wt,0.951542278349792,,,93.478,91.735,1.7430000000000092,0.0190003815337658,False,False,,,,unet25d,43
BRATS_045,tc,0.8310556693353193,,,34.779,45.786,-11.006999999999998,-0.2404009959376228,False,False,,,,unet25d,43
BRATS_045,et,0.9067395886743008,,,25.922,26.737,-0.8150000000000013,-0.030482103452145,False,False,,,,unet25d,43
BRATS_048,wt,0.9362278825711028,,,153.719,162.83,-9.111000000000018,-0.0559540625191919,False,False,,,,unet25d,43
BRATS_048,tc,0.9431706230853318,,,35.967,38.132,-2.164999999999999,-0.0567764607154096,False,False,,,,unet25d,43
BRATS_048,et,0.9124573493008632,,,27.684,32.104,-4.419999999999998,-0.1376775479691003,False,False,,,,unet25d,43
BRATS_051,wt,0.9474122212352144,,,102.812,111.078,-8.266000000000005,-0.0744161760204541,False,False,,,,unet25d,43
BRATS_051,tc,0.9324021220871668,,,35.945,38.51,-2.5649999999999977,-0.0666060763438067,False,False,,,,unet25d,43
BRATS_051,et,0.9143685708032392,,,17.532,19.02,-1.4879999999999995,-0.0782334384858044,False,False,,,,unet25d,43
BRATS_059,wt,0.9258284898541858,,,96.571,99.569,-2.9980000000000047,-0.0301097731221565,False,False,,,,unet25d,43
BRATS_059,tc,0.8329610383503021,,,36.62,48.438,-11.818000000000003,-0.2439819976051861,False,False,,,,unet25d,43
BRATS_059,et,0.8954351711810807,,,27.563,30.621,-3.0580000000000034,-0.099866104960648,False,False,,,,unet25d,43
BRATS_062,wt,0.5823808398902437,,,52.828,57.234,-4.405999999999999,-0.0769822133696753,False,False,,,,unet25d,43
BRATS_062,tc,0.7423929747530187,,,10.799,11.976,-1.1770000000000014,-0.0982798931195725,False,False,,,,unet25d,43
BRATS_062,et,0.7603413095900575,,,6.264,4.518,1.7460000000000004,0.3864541832669323,False,False,,,,unet25d,43
BRATS_066,wt,0.8671235310267604,,,177.91,193.608,-15.698000000000008,-0.0810813602743688,False,False,,,,unet25d,43
BRATS_066,tc,0.6830635709987013,,,22.759,40.383,-17.624000000000002,-0.4364212663744645,False,False,,,,unet25d,43
BRATS_066,et,0.60198063059783,,,15.87,11.596,4.274000000000001,0.3685753708175233,False,False,,,,unet25d,43
BRATS_076,wt,0.953055369338686,,,188.346,200.985,-12.63900000000001,-0.062885289947011,False,False,,,,unet25d,43
BRATS_076,tc,0.816503582504545,,,66.129,83.487,-17.35799999999999,-0.2079126091487296,False,False,,,,unet25d,43
BRATS_076,et,0.3717399766446088,,,3.89,1.248,2.6420000000000003,2.11698717948718,False,False,,,,unet25d,43
BRATS_080,wt,0.9113759113960194,,,124.651,124.006,0.644999999999996,0.0052013612244568,False,False,,,,unet25d,43
BRATS_080,tc,0.7849790141233418,,,74.575,55.989,18.586,0.3319580631909838,False,False,,,,unet25d,43
BRATS_080,et,0.8029857985933332,,,16.405,20.704,-4.299,-0.2076410355486862,False,False,,,,unet25d,43
BRATS_092,wt,0.8851204614862572,,,125.571,110.189,15.38199999999999,0.1395965114485111,False,False,,,,unet25d,43
BRATS_092,tc,0.7293019814190578,,,73.592,72.364,1.2279999999999944,0.0169697639710352,False,False,,,,unet25d,43
BRATS_092,et,0.1238095238095238,,,0.516,0.324,0.192,0.5925925925925926,False,False,,,,unet25d,43
BRATS_096,wt,0.7468504896980535,,,120.601,76.255,44.346,0.5815487509015803,False,False,,,,unet25d,43
BRATS_096,tc,0.8270962671905697,,,69.583,57.667,11.915999999999997,0.206634643730383,False,False,,,,unet25d,43
BRATS_096,et,0.8572670162014076,,,56.884,48.971,7.912999999999997,0.1615854281105143,False,False,,,,unet25d,43
BRATS_097,wt,0.9490358534299944,,,150.98,153.175,-2.1950000000000216,-0.0143300146890812,False,False,,,,unet25d,43
BRATS_097,tc,0.8394262368607752,,,61.141,61.488,-0.3470000000000013,-0.005643377569607,False,False,,,,unet25d,43
BRATS_097,et,0.869826274917941,,,33.154,41.792,-8.637999999999998,-0.2066902756508422,False,False,,,,unet25d,43
BRATS_116,wt,0.942020941626018,,,180.977,193.779,-12.801999999999992,-0.0660649502784099,False,False,,,,unet25d,43
BRATS_116,tc,0.7688986022066252,,,63.877,87.57600000000001,-23.699000000000005,-0.270610669589842,False,False,,,,unet25d,43
BRATS_116,et,0.3792746113989637,,,1.302,0.628,0.674,1.0732484076433122,False,False,,,,unet25d,43
BRATS_119,wt,0.8462058776411114,,,106.237,118.479,-12.24199999999999,-0.1033263278724498,False,False,,,,unet25d,43
BRATS_119,tc,0.7142916875731727,,,22.558,25.274,-2.716000000000001,-0.1074622141331012,False,False,,,,unet25d,43
BRATS_119,et,0.539415115110324,,,14.725,6.168,8.556999999999999,1.387321660181582,False,False,,,,unet25d,43
BRATS_135,wt,0.8968639214616853,,,158.612,171.418,-12.806000000000012,-0.0747062735535358,False,False,,,,unet25d,43
BRATS_135,tc,0.7130921423415763,,,50.61,50.527,0.0829999999999984,0.0016426860886258,False,False,,,,unet25d,43
BRATS_135,et,0.6369034026033341,,,5.3740000000000006,3.384,1.9900000000000009,0.5880614657210405,False,False,,,,unet25d,43
BRATS_143,wt,0.9566122904249016,,,113.014,116.498,-3.484000000000009,-0.0299060928084603,False,False,,,,unet25d,43
BRATS_143,tc,0.895380939739846,,,68.146,82.534,-14.388000000000003,-0.1743281556691788,False,False,,,,unet25d,43
BRATS_143,et,0.5498602050326188,,,1.789,1.43,0.3590000000000002,0.2510489510489512,False,False,,,,unet25d,43
BRATS_144,wt,0.894078787584398,,,51.639,51.296,0.3430000000000035,0.0066866812227074,False,False,,,,unet25d,43
BRATS_144,tc,0.773011160028668,,,13.597,15.704,-2.107000000000001,-0.1341696383087112,False,False,,,,unet25d,43
BRATS_144,et,0.6478852077229359,,,8.658,4.6530000000000005,4.004999999999999,0.8607350096711796,False,False,,,,unet25d,43
BRATS_160,wt,0.6561522220243697,,,19.18,20.131,-0.9510000000000004,-0.0472405742387363,False,False,,,,unet25d,43
BRATS_160,tc,0.6940894568690096,,,10.588,11.948,-1.3599999999999994,-0.1138265818547036,False,False,,,,unet25d,43
BRATS_160,et,0.7456527816606094,,,9.321,8.564,0.7569999999999997,0.0883932741709481,False,False,,,,unet25d,43
BRATS_163,wt,0.9381286511536828,,,74.852,78.35300000000001,-3.5010000000000048,-0.0446823988870879,False,False,,,,unet25d,43
BRATS_163,tc,0.8726429675425038,,,48.289,55.231,-6.942,-0.125690282631131,False,False,,,,unet25d,43
BRATS_163,et,0.6754221388367729,,,2.866,1.931,0.935,0.4842050750906266,False,False,,,,unet25d,43
BRATS_170,wt,0.9112694766737996,,,146.465,159.157,-12.692000000000007,-0.0797451572975113,False,False,,,,unet25d,43
BRATS_170,tc,0.6524734029514144,,,50.208,31.38,18.828,0.6,False,False,,,,unet25d,43
BRATS_170,et,0.017626321974148,,,1.679,0.023,1.656,72.00000000000001,False,False,,,,unet25d,43
BRATS_190,wt,0.9240595727808892,,,76.59,84.82600000000001,-8.236000000000004,-0.097092872468347,False,False,,,,unet25d,43
BRATS_190,tc,0.8473732523654851,,,24.783,31.865,-7.082000000000001,-0.2222501176839793,False,False,,,,unet25d,43
BRATS_190,et,0.8130226656669934,,,14.723,19.955,-5.232000000000001,-0.2621899273365071,False,False,,,,unet25d,43
BRATS_194,wt,0.8855082126189466,,,90.357,91.132,-0.7750000000000057,-0.008504147829522,False,False,,,,unet25d,43
BRATS_194,tc,0.5590828573134566,,,33.318,16.925,16.392999999999997,0.9685672082717872,False,False,,,,unet25d,43
BRATS_194,et,0.6226497595102755,,,1.481,0.806,0.675,0.8374689826302729,False,False,,,,unet25d,43
BRATS_197,wt,0.7982562321281336,,,114.725,113.287,1.4380000000000024,0.0126934246647894,False,False,,,,unet25d,43
BRATS_197,tc,0.597136183609221,,,35.683,43.093,-7.410000000000004,-0.1719536815724132,False,False,,,,unet25d,43
BRATS_197,et,0.6313961801654581,,,5.633,4.158,1.4749999999999996,0.3547378547378546,False,False,,,,unet25d,43
BRATS_227,wt,0.8748644505959599,,,107.717,110.838,-3.1210000000000093,-0.028158212887277,False,False,,,,unet25d,43
BRATS_227,tc,0.6242071043450682,,,19.111,31.337,-12.226,-0.3901458339981491,False,False,,,,unet25d,43
BRATS_227,et,0.6822269513283449,,,7.983,6.5840000000000005,1.399,0.2124848116646415,False,False,,,,unet25d,43
BRATS_228,wt,0.8738231095258638,,,107.763,117.088,-9.325000000000005,-0.0796409538125171,False,False,,,,unet25d,43
BRATS_228,tc,0.7642900424156736,,,22.809,31.652,-8.843,-0.279382029571591,False,False,,,,unet25d,43
BRATS_228,et,0.8832114759111507,,,17.557,18.414,-0.8570000000000029,-0.0465406755729337,False,False,,,,unet25d,43
BRATS_234,wt,0.9663716293127136,,,100.623,103.193,-2.569999999999993,-0.0249047900535888,False,False,,,,unet25d,43
BRATS_234,tc,0.948502589799177,,,38.201,38.832,-0.6310000000000002,-0.016249484960857,False,False,,,,unet25d,43
BRATS_234,et,0.9363717286807904,,,27.234,28.936,-1.7019999999999982,-0.0588194636439037,False,False,,,,unet25d,43
BRATS_259,wt,0.8732729381708194,,,73.711,62.503,11.207999999999998,0.1793193926691518,False,False,,,,unet25d,43
BRATS_259,tc,0.2820101405558051,,,26.412,4.75,21.662,4.560421052631579,False,False,,,,unet25d,43
BRATS_259,et,0.1276595744680851,,,0.033,0.014,0.019,1.3571428571428574,False,False,,,,unet25d,43
BRATS_266,wt,0.9311652173022622,,,187.702,202.929,-15.227000000000004,-0.0750360963686807,False,False,,,,unet25d,43
BRATS_266,tc,0.9114135941147968,,,107.357,119.653,-12.296000000000006,-0.1027638253951008,False,False,,,,unet25d,43
BRATS_266,et,0.8536646460598166,,,49.936,49.869,0.0670000000000001,0.0013435200224588,False,False,,,,unet25d,43
BRATS_268,wt,0.8964468376208903,,,161.275,179.323,-18.048,-0.1006452044634542,False,False,,,,unet25d,43
BRATS_268,tc,0.5702036966720153,,,29.628,52.013,-22.385,-0.430373175936785,False,False,,,,unet25d,43
BRATS_268,et,0.2780847145488029,,,1.659,0.513,1.146,2.2339181286549707,False,False,,,,unet25d,43
BRATS_273,wt,0.8688043734254455,,,64.552,75.56700000000001,-11.015,-0.145764685643204,False,False,,,,unet25d,43
BRATS_273,tc,0.8300595615257889,,,20.288,27.058,-6.77,-0.2502032670559538,False,False,,,,unet25d,43
BRATS_273,et,0.8349514563106796,,,10.843,14.289,-3.446,-0.2411645321576037,False,False,,,,unet25d,43
BRATS_278,wt,0.6076965903531119,,,38.786,20.487,18.299,0.8932005662127201,False,False,,,,unet25d,43
BRATS_278,tc,0.7869144319572716,,,4.107,4.88,-0.7729999999999997,-0.1584016393442622,False,False,,,,unet25d,43
BRATS_278,et,0.7351821642196846,,,2.889,4.4670000000000005,-1.5780000000000003,-0.3532572196104768,False,False,,,,unet25d,43
BRATS_285,wt,0.9173273699268436,,,245.746,256.875,-11.12899999999999,-0.0433245742092457,False,False,,,,unet25d,43
BRATS_285,tc,0.77985752001403,,,95.037,115.94,-20.90299999999999,-0.1802915301017767,False,False,,,,unet25d,43
BRATS_285,et,0.7767094581506331,,,46.439,67.135,-20.696000000000005,-0.308274372532956,False,False,,,,unet25d,43
BRATS_298,wt,0.9331011790256072,,,110.155,103.496,6.659000000000006,0.0643406508464095,False,False,,,,unet25d,43
BRATS_298,tc,0.8135954193142937,,,30.884,26.4,4.483999999999998,0.1698484848484847,False,False,,,,unet25d,43
BRATS_298,et,0.8702019081428889,,,16.051000000000002,15.498,0.5530000000000008,0.0356820234869015,False,False,,,,unet25d,43
BRATS_302,wt,0.7782693951430439,,,46.11,33.446,12.664,0.3786401961370568,False,False,,,,unet25d,43
BRATS_302,tc,0.323489198796828,,,5.946,1.368,4.577999999999999,3.346491228070174,False,False,,,,unet25d,43
BRATS_302,et,0.7616580310880829,,,1.105,1.211,-0.1060000000000001,-0.0875309661436829,False,False,,,,unet25d,43
BRATS_304,wt,0.7686889438597962,,,50.822,44.582,6.240000000000002,0.1399668027455027,False,False,,,,unet25d,43
BRATS_304,tc,0.8642802741812643,,,6.136,6.994,-0.8579999999999997,-0.1226765799256505,False,False,,,,unet25d,43
BRATS_304,et,0.8277787471645437,,,4.989,6.473,-1.484,-0.2292600030897574,False,False,,,,unet25d,43
BRATS_306,wt,0.7842816671129966,,,38.898,32.051,6.847000000000001,0.2136282799288634,False,False,,,,unet25d,43
BRATS_306,tc,0.8633163389172129,,,8.196,8.28,-0.0839999999999996,-0.0101449275362318,False,False,,,,unet25d,43
BRATS_306,et,0.7412695350183292,,,4.393,5.973,-1.58,-0.2645236899380546,False,False,,,,unet25d,43
BRATS_307,wt,0.8552229934618135,,,52.924,46.339,6.585000000000001,0.1421049224195602,False,False,,,,unet25d,43
BRATS_307,tc,0.8927090779127949,,,13.445,14.535,-1.09,-0.0749914000687994,False,False,,,,unet25d,43
BRATS_307,et,0.6601760469458522,,,3.459,4.039,-0.5799999999999996,-0.1435999009655854,False,False,,,,unet25d,43
BRATS_318,wt,0.8916085669860059,,,103.743,95.627,8.116000000000014,0.0848714275256989,False,False,,,,unet25d,43
BRATS_318,tc,0.863302209237937,,,23.899,28.472,-4.573,-0.1606139364990166,False,False,,,,unet25d,43
BRATS_318,et,0.7882052449232481,,,16.271,23.272,-7.001000000000001,-0.3008336198006188,False,False,,,,unet25d,43
BRATS_322,wt,0.7124020711824604,,,31.016,20.935,10.081000000000005,0.4815380941007883,False,False,,,,unet25d,43
BRATS_322,tc,0.4857247103894919,,,6.899,15.027,-8.128,-0.5408930591601783,False,False,,,,unet25d,43
BRATS_322,et,0.4908877131099353,,,4.327,9.281,-4.954000000000001,-0.533778687641418,False,False,,,,unet25d,43
BRATS_325,wt,0.8876403239318627,,,91.441,87.60900000000001,3.8319999999999936,0.0437397984225364,False,False,,,,unet25d,43
BRATS_325,tc,0.8813174537395723,,,26.774,28.727,-1.9529999999999996,-0.0679848226407212,False,False,,,,unet25d,43
BRATS_325,et,0.8183556405353728,,,18.163,22.108,-3.945,-0.1784421928713588,False,False,,,,unet25d,43
BRATS_326,wt,0.7363115356355621,,,41.55,26.5,15.050000000000004,0.567924528301887,False,False,,,,unet25d,43
BRATS_326,tc,0.7677788116442908,,,12.662,17.43,-4.767999999999999,-0.2735513482501434,False,False,,,,unet25d,43
BRATS_326,et,0.739443992090264,,,7.631,9.563,-1.9320000000000004,-0.2020286520966224,False,False,,,,unet25d,43
BRATS_327,wt,0.9447808303004928,,,125.736,122.656,3.0799999999999983,0.0251108792068875,False,False,,,,unet25d,43
BRATS_327,tc,0.8849079462175528,,,25.996,24.355,1.6410000000000018,0.0673783617327038,False,False,,,,unet25d,43
BRATS_327,et,0.8874259381171824,,,15.89,16.009,-0.1189999999999997,-0.0074333187581984,False,False,,,,unet25d,43
BRATS_332,wt,0.8655599084597184,,,105.369,100.879,4.489999999999995,0.0445087679298961,False,False,,,,unet25d,43
BRATS_332,tc,0.784148347540003,,,29.64,37.23,-7.590000000000003,-0.2038678485092667,False,False,,,,unet25d,43
BRATS_332,et,0.7013781184916028,,,18.88,26.254,-7.374000000000002,-0.2808714862497144,False,False,,,,unet25d,43
BRATS_336,wt,0.930825901512214,,,78.791,75.949,2.8419999999999987,0.037419847529263,False,False,,,,unet25d,43
BRATS_336,tc,0.764234375462155,,,26.823,40.795,-13.972,-0.3424929525677166,False,False,,,,unet25d,43
BRATS_336,et,0.7927825261158594,,,15.947,20.908,-4.961,-0.2372775970920222,False,False,,,,unet25d,43
BRATS_342,wt,0.5949728648957441,,,19.775,29.239,-9.464,-0.3236772803447449,False,False,,,,unet25d,43
BRATS_342,tc,0.7510046137818128,,,3.258,3.461,-0.2029999999999998,-0.0586535683328517,False,False,,,,unet25d,43
BRATS_342,et,0.4489533011272141,,,1.064,2.041,-0.977,-0.478686918177364,False,False,,,,unet25d,43
BRATS_348,wt,0.8796351854074163,,,77.753,80.574,-2.820999999999998,-0.0350112939657953,False,False,,,,unet25d,43
BRATS_348,tc,0.8957425981358793,,,32.843,37.646,-4.802999999999997,-0.1275832757796312,False,False,,,,unet25d,43
BRATS_348,et,0.8286033601436398,,,23.586,30.995,-7.408999999999999,-0.2390385546055815,False,False,,,,unet25d,43
BRATS_354,wt,0.9157744468236974,,,89.202,87.324,1.878,0.021506115157345,False,False,,,,unet25d,43
BRATS_354,tc,0.9319867305565794,,,33.295,34.53,-1.2349999999999994,-0.0357660005792064,False,False,,,,unet25d,43
BRATS_354,et,0.7921733813438413,,,13.266,16.172,-2.9060000000000006,-0.1796932970566411,False,False,,,,unet25d,43
BRATS_358,wt,0.7863522425835341,,,109.64,95.815,13.825000000000005,0.1442884725773626,False,False,,,,unet25d,43
BRATS_358,tc,0.7502292971846969,,,48.743,79.911,-31.168,-0.3900339127279097,False,False,,,,unet25d,43
BRATS_358,et,0.6750953030462001,,,21.876,35.31,-13.434,-0.3804587935429057,False,False,,,,unet25d,43
BRATS_360,wt,0.8652470570593087,,,74.124,59.246,14.877999999999991,0.2511224386456468,False,False,,,,unet25d,43
BRATS_360,tc,0.8691576268916567,,,14.407,15.461,-1.0540000000000005,-0.0681715283616842,False,False,,,,unet25d,43
BRATS_360,et,0.7514167954662545,,,6.863,8.665000000000001,-1.8020000000000005,-0.2079630698211194,False,False,,,,unet25d,43
BRATS_374,wt,0.8483571323729844,,,51.918,43.464,8.454,0.1945057979017117,False,False,,,,unet25d,43
BRATS_374,tc,0.8131689602446484,,,10.368,10.56,-0.1920000000000001,-0.0181818181818182,False,False,,,,unet25d,43
BRATS_374,et,0.7861392028554431,,,6.76,6.688,0.072,0.0107655502392344,False,False,,,,unet25d,43
BRATS_384,wt,0.8725745506535948,,,82.845,73.827,9.018,0.1221504327684993,False,False,,,,unet25d,43
BRATS_384,tc,0.8979848449753483,,,15.969,14.252,1.7170000000000003,0.1204743193937693,False,False,,,,unet25d,43
BRATS_384,et,0.8616343018445515,,,9.637,10.91,-1.2729999999999997,-0.1166819431714023,False,False,,,,unet25d,43
BRATS_391,wt,0.930676918162944,,,93.477,81.84700000000001,11.629999999999995,0.1420943956406465,False,False,,,,unet25d,43
BRATS_391,tc,0.906373394138257,,,34.778,37.146,-2.368000000000002,-0.063748452054057,False,False,,,,unet25d,43
BRATS_391,et,0.8351330440340431,,,25.922,33.532000000000004,-7.610000000000003,-0.2269473935345342,False,False,,,,unet25d,43
BRATS_393,wt,0.94288970239716,,,153.718,143.759,9.958999999999977,0.0692756627411151,False,False,,,,unet25d,43
BRATS_393,tc,0.9224262865273642,,,35.969,39.933,-3.963999999999999,-0.0992662710039315,False,False,,,,unet25d,43
BRATS_393,et,0.8628793136079742,,,27.683,35.721000000000004,-8.038000000000004,-0.2250216959211669,False,False,,,,unet25d,43
BRATS_396,wt,0.9499776958655178,,,102.814,110.151,-7.336999999999989,-0.0666085646067669,False,False,,,,unet25d,43
BRATS_396,tc,0.9396658880738707,,,35.946,37.263,-1.3170000000000002,-0.0353433700990258,False,False,,,,unet25d,43
BRATS_396,et,0.8971048199534847,,,17.532,19.875,-2.343,-0.1178867924528302,False,False,,,,unet25d,43
BRATS_403,wt,0.8742121432285808,,,124.653,146.494,-21.840999999999998,-0.1490914303657487,False,False,,,,unet25d,43
BRATS_403,tc,0.7530053889733315,,,74.572,70.168,4.403999999999996,0.0627636529472123,False,False,,,,unet25d,43
BRATS_403,et,0.7568896752331544,,,16.403,16.944,-0.5410000000000004,-0.0319287063267233,False,False,,,,unet25d,43
BRATS_414,wt,0.8375270517882752,,,114.477,156.762,-42.285,-0.2697401155892371,False,False,,,,unet25d,43
BRATS_414,tc,0.8393631143152599,,,59.101,77.25,-18.149,-0.2349385113268608,False,False,,,,unet25d,43
BRATS_414,et,0.8048115160876853,,,52.574,69.134,-16.560000000000002,-0.2395348164434287,False,False,,,,unet25d,43
BRATS_438,wt,0.6748581736425191,,,19.176,19.075,0.1010000000000026,0.005294888597641,False,False,,,,unet25d,43
BRATS_438,tc,0.7838842560032151,,,10.588,9.318,1.2700000000000014,0.1362953423481435,False,False,,,,unet25d,43
BRATS_438,et,0.7561887996479261,,,9.32,8.858,0.4619999999999997,0.0521562429442311,False,False,,,,unet25d,43
BRATS_450,wt,0.9079650959860384,,,76.578,66.672,9.906000000000006,0.1485781137509,False,False,,,,unet25d,43
BRATS_450,tc,0.7996709714567739,,,24.783,36.002,-11.219,-0.3116215765790789,False,False,,,,unet25d,43
BRATS_450,et,0.7111591993311366,,,14.722,25.944,-11.222,-0.4325470243601603,False,False,,,,unet25d,43
BRATS_463,wt,0.9558054091486168,,,100.616,107.328,-6.712000000000003,-0.0625372689326178,False,False,,,,unet25d,43
BRATS_463,tc,0.9473802816901408,,,38.2,41.675,-3.4750000000000014,-0.0833833233353329,False,False,,,,unet25d,43
BRATS_463,et,0.8758155121335255,,,27.233,34.538000000000004,-7.305000000000003,-0.2115061671202734,False,False,,,,unet25d,43
BRATS_475,wt,0.93790269000788,,,187.705,200.621,-12.915999999999997,-0.0643800997901515,False,False,,,,unet25d,43
BRATS_475,tc,0.919949389195306,,,107.354,117.104,-9.75,-0.0832593250444049,False,False,,,,unet25d,43
BRATS_475,et,0.8122413493305513,,,49.928,65.092,-15.163999999999994,-0.2329625760462114,False,False,,,,unet25d,43
BRATS_478,wt,0.8336894059580469,,,64.547,77.278,-12.731000000000009,-0.1647428763684361,False,False,,,,unet25d,43
BRATS_478,tc,0.9031841034235096,,,20.285,21.485,-1.1999999999999993,-0.0558529206423085,False,False,,,,unet25d,43
BRATS_478,et,0.8430737229489179,,,10.842,14.157,-3.3149999999999995,-0.234159779614325,False,False,,,,unet25d,43
BRATS_010,wt,0.7744734135324896,,,24.235,20.487,3.7479999999999976,0.1829452823741883,False,False,,,,no_quality,44
BRATS_010,tc,0.7343151442921597,,,6.867,4.88,1.987,0.407172131147541,False,False,,,,no_quality,44
BRATS_010,et,0.7067698259187621,,,5.873,4.4670000000000005,1.4059999999999997,0.3147526304007162,False,False,,,,no_quality,44
BRATS_020,wt,0.9268511213571256,,,247.609,256.869,-9.26000000000002,-0.036049503832693,False,False,,,,no_quality,44
BRATS_020,tc,0.7836854045008755,,,115.93,115.936,-0.0060000000000002,-5.175269113994123e-05,False,False,,,,no_quality,44
BRATS_020,et,0.7923722759629204,,,51.852,67.135,-15.283,-0.227645788336933,False,False,,,,no_quality,44
BRATS_023,wt,0.8913638453622543,,,72.91,64.107,8.802999999999997,0.137317297643003,False,False,,,,no_quality,44
BRATS_023,tc,0.3201476793248945,,,21.022,5.522,15.500000000000002,2.806954002173126,False,False,,,,no_quality,44
BRATS_023,et,0.0,,,1.421,0.0,1.421,,True,False,,,,no_quality,44
BRATS_027,wt,0.9318251299296852,,,51.398,53.274,-1.8759999999999977,-0.0352141757705446,False,False,,,,no_quality,44
BRATS_027,tc,0.7559532340957023,,,20.103,28.736,-8.633,-0.3004245545657015,False,False,,,,no_quality,44
BRATS_027,et,0.0,,,1.398,0.0,1.398,,True,False,,,,no_quality,44
BRATS_034,wt,0.9511248476074368,,,203.828,216.14,-12.312000000000012,-0.0569630794855186,False,False,,,,no_quality,44
BRATS_034,tc,0.7728230940198523,,,81.369,110.75,-29.381,-0.2652911963882619,False,False,,,,no_quality,44
BRATS_034,et,0.119571865443425,,,5.718,0.8220000000000001,4.896,5.956204379562044,False,False,,,,no_quality,44
BRATS_035,wt,0.8553532337049363,,,74.257,83.797,-9.539999999999992,-0.113846557752664,False,False,,,,no_quality,44
BRATS_035,tc,0.8873747726419725,,,16.709,17.928,-1.2190000000000012,-0.0679941990182954,False,False,,,,no_quality,44
BRATS_035,et,0.8675720014582574,,,11.114,10.83,0.2840000000000007,0.0262234533702678,False,False,,,,no_quality,44
BRATS_045,wt,0.9510209690274,,,90.2,91.735,-1.5349999999999966,-0.0167329808688068,False,False,,,,no_quality,44
BRATS_045,tc,0.8409066103976425,,,36.675,45.786,-9.110999999999995,-0.1989909579347398,False,False,,,,no_quality,44
BRATS_045,et,0.911959597406784,,,29.101,26.737,2.363999999999997,0.0884168006881848,False,False,,,,no_quality,44
BRATS_048,wt,0.9293430499462244,,,152.369,162.83,-10.461000000000013,-0.0642449180126513,False,False,,,,no_quality,44
BRATS_048,tc,0.9358670455884855,,,38.225,38.132,0.0930000000000035,0.0024388964649114,False,False,,,,no_quality,44
BRATS_048,et,0.923144133065821,,,29.7,32.104,-2.404,-0.0748816346872663,False,False,,,,no_quality,44
BRATS_051,wt,0.934921797254924,,,101.958,111.078,-9.120000000000005,-0.0821044671312051,False,False,,,,no_quality,44
BRATS_051,tc,0.8988386959301087,,,36.578,38.51,-1.931999999999995,-0.0501687873279666,False,False,,,,no_quality,44
BRATS_051,et,0.9138279753033852,,,18.556,19.02,-0.4639999999999986,-0.0243953732912722,False,False,,,,no_quality,44
BRATS_059,wt,0.9208316970398124,,,88.865,99.569,-10.704000000000008,-0.1075033393927829,False,False,,,,no_quality,44
BRATS_059,tc,0.8305129308284335,,,35.238,48.438,-13.200000000000005,-0.2725133159915769,False,False,,,,no_quality,44
BRATS_059,et,0.9263513513513514,,,28.579,30.621,-2.0420000000000016,-0.0666862610626694,False,False,,,,no_quality,44
BRATS_062,wt,0.6474111120450534,,,37.942,57.234,-19.292,-0.337072369570535,False,False,,,,no_quality,44
BRATS_062,tc,0.8034964501106955,,,14.222,11.976,2.2459999999999987,0.1875417501670005,False,False,,,,no_quality,44
BRATS_062,et,0.6885867846980714,,,8.134,4.518,3.616000000000001,0.8003541389995574,False,False,,,,no_quality,44
BRATS_066,wt,0.8531431275845749,,,193.061,193.608,-0.546999999999997,-0.0028252964753522,False,False,,,,no_quality,44
BRATS_066,tc,0.5502271064763622,,,18.4,40.383,-21.983,-0.544362726890028,False,False,,,,no_quality,44
BRATS_066,et,0.6383977206067208,,,12.27,11.596,0.6739999999999995,0.0581234908589168,False,False,,,,no_quality,44
BRATS_076,wt,0.953626287914051,,,196.46,200.985,-4.525000000000006,-0.0225141179690026,False,False,,,,no_quality,44
BRATS_076,tc,0.8268063145112325,,,74.625,83.487,-8.861999999999995,-0.1061482626037586,False,False,,,,no_quality,44
BRATS_076,et,0.2771267061905418,,,6.005,1.248,4.757,3.8116987179487176,False,False,,,,no_quality,44
BRATS_080,wt,0.9218699903002066,,,122.391,124.006,-1.6149999999999949,-0.0130235633759656,False,False,,,,no_quality,44
BRATS_080,tc,0.7888215284819458,,,83.06400000000001,55.989,27.075000000000003,0.4835771312222043,False,False,,,,no_quality,44
BRATS_080,et,0.820911404117511,,,22.526,20.704,1.8219999999999992,0.0880023183925811,False,False,,,,no_quality,44
BRATS_092,wt,0.8870589127750408,,,127.094,110.189,16.905,0.1534182177894345,False,False,,,,no_quality,44
BRATS_092,tc,0.738456120212877,,,80.964,72.364,8.599999999999994,0.1188436239013873,False,False,,,,no_quality,44
BRATS_092,et,0.0446351931330472,,,0.841,0.324,0.5169999999999999,1.5956790123456788,False,False,,,,no_quality,44
BRATS_096,wt,0.7248212742556367,,,127.409,76.255,51.15400000000001,0.6708281424168909,False,False,,,,no_quality,44
BRATS_096,tc,0.816030004802598,,,73.512,57.667,15.845,0.2747671978774689,False,False,,,,no_quality,44
BRATS_096,et,0.8697498402712931,,,52.764,48.971,3.7929999999999993,0.0774540033897612,False,False,,,,no_quality,44
BRATS_097,wt,0.9508438371353564,,,153.46,153.175,0.2849999999999966,0.0018606169414068,False,False,,,,no_quality,44
BRATS_097,tc,0.8784803743913776,,,65.438,61.488,3.950000000000003,0.064240176945095,False,False,,,,no_quality,44
BRATS_097,et,0.90360803658854,,,38.889,41.792,-2.9029999999999987,-0.0694630551301684,False,False,,,,no_quality,44
BRATS_116,wt,0.9479289289263044,,,187.642,193.779,-6.1370000000000005,-0.0316700984110765,False,False,,,,no_quality,44
BRATS_116,tc,0.8187062123156233,,,88.558,87.57600000000001,0.9819999999999992,0.011213117749155,False,False,,,,no_quality,44
BRATS_116,et,0.243822075782537,,,3.621,0.628,2.993,4.765923566878981,False,False,,,,no_quality,44
BRATS_119,wt,0.837822443576646,,,100.978,118.479,-17.50099999999999,-0.1477139408671578,False,False,,,,no_quality,44
BRATS_119,tc,0.7593161736457933,,,26.786,25.274,1.5120000000000005,0.0598243253936852,False,False,,,,no_quality,44
BRATS_119,et,0.4380372354777782,,,19.775,6.168,13.607000000000005,2.2060635538262003,False,False,,,,no_quality,44
BRATS_135,wt,0.8955609630312426,,,165.975,171.418,-5.443000000000012,-0.0317527914221377,False,False,,,,no_quality,44
BRATS_135,tc,0.6443810739415285,,,73.26,50.527,22.733000000000004,0.4499178656955688,False,False,,,,no_quality,44
BRATS_135,et,0.4848428318253894,,,7.337,3.384,3.953,1.168144208037825,False,False,,,,no_quality,44
BRATS_143,wt,0.9570381735932912,,,110.308,116.498,-6.189999999999998,-0.0531339593812769,False,False,,,,no_quality,44
BRATS_143,tc,0.9029803342850726,,,73.321,82.534,-9.213000000000008,-0.1116267235321201,False,False,,,,no_quality,44
BRATS_143,et,0.3899394856278366,,,3.858,1.43,2.428,1.697902097902098,False,False,,,,no_quality,44
BRATS_144,wt,0.8939053804308104,,,44.477,51.296,-6.818999999999996,-0.1329343418590142,False,False,,,,no_quality,44
BRATS_144,tc,0.7785541780711641,,,15.351,15.704,-0.3529999999999997,-0.0224783494651044,False,False,,,,no_quality,44
BRATS_144,et,0.5216118074264964,,,12.421,4.6530000000000005,7.767999999999999,1.669460563077584,False,False,,,,no_quality,44
BRATS_160,wt,0.6615235674956133,,,12.923,20.131,-7.208,-0.3580547414435447,False,False,,,,no_quality,44
BRATS_160,tc,0.789951284745439,,,8.99,11.948,-2.958,-0.2475728155339805,False,False,,,,no_quality,44
BRATS_160,et,0.8628686964795433,,,8.252,8.564,-0.3119999999999994,-0.0364315740308266,False,False,,,,no_quality,44
BRATS_163,wt,0.9409567292725952,,,75.839,78.35300000000001,-2.51400000000001,-0.0320855614973263,False,False,,,,no_quality,44
BRATS_163,tc,0.8917584847090247,,,55.586,55.231,0.3549999999999969,0.0064275497456138,False,False,,,,no_quality,44
BRATS_163,et,0.5468677133530234,,,4.502,1.931,2.571,1.3314344899016053,False,False,,,,no_quality,44
BRATS_170,wt,0.92109006538148,,,143.834,159.157,-15.323000000000008,-0.0962760041971135,False,False,,,,no_quality,44
BRATS_170,tc,0.5721400059041727,,,46.531,31.38,15.151,0.482823454429573,False,False,,,,no_quality,44
BRATS_170,et,0.0091324200913242,,,3.7,0.023,3.677,159.8695652173913,False,False,,,,no_quality,44
BRATS_190,wt,0.898842738070299,,,72.70100000000001,84.82600000000001,-12.125,-0.1429396647254379,False,False,,,,no_quality,44
BRATS_190,tc,0.9077700878613852,,,29.254,31.865,-2.6110000000000007,-0.08193943197866,False,False,,,,no_quality,44
BRATS_190,et,0.8379729148753224,,,17.261,19.955,-2.6940000000000026,-0.1350037584565273,False,False,,,,no_quality,44
BRATS_194,wt,0.8882065103332486,,,89.934,91.132,-1.1980000000000075,-0.013145766580345,False,False,,,,no_quality,44
BRATS_194,tc,0.4803988300005519,,,37.434,16.925,20.509,1.211757754800591,False,False,,,,no_quality,44
BRATS_194,et,0.3531755915317559,,,3.209,0.806,2.403,2.981389578163772,False,False,,,,no_quality,44
BRATS_197,wt,0.7726864251866334,,,114.834,113.287,1.546999999999997,0.0136555827235251,False,False,,,,no_quality,44
BRATS_197,tc,0.6401109290306315,,,44.17,43.093,1.0769999999999982,0.0249924581718608,False,False,,,,no_quality,44
BRATS_197,et,0.4922483199148313,,,10.871,4.158,6.713,1.6144781144781144,False,False,,,,no_quality,44
BRATS_227,wt,0.85581320780765,,,113.711,110.838,2.8729999999999905,0.0259207131128312,False,False,,,,no_quality,44
BRATS_227,tc,0.6528384662630516,,,25.648,31.337,-5.689,-0.1815425854421291,False,False,,,,no_quality,44
BRATS_227,et,0.5916888263204547,,,12.595,6.5840000000000005,6.011,0.9129708383961116,False,False,,,,no_quality,44
BRATS_228,wt,0.8603953763358676,,,105.333,117.088,-11.75500000000001,-0.1003945750204974,False,False,,,,no_quality,44
BRATS_228,tc,0.796964949034382,,,25.151,31.652,-6.501000000000001,-0.2053898647794768,False,False,,,,no_quality,44
BRATS_228,et,0.8823299146637439,,,19.905,18.414,1.4909999999999997,0.080971000325839,False,False,,,,no_quality,44
BRATS_234,wt,0.9563888353044177,,,98.98,103.193,-4.212999999999994,-0.0408264126442684,False,False,,,,no_quality,44
BRATS_234,tc,0.9460282943727322,,,40.265,38.832,1.4329999999999998,0.0369025545941491,False,False,,,,no_quality,44
BRATS_234,et,0.9333837611098696,,,29.233,28.936,0.2970000000000006,0.010264030964888,False,False,,,,no_quality,44
BRATS_259,wt,0.9348976305498043,,,63.56,62.503,1.0570000000000022,0.0169111882629634,False,False,,,,no_quality,44
BRATS_259,tc,0.2568760754887303,,,30.699,4.75,25.949,5.4629473684210526,False,False,,,,no_quality,44
BRATS_259,et,0.0037105751391465,,,0.525,0.014,0.511,36.5,False,False,,,,no_quality,44
BRATS_266,wt,0.9450908123145214,,,195.365,202.929,-7.563999999999993,-0.0372741205052012,False,False,,,,no_quality,44
BRATS_266,tc,0.9133423479436688,,,110.344,119.653,-9.308999999999996,-0.0777999715844984,False,False,,,,no_quality,44
BRATS_266,et,0.8581650317368725,,,54.111,49.869,4.242000000000004,0.0850628647055285,False,False,,,,no_quality,44
BRATS_268,wt,0.8939554036674536,,,151.915,179.323,-27.408000000000012,-0.1528415206080648,False,False,,,,no_quality,44
BRATS_268,tc,0.4622359608449253,,,35.332,52.013,-16.680999999999997,-0.3207082844673447,False,False,,,,no_quality,44
BRATS_268,et,0.2124487513976891,,,2.17,0.513,1.657,3.230019493177388,False,False,,,,no_quality,44
BRATS_273,wt,0.8898624164873741,,,65.729,75.56700000000001,-9.838000000000008,-0.1301891037092911,False,False,,,,no_quality,44
BRATS_273,tc,0.8903861308116627,,,23.702,27.058,-3.355999999999998,-0.1240298617784018,False,False,,,,no_quality,44
BRATS_273,et,0.8919959325973271,,,13.247,14.289,-1.0419999999999998,-0.0729232276576387,False,False,,,,no_quality,44
BRATS_278,wt,0.7744863511368464,,,24.242,20.487,3.754999999999999,0.1832869624640015,False,False,,,,no_quality,44
BRATS_278,tc,0.734207389749702,,,6.8660000000000005,4.88,1.9860000000000009,0.4069672131147542,False,False,,,,no_quality,44
BRATS_278,et,0.7067698259187621,,,5.873,4.4670000000000005,1.4059999999999997,0.3147526304007162,False,False,,,,no_quality,44
BRATS_285,wt,0.9268348764789718,,,247.614,256.875,-9.260999999999996,-0.0360525547445255,False,False,,,,no_quality,44
BRATS_285,tc,0.7836962475148034,,,115.933,115.94,-0.0069999999999907,-6.0376056580910746e-05,False,False,,,,no_quality,44
BRATS_285,et,0.7924804195098994,,,51.861,67.135,-15.274,-0.227511730096075,False,False,,,,no_quality,44
BRATS_298,wt,0.9147404563990684,,,113.77,103.496,10.274,0.0992695369869367,False,False,,,,no_quality,44
BRATS_298,tc,0.8305712614544746,,,30.019,26.4,3.619,0.1370833333333333,False,False,,,,no_quality,44
BRATS_298,et,0.8584546683857983,,,16.301000000000002,15.498,0.8030000000000008,0.0518131371789908,False,False,,,,no_quality,44
BRATS_302,wt,0.8071212082622317,,,45.08,33.446,11.634,0.3478442863122645,False,False,,,,no_quality,44
BRATS_302,tc,0.5270773046713518,,,3.47,1.368,2.1020000000000003,1.536549707602339,False,False,,,,no_quality,44
BRATS_302,et,0.8105032822757111,,,1.074,1.211,-0.137,-0.1131296449215524,False,False,,,,no_quality,44
BRATS_304,wt,0.7872735717603344,,,37.232,44.582,-7.350000000000001,-0.1648647436185007,False,False,,,,no_quality,44
BRATS_304,tc,0.8854287369640788,,,6.814,6.994,-0.1799999999999997,-0.0257363454389476,False,False,,,,no_quality,44
BRATS_304,et,0.857785928642881,,,5.523,6.473,-0.9500000000000002,-0.1467634790668932,False,False,,,,no_quality,44
BRATS_306,wt,0.8519523222359228,,,28.774,32.051,-3.277000000000001,-0.1022432997410377,False,False,,,,no_quality,44
BRATS_306,tc,0.8689245656476798,,,9.908,8.28,1.628,0.1966183574879227,False,False,,,,no_quality,44
BRATS_306,et,0.8081447229658473,,,6.354,5.973,0.3810000000000002,0.0637870416875942,False,False,,,,no_quality,44
BRATS_307,wt,0.8786754766359183,,,46.132,46.339,-0.2070000000000007,-0.0044670795658085,False,False,,,,no_quality,44
BRATS_307,tc,0.9072726645746404,,,14.464,14.535,-0.0709999999999997,-0.0048847609219126,False,False,,,,no_quality,44
BRATS_307,et,0.6316903893659569,,,4.462,4.039,0.423,0.1047288932904184,False,False,,,,no_quality,44
BRATS_318,wt,0.8890272236219083,,,108.387,95.627,12.760000000000003,0.1334351176968848,False,False,,,,no_quality,44
BRATS_318,tc,0.8870439152283155,,,26.452,28.472,-2.02,-0.0709468951952795,False,False,,,,no_quality,44
BRATS_318,et,0.8275231124807396,,,18.264,23.272,-5.008000000000003,-0.2151942248195257,False,False,,,,no_quality,44
BRATS_322,wt,0.8279188157277781,,,23.852,20.935,2.9170000000000016,0.139336040124194,False,False,,,,no_quality,44
BRATS_322,tc,0.7669067921199647,,,12.181,15.027,-2.846,-0.1893924269647967,False,False,,,,no_quality,44
BRATS_322,et,0.6191811553561414,,,6.766,9.281,-2.515000000000001,-0.2709837302014869,False,False,,,,no_quality,44
BRATS_325,wt,0.8933335599095961,,,88.932,87.60900000000001,1.3229999999999933,0.0151011882340854,False,False,,,,no_quality,44
BRATS_325,tc,0.8974486046789821,,,29.79,28.727,1.0629999999999988,0.0370035158561631,False,False,,,,no_quality,44
BRATS_325,et,0.859063164392017,,,21.635,22.108,-0.472999999999999,-0.0213949701465532,False,False,,,,no_quality,44
BRATS_326,wt,0.8288183051895625,,,31.713,26.5,5.213000000000001,0.1967169811320755,False,False,,,,no_quality,44
BRATS_326,tc,0.8781664656212304,,,17.388,17.43,-0.041999999999998,-0.0024096385542167,False,False,,,,no_quality,44
BRATS_326,et,0.7616959792735788,,,10.508,9.563,0.9450000000000004,0.0988183624385653,False,False,,,,no_quality,44
BRATS_327,wt,0.9504595781931364,,,124.092,122.656,1.4359999999999928,0.0117075397860682,False,False,,,,no_quality,44
BRATS_327,tc,0.9497715031826344,,,24.661,24.355,0.3060000000000009,0.0125641552042702,False,False,,,,no_quality,44
BRATS_327,et,0.9026887025160336,,,16.423000000000002,16.009,0.4140000000000015,0.0258604534949092,False,False,,,,no_quality,44
BRATS_332,wt,0.9130587320069352,,,95.794,100.879,-5.085000000000008,-0.0504069231455506,False,False,,,,no_quality,44
BRATS_332,tc,0.865173437968337,,,36.168,37.23,-1.0620000000000047,-0.0285253827558421,False,False,,,,no_quality,44
BRATS_332,et,0.7690050734530044,,,22.825,26.254,-3.429000000000002,-0.1306086691551764,False,False,,,,no_quality,44
BRATS_336,wt,0.9447321846858572,,,77.739,75.949,1.7900000000000065,0.0235684472474951,False,False,,,,no_quality,44
BRATS_336,tc,0.9199422263489117,,,36.749,40.795,-4.045999999999999,-0.0991788209339379,False,False,,,,no_quality,44
BRATS_336,et,0.8197669912944641,,,17.803,20.908,-3.1050000000000004,-0.1485077482303424,False,False,,,,no_quality,44
BRATS_342,wt,0.55641340164033,,,12.338,29.239,-16.901,-0.5780293443688225,False,False,,,,no_quality,44
BRATS_342,tc,0.8280839895013123,,,4.159,3.461,0.698,0.2016758162380814,False,False,,,,no_quality,44
BRATS_342,et,0.6489795918367347,,,1.879,2.041,-0.1619999999999999,-0.0793728564429201,False,False,,,,no_quality,44
BRATS_348,wt,0.9129236003832693,,,72.843,80.574,-7.730999999999994,-0.0959490654553577,False,False,,,,no_quality,44
BRATS_348,tc,0.9206283187067617,,,34.483000000000004,37.646,-3.1629999999999967,-0.0840195505498591,False,False,,,,no_quality,44
BRATS_348,et,0.8609345338650969,,,26.424,30.995,-4.5710000000000015,-0.1474753992579448,False,False,,,,no_quality,44
BRATS_354,wt,0.923935862893492,,,87.489,87.324,0.1650000000000062,0.0018895149099904,False,False,,,,no_quality,44
BRATS_354,tc,0.9374391499068124,,,37.368,34.53,2.838000000000001,0.0821894005212858,False,False,,,,no_quality,44
BRATS_354,et,0.8314923760355385,,,17.144000000000002,16.172,0.9720000000000012,0.0601038832550087,False,False,,,,no_quality,44
BRATS_358,wt,0.8137823180728969,,,102.41,95.815,6.594999999999999,0.0688305588895266,False,False,,,,no_quality,44
BRATS_358,tc,0.8193058678834719,,,57.498000000000005,79.911,-22.413,-0.2804745279123024,False,False,,,,no_quality,44
BRATS_358,et,0.6762386041588418,,,23.264,35.31,-12.046000000000005,-0.3411498159161711,False,False,,,,no_quality,44
BRATS_360,wt,0.891530926743575,,,68.265,59.246,9.018999999999998,0.1522296863923302,False,False,,,,no_quality,44
BRATS_360,tc,0.8884475965327029,,,16.264,15.461,0.802999999999999,0.0519371321389301,False,False,,,,no_quality,44
BRATS_360,et,0.7816385435168739,,,9.351,8.665000000000001,0.6859999999999999,0.0791690709751875,False,False,,,,no_quality,44
BRATS_374,wt,0.8824310897256986,,,46.109,43.464,2.645000000000003,0.0608549604270201,False,False,,,,no_quality,44
BRATS_374,tc,0.858813622754491,,,10.816,10.56,0.2560000000000002,0.0242424242424242,False,False,,,,no_quality,44
BRATS_374,et,0.8209279664193089,,,6.6530000000000005,6.688,-0.0349999999999992,-0.0052332535885166,False,False,,,,no_quality,44
BRATS_384,wt,0.8469584123918783,,,74.27,73.827,0.4429999999999978,0.0060005147168379,False,False,,,,no_quality,44
BRATS_384,tc,0.8856736855703398,,,16.712,14.252,2.459999999999999,0.1726073533539151,False,False,,,,no_quality,44
BRATS_384,et,0.8745913548855794,,,11.114,10.91,0.2040000000000006,0.018698441796517,False,False,,,,no_quality,44
BRATS_391,wt,0.94381055898816,,,90.196,81.84700000000001,8.34899999999999,0.1020074040587924,False,False,,,,no_quality,44
BRATS_391,tc,0.9281766458954211,,,36.674,37.146,-0.4720000000000013,-0.0127066171323965,False,False,,,,no_quality,44
BRATS_391,et,0.8861782127632398,,,29.101,33.532000000000004,-4.4310000000000045,-0.132142431110581,False,False,,,,no_quality,44
BRATS_393,wt,0.9428137241658788,,,152.361,143.759,8.601999999999975,0.059836253730201,False,False,,,,no_quality,44
BRATS_393,tc,0.9211735052904976,,,38.226,39.933,-1.7070000000000007,-0.0427466005559312,False,False,,,,no_quality,44
BRATS_393,et,0.8821973923543708,,,29.702,35.721000000000004,-6.019000000000002,-0.1685003219394754,False,False,,,,no_quality,44
BRATS_396,wt,0.938032153128094,,,101.959,110.151,-8.191999999999993,-0.0743706366714781,False,False,,,,no_quality,44
BRATS_396,tc,0.9078154412860064,,,36.578,37.263,-0.6849999999999952,-0.0183828462549981,False,False,,,,no_quality,44
BRATS_396,et,0.9012384223124156,,,18.561,19.875,-1.314,-0.0661132075471698,False,False,,,,no_quality,44
BRATS_403,wt,0.8766387604741201,,,122.383,146.494,-24.111000000000004,-0.1645869455404317,False,False,,,,no_quality,44
BRATS_403,tc,0.7940898144582874,,,83.059,70.168,12.890999999999991,0.1837162239197353,False,False,,,,no_quality,44
BRATS_403,et,0.7319804413366776,,,22.527,16.944,5.583000000000002,0.3294971671388103,False,False,,,,no_quality,44
BRATS_414,wt,0.879029328254237,,,126.753,156.762,-30.009,-0.1914303211237417,False,False,,,,no_quality,44
BRATS_414,tc,0.8649471366836083,,,69.922,77.25,-7.328000000000003,-0.0948608414239482,False,False,,,,no_quality,44
BRATS_414,et,0.8049113453693606,,,54.661,69.134,-14.473,-0.209347065119912,False,False,,,,no_quality,44
BRATS_438,wt,0.6806050378148635,,,12.923,19.075,-6.151999999999999,-0.3225163826998689,False,False,,,,no_quality,44
BRATS_438,tc,0.8819577210902934,,,8.989,9.318,-0.3289999999999988,-0.0353080060098732,False,False,,,,no_quality,44
BRATS_438,et,0.8520661640072477,,,8.251,8.858,-0.6070000000000011,-0.0685256265522692,False,False,,,,no_quality,44
BRATS_450,wt,0.918565185881475,,,72.691,66.672,6.0190000000000055,0.0902777777777778,False,False,,,,no_quality,44
BRATS_450,tc,0.8735057929258874,,,29.25,36.002,-6.752000000000002,-0.1875451363813122,False,False,,,,no_quality,44
BRATS_450,et,0.7639856498090499,,,17.261,25.944,-8.683,-0.3346823928461301,False,False,,,,no_quality,44
BRATS_463,wt,0.941057284951188,,,98.974,107.328,-8.354,-0.0778361657722122,False,False,,,,no_quality,44
BRATS_463,tc,0.9607146779921648,,,40.264,41.675,-1.4110000000000014,-0.0338572285542891,False,False,,,,no_quality,44
BRATS_463,et,0.901914663404996,,,29.233,34.538000000000004,-5.305000000000003,-0.15359893450692,False,False,,,,no_quality,44
BRATS_475,wt,0.9458159925653562,,,195.363,200.621,-5.25800000000001,-0.0262086222279821,False,False,,,,no_quality,44
BRATS_475,tc,0.926226192779136,,,110.348,117.104,-6.756,-0.0576923076923076,False,False,,,,no_quality,44
BRATS_475,et,0.8358892617449665,,,54.108,65.092,-10.983999999999996,-0.1687457752104712,False,False,,,,no_quality,44
BRATS_478,wt,0.8632044137082282,,,65.731,77.278,-11.547000000000011,-0.1494215688811823,False,False,,,,no_quality,44
BRATS_478,tc,0.9203567239815,,,23.704,21.485,2.219000000000001,0.1032813590877356,False,False,,,,no_quality,44
BRATS_478,et,0.9030139385536012,,,13.249,14.157,-0.9079999999999996,-0.0641378823197004,False,False,,,,no_quality,44
BRATS_010,wt,0.720564195974032,,,22.335,20.487,1.847999999999999,0.0902035437106457,False,False,,,,hemis,42
BRATS_010,tc,0.6358921161825726,,,4.76,4.88,-0.1200000000000001,-0.0245901639344262,False,False,,,,hemis,42
BRATS_010,et,0.6230016702457647,,,3.915,4.4670000000000005,-0.5520000000000005,-0.1235728676964406,False,False,,,,hemis,42
BRATS_020,wt,0.8648236423734142,,,213.879,256.869,-42.99000000000004,-0.167361573409014,False,False,,,,hemis,42
BRATS_020,tc,0.7280656628153257,,,99.833,115.936,-16.10300000000001,-0.1388955975710737,False,False,,,,hemis,42
BRATS_020,et,0.6000224526982099,,,48.664,67.135,-18.471000000000004,-0.275132196320846,False,False,,,,hemis,42
BRATS_023,wt,0.8540962807737815,,,76.191,64.107,12.084000000000003,0.188497355982966,False,False,,,,hemis,42
BRATS_023,tc,0.2471726763819323,,,38.601,5.522,33.079,5.990402028250633,False,False,,,,hemis,42
BRATS_023,et,0.0,,,24.33,0.0,24.33,,True,False,,,,hemis,42
BRATS_027,wt,0.9075833869685382,,,52.378,53.274,-0.8960000000000008,-0.0168187108157825,False,False,,,,hemis,42
BRATS_027,tc,0.7531552058671699,,,27.441,28.736,-1.2950000000000017,-0.0450654231625835,False,False,,,,hemis,42
BRATS_027,et,0.0,,,9.887,0.0,9.887,,True,False,,,,hemis,42
BRATS_034,wt,0.9385215770954034,,,216.402,216.14,0.2620000000000004,0.0012121772924956,False,False,,,,hemis,42
BRATS_034,tc,0.7481103166496424,,,109.525,110.75,-1.2249999999999943,-0.011060948081264,False,False,,,,hemis,42
BRATS_034,et,0.0284813034024438,,,31.831,0.8220000000000001,31.009,37.72384428223844,False,False,,,,hemis,42
BRATS_035,wt,0.7591921631776705,,,65.243,83.797,-18.554,-0.2214160411470578,False,False,,,,hemis,42
BRATS_035,tc,0.7029147449003852,,,24.134,17.928,6.206,0.3461624274877286,False,False,,,,hemis,42
BRATS_035,et,0.6521079141654592,,,18.156,10.83,7.325999999999999,0.6764542936288087,False,False,,,,hemis,42
BRATS_045,wt,0.9294617806429504,,,95.029,91.735,3.293999999999997,0.0359077778383386,False,False,,,,hemis,42
BRATS_045,tc,0.7652549485190264,,,51.92,45.786,6.134,0.1339710828637574,False,False,,,,hemis,42
BRATS_045,et,0.7520321545337293,,,39.941,26.737,13.204,0.4938474772786774,False,False,,,,hemis,42
BRATS_048,wt,0.9105188472028646,,,153.583,162.83,-9.247000000000014,-0.0567892894429774,False,False,,,,hemis,42
BRATS_048,tc,0.802297559720175,,,47.35,38.132,9.218000000000004,0.2417392216511067,False,False,,,,hemis,42
BRATS_048,et,0.8135466421131381,,,37.404,32.104,5.300000000000004,0.1650884624968852,False,False,,,,hemis,42
BRATS_051,wt,0.9380409319810912,,,102.789,111.078,-8.289000000000001,-0.074623237724842,False,False,,,,hemis,42
BRATS_051,tc,0.791524053212818,,,51.769,38.51,13.259,0.3443001817709686,False,False,,,,hemis,42
BRATS_051,et,0.7316566936783766,,,26.269,19.02,7.249000000000002,0.3811251314405889,False,False,,,,hemis,42
BRATS_059,wt,0.9046903569846032,,,96.77,99.569,-2.7990000000000066,-0.0281111590957025,False,False,,,,hemis,42
BRATS_059,tc,0.7647046721665604,,,48.776,48.438,0.3380000000000009,0.0069779924852388,False,False,,,,hemis,42
BRATS_059,et,0.7686588082557574,,,37.162,30.621,6.540999999999997,0.2136115737565721,False,False,,,,hemis,42
BRATS_062,wt,0.5491377608391488,,,59.265,57.234,2.030999999999999,0.0354858999895167,False,False,,,,hemis,42
BRATS_062,tc,0.6219951923076923,,,21.304,11.976,9.328,0.7788911155644623,False,False,,,,hemis,42
BRATS_062,et,0.4213744766922244,,,16.741,4.518,12.223,2.705400619743249,False,False,,,,hemis,42
BRATS_066,wt,0.8365759305562108,,,230.332,193.608,36.72399999999999,0.1896822445353497,False,False,,,,hemis,42
BRATS_066,tc,0.3714678826057787,,,47.56,40.383,7.177,0.1777232994081667,False,False,,,,hemis,42
BRATS_066,et,0.3605152258279565,,,30.405,11.596,18.809,1.6220248361503968,False,False,,,,hemis,42
BRATS_076,wt,0.9209761245984658,,,212.118,200.985,11.13299999999998,0.055392193447272,False,False,,,,hemis,42
BRATS_076,tc,0.7604077275676581,,,107.621,83.487,24.13400000000001,0.2890749457999451,False,False,,,,hemis,42
BRATS_076,et,0.06892579437458,,,30.003,1.248,28.755,23.040865384615383,False,False,,,,hemis,42
BRATS_080,wt,0.8920352423612863,,,125.807,124.006,1.801000000000002,0.0145234907988323,False,False,,,,hemis,42
BRATS_080,tc,0.6899330449724477,,,95.904,55.989,39.91499999999999,0.7129078926217648,False,False,,,,hemis,42
BRATS_080,et,0.6925656791503634,,,29.388,20.704,8.684000000000001,0.419435857805255,False,False,,,,hemis,42
BRATS_092,wt,0.8476992275022573,,,129.035,110.189,18.84599999999999,0.1710334062383721,False,False,,,,hemis,42
BRATS_092,tc,0.6780752995082558,,,85.645,72.364,13.280999999999992,0.1835304847714332,False,False,,,,hemis,42
BRATS_092,et,0.0272185993762404,,,6.73,0.324,6.406000000000001,19.771604938271604,False,False,,,,hemis,42
BRATS_096,wt,0.7510257778928014,,,109.214,76.255,32.959,0.4322208379778376,False,False,,,,hemis,42
BRATS_096,tc,0.8398782914402477,,,54.404,57.667,-3.262999999999998,-0.0565834879567169,False,False,,,,hemis,42
BRATS_096,et,0.7466614114810349,,,37.293,48.971,-11.678000000000004,-0.2384676645361541,False,False,,,,hemis,42
BRATS_097,wt,0.9259295302231132,,,155.099,153.175,1.9239999999999784,0.0125607964746203,False,False,,,,hemis,42
BRATS_097,tc,0.8168533997273104,,,73.464,61.488,11.976,0.1947697111631537,False,False,,,,hemis,42
BRATS_097,et,0.8191963545065422,,,48.621,41.792,6.829000000000001,0.1634044793261868,False,False,,,,hemis,42
BRATS_116,wt,0.9243026007208776,,,187.423,193.779,-6.3559999999999945,-0.0328002518332739,False,False,,,,hemis,42
BRATS_116,tc,0.696227519042854,,,95.301,87.57600000000001,7.724999999999994,0.0882090983831185,False,False,,,,hemis,42
BRATS_116,et,0.0624852350578785,,,16.304000000000002,0.628,15.676000000000002,24.96178343949045,False,False,,,,hemis,42
BRATS_119,wt,0.8202160981378009,,,103.087,118.479,-15.391999999999996,-0.1299133179719612,False,False,,,,hemis,42
BRATS_119,tc,0.5633240241605507,,,36.314,25.274,11.04,0.4368125346205586,False,False,,,,hemis,42
BRATS_119,et,0.3069545635183468,,,31.577,6.168,25.409,4.119487678339818,False,False,,,,hemis,42
BRATS_135,wt,0.8685950267784341,,,169.528,171.418,-1.8900000000000148,-0.0110256799169282,False,False,,,,hemis,42
BRATS_135,tc,0.5709255064999534,,,78.397,50.527,27.870000000000005,0.5515862806024503,False,False,,,,hemis,42
BRATS_135,et,0.1622868983705378,,,17.85,3.384,14.466,4.2748226950354615,False,False,,,,hemis,42
BRATS_143,wt,0.9387700629915656,,,108.294,116.498,-8.204000000000008,-0.0704218098164776,False,False,,,,hemis,42
BRATS_143,tc,0.8497259585086541,,,74.559,82.534,-7.975000000000008,-0.0966268446943078,False,False,,,,hemis,42
BRATS_143,et,0.1337590917154514,,,9.844,1.43,8.414,5.883916083916084,False,False,,,,hemis,42
BRATS_144,wt,0.8763599827759437,,,53.209,51.296,1.913000000000004,0.0372933562071117,False,False,,,,hemis,42
BRATS_144,tc,0.5587523314417239,,,34.694,15.704,18.99,1.2092460519612838,False,False,,,,hemis,42
BRATS_144,et,0.2434197617379117,,,31.022,4.6530000000000005,26.369,5.6670964968837305,False,False,,,,hemis,42
BRATS_160,wt,0.5513961582401232,,,17.508,20.131,-2.623000000000001,-0.1302965575480602,False,False,,,,hemis,42
BRATS_160,tc,0.6820074881157713,,,11.823,11.948,-0.125,-0.0104620020087043,False,False,,,,hemis,42
BRATS_160,et,0.7536885245901639,,,10.956,8.564,2.3919999999999995,0.2793087342363381,False,False,,,,hemis,42
BRATS_163,wt,0.8947694034658044,,,78.436,78.35300000000001,0.0829999999999984,0.0010593085140326,False,False,,,,hemis,42
BRATS_163,tc,0.8401372212692967,,,61.369,55.231,6.137999999999998,0.1111332403903604,False,False,,,,hemis,42
BRATS_163,et,0.2346862363336828,,,11.423,1.931,9.492,4.915587778353185,False,False,,,,hemis,42
BRATS_170,wt,0.882139747717103,,,137.177,159.157,-21.980000000000015,-0.1381026282224471,False,False,,,,hemis,42
BRATS_170,tc,0.4532567660977296,,,62.655,31.38,31.275,0.9966539196940728,False,False,,,,hemis,42
BRATS_170,et,0.0017079419299743,,,17.542,0.023,17.519000000000002,761.6956521739131,False,False,,,,hemis,42
BRATS_190,wt,0.884688858566306,,,72.739,84.82600000000001,-12.087000000000003,-0.1424916888689788,False,False,,,,hemis,42
BRATS_190,tc,0.8007412056546819,,,35.053,31.865,3.1879999999999957,0.1000470735917149,False,False,,,,hemis,42
BRATS_190,et,0.6826856803327391,,,22.12,19.955,2.164999999999999,0.1084941117514406,False,False,,,,hemis,42
BRATS_194,wt,0.8332916226891396,,,92.674,91.132,1.5420000000000016,0.0169205109072554,False,False,,,,hemis,42
BRATS_194,tc,0.4613311217084802,,,40.951,16.925,24.026,1.419556868537666,False,False,,,,hemis,42
BRATS_194,et,0.1218405703175632,,,9.995,0.806,9.189,11.400744416873447,False,False,,,,hemis,42
BRATS_197,wt,0.707465646692166,,,162.014,113.287,48.727,0.4301199608075066,False,False,,,,hemis,42
BRATS_197,tc,0.5564265120867524,,,87.67,43.093,44.577,1.0344371475645695,False,False,,,,hemis,42
BRATS_197,et,0.1820950652885332,,,26.705,4.158,22.547,5.422558922558922,False,False,,,,hemis,42
BRATS_227,wt,0.8445659110457534,,,105.408,110.838,-5.430000000000007,-0.0489904184485465,False,False,,,,hemis,42
BRATS_227,tc,0.5959757745632914,,,48.579,31.337,17.242,0.5502122092095606,False,False,,,,hemis,42
BRATS_227,et,0.2980365392692146,,,31.512,6.5840000000000005,24.928,3.7861482381530975,False,False,,,,hemis,42
BRATS_228,wt,0.7645166983703645,,,86.884,117.088,-30.204000000000008,-0.2579598250888221,False,False,,,,hemis,42
BRATS_228,tc,0.732440973050322,,,35.436,31.652,3.783999999999999,0.1195501074181725,False,False,,,,hemis,42
BRATS_228,et,0.7549327499945854,,,27.757,18.414,9.343,0.5073856848050396,False,False,,,,hemis,42
BRATS_234,wt,0.9420724353010096,,,99.94,103.193,-3.253,-0.0315234560483753,False,False,,,,hemis,42
BRATS_234,tc,0.8094631136312197,,,45.115,38.832,6.283000000000001,0.1617995467655542,False,False,,,,hemis,42
BRATS_234,et,0.8170098194488439,,,34.204,28.936,5.268000000000001,0.1820569532761957,False,False,,,,hemis,42
BRATS_259,wt,0.8803784600536363,,,63.904,62.503,1.4010000000000034,0.022414924083644,False,False,,,,hemis,42
BRATS_259,tc,0.2552376318910208,,,28.137,4.75,23.387,4.923578947368421,False,False,,,,hemis,42
BRATS_259,et,0.0064560756283145,,,4.323,0.014,4.309,307.7857142857143,False,False,,,,hemis,42
BRATS_266,wt,0.9040393331720228,,,197.954,202.929,-4.974999999999994,-0.0245159637114458,False,False,,,,hemis,42
BRATS_266,tc,0.7347057663697144,,,103.503,119.653,-16.150000000000006,-0.1349736320861157,False,False,,,,hemis,42
BRATS_266,et,0.7164712624697666,,,53.08,49.869,3.2109999999999985,0.0643886983897812,False,False,,,,hemis,42
BRATS_268,wt,0.8822180920295017,,,194.079,179.323,14.756,0.0822872693407984,False,False,,,,hemis,42
BRATS_268,tc,0.6055892108220717,,,93.911,52.013,41.898,0.8055293868840483,False,False,,,,hemis,42
BRATS_268,et,0.0309639203015616,,,14.343,0.513,13.83,26.95906432748538,False,False,,,,hemis,42
BRATS_273,wt,0.7884334139384023,,,62.555,75.56700000000001,-13.012000000000008,-0.1721915651011686,False,False,,,,hemis,42
BRATS_273,tc,0.7673908629441625,,,22.192,27.058,-4.866,-0.1798359080493754,False,False,,,,hemis,42
BRATS_273,et,0.7419971850301346,,,13.42,14.289,-0.8689999999999998,-0.060816012317167,False,False,,,,hemis,42
BRATS_278,wt,0.7205119820619423,,,22.327,20.487,1.84,0.0898130521794308,False,False,,,,hemis,42
BRATS_278,tc,0.6358921161825726,,,4.76,4.88,-0.1200000000000001,-0.0245901639344262,False,False,,,,hemis,42
BRATS_278,et,0.6230172927847346,,,3.918,4.4670000000000005,-0.5490000000000004,-0.1229012760241773,False,False,,,,hemis,42
BRATS_285,wt,0.8647608284171997,,,213.854,256.875,-43.02099999999999,-0.1674783454987834,False,False,,,,hemis,42
BRATS_285,tc,0.7281431464600355,,,99.839,115.94,-16.101,-0.1388735552872175,False,False,,,,hemis,42
BRATS_285,et,0.6000414464822298,,,48.677,67.135,-18.45800000000001,-0.2749385566396068,False,False,,,,hemis,42
BRATS_298,wt,0.8974882657697749,,,109.982,103.496,6.486000000000004,0.0626690886604313,False,False,,,,hemis,42
BRATS_298,tc,0.6014890437588437,,,49.219,26.4,22.819,0.8643560606060605,False,False,,,,hemis,42
BRATS_298,et,0.7779062690200852,,,17.362000000000002,15.498,1.8640000000000008,0.1202735836882178,False,False,,,,hemis,42
BRATS_302,wt,0.7837175348594237,,,41.211,33.446,7.765000000000001,0.2321652813490402,False,False,,,,hemis,42
BRATS_302,tc,0.3816222687818018,,,5.314,1.368,3.946,2.884502923976608,False,False,,,,hemis,42
BRATS_302,et,0.6524026657313223,,,1.64,1.211,0.429,0.3542526837324525,False,False,,,,hemis,42
BRATS_304,wt,0.7199204672548776,,,35.888,44.582,-8.694000000000003,-0.1950114395944552,False,False,,,,hemis,42
BRATS_304,tc,0.7553510957766277,,,8.657,6.994,1.6630000000000005,0.2377752359164999,False,False,,,,hemis,42
BRATS_304,et,0.7128062642081334,,,5.404,6.473,-1.069,-0.1651475359184304,False,False,,,,hemis,42
BRATS_306,wt,0.8301737395885675,,,33.622,32.051,1.570999999999998,0.0490156313375557,False,False,,,,hemis,42
BRATS_306,tc,0.8603162010540035,,,9.367,8.28,1.0870000000000015,0.1312801932367151,False,False,,,,hemis,42
BRATS_306,et,0.7309574924860455,,,5.672,5.973,-0.3010000000000001,-0.0503934371337686,False,False,,,,hemis,42
BRATS_307,wt,0.8689028606687306,,,47.66,46.339,1.321000000000005,0.0285073048619954,False,False,,,,hemis,42
BRATS_307,tc,0.80543994372472,,,19.583,14.535,5.048000000000002,0.3472996216030273,False,False,,,,hemis,42
BRATS_307,et,0.4662125127241406,,,8.732,4.039,4.693,1.161921267640505,False,False,,,,hemis,42
BRATS_318,wt,0.879543514399964,,,104.686,95.627,9.059000000000012,0.0947326591862132,False,False,,,,hemis,42
BRATS_318,tc,0.8220401369906859,,,34.014,28.472,5.542000000000002,0.1946473728575443,False,False,,,,hemis,42
BRATS_318,et,0.798956190981667,,,21.947,23.272,-1.3250000000000028,-0.0569353729804057,False,False,,,,hemis,42
BRATS_322,wt,0.7267881670390947,,,27.844,20.935,6.9090000000000025,0.3300214951038931,False,False,,,,hemis,42
BRATS_322,tc,0.4701558130243707,,,10.003,15.027,-5.024000000000001,-0.3343315365675118,False,False,,,,hemis,42
BRATS_322,et,0.4710908239700374,,,7.807,9.281,-1.4740000000000002,-0.1588190927701756,False,False,,,,hemis,42
BRATS_325,wt,0.8595651504148236,,,94.155,87.60900000000001,6.545999999999992,0.0747183508543641,False,False,,,,hemis,42
BRATS_325,tc,0.7629127595704516,,,35.899,28.727,7.172000000000001,0.2496605980436523,False,False,,,,hemis,42
BRATS_325,et,0.7233647500454096,,,27.441,22.108,5.332999999999998,0.2412248959652613,False,False,,,,hemis,42
BRATS_326,wt,0.6935581177101489,,,33.172000000000004,26.5,6.672000000000004,0.2517735849056605,False,False,,,,hemis,42
BRATS_326,tc,0.7100999231360492,,,15.095,17.43,-2.334999999999999,-0.133964429145152,False,False,,,,hemis,42
BRATS_326,et,0.6184750453287527,,,11.395,9.563,1.831999999999999,0.1915716825264037,False,False,,,,hemis,42
BRATS_327,wt,0.9346104417670684,,,126.344,122.656,3.6880000000000015,0.03006783198539,False,False,,,,hemis,42
BRATS_327,tc,0.7916140439504925,,,35.03,24.355,10.675,0.4383083555738041,False,False,,,,hemis,42
BRATS_327,et,0.8114968064426549,,,20.001,16.009,3.992000000000001,0.2493597351489787,False,False,,,,hemis,42
BRATS_332,wt,0.9024626968098663,,,103.125,100.879,2.245999999999995,0.0222642968308567,False,False,,,,hemis,42
BRATS_332,tc,0.7854546426471374,,,37.598,37.23,0.367999999999995,0.0098845017459037,False,False,,,,hemis,42
BRATS_332,et,0.7063937288702307,,,27.58,26.254,1.3260000000000003,0.0505065894720804,False,False,,,,hemis,42
BRATS_336,wt,0.9237811505069748,,,80.46900000000001,75.949,4.52000000000001,0.0595136209825015,False,False,,,,hemis,42
BRATS_336,tc,0.7734731764163855,,,33.002,40.795,-7.792999999999999,-0.1910283122931731,False,False,,,,hemis,42
BRATS_336,et,0.7498294238053784,,,21.595,20.908,0.6869999999999976,0.0328582360818824,False,False,,,,hemis,42
BRATS_342,wt,0.5956602333442372,,,16.616,29.239,-12.623,-0.4317179110092685,False,False,,,,hemis,42
BRATS_342,tc,0.7291090537453409,,,4.856,3.461,1.395,0.403062698642011,False,False,,,,hemis,42
BRATS_342,et,0.5400606323083585,,,2.577,2.041,0.536,0.2626163645271925,False,False,,,,hemis,42
BRATS_348,wt,0.9024036704185942,,,78.10000000000001,80.574,-2.473999999999989,-0.0307046938218282,False,False,,,,hemis,42
BRATS_348,tc,0.8716765950221442,,,33.027,37.646,-4.619,-0.1226956383148275,False,False,,,,hemis,42
BRATS_348,et,0.7985893557222391,,,24.866,30.995,-6.129000000000001,-0.1977415712211647,False,False,,,,hemis,42
BRATS_354,wt,0.9025786975157856,,,86.252,87.324,-1.0720000000000027,-0.0122761211121799,False,False,,,,hemis,42
BRATS_354,tc,0.873673495000767,,,37.181,34.53,2.650999999999996,0.0767738198667824,False,False,,,,hemis,42
BRATS_354,et,0.7206885951429449,,,16.358,16.172,0.1859999999999999,0.0115013603759584,False,False,,,,hemis,42
BRATS_358,wt,0.7945385469397732,,,100.543,95.815,4.728000000000009,0.0493450921045766,False,False,,,,hemis,42
BRATS_358,tc,0.75236549407972,,,53.782,79.911,-26.129,-0.3269762610904631,False,False,,,,hemis,42
BRATS_358,et,0.5943596448036402,,,23.587,35.31,-11.723000000000004,-0.3320022656471255,False,False,,,,hemis,42
BRATS_360,wt,0.842602331653856,,,76.709,59.246,17.463,0.2947540762245552,False,False,,,,hemis,42
BRATS_360,tc,0.697538742023701,,,22.934,15.461,7.473000000000001,0.4833451911260591,False,False,,,,hemis,42
BRATS_360,et,0.5884277435034586,,,12.731,8.665000000000001,4.065999999999999,0.4692440854010385,False,False,,,,hemis,42
BRATS_374,wt,0.8540402356341003,,,46.506,43.464,3.0420000000000016,0.0699889563776919,False,False,,,,hemis,42
BRATS_374,tc,0.7640560593569662,,,13.7,10.56,3.140000000000001,0.2973484848484848,False,False,,,,hemis,42
BRATS_374,et,0.7322412088688038,,,7.474,6.688,0.7860000000000005,0.1175239234449761,False,False,,,,hemis,42
BRATS_384,wt,0.7471759435692047,,,65.246,73.827,-8.581000000000003,-0.1162311891313476,False,False,,,,hemis,42
BRATS_384,tc,0.6816346729872633,,,24.141,14.252,9.889,0.6938675273645805,False,False,,,,hemis,42
BRATS_384,et,0.6458627214863237,,,18.155,10.91,7.245000000000001,0.6640696608615949,False,False,,,,hemis,42
BRATS_391,wt,0.9178958080108544,,,95.038,81.84700000000001,13.190999999999988,0.1611665668869963,False,False,,,,hemis,42
BRATS_391,tc,0.781187196155703,,,51.921,37.146,14.775,0.3977548053626231,False,False,,,,hemis,42
BRATS_391,et,0.7915129904595996,,,39.945,33.532000000000004,6.412999999999997,0.1912501491112965,False,False,,,,hemis,42
BRATS_393,wt,0.9245375025642922,,,153.594,143.759,9.83499999999998,0.0684131080488872,False,False,,,,hemis,42
BRATS_393,tc,0.7931947069943289,,,47.352,39.933,7.419000000000004,0.1857861918713846,False,False,,,,hemis,42
BRATS_393,et,0.786609047645096,,,37.403,35.721000000000004,1.681999999999995,0.047087147616248,False,False,,,,hemis,42
BRATS_396,wt,0.9405007889398151,,,102.793,110.151,-7.35799999999999,-0.0667992119908125,False,False,,,,hemis,42
BRATS_396,tc,0.7785926882686584,,,51.772,37.263,14.509,0.3893674690711967,False,False,,,,hemis,42
BRATS_396,et,0.7299557944006241,,,26.273,19.875,6.398,0.3219119496855345,False,False,,,,hemis,42
BRATS_403,wt,0.8512438578322279,,,125.804,146.494,-20.69,-0.1412344532881892,False,False,,,,hemis,42
BRATS_403,tc,0.7438488311876001,,,95.898,70.168,25.72999999999999,0.366691369285144,False,False,,,,hemis,42
BRATS_403,et,0.623732032632624,,,29.39,16.944,12.446000000000002,0.7345372993389991,False,False,,,,hemis,42
BRATS_414,wt,0.8516165496912852,,,122.784,156.762,-33.977999999999994,-0.2167489570176445,False,False,,,,hemis,42
BRATS_414,tc,0.7947466002851254,,,58.129,77.25,-19.121,-0.2475210355987055,False,False,,,,hemis,42
BRATS_414,et,0.6569311087583513,,,40.43,69.134,-28.704,-0.4151936818352764,False,False,,,,hemis,42
BRATS_438,wt,0.5648679678530425,,,17.507,19.075,-1.5679999999999978,-0.0822018348623852,False,False,,,,hemis,42
BRATS_438,tc,0.7598013714826201,,,11.827,9.318,2.5090000000000003,0.2692637905129856,False,False,,,,hemis,42
BRATS_438,et,0.751324887699995,,,10.955,8.858,2.0969999999999995,0.2367351546624519,False,False,,,,hemis,42
BRATS_450,wt,0.9060691050204072,,,72.739,66.672,6.067000000000007,0.0909977201823855,False,False,,,,hemis,42
BRATS_450,tc,0.7779966789564042,,,35.06,36.002,-0.9420000000000002,-0.0261652130437197,False,False,,,,hemis,42
BRATS_450,et,0.6671382208537905,,,22.124,25.944,-3.82,-0.1472402096823928,False,False,,,,hemis,42
BRATS_463,wt,0.9310611031767476,,,99.928,107.328,-7.400000000000006,-0.0689475253428742,False,False,,,,hemis,42
BRATS_463,tc,0.8209553655782658,,,45.119,41.675,3.4439999999999955,0.0826394721055787,False,False,,,,hemis,42
BRATS_463,et,0.8187120892548039,,,34.209,34.538000000000004,-0.3290000000000006,-0.0095257397648966,False,False,,,,hemis,42
BRATS_475,wt,0.902810604121818,,,197.941,200.621,-2.680000000000007,-0.0133585217898425,False,False,,,,hemis,42
BRATS_475,tc,0.7109320109333708,,,103.505,117.104,-13.599000000000004,-0.1161275447465501,False,False,,,,hemis,42
BRATS_475,et,0.6872572497186423,,,53.085,65.092,-12.006999999999998,-0.184461992257113,False,False,,,,hemis,42
BRATS_478,wt,0.7679324894514767,,,62.552,77.278,-14.726000000000006,-0.1905587618727193,False,False,,,,hemis,42
BRATS_478,tc,0.8012273029102649,,,22.188,21.485,0.7029999999999994,0.0327205026762857,False,False,,,,hemis,42
BRATS_478,et,0.7452943096507453,,,13.416,14.157,-0.7409999999999997,-0.0523415977961432,False,False,,,,hemis,42
