model,case_id,subset,group_id,n_modalities,macro_dice
qmmf,BRATS_021,flair,sg_8a56096263e207fc,1,0.5918314195231046
qmmf,BRATS_021,t1,sg_8a56096263e207fc,1,0.29506122295961884
qmmf,BRATS_021,t1+flair,sg_8a56096263e207fc,2,0.6286337138770854
qmmf,BRATS_021,t1+t1ce,sg_8a56096263e207fc,2,0.5188484281118865
qmmf,BRATS_021,t1+t1ce+flair,sg_8a56096263e207fc,3,0.6164559864852582
qmmf,BRATS_021,t1+t1ce+t2,sg_8a56096263e207fc,3,0.666302255871024
qmmf,BRATS_021,t1+t1ce+t2+flair,sg_8a56096263e207fc,4,0.7138965908495049
qmmf,BRATS_021,t1+t2,sg_8a56096263e207fc,2,0.5301755774982517
qmmf,BRATS_021,t1+t2+flair,sg_8a56096263e207fc,3,0.7479705881030201
qmmf,BRATS_021,t1ce,sg_8a56096263e207fc,1,0.358814994855778
qmmf,BRATS_021,t1ce+flair,sg_8a56096263e207fc,2,0.5964066832429257
qmmf,BRATS_021,t1ce+t2,sg_8a56096263e207fc,2,0.6204318061961019
qmmf,BRATS_021,t1ce+t2+flair,sg_8a56096263e207fc,3,0.7069500380284249
qmmf,BRATS_021,t2,sg_8a56096263e207fc,1,0.43486932888046154
qmmf,BRATS_021,t2+flair,sg_8a56096263e207fc,2,0.7091566814308737
qmmf,BRATS_111,flair,sg_74969a1c98337c11,1,0.6473584574885933
qmmf,BRATS_111,t1,sg_74969a1c98337c11,1,0.40771780450385015
qmmf,BRATS_111,t1+flair,sg_74969a1c98337c11,2,0.6932538931505521
qmmf,BRATS_111,t1+t1ce,sg_74969a1c98337c11,2,0.7965670536291092
qmmf,BRATS_111,t1+t1ce+flair,sg_74969a1c98337c11,3,0.9281095426867875
qmmf,BRATS_111,t1+t1ce+t2,sg_74969a1c98337c11,3,0.908190534667476
qmmf,BRATS_111,t1+t1ce+t2+flair,sg_74969a1c98337c11,4,0.9313650871139316
qmmf,BRATS_111,t1+t2,sg_74969a1c98337c11,2,0.643455994031653
qmmf,BRATS_111,t1+t2+flair,sg_74969a1c98337c11,3,0.7219073471191253
qmmf,BRATS_111,t1ce,sg_74969a1c98337c11,1,0.7873502668034198
qmmf,BRATS_111,t1ce+flair,sg_74969a1c98337c11,2,0.9204731175333937
qmmf,BRATS_111,t1ce+t2,sg_74969a1c98337c11,2,0.8776516336886596
qmmf,BRATS_111,t1ce+t2+flair,sg_74969a1c98337c11,3,0.9260977087552531
qmmf,BRATS_111,t2,sg_74969a1c98337c11,1,0.5193486717520276
qmmf,BRATS_111,t2+flair,sg_74969a1c98337c11,2,0.6889367671902665
qmmf,BRATS_172,flair,sg_cb857fb98a0abf51,1,0.6931191456604622
qmmf,BRATS_172,t1,sg_cb857fb98a0abf51,1,0.614239773614952
qmmf,BRATS_172,t1+flair,sg_cb857fb98a0abf51,2,0.7408887408202256
qmmf,BRATS_172,t1+t1ce,sg_cb857fb98a0abf51,2,0.8573335451387116
qmmf,BRATS_172,t1+t1ce+flair,sg_cb857fb98a0abf51,3,0.9333122012964078
qmmf,BRATS_172,t1+t1ce+t2,sg_cb857fb98a0abf51,3,0.9206837370661164
qmmf,BRATS_172,t1+t1ce+t2+flair,sg_cb857fb98a0abf51,4,0.9379686572511484
qmmf,BRATS_172,t1+t2,sg_cb857fb98a0abf51,2,0.6829852099707511
qmmf,BRATS_172,t1+t2+flair,sg_cb857fb98a0abf51,3,0.7389108112947861
qmmf,BRATS_172,t1ce,sg_cb857fb98a0abf51,1,0.8514237282456764
qmmf,BRATS_172,t1ce+flair,sg_cb857fb98a0abf51,2,0.9331041009438596
qmmf,BRATS_172,t1ce+t2,sg_cb857fb98a0abf51,2,0.9199212090585586
qmmf,BRATS_172,t1ce+t2+flair,sg_cb857fb98a0abf51,3,0.9390373836044442
qmmf,BRATS_172,t2,sg_cb857fb98a0abf51,1,0.6995614623442831
qmmf,BRATS_172,t2+flair,sg_cb857fb98a0abf51,2,0.7254459528851155
qmmf,BRATS_219,flair,sg_4634c4d061d30852,1,0.6530011928177766
qmmf,BRATS_219,t1,sg_4634c4d061d30852,1,0.4892215621300529
qmmf,BRATS_219,t1+flair,sg_4634c4d061d30852,2,0.5630271947053884
qmmf,BRATS_219,t1+t1ce,sg_4634c4d061d30852,2,0.8221438399888145
qmmf,BRATS_219,t1+t1ce+flair,sg_4634c4d061d30852,3,0.8883669125695063
qmmf,BRATS_219,t1+t1ce+t2,sg_4634c4d061d30852,3,0.87047584899587
qmmf,BRATS_219,t1+t1ce+t2+flair,sg_4634c4d061d30852,4,0.8949710788033967
qmmf,BRATS_219,t1+t2,sg_4634c4d061d30852,2,0.545516686324946
qmmf,BRATS_219,t1+t2+flair,sg_4634c4d061d30852,3,0.575164647028746
qmmf,BRATS_219,t1ce,sg_4634c4d061d30852,1,0.8031849454580718
qmmf,BRATS_219,t1ce+flair,sg_4634c4d061d30852,2,0.8950664240494347
qmmf,BRATS_219,t1ce+t2,sg_4634c4d061d30852,2,0.8577358093970359
qmmf,BRATS_219,t1ce+t2+flair,sg_4634c4d061d30852,3,0.9009585391386619
qmmf,BRATS_219,t2,sg_4634c4d061d30852,1,0.5743075329908576
qmmf,BRATS_219,t2+flair,sg_4634c4d061d30852,2,0.6720771755717739
qmmf,BRATS_230,flair,sg_1669c905c2882ce2,1,0.25884659518363434
qmmf,BRATS_230,t1,sg_1669c905c2882ce2,1,0.36877495162889856
qmmf,BRATS_230,t1+flair,sg_1669c905c2882ce2,2,0.4610131906313564
qmmf,BRATS_230,t1+t1ce,sg_1669c905c2882ce2,2,0.3837664874214756
qmmf,BRATS_230,t1+t1ce+flair,sg_1669c905c2882ce2,3,0.5543557253556305
qmmf,BRATS_230,t1+t1ce+t2,sg_1669c905c2882ce2,3,0.6594012294569889
qmmf,BRATS_230,t1+t1ce+t2+flair,sg_1669c905c2882ce2,4,0.6536379378013101
qmmf,BRATS_230,t1+t2,sg_1669c905c2882ce2,2,0.47498614771474745
qmmf,BRATS_230,t1+t2+flair,sg_1669c905c2882ce2,3,0.4923254405681689
qmmf,BRATS_230,t1ce,sg_1669c905c2882ce2,1,0.24238044210151408
qmmf,BRATS_230,t1ce+flair,sg_1669c905c2882ce2,2,0.31285451077219123
qmmf,BRATS_230,t1ce+t2,sg_1669c905c2882ce2,2,0.5256225611879756
qmmf,BRATS_230,t1ce+t2+flair,sg_1669c905c2882ce2,3,0.6308857635123135
qmmf,BRATS_230,t2,sg_1669c905c2882ce2,1,0.40362453244835095
qmmf,BRATS_230,t2+flair,sg_1669c905c2882ce2,2,0.4769247616699244
qmmf,BRATS_258,flair,sg_9568e8757c7f7a03,1,0.5819697933094284
qmmf,BRATS_258,t1,sg_9568e8757c7f7a03,1,0.028143058005487224
qmmf,BRATS_258,t1+flair,sg_9568e8757c7f7a03,2,0.5543701531515834
qmmf,BRATS_258,t1+t1ce,sg_9568e8757c7f7a03,2,0.742058458127188
qmmf,BRATS_258,t1+t1ce+flair,sg_9568e8757c7f7a03,3,0.8859700932432407
qmmf,BRATS_258,t1+t1ce+t2,sg_9568e8757c7f7a03,3,0.8527334078661931
qmmf,BRATS_258,t1+t1ce+t2+flair,sg_9568e8757c7f7a03,4,0.8821247046349062
qmmf,BRATS_258,t1+t2,sg_9568e8757c7f7a03,2,0.4568261365776565
qmmf,BRATS_258,t1+t2+flair,sg_9568e8757c7f7a03,3,0.5594176753918233
qmmf,BRATS_258,t1ce,sg_9568e8757c7f7a03,1,0.7544788459203517
qmmf,BRATS_258,t1ce+flair,sg_9568e8757c7f7a03,2,0.9037327746145752
qmmf,BRATS_258,t1ce+t2,sg_9568e8757c7f7a03,2,0.8681044870539273
qmmf,BRATS_258,t1ce+t2+flair,sg_9568e8757c7f7a03,3,0.9008697240643985
qmmf,BRATS_258,t2,sg_9568e8757c7f7a03,1,0.4192979852116581
qmmf,BRATS_258,t2+flair,sg_9568e8757c7f7a03,2,0.6179982531021956
qmmf,BRATS_324,flair,sg_dbb5dd7d7605593e,1,0.3116838621240539
qmmf,BRATS_324,t1,sg_dbb5dd7d7605593e,1,0.22771884054355596
qmmf,BRATS_324,t1+flair,sg_dbb5dd7d7605593e,2,0.3505909085607204
qmmf,BRATS_324,t1+t1ce,sg_dbb5dd7d7605593e,2,0.6246056400056446
qmmf,BRATS_324,t1+t1ce+flair,sg_dbb5dd7d7605593e,3,0.7956896574705764
qmmf,BRATS_324,t1+t1ce+t2,sg_dbb5dd7d7605593e,3,0.7508867317572728
qmmf,BRATS_324,t1+t1ce+t2+flair,sg_dbb5dd7d7605593e,4,0.8088324856141371
qmmf,BRATS_324,t1+t2,sg_dbb5dd7d7605593e,2,0.29733076034673517
qmmf,BRATS_324,t1+t2+flair,sg_dbb5dd7d7605593e,3,0.41298020625050663
qmmf,BRATS_324,t1ce,sg_dbb5dd7d7605593e,1,0.642320901591463
qmmf,BRATS_324,t1ce+flair,sg_dbb5dd7d7605593e,2,0.7813600114276381
qmmf,BRATS_324,t1ce+t2,sg_dbb5dd7d7605593e,2,0.7629415728750232
qmmf,BRATS_324,t1ce+t2+flair,sg_dbb5dd7d7605593e,3,0.8135597759493193
qmmf,BRATS_324,t2,sg_dbb5dd7d7605593e,1,0.3000327629849983
qmmf,BRATS_324,t2+flair,sg_dbb5dd7d7605593e,2,0.3825652311639289
qmmf,BRATS_335,flair,sg_1dd2f970abd2e8ef,1,0.5849783277942541
qmmf,BRATS_335,t1,sg_1dd2f970abd2e8ef,1,0.41488831146984434
qmmf,BRATS_335,t1+flair,sg_1dd2f970abd2e8ef,2,0.6092197861337347
qmmf,BRATS_335,t1+t1ce,sg_1dd2f970abd2e8ef,2,0.742717498292242
qmmf,BRATS_335,t1+t1ce+flair,sg_1dd2f970abd2e8ef,3,0.8213073293579815
qmmf,BRATS_335,t1+t1ce+t2,sg_1dd2f970abd2e8ef,3,0.8094604919687813
qmmf,BRATS_335,t1+t1ce+t2+flair,sg_1dd2f970abd2e8ef,4,0.8210510457938676
qmmf,BRATS_335,t1+t2,sg_1dd2f970abd2e8ef,2,0.5353167562946954
qmmf,BRATS_335,t1+t2+flair,sg_1dd2f970abd2e8ef,3,0.6310859251866773
qmmf,BRATS_335,t1ce,sg_1dd2f970abd2e8ef,1,0.706810497170308
qmmf,BRATS_335,t1ce+flair,sg_1dd2f970abd2e8ef,2,0.8157931926324026
qmmf,BRATS_335,t1ce+t2,sg_1dd2f970abd2e8ef,2,0.815331362457115
qmmf,BRATS_335,t1ce+t2+flair,sg_1dd2f970abd2e8ef,3,0.820301272210113
qmmf,BRATS_335,t2,sg_1dd2f970abd2e8ef,1,0.5351261254964371
qmmf,BRATS_335,t2+flair,sg_1dd2f970abd2e8ef,2,0.63362417203667
qmmf,BRATS_338,flair,sg_602726c0ba192496,1,0.2474150974403394
qmmf,BRATS_338,t1,sg_602726c0ba192496,1,0.11128159549351524
qmmf,BRATS_338,t1+flair,sg_602726c0ba192496,2,0.3931459571503209
qmmf,BRATS_338,t1+t1ce,sg_602726c0ba192496,2,0.23013351733431833
qmmf,BRATS_338,t1+t1ce+flair,sg_602726c0ba192496,3,0.7265872625244209
qmmf,BRATS_338,t1+t1ce+t2,sg_602726c0ba192496,3,0.627825025297702
qmmf,BRATS_338,t1+t1ce+t2+flair,sg_602726c0ba192496,4,0.7187984558575681
qmmf,BRATS_338,t1+t2,sg_602726c0ba192496,2,0.3249420172281349
qmmf,BRATS_338,t1+t2+flair,sg_602726c0ba192496,3,0.42358728588035954
qmmf,BRATS_338,t1ce,sg_602726c0ba192496,1,0.10242686423167967
qmmf,BRATS_338,t1ce+flair,sg_602726c0ba192496,2,0.6977893466077854
qmmf,BRATS_338,t1ce+t2,sg_602726c0ba192496,2,0.6230658134809799
qmmf,BRATS_338,t1ce+t2+flair,sg_602726c0ba192496,3,0.7032354325718541
qmmf,BRATS_338,t2,sg_602726c0ba192496,1,0.2545753333439573
qmmf,BRATS_338,t2+flair,sg_602726c0ba192496,2,0.35343832085801835
qmmf,BRATS_367,flair,sg_a46b5f5bbd1aae60,1,0.6324535800748933
qmmf,BRATS_367,t1,sg_a46b5f5bbd1aae60,1,0.33446025225122716
qmmf,BRATS_367,t1+flair,sg_a46b5f5bbd1aae60,2,0.6525521583996886
qmmf,BRATS_367,t1+t1ce,sg_a46b5f5bbd1aae60,2,0.7908168895809591
qmmf,BRATS_367,t1+t1ce+flair,sg_a46b5f5bbd1aae60,3,0.8508785912943474
qmmf,BRATS_367,t1+t1ce+t2,sg_a46b5f5bbd1aae60,3,0.8593355439448622
qmmf,BRATS_367,t1+t1ce+t2+flair,sg_a46b5f5bbd1aae60,4,0.8456560994407639
qmmf,BRATS_367,t1+t2,sg_a46b5f5bbd1aae60,2,0.5666847254367634
qmmf,BRATS_367,t1+t2+flair,sg_a46b5f5bbd1aae60,3,0.6558129538649637
qmmf,BRATS_367,t1ce,sg_a46b5f5bbd1aae60,1,0.8023090624117986
qmmf,BRATS_367,t1ce+flair,sg_a46b5f5bbd1aae60,2,0.8682529557240951
qmmf,BRATS_367,t1ce+t2,sg_a46b5f5bbd1aae60,2,0.8621703144253842
qmmf,BRATS_367,t1ce+t2+flair,sg_a46b5f5bbd1aae60,3,0.865307365661082
qmmf,BRATS_367,t2,sg_a46b5f5bbd1aae60,1,0.39220293104936116
qmmf,BRATS_367,t2+flair,sg_a46b5f5bbd1aae60,2,0.6365198661528014
qmmf,BRATS_369,flair,sg_46b6c66765483f24,1,0.6837645344451374
qmmf,BRATS_369,t1,sg_46b6c66765483f24,1,0.5717690089547971
qmmf,BRATS_369,t1+flair,sg_46b6c66765483f24,2,0.6249841637463311
qmmf,BRATS_369,t1+t1ce,sg_46b6c66765483f24,2,0.7408864719046871
qmmf,BRATS_369,t1+t1ce+flair,sg_46b6c66765483f24,3,0.7868460951247651
qmmf,BRATS_369,t1+t1ce+t2,sg_46b6c66765483f24,3,0.7924458644236886
qmmf,BRATS_369,t1+t1ce+t2+flair,sg_46b6c66765483f24,4,0.7853020273393844
qmmf,BRATS_369,t1+t2,sg_46b6c66765483f24,2,0.6353879196301823
qmmf,BRATS_369,t1+t2+flair,sg_46b6c66765483f24,3,0.6586236468485765
qmmf,BRATS_369,t1ce,sg_46b6c66765483f24,1,0.6776785434150421
qmmf,BRATS_369,t1ce+flair,sg_46b6c66765483f24,2,0.7933444584481332
qmmf,BRATS_369,t1ce+t2,sg_46b6c66765483f24,2,0.8080911086900783
qmmf,BRATS_369,t1ce+t2+flair,sg_46b6c66765483f24,3,0.7936290161343993
qmmf,BRATS_369,t2,sg_46b6c66765483f24,1,0.6621722835475753
qmmf,BRATS_369,t2+flair,sg_46b6c66765483f24,2,0.6760807577294682
qmmf,BRATS_404,flair,sg_294e1273de6f57c3,1,0.5151916084905368
qmmf,BRATS_404,t1,sg_294e1273de6f57c3,1,0.05176311550006469
qmmf,BRATS_404,t1+flair,sg_294e1273de6f57c3,2,0.4688719529671243
qmmf,BRATS_404,t1+t1ce,sg_294e1273de6f57c3,2,0.5566681622346472
qmmf,BRATS_404,t1+t1ce+flair,sg_294e1273de6f57c3,3,0.7915136137534052
qmmf,BRATS_404,t1+t1ce+t2,sg_294e1273de6f57c3,3,0.801737658873058
qmmf,BRATS_404,t1+t1ce+t2+flair,sg_294e1273de6f57c3,4,0.7971352645675217
qmmf,BRATS_404,t1+t2,sg_294e1273de6f57c3,2,0.6256316038125532
qmmf,BRATS_404,t1+t2+flair,sg_294e1273de6f57c3,3,0.587889505615233
qmmf,BRATS_404,t1ce,sg_294e1273de6f57c3,1,0.5946385286437136
qmmf,BRATS_404,t1ce+flair,sg_294e1273de6f57c3,2,0.8070895981028366
qmmf,BRATS_404,t1ce+t2,sg_294e1273de6f57c3,2,0.7896594270875479
qmmf,BRATS_404,t1ce+t2+flair,sg_294e1273de6f57c3,3,0.7996580939301657
qmmf,BRATS_404,t2,sg_294e1273de6f57c3,1,0.57106112013509
qmmf,BRATS_404,t2+flair,sg_294e1273de6f57c3,2,0.5650676304674678
qmmf,BRATS_413,flair,sg_3b44f65ab67602cc,1,0.333946037877286
qmmf,BRATS_413,t1,sg_3b44f65ab67602cc,1,0.3877565544683703
qmmf,BRATS_413,t1+flair,sg_3b44f65ab67602cc,2,0.48523191295965007
qmmf,BRATS_413,t1+t1ce,sg_3b44f65ab67602cc,2,0.6166951203667065
qmmf,BRATS_413,t1+t1ce+flair,sg_3b44f65ab67602cc,3,0.7882885845263322
qmmf,BRATS_413,t1+t1ce+t2,sg_3b44f65ab67602cc,3,0.8394596640486691
qmmf,BRATS_413,t1+t1ce+t2+flair,sg_3b44f65ab67602cc,4,0.8443737192883246
qmmf,BRATS_413,t1+t2,sg_3b44f65ab67602cc,2,0.5514152110544872
qmmf,BRATS_413,t1+t2+flair,sg_3b44f65ab67602cc,3,0.5082376129344919
qmmf,BRATS_413,t1ce,sg_3b44f65ab67602cc,1,0.4504860911140041
qmmf,BRATS_413,t1ce+flair,sg_3b44f65ab67602cc,2,0.6435876892741782
qmmf,BRATS_413,t1ce+t2,sg_3b44f65ab67602cc,2,0.777171756143157
qmmf,BRATS_413,t1ce+t2+flair,sg_3b44f65ab67602cc,3,0.771289620509403
qmmf,BRATS_413,t2,sg_3b44f65ab67602cc,1,0.2904208459663385
qmmf,BRATS_413,t2+flair,sg_3b44f65ab67602cc,2,0.4334630909279554
qmmf,BRATS_430,flair,sg_a4981b8b123d95c4,1,0.23813836937978436
qmmf,BRATS_430,t1,sg_a4981b8b123d95c4,1,0.2989366418302762
qmmf,BRATS_430,t1+flair,sg_a4981b8b123d95c4,2,0.3444184696477319
qmmf,BRATS_430,t1+t1ce,sg_a4981b8b123d95c4,2,0.7067575147227113
qmmf,BRATS_430,t1+t1ce+flair,sg_a4981b8b123d95c4,3,0.784159553658715
qmmf,BRATS_430,t1+t1ce+t2,sg_a4981b8b123d95c4,3,0.76689913870596
qmmf,BRATS_430,t1+t1ce+t2+flair,sg_a4981b8b123d95c4,4,0.8016431326823237
qmmf,BRATS_430,t1+t2,sg_a4981b8b123d95c4,2,0.4771786685993716
qmmf,BRATS_430,t1+t2+flair,sg_a4981b8b123d95c4,3,0.4632435131108686
qmmf,BRATS_430,t1ce,sg_a4981b8b123d95c4,1,0.6821734830739149
qmmf,BRATS_430,t1ce+flair,sg_a4981b8b123d95c4,2,0.7823596432002803
qmmf,BRATS_430,t1ce+t2,sg_a4981b8b123d95c4,2,0.7636491485058321
qmmf,BRATS_430,t1ce+t2+flair,sg_a4981b8b123d95c4,3,0.7998396997744859
qmmf,BRATS_430,t2,sg_a4981b8b123d95c4,1,0.39925894689315916
qmmf,BRATS_430,t2+flair,sg_a4981b8b123d95c4,2,0.42636713461231857
qmmf,BRATS_441,flair,sg_baba356c1735c37c,1,0.44385191378413147
qmmf,BRATS_441,t1,sg_baba356c1735c37c,1,0.4114920361184511
qmmf,BRATS_441,t1+flair,sg_baba356c1735c37c,2,0.5009899697790748
qmmf,BRATS_441,t1+t1ce,sg_baba356c1735c37c,2,0.7810257197106351
qmmf,BRATS_441,t1+t1ce+flair,sg_baba356c1735c37c,3,0.83171988591005
qmmf,BRATS_441,t1+t1ce+t2,sg_baba356c1735c37c,3,0.8231287816068998
qmmf,BRATS_441,t1+t1ce+t2+flair,sg_baba356c1735c37c,4,0.8382461355558437
qmmf,BRATS_441,t1+t2,sg_baba356c1735c37c,2,0.54729115157299
qmmf,BRATS_441,t1+t2+flair,sg_baba356c1735c37c,3,0.5560135081900425
qmmf,BRATS_441,t1ce,sg_baba356c1735c37c,1,0.7208565530420025
qmmf,BRATS_441,t1ce+flair,sg_baba356c1735c37c,2,0.8183672780248097
qmmf,BRATS_441,t1ce+t2,sg_baba356c1735c37c,2,0.8198171989478897
qmmf,BRATS_441,t1ce+t2+flair,sg_baba356c1735c37c,3,0.8324889724895238
qmmf,BRATS_441,t2,sg_baba356c1735c37c,1,0.48663512376667856
qmmf,BRATS_441,t2+flair,sg_baba356c1735c37c,2,0.5065044346445212
qmmf,BRATS_484,flair,sg_482440ccbb01f4b6,1,0.6499935530814885
qmmf,BRATS_484,t1,sg_482440ccbb01f4b6,1,0.6087629871039696
qmmf,BRATS_484,t1+flair,sg_482440ccbb01f4b6,2,0.7447330733990313
qmmf,BRATS_484,t1+t1ce,sg_482440ccbb01f4b6,2,0.8234367459890682
qmmf,BRATS_484,t1+t1ce+flair,sg_482440ccbb01f4b6,3,0.895025873909526
qmmf,BRATS_484,t1+t1ce+t2,sg_482440ccbb01f4b6,3,0.8765914887797116
qmmf,BRATS_484,t1+t1ce+t2+flair,sg_482440ccbb01f4b6,4,0.8973947282746136
qmmf,BRATS_484,t1+t2,sg_482440ccbb01f4b6,2,0.6680965894042505
qmmf,BRATS_484,t1+t2+flair,sg_482440ccbb01f4b6,3,0.7239030565227836
qmmf,BRATS_484,t1ce,sg_482440ccbb01f4b6,1,0.7903543311740157
qmmf,BRATS_484,t1ce+flair,sg_482440ccbb01f4b6,2,0.8829936304388845
qmmf,BRATS_484,t1ce+t2,sg_482440ccbb01f4b6,2,0.8588827776895039
qmmf,BRATS_484,t1ce+t2+flair,sg_482440ccbb01f4b6,3,0.8863716758049612
qmmf,BRATS_484,t2,sg_482440ccbb01f4b6,1,0.6706921643441861
qmmf,BRATS_484,t2+flair,sg_482440ccbb01f4b6,2,0.6758092775331225
hemis,BRATS_021,flair,sg_8a56096263e207fc,1,0.17992443394184546
hemis,BRATS_021,t1,sg_8a56096263e207fc,1,0.1077008707039675
hemis,BRATS_021,t1+flair,sg_8a56096263e207fc,2,0.07249612403316683
hemis,BRATS_021,t1+t1ce,sg_8a56096263e207fc,2,0.38009338099770834
hemis,BRATS_021,t1+t1ce+flair,sg_8a56096263e207fc,3,0.4133040905355396
hemis,BRATS_021,t1+t1ce+t2,sg_8a56096263e207fc,3,0.630917605371465
hemis,BRATS_021,t1+t1ce+t2+flair,sg_8a56096263e207fc,4,0.6445101572179356
hemis,BRATS_021,t1+t2,sg_8a56096263e207fc,2,0.4338565208970478
hemis,BRATS_021,t1+t2+flair,sg_8a56096263e207fc,3,0.4328182605559343
hemis,BRATS_021,t1ce,sg_8a56096263e207fc,1,0.270207739044153
hemis,BRATS_021,t1ce+flair,sg_8a56096263e207fc,2,0.47791474887304375
hemis,BRATS_021,t1ce+t2,sg_8a56096263e207fc,2,0.6574309705140879
hemis,BRATS_021,t1ce+t2+flair,sg_8a56096263e207fc,3,0.706947916013831
hemis,BRATS_021,t2,sg_8a56096263e207fc,1,0.46673127595425123
hemis,BRATS_021,t2+flair,sg_8a56096263e207fc,2,0.5340704689964676
hemis,BRATS_111,flair,sg_74969a1c98337c11,1,0.5507395671968007
hemis,BRATS_111,t1,sg_74969a1c98337c11,1,0.22729442374696063
hemis,BRATS_111,t1+flair,sg_74969a1c98337c11,2,0.5675712102449483
hemis,BRATS_111,t1+t1ce,sg_74969a1c98337c11,2,0.535492755943925
hemis,BRATS_111,t1+t1ce+flair,sg_74969a1c98337c11,3,0.7842525507384671
hemis,BRATS_111,t1+t1ce+t2,sg_74969a1c98337c11,3,0.7546237637572757
hemis,BRATS_111,t1+t1ce+t2+flair,sg_74969a1c98337c11,4,0.7802873755338183
hemis,BRATS_111,t1+t2,sg_74969a1c98337c11,2,0.5212642622921871
hemis,BRATS_111,t1+t2+flair,sg_74969a1c98337c11,3,0.5955838861455717
hemis,BRATS_111,t1ce,sg_74969a1c98337c11,1,0.41502023544750033
hemis,BRATS_111,t1ce+flair,sg_74969a1c98337c11,2,0.7624199813710081
hemis,BRATS_111,t1ce+t2,sg_74969a1c98337c11,2,0.6627381278802007
hemis,BRATS_111,t1ce+t2+flair,sg_74969a1c98337c11,3,0.7287727780589789
hemis,BRATS_111,t2,sg_74969a1c98337c11,1,0.4155742625184346
hemis,BRATS_111,t2+flair,sg_74969a1c98337c11,2,0.519702547895294
hemis,BRATS_172,flair,sg_cb857fb98a0abf51,1,0.558355916107135
hemis,BRATS_172,t1,sg_cb857fb98a0abf51,1,0.43979526741031266
hemis,BRATS_172,t1+flair,sg_cb857fb98a0abf51,2,0.4971223077015632
hemis,BRATS_172,t1+t1ce,sg_cb857fb98a0abf51,2,0.7166463983896341
hemis,BRATS_172,t1+t1ce+flair,sg_cb857fb98a0abf51,3,0.8358400039349938
hemis,BRATS_172,t1+t1ce+t2,sg_cb857fb98a0abf51,3,0.8874043807988737
hemis,BRATS_172,t1+t1ce+t2+flair,sg_cb857fb98a0abf51,4,0.864607896228514
hemis,BRATS_172,t1+t2,sg_cb857fb98a0abf51,2,0.6161152999708738
hemis,BRATS_172,t1+t2+flair,sg_cb857fb98a0abf51,3,0.6093625521929946
hemis,BRATS_172,t1ce,sg_cb857fb98a0abf51,1,0.7351018785737032
hemis,BRATS_172,t1ce+flair,sg_cb857fb98a0abf51,2,0.8226121236463088
hemis,BRATS_172,t1ce+t2,sg_cb857fb98a0abf51,2,0.8852054179947765
hemis,BRATS_172,t1ce+t2+flair,sg_cb857fb98a0abf51,3,0.8499331129970965
hemis,BRATS_172,t2,sg_cb857fb98a0abf51,1,0.6247823459869005
hemis,BRATS_172,t2+flair,sg_cb857fb98a0abf51,2,0.5992138430208297
hemis,BRATS_219,flair,sg_4634c4d061d30852,1,0.6429893327863984
hemis,BRATS_219,t1,sg_4634c4d061d30852,1,0.46499798730821995
hemis,BRATS_219,t1+flair,sg_4634c4d061d30852,2,0.5593792637329676
hemis,BRATS_219,t1+t1ce,sg_4634c4d061d30852,2,0.7224765440748454
hemis,BRATS_219,t1+t1ce+flair,sg_4634c4d061d30852,3,0.8067403135931491
hemis,BRATS_219,t1+t1ce+t2,sg_4634c4d061d30852,3,0.7821792492849627
hemis,BRATS_219,t1+t1ce+t2+flair,sg_4634c4d061d30852,4,0.8189847305223759
hemis,BRATS_219,t1+t2,sg_4634c4d061d30852,2,0.49810427278240904
hemis,BRATS_219,t1+t2+flair,sg_4634c4d061d30852,3,0.6165327082199363
hemis,BRATS_219,t1ce,sg_4634c4d061d30852,1,0.700765656833867
hemis,BRATS_219,t1ce+flair,sg_4634c4d061d30852,2,0.7978115639779647
hemis,BRATS_219,t1ce+t2,sg_4634c4d061d30852,2,0.8017201678878975
hemis,BRATS_219,t1ce+t2+flair,sg_4634c4d061d30852,3,0.8292419228338744
hemis,BRATS_219,t2,sg_4634c4d061d30852,1,0.5327628606182765
hemis,BRATS_219,t2+flair,sg_4634c4d061d30852,2,0.634673730141738
hemis,BRATS_230,flair,sg_1669c905c2882ce2,1,0.14282345793323414
hemis,BRATS_230,t1,sg_1669c905c2882ce2,1,0.1943698689182275
hemis,BRATS_230,t1+flair,sg_1669c905c2882ce2,2,0.25446881194218063
hemis,BRATS_230,t1+t1ce,sg_1669c905c2882ce2,2,0.24880695269468564
hemis,BRATS_230,t1+t1ce+flair,sg_1669c905c2882ce2,3,0.29558723586012076
hemis,BRATS_230,t1+t1ce+t2,sg_1669c905c2882ce2,3,0.4927026126028164
hemis,BRATS_230,t1+t1ce+t2+flair,sg_1669c905c2882ce2,4,0.48871505360969514
hemis,BRATS_230,t1+t2,sg_1669c905c2882ce2,2,0.44687061855899307
hemis,BRATS_230,t1+t2+flair,sg_1669c905c2882ce2,3,0.4309589988267075
hemis,BRATS_230,t1ce,sg_1669c905c2882ce2,1,0.2831106086804623
hemis,BRATS_230,t1ce+flair,sg_1669c905c2882ce2,2,0.35399426682992546
hemis,BRATS_230,t1ce+t2,sg_1669c905c2882ce2,2,0.538144601151467
hemis,BRATS_230,t1ce+t2+flair,sg_1669c905c2882ce2,3,0.4944074525018795
hemis,BRATS_230,t2,sg_1669c905c2882ce2,1,0.3357189595298267
hemis,BRATS_230,t2+flair,sg_1669c905c2882ce2,2,0.4009186782647233
hemis,BRATS_258,flair,sg_9568e8757c7f7a03,1,0.5746168070035214
hemis,BRATS_258,t1,sg_9568e8757c7f7a03,1,0.06995686637168537
hemis,BRATS_258,t1+flair,sg_9568e8757c7f7a03,2,0.5903959297399647
hemis,BRATS_258,t1+t1ce,sg_9568e8757c7f7a03,2,0.6088216373343194
hemis,BRATS_258,t1+t1ce+flair,sg_9568e8757c7f7a03,3,0.7042889520006032
hemis,BRATS_258,t1+t1ce+t2,sg_9568e8757c7f7a03,3,0.7100978274079482
hemis,BRATS_258,t1+t1ce+t2+flair,sg_9568e8757c7f7a03,4,0.736304091760374
hemis,BRATS_258,t1+t2,sg_9568e8757c7f7a03,2,0.649838343711581
hemis,BRATS_258,t1+t2+flair,sg_9568e8757c7f7a03,3,0.6371663372540161
hemis,BRATS_258,t1ce,sg_9568e8757c7f7a03,1,0.5664242772391025
hemis,BRATS_258,t1ce+flair,sg_9568e8757c7f7a03,2,0.6740669112805184
hemis,BRATS_258,t1ce+t2,sg_9568e8757c7f7a03,2,0.7254383152725316
hemis,BRATS_258,t1ce+t2+flair,sg_9568e8757c7f7a03,3,0.7156011153487235
hemis,BRATS_258,t2,sg_9568e8757c7f7a03,1,0.10348280921122528
hemis,BRATS_258,t2+flair,sg_9568e8757c7f7a03,2,0.5989886519724574
hemis,BRATS_324,flair,sg_dbb5dd7d7605593e,1,0.30052854913623545
hemis,BRATS_324,t1,sg_dbb5dd7d7605593e,1,0.19469438162843175
hemis,BRATS_324,t1+flair,sg_dbb5dd7d7605593e,2,0.3386871996876906
hemis,BRATS_324,t1+t1ce,sg_dbb5dd7d7605593e,2,0.40159466265077154
hemis,BRATS_324,t1+t1ce+flair,sg_dbb5dd7d7605593e,3,0.5617265132256781
hemis,BRATS_324,t1+t1ce+t2,sg_dbb5dd7d7605593e,3,0.44481271714066245
hemis,BRATS_324,t1+t1ce+t2+flair,sg_dbb5dd7d7605593e,4,0.6198823940969097
hemis,BRATS_324,t1+t2,sg_dbb5dd7d7605593e,2,0.21616842957688867
hemis,BRATS_324,t1+t2+flair,sg_dbb5dd7d7605593e,3,0.3519726042186972
hemis,BRATS_324,t1ce,sg_dbb5dd7d7605593e,1,0.49021995585743317
hemis,BRATS_324,t1ce+flair,sg_dbb5dd7d7605593e,2,0.4672133588492149
hemis,BRATS_324,t1ce+t2,sg_dbb5dd7d7605593e,2,0.5326916698187657
hemis,BRATS_324,t1ce+t2+flair,sg_dbb5dd7d7605593e,3,0.5801987580612277
hemis,BRATS_324,t2,sg_dbb5dd7d7605593e,1,0.12854102726495056
hemis,BRATS_324,t2+flair,sg_dbb5dd7d7605593e,2,0.3928934658458753
hemis,BRATS_335,flair,sg_1dd2f970abd2e8ef,1,0.5244010955728308
hemis,BRATS_335,t1,sg_1dd2f970abd2e8ef,1,0.31055065900957185
hemis,BRATS_335,t1+flair,sg_1dd2f970abd2e8ef,2,0.6039937895007077
hemis,BRATS_335,t1+t1ce,sg_1dd2f970abd2e8ef,2,0.4462630491971686
hemis,BRATS_335,t1+t1ce+flair,sg_1dd2f970abd2e8ef,3,0.7797238225441047
hemis,BRATS_335,t1+t1ce+t2,sg_1dd2f970abd2e8ef,3,0.7786160970470535
hemis,BRATS_335,t1+t1ce+t2+flair,sg_1dd2f970abd2e8ef,4,0.821906902855115
hemis,BRATS_335,t1+t2,sg_1dd2f970abd2e8ef,2,0.532334530760027
hemis,BRATS_335,t1+t2+flair,sg_1dd2f970abd2e8ef,3,0.6775838703665298
hemis,BRATS_335,t1ce,sg_1dd2f970abd2e8ef,1,0.43079009389988987
hemis,BRATS_335,t1ce+flair,sg_1dd2f970abd2e8ef,2,0.7198511366967209
hemis,BRATS_335,t1ce+t2,sg_1dd2f970abd2e8ef,2,0.7620870625440993
hemis,BRATS_335,t1ce+t2+flair,sg_1dd2f970abd2e8ef,3,0.7813246977617663
hemis,BRATS_335,t2,sg_1dd2f970abd2e8ef,1,0.4976272835658279
hemis,BRATS_335,t2+flair,sg_1dd2f970abd2e8ef,2,0.594298108892106
hemis,BRATS_338,flair,sg_602726c0ba192496,1,0.2350152440935385
hemis,BRATS_338,t1,sg_602726c0ba192496,1,0.07500037809978365
hemis,BRATS_338,t1+flair,sg_602726c0ba192496,2,0.2862979229606058
hemis,BRATS_338,t1+t1ce,sg_602726c0ba192496,2,0.10144215934677421
hemis,BRATS_338,t1+t1ce+flair,sg_602726c0ba192496,3,0.5138460899150884
hemis,BRATS_338,t1+t1ce+t2,sg_602726c0ba192496,3,0.5433332819641395
hemis,BRATS_338,t1+t1ce+t2+flair,sg_602726c0ba192496,4,0.5722772911490569
hemis,BRATS_338,t1+t2,sg_602726c0ba192496,2,0.18396126758977008
hemis,BRATS_338,t1+t2+flair,sg_602726c0ba192496,3,0.3501324046366369
hemis,BRATS_338,t1ce,sg_602726c0ba192496,1,0.26043747209270185
hemis,BRATS_338,t1ce+flair,sg_602726c0ba192496,2,0.34054129619415857
hemis,BRATS_338,t1ce+t2,sg_602726c0ba192496,2,0.43877091108091787
hemis,BRATS_338,t1ce+t2+flair,sg_602726c0ba192496,3,0.39560869183729136
hemis,BRATS_338,t2,sg_602726c0ba192496,1,0.09753892885452696
hemis,BRATS_338,t2+flair,sg_602726c0ba192496,2,0.25219073413837884
hemis,BRATS_367,flair,sg_a46b5f5bbd1aae60,1,0.5541947791126315
hemis,BRATS_367,t1,sg_a46b5f5bbd1aae60,1,0.3503657479653437
hemis,BRATS_367,t1+flair,sg_a46b5f5bbd1aae60,2,0.568810576120886
hemis,BRATS_367,t1+t1ce,sg_a46b5f5bbd1aae60,2,0.7057377789199832
hemis,BRATS_367,t1+t1ce+flair,sg_a46b5f5bbd1aae60,3,0.7481845875208598
hemis,BRATS_367,t1+t1ce+t2,sg_a46b5f5bbd1aae60,3,0.7715755527646562
hemis,BRATS_367,t1+t1ce+t2+flair,sg_a46b5f5bbd1aae60,4,0.7791118455429155
hemis,BRATS_367,t1+t2,sg_a46b5f5bbd1aae60,2,0.5473283746321528
hemis,BRATS_367,t1+t2+flair,sg_a46b5f5bbd1aae60,3,0.6154328174524224
hemis,BRATS_367,t1ce,sg_a46b5f5bbd1aae60,1,0.7015395045533784
hemis,BRATS_367,t1ce+flair,sg_a46b5f5bbd1aae60,2,0.6860354363576678
hemis,BRATS_367,t1ce+t2,sg_a46b5f5bbd1aae60,2,0.6730256770752255
hemis,BRATS_367,t1ce+t2+flair,sg_a46b5f5bbd1aae60,3,0.7510218522541967
hemis,BRATS_367,t2,sg_a46b5f5bbd1aae60,1,0.36561521629405
hemis,BRATS_367,t2+flair,sg_a46b5f5bbd1aae60,2,0.601607117214156
hemis,BRATS_369,flair,sg_46b6c66765483f24,1,0.6729669224981331
hemis,BRATS_369,t1,sg_46b6c66765483f24,1,0.43317589558582287
hemis,BRATS_369,t1+flair,sg_46b6c66765483f24,2,0.5966307168398369
hemis,BRATS_369,t1+t1ce,sg_46b6c66765483f24,2,0.5593573470214017
hemis,BRATS_369,t1+t1ce+flair,sg_46b6c66765483f24,3,0.7407163402324018
hemis,BRATS_369,t1+t1ce+t2,sg_46b6c66765483f24,3,0.7092204317491205
hemis,BRATS_369,t1+t1ce+t2+flair,sg_46b6c66765483f24,4,0.7680173740969224
hemis,BRATS_369,t1+t2,sg_46b6c66765483f24,2,0.5255294778859657
hemis,BRATS_369,t1+t2+flair,sg_46b6c66765483f24,3,0.662297353655351
hemis,BRATS_369,t1ce,sg_46b6c66765483f24,1,0.5888247224826734
hemis,BRATS_369,t1ce+flair,sg_46b6c66765483f24,2,0.796029917927505
hemis,BRATS_369,t1ce+t2,sg_46b6c66765483f24,2,0.7832558301628157
hemis,BRATS_369,t1ce+t2+flair,sg_46b6c66765483f24,3,0.7960337879432816
hemis,BRATS_369,t2,sg_46b6c66765483f24,1,0.637700599082727
hemis,BRATS_369,t2+flair,sg_46b6c66765483f24,2,0.6978686561293816
hemis,BRATS_404,flair,sg_294e1273de6f57c3,1,0.7068950458329337
hemis,BRATS_404,t1,sg_294e1273de6f57c3,1,0.5778184265138462
hemis,BRATS_404,t1+flair,sg_294e1273de6f57c3,2,0.671350979234993
hemis,BRATS_404,t1+t1ce,sg_294e1273de6f57c3,2,0.7129710699379914
hemis,BRATS_404,t1+t1ce+flair,sg_294e1273de6f57c3,3,0.7488622509788879
hemis,BRATS_404,t1+t1ce+t2,sg_294e1273de6f57c3,3,0.7735061249540417
hemis,BRATS_404,t1+t1ce+t2+flair,sg_294e1273de6f57c3,4,0.7673338121680097
hemis,BRATS_404,t1+t2,sg_294e1273de6f57c3,2,0.7181653882461517
hemis,BRATS_404,t1+t2+flair,sg_294e1273de6f57c3,3,0.7282003030616205
hemis,BRATS_404,t1ce,sg_294e1273de6f57c3,1,0.7213163108164474
hemis,BRATS_404,t1ce+flair,sg_294e1273de6f57c3,2,0.7578949562869864
hemis,BRATS_404,t1ce+t2,sg_294e1273de6f57c3,2,0.7778419494239399
hemis,BRATS_404,t1ce+t2+flair,sg_294e1273de6f57c3,3,0.7672259682072253
hemis,BRATS_404,t2,sg_294e1273de6f57c3,1,0.7178145730684978
hemis,BRATS_404,t2+flair,sg_294e1273de6f57c3,2,0.7415704263423418
hemis,BRATS_413,flair,sg_3b44f65ab67602cc,1,0.0945904159032193
hemis,BRATS_413,t1,sg_3b44f65ab67602cc,1,0.158035188134813
hemis,BRATS_413,t1+flair,sg_3b44f65ab67602cc,2,0.17550105928823648
hemis,BRATS_413,t1+t1ce,sg_3b44f65ab67602cc,2,0.3764582761843487
hemis,BRATS_413,t1+t1ce+flair,sg_3b44f65ab67602cc,3,0.46914313991217255
hemis,BRATS_413,t1+t1ce+t2,sg_3b44f65ab67602cc,3,0.5249248329571786
hemis,BRATS_413,t1+t1ce+t2+flair,sg_3b44f65ab67602cc,4,0.5981092479437723
hemis,BRATS_413,t1+t2,sg_3b44f65ab67602cc,2,0.3078652481545427
hemis,BRATS_413,t1+t2+flair,sg_3b44f65ab67602cc,3,0.3343927043542654
hemis,BRATS_413,t1ce,sg_3b44f65ab67602cc,1,0.31475219607278926
hemis,BRATS_413,t1ce+flair,sg_3b44f65ab67602cc,2,0.4481361924614482
hemis,BRATS_413,t1ce+t2,sg_3b44f65ab67602cc,2,0.5303245314070076
hemis,BRATS_413,t1ce+t2+flair,sg_3b44f65ab67602cc,3,0.5876307057652747
hemis,BRATS_413,t2,sg_3b44f65ab67602cc,1,0.10136868962778371
hemis,BRATS_413,t2+flair,sg_3b44f65ab67602cc,2,0.31600148444959625
hemis,BRATS_430,flair,sg_a4981b8b123d95c4,1,0.15400297472786964
hemis,BRATS_430,t1,sg_a4981b8b123d95c4,1,0.39239576994148356
hemis,BRATS_430,t1+flair,sg_a4981b8b123d95c4,2,0.16851632717534862
hemis,BRATS_430,t1+t1ce,sg_a4981b8b123d95c4,2,0.522714818834333
hemis,BRATS_430,t1+t1ce+flair,sg_a4981b8b123d95c4,3,0.5190570601837331
hemis,BRATS_430,t1+t1ce+t2,sg_a4981b8b123d95c4,3,0.720640105721191
hemis,BRATS_430,t1+t1ce+t2+flair,sg_a4981b8b123d95c4,4,0.7061084490503218
hemis,BRATS_430,t1+t2,sg_a4981b8b123d95c4,2,0.5418761079780424
hemis,BRATS_430,t1+t2+flair,sg_a4981b8b123d95c4,3,0.5125268555005176
hemis,BRATS_430,t1ce,sg_a4981b8b123d95c4,1,0.5381218098529529
hemis,BRATS_430,t1ce+flair,sg_a4981b8b123d95c4,2,0.5059429696947286
hemis,BRATS_430,t1ce+t2,sg_a4981b8b123d95c4,2,0.7191818854369342
hemis,BRATS_430,t1ce+t2+flair,sg_a4981b8b123d95c4,3,0.7109494254904972
hemis,BRATS_430,t2,sg_a4981b8b123d95c4,1,0.3136479676238541
hemis,BRATS_430,t2+flair,sg_a4981b8b123d95c4,2,0.4268654364176953
hemis,BRATS_441,flair,sg_baba356c1735c37c,1,0.43486981512811
hemis,BRATS_441,t1,sg_baba356c1735c37c,1,0.28039206813301204
hemis,BRATS_441,t1+flair,sg_baba356c1735c37c,2,0.48672675888624256
hemis,BRATS_441,t1+t1ce,sg_baba356c1735c37c,2,0.4954265008683083
hemis,BRATS_441,t1+t1ce+flair,sg_baba356c1735c37c,3,0.6649497091740125
hemis,BRATS_441,t1+t1ce+t2,sg_baba356c1735c37c,3,0.7062987785759008
hemis,BRATS_441,t1+t1ce+t2+flair,sg_baba356c1735c37c,4,0.7482405162537528
hemis,BRATS_441,t1+t2,sg_baba356c1735c37c,2,0.5006442161087538
hemis,BRATS_441,t1+t2+flair,sg_baba356c1735c37c,3,0.5496197636909764
hemis,BRATS_441,t1ce,sg_baba356c1735c37c,1,0.3958983918828099
hemis,BRATS_441,t1ce+flair,sg_baba356c1735c37c,2,0.6077838302740284
hemis,BRATS_441,t1ce+t2,sg_baba356c1735c37c,2,0.6866428213637983
hemis,BRATS_441,t1ce+t2+flair,sg_baba356c1735c37c,3,0.6847321700865624
hemis,BRATS_441,t2,sg_baba356c1735c37c,1,0.4131183013802005
hemis,BRATS_441,t2+flair,sg_baba356c1735c37c,2,0.4571634446647062
hemis,BRATS_484,flair,sg_482440ccbb01f4b6,1,0.37271631140460215
hemis,BRATS_484,t1,sg_482440ccbb01f4b6,1,0.4229312557300147
hemis,BRATS_484,t1+flair,sg_482440ccbb01f4b6,2,0.5605256805225223
hemis,BRATS_484,t1+t1ce,sg_482440ccbb01f4b6,2,0.6898405248046661
hemis,BRATS_484,t1+t1ce+flair,sg_482440ccbb01f4b6,3,0.7902860905341909
hemis,BRATS_484,t1+t1ce+t2,sg_482440ccbb01f4b6,3,0.7129566649040685
hemis,BRATS_484,t1+t1ce+t2+flair,sg_482440ccbb01f4b6,4,0.7732706444218221
hemis,BRATS_484,t1+t2,sg_482440ccbb01f4b6,2,0.4660427309880695
hemis,BRATS_484,t1+t2+flair,sg_482440ccbb01f4b6,3,0.5834473229942937
hemis,BRATS_484,t1ce,sg_482440ccbb01f4b6,1,0.653560067798938
hemis,BRATS_484,t1ce+flair,sg_482440ccbb01f4b6,2,0.8117269593969353
hemis,BRATS_484,t1ce+t2,sg_482440ccbb01f4b6,2,0.7513315288954345
hemis,BRATS_484,t1ce+t2+flair,sg_482440ccbb01f4b6,3,0.7815764447467801
hemis,BRATS_484,t2,sg_482440ccbb01f4b6,1,0.6060693938193262
hemis,BRATS_484,t2+flair,sg_482440ccbb01f4b6,2,0.59148927126613
unet25d,BRATS_021,flair,sg_8a56096263e207fc,1,0.5685107899440548
unet25d,BRATS_021,t1,sg_8a56096263e207fc,1,0.36418613669736183
unet25d,BRATS_021,t1+flair,sg_8a56096263e207fc,2,0.6244773320433549
unet25d,BRATS_021,t1+t1ce,sg_8a56096263e207fc,2,0.43429565907448725
unet25d,BRATS_021,t1+t1ce+flair,sg_8a56096263e207fc,3,0.6068078463835407
unet25d,BRATS_021,t1+t1ce+t2,sg_8a56096263e207fc,3,0.607868294103111
unet25d,BRATS_021,t1+t1ce+t2+flair,sg_8a56096263e207fc,4,0.7342382112356444
unet25d,BRATS_021,t1+t2,sg_8a56096263e207fc,2,0.5748856218372054
unet25d,BRATS_021,t1+t2+flair,sg_8a56096263e207fc,3,0.6955611066104105
unet25d,BRATS_021,t1ce,sg_8a56096263e207fc,1,0.33310977905138
unet25d,BRATS_021,t1ce+flair,sg_8a56096263e207fc,2,0.6228116402416224
unet25d,BRATS_021,t1ce+t2,sg_8a56096263e207fc,2,0.6112797918731728
unet25d,BRATS_021,t1ce+t2+flair,sg_8a56096263e207fc,3,0.7538515859023095
unet25d,BRATS_021,t2,sg_8a56096263e207fc,1,0.45050556049356927
unet25d,BRATS_021,t2+flair,sg_8a56096263e207fc,2,0.6777365891247856
unet25d,BRATS_111,flair,sg_74969a1c98337c11,1,0.6112170797567414
unet25d,BRATS_111,t1,sg_74969a1c98337c11,1,0.35574629256996926
unet25d,BRATS_111,t1+flair,sg_74969a1c98337c11,2,0.6331833971910565
unet25d,BRATS_111,t1+t1ce,sg_74969a1c98337c11,2,0.6208540257450047
unet25d,BRATS_111,t1+t1ce+flair,sg_74969a1c98337c11,3,0.8583055526167213
unet25d,BRATS_111,t1+t1ce+t2,sg_74969a1c98337c11,3,0.7259142909862999
unet25d,BRATS_111,t1+t1ce+t2+flair,sg_74969a1c98337c11,4,0.8561301614916443
unet25d,BRATS_111,t1+t2,sg_74969a1c98337c11,2,0.5080161185573739
unet25d,BRATS_111,t1+t2+flair,sg_74969a1c98337c11,3,0.6474819968703761
unet25d,BRATS_111,t1ce,sg_74969a1c98337c11,1,0.6020026408866302
unet25d,BRATS_111,t1ce+flair,sg_74969a1c98337c11,2,0.8395906692021574
unet25d,BRATS_111,t1ce+t2,sg_74969a1c98337c11,2,0.6895089793154244
unet25d,BRATS_111,t1ce+t2+flair,sg_74969a1c98337c11,3,0.7937633852282557
unet25d,BRATS_111,t2,sg_74969a1c98337c11,1,0.45306391564139153
unet25d,BRATS_111,t2+flair,sg_74969a1c98337c11,2,0.6409541770972734
unet25d,BRATS_172,flair,sg_cb857fb98a0abf51,1,0.7061000375905665
unet25d,BRATS_172,t1,sg_cb857fb98a0abf51,1,0.6113140621075089
unet25d,BRATS_172,t1+flair,sg_cb857fb98a0abf51,2,0.721753706584268
unet25d,BRATS_172,t1+t1ce,sg_cb857fb98a0abf51,2,0.8357790551373628
unet25d,BRATS_172,t1+t1ce+flair,sg_cb857fb98a0abf51,3,0.9258205029476833
unet25d,BRATS_172,t1+t1ce+t2,sg_cb857fb98a0abf51,3,0.9103393884739099
unet25d,BRATS_172,t1+t1ce+t2+flair,sg_cb857fb98a0abf51,4,0.9299622222290934
unet25d,BRATS_172,t1+t2,sg_cb857fb98a0abf51,2,0.6776412863602531
unet25d,BRATS_172,t1+t2+flair,sg_cb857fb98a0abf51,3,0.7274978401313782
unet25d,BRATS_172,t1ce,sg_cb857fb98a0abf51,1,0.7942280810794761
unet25d,BRATS_172,t1ce+flair,sg_cb857fb98a0abf51,2,0.9165275339816702
unet25d,BRATS_172,t1ce+t2,sg_cb857fb98a0abf51,2,0.882864954143051
unet25d,BRATS_172,t1ce+t2+flair,sg_cb857fb98a0abf51,3,0.9170600099638468
unet25d,BRATS_172,t2,sg_cb857fb98a0abf51,1,0.6309893002591108
unet25d,BRATS_172,t2+flair,sg_cb857fb98a0abf51,2,0.7273805387095328
unet25d,BRATS_219,flair,sg_4634c4d061d30852,1,0.718644337401439
unet25d,BRATS_219,t1,sg_4634c4d061d30852,1,0.5803376424525015
unet25d,BRATS_219,t1+flair,sg_4634c4d061d30852,2,0.7004031952785894
unet25d,BRATS_219,t1+t1ce,sg_4634c4d061d30852,2,0.7622078457357867
unet25d,BRATS_219,t1+t1ce+flair,sg_4634c4d061d30852,3,0.8710933572517817
unet25d,BRATS_219,t1+t1ce+t2,sg_4634c4d061d30852,3,0.8561200721515142
unet25d,BRATS_219,t1+t1ce+t2+flair,sg_4634c4d061d30852,4,0.8923056721123892
unet25d,BRATS_219,t1+t2,sg_4634c4d061d30852,2,0.6521304201143758
unet25d,BRATS_219,t1+t2+flair,sg_4634c4d061d30852,3,0.7131637084923971
unet25d,BRATS_219,t1ce,sg_4634c4d061d30852,1,0.7512306683533808
unet25d,BRATS_219,t1ce+flair,sg_4634c4d061d30852,2,0.8644161471216071
unet25d,BRATS_219,t1ce+t2,sg_4634c4d061d30852,2,0.848563188096616
unet25d,BRATS_219,t1ce+t2+flair,sg_4634c4d061d30852,3,0.8948605710411291
unet25d,BRATS_219,t2,sg_4634c4d061d30852,1,0.5969683983455111
unet25d,BRATS_219,t2+flair,sg_4634c4d061d30852,2,0.749159584966046
unet25d,BRATS_230,flair,sg_1669c905c2882ce2,1,0.28184025107241417
unet25d,BRATS_230,t1,sg_1669c905c2882ce2,1,0.18376513742966216
unet25d,BRATS_230,t1+flair,sg_1669c905c2882ce2,2,0.44622921294148704
unet25d,BRATS_230,t1+t1ce,sg_1669c905c2882ce2,2,0.27586460582419725
unet25d,BRATS_230,t1+t1ce+flair,sg_1669c905c2882ce2,3,0.5720811054766989
unet25d,BRATS_230,t1+t1ce+t2,sg_1669c905c2882ce2,3,0.5060654384237835
unet25d,BRATS_230,t1+t1ce+t2+flair,sg_1669c905c2882ce2,4,0.6126622015095418
unet25d,BRATS_230,t1+t2,sg_1669c905c2882ce2,2,0.38225902948860924
unet25d,BRATS_230,t1+t2+flair,sg_1669c905c2882ce2,3,0.46235310411215697
unet25d,BRATS_230,t1ce,sg_1669c905c2882ce2,1,0.016760277865303628
unet25d,BRATS_230,t1ce+flair,sg_1669c905c2882ce2,2,0.29226203203824724
unet25d,BRATS_230,t1ce+t2,sg_1669c905c2882ce2,2,0.44334949058017675
unet25d,BRATS_230,t1ce+t2+flair,sg_1669c905c2882ce2,3,0.5743154505171736
unet25d,BRATS_230,t2,sg_1669c905c2882ce2,1,0.35654708869121077
unet25d,BRATS_230,t2+flair,sg_1669c905c2882ce2,2,0.463402511130856
unet25d,BRATS_258,flair,sg_9568e8757c7f7a03,1,0.5603260223483285
unet25d,BRATS_258,t1,sg_9568e8757c7f7a03,1,0.03170395993810854
unet25d,BRATS_258,t1+flair,sg_9568e8757c7f7a03,2,0.5781017289871121
unet25d,BRATS_258,t1+t1ce,sg_9568e8757c7f7a03,2,0.6942540773474478
unet25d,BRATS_258,t1+t1ce+flair,sg_9568e8757c7f7a03,3,0.8552798709964714
unet25d,BRATS_258,t1+t1ce+t2,sg_9568e8757c7f7a03,3,0.8469181552799877
unet25d,BRATS_258,t1+t1ce+t2+flair,sg_9568e8757c7f7a03,4,0.8967949401664242
unet25d,BRATS_258,t1+t2,sg_9568e8757c7f7a03,2,0.5443607411031457
unet25d,BRATS_258,t1+t2+flair,sg_9568e8757c7f7a03,3,0.5900499390860628
unet25d,BRATS_258,t1ce,sg_9568e8757c7f7a03,1,0.6857684262065525
unet25d,BRATS_258,t1ce+flair,sg_9568e8757c7f7a03,2,0.8600341280806086
unet25d,BRATS_258,t1ce+t2,sg_9568e8757c7f7a03,2,0.8221554062816424
unet25d,BRATS_258,t1ce+t2+flair,sg_9568e8757c7f7a03,3,0.902656633073422
unet25d,BRATS_258,t2,sg_9568e8757c7f7a03,1,0.4269265113178067
unet25d,BRATS_258,t2+flair,sg_9568e8757c7f7a03,2,0.6069527996355546
unet25d,BRATS_324,flair,sg_dbb5dd7d7605593e,1,0.30974733553233097
unet25d,BRATS_324,t1,sg_dbb5dd7d7605593e,1,0.2267191901366706
unet25d,BRATS_324,t1+flair,sg_dbb5dd7d7605593e,2,0.33794403771336184
unet25d,BRATS_324,t1+t1ce,sg_dbb5dd7d7605593e,2,0.4616947937606913
unet25d,BRATS_324,t1+t1ce+flair,sg_dbb5dd7d7605593e,3,0.6658484964421018
unet25d,BRATS_324,t1+t1ce+t2,sg_dbb5dd7d7605593e,3,0.6078060483383694
unet25d,BRATS_324,t1+t1ce+t2+flair,sg_dbb5dd7d7605593e,4,0.731903884510472
unet25d,BRATS_324,t1+t2,sg_dbb5dd7d7605593e,2,0.30688955145216135
unet25d,BRATS_324,t1+t2+flair,sg_dbb5dd7d7605593e,3,0.3774217242903862
unet25d,BRATS_324,t1ce,sg_dbb5dd7d7605593e,1,0.39386263390689563
unet25d,BRATS_324,t1ce+flair,sg_dbb5dd7d7605593e,2,0.686013570291239
unet25d,BRATS_324,t1ce+t2,sg_dbb5dd7d7605593e,2,0.6253635252421005
unet25d,BRATS_324,t1ce+t2+flair,sg_dbb5dd7d7605593e,3,0.7414523767288376
unet25d,BRATS_324,t2,sg_dbb5dd7d7605593e,1,0.2828218062778695
unet25d,BRATS_324,t2+flair,sg_dbb5dd7d7605593e,2,0.3645890903670382
unet25d,BRATS_335,flair,sg_1dd2f970abd2e8ef,1,0.5612011834115661
unet25d,BRATS_335,t1,sg_1dd2f970abd2e8ef,1,0.3859049408374749
unet25d,BRATS_335,t1+flair,sg_1dd2f970abd2e8ef,2,0.5873523198616973
unet25d,BRATS_335,t1+t1ce,sg_1dd2f970abd2e8ef,2,0.6448657930631221
unet25d,BRATS_335,t1+t1ce+flair,sg_1dd2f970abd2e8ef,3,0.8057594908546651
unet25d,BRATS_335,t1+t1ce+t2,sg_1dd2f970abd2e8ef,3,0.7854807737914916
unet25d,BRATS_335,t1+t1ce+t2+flair,sg_1dd2f970abd2e8ef,4,0.8177502732114217
unet25d,BRATS_335,t1+t2,sg_1dd2f970abd2e8ef,2,0.5523045317994962
unet25d,BRATS_335,t1+t2+flair,sg_1dd2f970abd2e8ef,3,0.5920218609956799
unet25d,BRATS_335,t1ce,sg_1dd2f970abd2e8ef,1,0.6691657085537092
unet25d,BRATS_335,t1ce+flair,sg_1dd2f970abd2e8ef,2,0.8027696867225895
unet25d,BRATS_335,t1ce+t2,sg_1dd2f970abd2e8ef,2,0.7836274088104854
unet25d,BRATS_335,t1ce+t2+flair,sg_1dd2f970abd2e8ef,3,0.8142112492396488
unet25d,BRATS_335,t2,sg_1dd2f970abd2e8ef,1,0.5422983733666732
unet25d,BRATS_335,t2+flair,sg_1dd2f970abd2e8ef,2,0.5835637218601417
unet25d,BRATS_338,flair,sg_602726c0ba192496,1,0.24939422505875053
unet25d,BRATS_338,t1,sg_602726c0ba192496,1,0.07810788878335291
unet25d,BRATS_338,t1+flair,sg_602726c0ba192496,2,0.32899032492734703
unet25d,BRATS_338,t1+t1ce,sg_602726c0ba192496,2,0.10044126130148745
unet25d,BRATS_338,t1+t1ce+flair,sg_602726c0ba192496,3,0.5931739177416075
unet25d,BRATS_338,t1+t1ce+t2,sg_602726c0ba192496,3,0.4249554891280051
unet25d,BRATS_338,t1+t1ce+t2+flair,sg_602726c0ba192496,4,0.5861066002949414
unet25d,BRATS_338,t1+t2,sg_602726c0ba192496,2,0.1701123234329349
unet25d,BRATS_338,t1+t2+flair,sg_602726c0ba192496,3,0.2991209491607541
unet25d,BRATS_338,t1ce,sg_602726c0ba192496,1,0.09776644565757527
unet25d,BRATS_338,t1ce+flair,sg_602726c0ba192496,2,0.5514828445891132
unet25d,BRATS_338,t1ce+t2,sg_602726c0ba192496,2,0.4196050950009618
unet25d,BRATS_338,t1ce+t2+flair,sg_602726c0ba192496,3,0.5637159906067645
unet25d,BRATS_338,t2,sg_602726c0ba192496,1,0.18043598856243434
unet25d,BRATS_338,t2+flair,sg_602726c0ba192496,2,0.23078334011199678
unet25d,BRATS_367,flair,sg_a46b5f5bbd1aae60,1,0.6345243756631619
unet25d,BRATS_367,t1,sg_a46b5f5bbd1aae60,1,0.24888840188858294
unet25d,BRATS_367,t1+flair,sg_a46b5f5bbd1aae60,2,0.6706540055770142
unet25d,BRATS_367,t1+t1ce,sg_a46b5f5bbd1aae60,2,0.7270278272377535
unet25d,BRATS_367,t1+t1ce+flair,sg_a46b5f5bbd1aae60,3,0.8002663516775548
unet25d,BRATS_367,t1+t1ce+t2,sg_a46b5f5bbd1aae60,3,0.846171346213019
unet25d,BRATS_367,t1+t1ce+t2+flair,sg_a46b5f5bbd1aae60,4,0.8345048842681749
unet25d,BRATS_367,t1+t2,sg_a46b5f5bbd1aae60,2,0.613292842655279
unet25d,BRATS_367,t1+t2+flair,sg_a46b5f5bbd1aae60,3,0.6799480376057154
unet25d,BRATS_367,t1ce,sg_a46b5f5bbd1aae60,1,0.7018534904924915
unet25d,BRATS_367,t1ce+flair,sg_a46b5f5bbd1aae60,2,0.8126862967569594
unet25d,BRATS_367,t1ce+t2,sg_a46b5f5bbd1aae60,2,0.8475245618614106
unet25d,BRATS_367,t1ce+t2+flair,sg_a46b5f5bbd1aae60,3,0.8762479616206935
unet25d,BRATS_367,t2,sg_a46b5f5bbd1aae60,1,0.42267738350937956
unet25d,BRATS_367,t2+flair,sg_a46b5f5bbd1aae60,2,0.6656463476426648
unet25d,BRATS_369,flair,sg_46b6c66765483f24,1,0.676585733774533
unet25d,BRATS_369,t1,sg_46b6c66765483f24,1,0.5337311343117487
unet25d,BRATS_369,t1+flair,sg_46b6c66765483f24,2,0.6624705165446091
unet25d,BRATS_369,t1+t1ce,sg_46b6c66765483f24,2,0.76107366522593
unet25d,BRATS_369,t1+t1ce+flair,sg_46b6c66765483f24,3,0.8206120704979969
unet25d,BRATS_369,t1+t1ce+t2,sg_46b6c66765483f24,3,0.8537715500048456
unet25d,BRATS_369,t1+t1ce+t2+flair,sg_46b6c66765483f24,4,0.8319735259104598
unet25d,BRATS_369,t1+t2,sg_46b6c66765483f24,2,0.6815373167629785
unet25d,BRATS_369,t1+t2+flair,sg_46b6c66765483f24,3,0.6833418223659207
unet25d,BRATS_369,t1ce,sg_46b6c66765483f24,1,0.6552671509111386
unet25d,BRATS_369,t1ce+flair,sg_46b6c66765483f24,2,0.7985895271546869
unet25d,BRATS_369,t1ce+t2,sg_46b6c66765483f24,2,0.8714392152468492
unet25d,BRATS_369,t1ce+t2+flair,sg_46b6c66765483f24,3,0.8373220449871382
unet25d,BRATS_369,t2,sg_46b6c66765483f24,1,0.67850243398735
unet25d,BRATS_369,t2+flair,sg_46b6c66765483f24,2,0.6910458722980004
unet25d,BRATS_404,flair,sg_294e1273de6f57c3,1,0.6508356468256896
unet25d,BRATS_404,t1,sg_294e1273de6f57c3,1,0.11908737936178844
unet25d,BRATS_404,t1+flair,sg_294e1273de6f57c3,2,0.6557564646489061
unet25d,BRATS_404,t1+t1ce,sg_294e1273de6f57c3,2,0.5911560328591068
unet25d,BRATS_404,t1+t1ce+flair,sg_294e1273de6f57c3,3,0.7562411085013333
unet25d,BRATS_404,t1+t1ce+t2,sg_294e1273de6f57c3,3,0.7649411932396523
unet25d,BRATS_404,t1+t1ce+t2+flair,sg_294e1273de6f57c3,4,0.7643194576941772
unet25d,BRATS_404,t1+t2,sg_294e1273de6f57c3,2,0.7049426818082861
unet25d,BRATS_404,t1+t2+flair,sg_294e1273de6f57c3,3,0.6190106123649841
unet25d,BRATS_404,t1ce,sg_294e1273de6f57c3,1,0.6790908748652442
unet25d,BRATS_404,t1ce+flair,sg_294e1273de6f57c3,2,0.7567481149423272
unet25d,BRATS_404,t1ce+t2,sg_294e1273de6f57c3,2,0.7614769405557027
unet25d,BRATS_404,t1ce+t2+flair,sg_294e1273de6f57c3,3,0.7793696604783977
unet25d,BRATS_404,t2,sg_294e1273de6f57c3,1,0.6499622604906042
unet25d,BRATS_404,t2+flair,sg_294e1273de6f57c3,2,0.6152457189009698
unet25d,BRATS_413,flair,sg_3b44f65ab67602cc,1,0.24201766835440586
unet25d,BRATS_413,t1,sg_3b44f65ab67602cc,1,0.25950567908117855
unet25d,BRATS_413,t1+flair,sg_3b44f65ab67602cc,2,0.3803482411756831
unet25d,BRATS_413,t1+t1ce,sg_3b44f65ab67602cc,2,0.30526976337143696
unet25d,BRATS_413,t1+t1ce+flair,sg_3b44f65ab67602cc,3,0.6804427397842737
unet25d,BRATS_413,t1+t1ce+t2,sg_3b44f65ab67602cc,3,0.6005308144957859
unet25d,BRATS_413,t1+t1ce+t2+flair,sg_3b44f65ab67602cc,4,0.7001683655844321
unet25d,BRATS_413,t1+t2,sg_3b44f65ab67602cc,2,0.35979356844734856
unet25d,BRATS_413,t1+t2+flair,sg_3b44f65ab67602cc,3,0.4145972833016609
unet25d,BRATS_413,t1ce,sg_3b44f65ab67602cc,1,0.148585556521752
unet25d,BRATS_413,t1ce+flair,sg_3b44f65ab67602cc,2,0.4322675418380084
unet25d,BRATS_413,t1ce+t2,sg_3b44f65ab67602cc,2,0.5174942107952183
unet25d,BRATS_413,t1ce+t2+flair,sg_3b44f65ab67602cc,3,0.4866725845113373
unet25d,BRATS_413,t2,sg_3b44f65ab67602cc,1,0.2110447056981859
unet25d,BRATS_413,t2+flair,sg_3b44f65ab67602cc,2,0.396329723654739
unet25d,BRATS_430,flair,sg_a4981b8b123d95c4,1,0.3040521532536324
unet25d,BRATS_430,t1,sg_a4981b8b123d95c4,1,0.19592108531107796
unet25d,BRATS_430,t1+flair,sg_a4981b8b123d95c4,2,0.3212384888986831
unet25d,BRATS_430,t1+t1ce,sg_a4981b8b123d95c4,2,0.37383861101900795
unet25d,BRATS_430,t1+t1ce+flair,sg_a4981b8b123d95c4,3,0.7094492645733727
unet25d,BRATS_430,t1+t1ce+t2,sg_a4981b8b123d95c4,3,0.6751930074630987
unet25d,BRATS_430,t1+t1ce+t2+flair,sg_a4981b8b123d95c4,4,0.7738358353669792
unet25d,BRATS_430,t1+t2,sg_a4981b8b123d95c4,2,0.4722820232701905
unet25d,BRATS_430,t1+t2+flair,sg_a4981b8b123d95c4,3,0.43394773550751875
unet25d,BRATS_430,t1ce,sg_a4981b8b123d95c4,1,0.3493809206878507
unet25d,BRATS_430,t1ce+flair,sg_a4981b8b123d95c4,2,0.6482342068281514
unet25d,BRATS_430,t1ce+t2,sg_a4981b8b123d95c4,2,0.704161791438481
unet25d,BRATS_430,t1ce+t2+flair,sg_a4981b8b123d95c4,3,0.7667628067045072
unet25d,BRATS_430,t2,sg_a4981b8b123d95c4,1,0.3794059280319973
unet25d,BRATS_430,t2+flair,sg_a4981b8b123d95c4,2,0.4416541420134616
unet25d,BRATS_441,flair,sg_baba356c1735c37c,1,0.4532979652713874
unet25d,BRATS_441,t1,sg_baba356c1735c37c,1,0.24311957482035126
unet25d,BRATS_441,t1+flair,sg_baba356c1735c37c,2,0.45132352831952294
unet25d,BRATS_441,t1+t1ce,sg_baba356c1735c37c,2,0.6907581018739437
unet25d,BRATS_441,t1+t1ce+flair,sg_baba356c1735c37c,3,0.7704119100925816
unet25d,BRATS_441,t1+t1ce+t2,sg_baba356c1735c37c,3,0.7832687393612076
unet25d,BRATS_441,t1+t1ce+t2+flair,sg_baba356c1735c37c,4,0.7963403685282922
unet25d,BRATS_441,t1+t2,sg_baba356c1735c37c,2,0.4563605699695117
unet25d,BRATS_441,t1+t2+flair,sg_baba356c1735c37c,3,0.481982099226193
unet25d,BRATS_441,t1ce,sg_baba356c1735c37c,1,0.6162904206714357
unet25d,BRATS_441,t1ce+flair,sg_baba356c1735c37c,2,0.7154774004128273
unet25d,BRATS_441,t1ce+t2,sg_baba356c1735c37c,2,0.7485225892911092
unet25d,BRATS_441,t1ce+t2+flair,sg_baba356c1735c37c,3,0.7453931112912177
unet25d,BRATS_441,t2,sg_baba356c1735c37c,1,0.4124505788631629
unet25d,BRATS_441,t2+flair,sg_baba356c1735c37c,2,0.497124653107085
unet25d,BRATS_484,flair,sg_482440ccbb01f4b6,1,0.5800899483014742
unet25d,BRATS_484,t1,sg_482440ccbb01f4b6,1,0.4798985912290068
unet25d,BRATS_484,t1+flair,sg_482440ccbb01f4b6,2,0.7146030497736247
unet25d,BRATS_484,t1+t1ce,sg_482440ccbb01f4b6,2,0.7467533335241278
unet25d,BRATS_484,t1+t1ce+flair,sg_482440ccbb01f4b6,3,0.8941905266469844
unet25d,BRATS_484,t1+t1ce+t2,sg_482440ccbb01f4b6,3,0.7637587493690221
unet25d,BRATS_484,t1+t1ce+t2+flair,sg_482440ccbb01f4b6,4,0.8921886463773588
unet25d,BRATS_484,t1+t2,sg_482440ccbb01f4b6,2,0.6233648056082511
unet25d,BRATS_484,t1+t2+flair,sg_482440ccbb01f4b6,3,0.7270669099797958
unet25d,BRATS_484,t1ce,sg_482440ccbb01f4b6,1,0.6308283789638081
unet25d,BRATS_484,t1ce+flair,sg_482440ccbb01f4b6,2,0.8482825775136082
unet25d,BRATS_484,t1ce+t2,sg_482440ccbb01f4b6,2,0.7706089816743114
unet25d,BRATS_484,t1ce+t2+flair,sg_482440ccbb01f4b6,3,0.8438068649805719
unet25d,BRATS_484,t2,sg_482440ccbb01f4b6,1,0.6026432530577198
unet25d,BRATS_484,t2+flair,sg_482440ccbb01f4b6,2,0.6858205385641042
no_quality,BRATS_021,flair,sg_8a56096263e207fc,1,0.634017748023411
no_quality,BRATS_021,t1,sg_8a56096263e207fc,1,0.3172642855733798
no_quality,BRATS_021,t1+flair,sg_8a56096263e207fc,2,0.7146934530113206
no_quality,BRATS_021,t1+t1ce,sg_8a56096263e207fc,2,0.5431942360985793
no_quality,BRATS_021,t1+t1ce+flair,sg_8a56096263e207fc,3,0.685179319580801
no_quality,BRATS_021,t1+t1ce+t2,sg_8a56096263e207fc,3,0.7104651164347197
no_quality,BRATS_021,t1+t1ce+t2+flair,sg_8a56096263e207fc,4,0.765208062147555
no_quality,BRATS_021,t1+t2,sg_8a56096263e207fc,2,0.6013706768446843
no_quality,BRATS_021,t1+t2+flair,sg_8a56096263e207fc,3,0.7374647539528878
no_quality,BRATS_021,t1ce,sg_8a56096263e207fc,1,0.3436583228363958
no_quality,BRATS_021,t1ce+flair,sg_8a56096263e207fc,2,0.6324091376601406
no_quality,BRATS_021,t1ce+t2,sg_8a56096263e207fc,2,0.6819505787452643
no_quality,BRATS_021,t1ce+t2+flair,sg_8a56096263e207fc,3,0.7510741364968089
no_quality,BRATS_021,t2,sg_8a56096263e207fc,1,0.5251876400214736
no_quality,BRATS_021,t2+flair,sg_8a56096263e207fc,2,0.7139372618848746
no_quality,BRATS_111,flair,sg_74969a1c98337c11,1,0.6484916689143269
no_quality,BRATS_111,t1,sg_74969a1c98337c11,1,0.47775781858962696
no_quality,BRATS_111,t1+flair,sg_74969a1c98337c11,2,0.7050186650919343
no_quality,BRATS_111,t1+t1ce,sg_74969a1c98337c11,2,0.8049323656401078
no_quality,BRATS_111,t1+t1ce+flair,sg_74969a1c98337c11,3,0.927508722991072
no_quality,BRATS_111,t1+t1ce+t2,sg_74969a1c98337c11,3,0.8735190158890301
no_quality,BRATS_111,t1+t1ce+t2+flair,sg_74969a1c98337c11,4,0.9292675004033709
no_quality,BRATS_111,t1+t2,sg_74969a1c98337c11,2,0.5754397829179134
no_quality,BRATS_111,t1+t2+flair,sg_74969a1c98337c11,3,0.6990521391432637
no_quality,BRATS_111,t1ce,sg_74969a1c98337c11,1,0.7885128494045537
no_quality,BRATS_111,t1ce+flair,sg_74969a1c98337c11,2,0.9223887921565913
no_quality,BRATS_111,t1ce+t2,sg_74969a1c98337c11,2,0.8379185692280737
no_quality,BRATS_111,t1ce+t2+flair,sg_74969a1c98337c11,3,0.9245362996073596
no_quality,BRATS_111,t2,sg_74969a1c98337c11,1,0.4765433632678491
no_quality,BRATS_111,t2+flair,sg_74969a1c98337c11,2,0.6531061180326598
no_quality,BRATS_172,flair,sg_cb857fb98a0abf51,1,0.6934185937992493
no_quality,BRATS_172,t1,sg_cb857fb98a0abf51,1,0.6221853573492552
no_quality,BRATS_172,t1+flair,sg_cb857fb98a0abf51,2,0.7358671751127912
no_quality,BRATS_172,t1+t1ce,sg_cb857fb98a0abf51,2,0.8866583483210349
no_quality,BRATS_172,t1+t1ce+flair,sg_cb857fb98a0abf51,3,0.9334769147395768
no_quality,BRATS_172,t1+t1ce+t2,sg_cb857fb98a0abf51,3,0.9323486546982195
no_quality,BRATS_172,t1+t1ce+t2+flair,sg_cb857fb98a0abf51,4,0.9400196884791393
no_quality,BRATS_172,t1+t2,sg_cb857fb98a0abf51,2,0.708407221663219
no_quality,BRATS_172,t1+t2+flair,sg_cb857fb98a0abf51,3,0.7419241271528513
no_quality,BRATS_172,t1ce,sg_cb857fb98a0abf51,1,0.8625023737386237
no_quality,BRATS_172,t1ce+flair,sg_cb857fb98a0abf51,2,0.9325462124116347
no_quality,BRATS_172,t1ce+t2,sg_cb857fb98a0abf51,2,0.9303256491213734
no_quality,BRATS_172,t1ce+t2+flair,sg_cb857fb98a0abf51,3,0.9397183892381816
no_quality,BRATS_172,t2,sg_cb857fb98a0abf51,1,0.7052286655539072
no_quality,BRATS_172,t2+flair,sg_cb857fb98a0abf51,2,0.7351796739676167
no_quality,BRATS_219,flair,sg_4634c4d061d30852,1,0.6458605361185114
no_quality,BRATS_219,t1,sg_4634c4d061d30852,1,0.6345905299236959
no_quality,BRATS_219,t1+flair,sg_4634c4d061d30852,2,0.6114609586088283
no_quality,BRATS_219,t1+t1ce,sg_4634c4d061d30852,2,0.8279262974197792
no_quality,BRATS_219,t1+t1ce+flair,sg_4634c4d061d30852,3,0.8970239424338361
no_quality,BRATS_219,t1+t1ce+t2,sg_4634c4d061d30852,3,0.8807829591101894
no_quality,BRATS_219,t1+t1ce+t2+flair,sg_4634c4d061d30852,4,0.9012962268933915
no_quality,BRATS_219,t1+t2,sg_4634c4d061d30852,2,0.6721547362363486
no_quality,BRATS_219,t1+t2+flair,sg_4634c4d061d30852,3,0.6742907440692897
no_quality,BRATS_219,t1ce,sg_4634c4d061d30852,1,0.8086856487350517
no_quality,BRATS_219,t1ce+flair,sg_4634c4d061d30852,2,0.8918245112331764
no_quality,BRATS_219,t1ce+t2,sg_4634c4d061d30852,2,0.8690177449309294
no_quality,BRATS_219,t1ce+t2+flair,sg_4634c4d061d30852,3,0.9011870606588911
no_quality,BRATS_219,t2,sg_4634c4d061d30852,1,0.6295733699937497
no_quality,BRATS_219,t2+flair,sg_4634c4d061d30852,2,0.6952387039568362
no_quality,BRATS_230,flair,sg_1669c905c2882ce2,1,0.2363058483956252
no_quality,BRATS_230,t1,sg_1669c905c2882ce2,1,0.2994674257179452
no_quality,BRATS_230,t1+flair,sg_1669c905c2882ce2,2,0.4468319424339797
no_quality,BRATS_230,t1+t1ce,sg_1669c905c2882ce2,2,0.4055849592142537
no_quality,BRATS_230,t1+t1ce+flair,sg_1669c905c2882ce2,3,0.6731766603220811
no_quality,BRATS_230,t1+t1ce+t2,sg_1669c905c2882ce2,3,0.6594323855436445
no_quality,BRATS_230,t1+t1ce+t2+flair,sg_1669c905c2882ce2,4,0.7179834747740856
no_quality,BRATS_230,t1+t2,sg_1669c905c2882ce2,2,0.4349966453662142
no_quality,BRATS_230,t1+t2+flair,sg_1669c905c2882ce2,3,0.4802888818381747
no_quality,BRATS_230,t1ce,sg_1669c905c2882ce2,1,0.3347676629030852
no_quality,BRATS_230,t1ce+flair,sg_1669c905c2882ce2,2,0.5633693534905957
no_quality,BRATS_230,t1ce+t2,sg_1669c905c2882ce2,2,0.6037168191868698
no_quality,BRATS_230,t1ce+t2+flair,sg_1669c905c2882ce2,3,0.6752474903665874
no_quality,BRATS_230,t2,sg_1669c905c2882ce2,1,0.3667939119431525
no_quality,BRATS_230,t2+flair,sg_1669c905c2882ce2,2,0.4593586205516981
no_quality,BRATS_258,flair,sg_9568e8757c7f7a03,1,0.5982297180650764
no_quality,BRATS_258,t1,sg_9568e8757c7f7a03,1,0.05856045042186974
no_quality,BRATS_258,t1+flair,sg_9568e8757c7f7a03,2,0.6003490779289798
no_quality,BRATS_258,t1+t1ce,sg_9568e8757c7f7a03,2,0.7577048211263259
no_quality,BRATS_258,t1+t1ce+flair,sg_9568e8757c7f7a03,3,0.8932851939865252
no_quality,BRATS_258,t1+t1ce+t2,sg_9568e8757c7f7a03,3,0.8743706327606882
no_quality,BRATS_258,t1+t1ce+t2+flair,sg_9568e8757c7f7a03,4,0.9002239102384855
no_quality,BRATS_258,t1+t2,sg_9568e8757c7f7a03,2,0.5381958442831868
no_quality,BRATS_258,t1+t2+flair,sg_9568e8757c7f7a03,3,0.6244990790541891
no_quality,BRATS_258,t1ce,sg_9568e8757c7f7a03,1,0.7445107750898257
no_quality,BRATS_258,t1ce+flair,sg_9568e8757c7f7a03,2,0.8859916520792762
no_quality,BRATS_258,t1ce+t2,sg_9568e8757c7f7a03,2,0.855981001611647
no_quality,BRATS_258,t1ce+t2+flair,sg_9568e8757c7f7a03,3,0.8957377083292365
no_quality,BRATS_258,t2,sg_9568e8757c7f7a03,1,0.43860639113847394
no_quality,BRATS_258,t2+flair,sg_9568e8757c7f7a03,2,0.6305164841502661
no_quality,BRATS_324,flair,sg_dbb5dd7d7605593e,1,0.3310567961137372
no_quality,BRATS_324,t1,sg_dbb5dd7d7605593e,1,0.2459926245947253
no_quality,BRATS_324,t1+flair,sg_dbb5dd7d7605593e,2,0.33419285906825685
no_quality,BRATS_324,t1+t1ce,sg_dbb5dd7d7605593e,2,0.6409769009186775
no_quality,BRATS_324,t1+t1ce+flair,sg_dbb5dd7d7605593e,3,0.7825174619488231
no_quality,BRATS_324,t1+t1ce+t2,sg_dbb5dd7d7605593e,3,0.7684139928727433
no_quality,BRATS_324,t1+t1ce+t2+flair,sg_dbb5dd7d7605593e,4,0.8114082245067294
no_quality,BRATS_324,t1+t2,sg_dbb5dd7d7605593e,2,0.31391190089821513
no_quality,BRATS_324,t1+t2+flair,sg_dbb5dd7d7605593e,3,0.36791600444302164
no_quality,BRATS_324,t1ce,sg_dbb5dd7d7605593e,1,0.6423020491388308
no_quality,BRATS_324,t1ce+flair,sg_dbb5dd7d7605593e,2,0.7675812840186538
no_quality,BRATS_324,t1ce+t2,sg_dbb5dd7d7605593e,2,0.7720123441726544
no_quality,BRATS_324,t1ce+t2+flair,sg_dbb5dd7d7605593e,3,0.8069135709282098
no_quality,BRATS_324,t2,sg_dbb5dd7d7605593e,1,0.3040993620674263
no_quality,BRATS_324,t2+flair,sg_dbb5dd7d7605593e,2,0.3691058022944154
no_quality,BRATS_335,flair,sg_1dd2f970abd2e8ef,1,0.5967296335187328
no_quality,BRATS_335,t1,sg_1dd2f970abd2e8ef,1,0.37313607806674226
no_quality,BRATS_335,t1+flair,sg_1dd2f970abd2e8ef,2,0.6162788426476151
no_quality,BRATS_335,t1+t1ce,sg_1dd2f970abd2e8ef,2,0.7343963941986683
no_quality,BRATS_335,t1+t1ce+flair,sg_1dd2f970abd2e8ef,3,0.8400829588995314
no_quality,BRATS_335,t1+t1ce+t2,sg_1dd2f970abd2e8ef,3,0.8342517907062907
no_quality,BRATS_335,t1+t1ce+t2+flair,sg_1dd2f970abd2e8ef,4,0.8413402969422532
no_quality,BRATS_335,t1+t2,sg_1dd2f970abd2e8ef,2,0.545367480533051
no_quality,BRATS_335,t1+t2+flair,sg_1dd2f970abd2e8ef,3,0.6404737085467466
no_quality,BRATS_335,t1ce,sg_1dd2f970abd2e8ef,1,0.5843612887489452
no_quality,BRATS_335,t1ce+flair,sg_1dd2f970abd2e8ef,2,0.8262665060844424
no_quality,BRATS_335,t1ce+t2,sg_1dd2f970abd2e8ef,2,0.8266864466295093
no_quality,BRATS_335,t1ce+t2+flair,sg_1dd2f970abd2e8ef,3,0.8367321126237798
no_quality,BRATS_335,t2,sg_1dd2f970abd2e8ef,1,0.5492184467893245
no_quality,BRATS_335,t2+flair,sg_1dd2f970abd2e8ef,2,0.6441478720816592
no_quality,BRATS_338,flair,sg_602726c0ba192496,1,0.3720216109545796
no_quality,BRATS_338,t1,sg_602726c0ba192496,1,0.19259316880492305
no_quality,BRATS_338,t1+flair,sg_602726c0ba192496,2,0.343210839940326
no_quality,BRATS_338,t1+t1ce,sg_602726c0ba192496,2,0.38973002327011746
no_quality,BRATS_338,t1+t1ce+flair,sg_602726c0ba192496,3,0.7362611655254883
no_quality,BRATS_338,t1+t1ce+t2,sg_602726c0ba192496,3,0.659605048349421
no_quality,BRATS_338,t1+t1ce+t2+flair,sg_602726c0ba192496,4,0.7379763058966343
no_quality,BRATS_338,t1+t2,sg_602726c0ba192496,2,0.3246682716231178
no_quality,BRATS_338,t1+t2+flair,sg_602726c0ba192496,3,0.3783433015719342
no_quality,BRATS_338,t1ce,sg_602726c0ba192496,1,0.3429762533471717
no_quality,BRATS_338,t1ce+flair,sg_602726c0ba192496,2,0.7069041494280778
no_quality,BRATS_338,t1ce+t2,sg_602726c0ba192496,2,0.6316973780369631
no_quality,BRATS_338,t1ce+t2+flair,sg_602726c0ba192496,3,0.7280984027245537
no_quality,BRATS_338,t2,sg_602726c0ba192496,1,0.27252252701801405
no_quality,BRATS_338,t2+flair,sg_602726c0ba192496,2,0.3887993526245017
no_quality,BRATS_367,flair,sg_a46b5f5bbd1aae60,1,0.6720074494673268
no_quality,BRATS_367,t1,sg_a46b5f5bbd1aae60,1,0.42351555133309704
no_quality,BRATS_367,t1+flair,sg_a46b5f5bbd1aae60,2,0.6782998303145074
no_quality,BRATS_367,t1+t1ce,sg_a46b5f5bbd1aae60,2,0.8064498055318143
no_quality,BRATS_367,t1+t1ce+flair,sg_a46b5f5bbd1aae60,3,0.8701770797524507
no_quality,BRATS_367,t1+t1ce+t2,sg_a46b5f5bbd1aae60,3,0.8544860221306618
no_quality,BRATS_367,t1+t1ce+t2+flair,sg_a46b5f5bbd1aae60,4,0.8691703501834533
no_quality,BRATS_367,t1+t2,sg_a46b5f5bbd1aae60,2,0.6148994345513715
no_quality,BRATS_367,t1+t2+flair,sg_a46b5f5bbd1aae60,3,0.6933291860044107
no_quality,BRATS_367,t1ce,sg_a46b5f5bbd1aae60,1,0.7921071101720498
no_quality,BRATS_367,t1ce+flair,sg_a46b5f5bbd1aae60,2,0.8713393211686838
no_quality,BRATS_367,t1ce+t2,sg_a46b5f5bbd1aae60,2,0.8403708944173928
no_quality,BRATS_367,t1ce+t2+flair,sg_a46b5f5bbd1aae60,3,0.8699328370236161
no_quality,BRATS_367,t2,sg_a46b5f5bbd1aae60,1,0.5410675015766948
no_quality,BRATS_367,t2+flair,sg_a46b5f5bbd1aae60,2,0.6708475495621619
no_quality,BRATS_369,flair,sg_46b6c66765483f24,1,0.6773765429947619
no_quality,BRATS_369,t1,sg_46b6c66765483f24,1,0.5910705648944988
no_quality,BRATS_369,t1+flair,sg_46b6c66765483f24,2,0.6788360068218223
no_quality,BRATS_369,t1+t1ce,sg_46b6c66765483f24,2,0.8220243907498449
no_quality,BRATS_369,t1+t1ce+flair,sg_46b6c66765483f24,3,0.8357645171791077
no_quality,BRATS_369,t1+t1ce+t2,sg_46b6c66765483f24,3,0.8804842720249807
no_quality,BRATS_369,t1+t1ce+t2+flair,sg_46b6c66765483f24,4,0.8549400778955074
no_quality,BRATS_369,t1+t2,sg_46b6c66765483f24,2,0.701729500198322
no_quality,BRATS_369,t1+t2+flair,sg_46b6c66765483f24,3,0.7069439691445836
no_quality,BRATS_369,t1ce,sg_46b6c66765483f24,1,0.7594912865267368
no_quality,BRATS_369,t1ce+flair,sg_46b6c66765483f24,2,0.842819020704426
no_quality,BRATS_369,t1ce+t2,sg_46b6c66765483f24,2,0.879146154975114
no_quality,BRATS_369,t1ce+t2+flair,sg_46b6c66765483f24,3,0.8669728841345674
no_quality,BRATS_369,t2,sg_46b6c66765483f24,1,0.6867757395034296
no_quality,BRATS_369,t2+flair,sg_46b6c66765483f24,2,0.705943836523817
no_quality,BRATS_404,flair,sg_294e1273de6f57c3,1,0.547023166308639
no_quality,BRATS_404,t1,sg_294e1273de6f57c3,1,0.11056221244333209
no_quality,BRATS_404,t1+flair,sg_294e1273de6f57c3,2,0.5882926183741709
no_quality,BRATS_404,t1+t1ce,sg_294e1273de6f57c3,2,0.5333554004859486
no_quality,BRATS_404,t1+t1ce+flair,sg_294e1273de6f57c3,3,0.7759705590654784
no_quality,BRATS_404,t1+t1ce+t2,sg_294e1273de6f57c3,3,0.7850955882315945
no_quality,BRATS_404,t1+t1ce+t2+flair,sg_294e1273de6f57c3,4,0.7804504089396359
no_quality,BRATS_404,t1+t2,sg_294e1273de6f57c3,2,0.7039754042110687
no_quality,BRATS_404,t1+t2+flair,sg_294e1273de6f57c3,3,0.654905041662356
no_quality,BRATS_404,t1ce,sg_294e1273de6f57c3,1,0.37988220107125986
no_quality,BRATS_404,t1ce+flair,sg_294e1273de6f57c3,2,0.7668971989491401
no_quality,BRATS_404,t1ce+t2,sg_294e1273de6f57c3,2,0.779755328241769
no_quality,BRATS_404,t1ce+t2+flair,sg_294e1273de6f57c3,3,0.7757964792996376
no_quality,BRATS_404,t2,sg_294e1273de6f57c3,1,0.6024277004860328
no_quality,BRATS_404,t2+flair,sg_294e1273de6f57c3,2,0.6001880441866214
no_quality,BRATS_413,flair,sg_3b44f65ab67602cc,1,0.3261751705913355
no_quality,BRATS_413,t1,sg_3b44f65ab67602cc,1,0.29920445373296506
no_quality,BRATS_413,t1+flair,sg_3b44f65ab67602cc,2,0.4549774125048951
no_quality,BRATS_413,t1+t1ce,sg_3b44f65ab67602cc,2,0.6123396285498895
no_quality,BRATS_413,t1+t1ce+flair,sg_3b44f65ab67602cc,3,0.8276482614721058
no_quality,BRATS_413,t1+t1ce+t2,sg_3b44f65ab67602cc,3,0.6321002983768783
no_quality,BRATS_413,t1+t1ce+t2+flair,sg_3b44f65ab67602cc,4,0.7791409174683924
no_quality,BRATS_413,t1+t2,sg_3b44f65ab67602cc,2,0.41524813695092666
no_quality,BRATS_413,t1+t2+flair,sg_3b44f65ab67602cc,3,0.45350864293196375
no_quality,BRATS_413,t1ce,sg_3b44f65ab67602cc,1,0.5747038662671421
no_quality,BRATS_413,t1ce+flair,sg_3b44f65ab67602cc,2,0.7845874453071165
no_quality,BRATS_413,t1ce+t2,sg_3b44f65ab67602cc,2,0.5784869689088924
no_quality,BRATS_413,t1ce+t2+flair,sg_3b44f65ab67602cc,3,0.7226231526388567
no_quality,BRATS_413,t2,sg_3b44f65ab67602cc,1,0.33468476527969176
no_quality,BRATS_413,t2+flair,sg_3b44f65ab67602cc,2,0.42532250391040716
no_quality,BRATS_430,flair,sg_a4981b8b123d95c4,1,0.31833006276198444
no_quality,BRATS_430,t1,sg_a4981b8b123d95c4,1,0.28557877292349654
no_quality,BRATS_430,t1+flair,sg_a4981b8b123d95c4,2,0.41209784641775854
no_quality,BRATS_430,t1+t1ce,sg_a4981b8b123d95c4,2,0.6969250284071613
no_quality,BRATS_430,t1+t1ce+flair,sg_a4981b8b123d95c4,3,0.7879196353486538
no_quality,BRATS_430,t1+t1ce+t2,sg_a4981b8b123d95c4,3,0.7645051711303802
no_quality,BRATS_430,t1+t1ce+t2+flair,sg_a4981b8b123d95c4,4,0.8080601856972507
no_quality,BRATS_430,t1+t2,sg_a4981b8b123d95c4,2,0.40833292046907305
no_quality,BRATS_430,t1+t2+flair,sg_a4981b8b123d95c4,3,0.45324069216738083
no_quality,BRATS_430,t1ce,sg_a4981b8b123d95c4,1,0.6777776041400357
no_quality,BRATS_430,t1ce+flair,sg_a4981b8b123d95c4,2,0.7894968982673026
no_quality,BRATS_430,t1ce+t2,sg_a4981b8b123d95c4,2,0.7623738745113483
no_quality,BRATS_430,t1ce+t2+flair,sg_a4981b8b123d95c4,3,0.808014175452982
no_quality,BRATS_430,t2,sg_a4981b8b123d95c4,1,0.36346158590722766
no_quality,BRATS_430,t2+flair,sg_a4981b8b123d95c4,2,0.44689542555654665
no_quality,BRATS_441,flair,sg_baba356c1735c37c,1,0.4694158433314292
no_quality,BRATS_441,t1,sg_baba356c1735c37c,1,0.3821215534834555
no_quality,BRATS_441,t1+flair,sg_baba356c1735c37c,2,0.5129136125094015
no_quality,BRATS_441,t1+t1ce,sg_baba356c1735c37c,2,0.7404101255675378
no_quality,BRATS_441,t1+t1ce+flair,sg_baba356c1735c37c,3,0.8237699812509355
no_quality,BRATS_441,t1+t1ce+t2,sg_baba356c1735c37c,3,0.8288102651530048
no_quality,BRATS_441,t1+t1ce+t2+flair,sg_baba356c1735c37c,4,0.8477711908177356
no_quality,BRATS_441,t1+t2,sg_baba356c1735c37c,2,0.514583343395452
no_quality,BRATS_441,t1+t2+flair,sg_baba356c1735c37c,3,0.5944753993396865
no_quality,BRATS_441,t1ce,sg_baba356c1735c37c,1,0.6685583171345403
no_quality,BRATS_441,t1ce+flair,sg_baba356c1735c37c,2,0.795673479064145
no_quality,BRATS_441,t1ce+t2,sg_baba356c1735c37c,2,0.8108470292562574
no_quality,BRATS_441,t1ce+t2+flair,sg_baba356c1735c37c,3,0.8326923633734481
no_quality,BRATS_441,t2,sg_baba356c1735c37c,1,0.4536642756435692
no_quality,BRATS_441,t2+flair,sg_baba356c1735c37c,2,0.5393399993760171
no_quality,BRATS_484,flair,sg_482440ccbb01f4b6,1,0.6717167613872527
no_quality,BRATS_484,t1,sg_482440ccbb01f4b6,1,0.5761044250312333
no_quality,BRATS_484,t1+flair,sg_482440ccbb01f4b6,2,0.7495248937217999
no_quality,BRATS_484,t1+t1ce,sg_482440ccbb01f4b6,2,0.8123909684689427
no_quality,BRATS_484,t1+t1ce+flair,sg_482440ccbb01f4b6,3,0.9043430785439793
no_quality,BRATS_484,t1+t1ce+t2,sg_482440ccbb01f4b6,3,0.8610475601825733
no_quality,BRATS_484,t1+t1ce+t2+flair,sg_482440ccbb01f4b6,4,0.9119728818935765
no_quality,BRATS_484,t1+t2,sg_482440ccbb01f4b6,2,0.6581497424609474
no_quality,BRATS_484,t1+t2+flair,sg_482440ccbb01f4b6,3,0.750115404797068
no_quality,BRATS_484,t1ce,sg_482440ccbb01f4b6,1,0.8092506730035064
no_quality,BRATS_484,t1ce+flair,sg_482440ccbb01f4b6,2,0.8941559407216809
no_quality,BRATS_484,t1ce+t2,sg_482440ccbb01f4b6,2,0.8530034369050296
no_quality,BRATS_484,t1ce+t2+flair,sg_482440ccbb01f4b6,3,0.9050057286181588
no_quality,BRATS_484,t2,sg_482440ccbb01f4b6,1,0.6052658328723227
no_quality,BRATS_484,t2+flair,sg_482440ccbb01f4b6,2,0.6900488472722425
no_variance,BRATS_021,flair,sg_8a56096263e207fc,1,0.6371128835511638
no_variance,BRATS_021,t1,sg_8a56096263e207fc,1,0.3038991532674791
no_variance,BRATS_021,t1+flair,sg_8a56096263e207fc,2,0.653710350566601
no_variance,BRATS_021,t1+t1ce,sg_8a56096263e207fc,2,0.5437386027610328
no_variance,BRATS_021,t1+t1ce+flair,sg_8a56096263e207fc,3,0.6489413309799312
no_variance,BRATS_021,t1+t1ce+t2,sg_8a56096263e207fc,3,0.7200154672828178
no_variance,BRATS_021,t1+t1ce+t2+flair,sg_8a56096263e207fc,4,0.732745275691479
no_variance,BRATS_021,t1+t2,sg_8a56096263e207fc,2,0.6288312839006154
no_variance,BRATS_021,t1+t2+flair,sg_8a56096263e207fc,3,0.7390994330313658
no_variance,BRATS_021,t1ce,sg_8a56096263e207fc,1,0.43471559414343597
no_variance,BRATS_021,t1ce+flair,sg_8a56096263e207fc,2,0.6360442146160916
no_variance,BRATS_021,t1ce+t2,sg_8a56096263e207fc,2,0.7080857987154823
no_variance,BRATS_021,t1ce+t2+flair,sg_8a56096263e207fc,3,0.7330240386275726
no_variance,BRATS_021,t2,sg_8a56096263e207fc,1,0.5318017571063334
no_variance,BRATS_021,t2+flair,sg_8a56096263e207fc,2,0.7074231708884632
no_variance,BRATS_111,flair,sg_74969a1c98337c11,1,0.605832812707143
no_variance,BRATS_111,t1,sg_74969a1c98337c11,1,0.44293827381399825
no_variance,BRATS_111,t1+flair,sg_74969a1c98337c11,2,0.6950927347058391
no_variance,BRATS_111,t1+t1ce,sg_74969a1c98337c11,2,0.8055123772088214
no_variance,BRATS_111,t1+t1ce+flair,sg_74969a1c98337c11,3,0.9154952329011016
no_variance,BRATS_111,t1+t1ce+t2,sg_74969a1c98337c11,3,0.9031422867834652
no_variance,BRATS_111,t1+t1ce+t2+flair,sg_74969a1c98337c11,4,0.927588704200584
no_variance,BRATS_111,t1+t2,sg_74969a1c98337c11,2,0.6565582757088868
no_variance,BRATS_111,t1+t2+flair,sg_74969a1c98337c11,3,0.7216204070315642
no_variance,BRATS_111,t1ce,sg_74969a1c98337c11,1,0.7459044481783422
no_variance,BRATS_111,t1ce+flair,sg_74969a1c98337c11,2,0.8877648360026958
no_variance,BRATS_111,t1ce+t2,sg_74969a1c98337c11,2,0.8446936701793634
no_variance,BRATS_111,t1ce+t2+flair,sg_74969a1c98337c11,3,0.9128012781421789
no_variance,BRATS_111,t2,sg_74969a1c98337c11,1,0.4661354657587459
no_variance,BRATS_111,t2+flair,sg_74969a1c98337c11,2,0.634312200732955
no_variance,BRATS_172,flair,sg_cb857fb98a0abf51,1,0.6833478878869395
no_variance,BRATS_172,t1,sg_cb857fb98a0abf51,1,0.6107738586971548
no_variance,BRATS_172,t1+flair,sg_cb857fb98a0abf51,2,0.7290007166153978
no_variance,BRATS_172,t1+t1ce,sg_cb857fb98a0abf51,2,0.8671243410412126
no_variance,BRATS_172,t1+t1ce+flair,sg_cb857fb98a0abf51,3,0.9322975132051085
no_variance,BRATS_172,t1+t1ce+t2,sg_cb857fb98a0abf51,3,0.9266121773248108
no_variance,BRATS_172,t1+t1ce+t2+flair,sg_cb857fb98a0abf51,4,0.9386625215055071
no_variance,BRATS_172,t1+t2,sg_cb857fb98a0abf51,2,0.7034262207950214
no_variance,BRATS_172,t1+t2+flair,sg_cb857fb98a0abf51,3,0.7382179270412458
no_variance,BRATS_172,t1ce,sg_cb857fb98a0abf51,1,0.8385039343327989
no_variance,BRATS_172,t1ce+flair,sg_cb857fb98a0abf51,2,0.9286978173254664
no_variance,BRATS_172,t1ce+t2,sg_cb857fb98a0abf51,2,0.9264392155152336
no_variance,BRATS_172,t1ce+t2+flair,sg_cb857fb98a0abf51,3,0.9372526719470059
no_variance,BRATS_172,t2,sg_cb857fb98a0abf51,1,0.6745590210532821
no_variance,BRATS_172,t2+flair,sg_cb857fb98a0abf51,2,0.7156182194954971
no_variance,BRATS_219,flair,sg_4634c4d061d30852,1,0.6597010401874077
no_variance,BRATS_219,t1,sg_4634c4d061d30852,1,0.5106774194337557
no_variance,BRATS_219,t1+flair,sg_4634c4d061d30852,2,0.6128498145021908
no_variance,BRATS_219,t1+t1ce,sg_4634c4d061d30852,2,0.8210922430152202
no_variance,BRATS_219,t1+t1ce+flair,sg_4634c4d061d30852,3,0.8807627892186587
no_variance,BRATS_219,t1+t1ce+t2,sg_4634c4d061d30852,3,0.875497602373719
no_variance,BRATS_219,t1+t1ce+t2+flair,sg_4634c4d061d30852,4,0.8879385559457162
no_variance,BRATS_219,t1+t2,sg_4634c4d061d30852,2,0.572199539690842
no_variance,BRATS_219,t1+t2+flair,sg_4634c4d061d30852,3,0.6051388603361636
no_variance,BRATS_219,t1ce,sg_4634c4d061d30852,1,0.7922324769626163
no_variance,BRATS_219,t1ce+flair,sg_4634c4d061d30852,2,0.8889459270678501
no_variance,BRATS_219,t1ce+t2,sg_4634c4d061d30852,2,0.8691350027552235
no_variance,BRATS_219,t1ce+t2+flair,sg_4634c4d061d30852,3,0.897963777150069
no_variance,BRATS_219,t2,sg_4634c4d061d30852,1,0.5999003742447846
no_variance,BRATS_219,t2+flair,sg_4634c4d061d30852,2,0.6676220051723863
no_variance,BRATS_230,flair,sg_1669c905c2882ce2,1,0.3045503742511761
no_variance,BRATS_230,t1,sg_1669c905c2882ce2,1,0.33844040618492094
no_variance,BRATS_230,t1+flair,sg_1669c905c2882ce2,2,0.468347055612599
no_variance,BRATS_230,t1+t1ce,sg_1669c905c2882ce2,2,0.4033227065916207
no_variance,BRATS_230,t1+t1ce+flair,sg_1669c905c2882ce2,3,0.4966287618081385
no_variance,BRATS_230,t1+t1ce+t2,sg_1669c905c2882ce2,3,0.6423560158130853
no_variance,BRATS_230,t1+t1ce+t2+flair,sg_1669c905c2882ce2,4,0.6743191603985341
no_variance,BRATS_230,t1+t2,sg_1669c905c2882ce2,2,0.45420187172124477
no_variance,BRATS_230,t1+t2+flair,sg_1669c905c2882ce2,3,0.4872492330066809
no_variance,BRATS_230,t1ce,sg_1669c905c2882ce2,1,0.28907069605818797
no_variance,BRATS_230,t1ce+flair,sg_1669c905c2882ce2,2,0.3848049495569212
no_variance,BRATS_230,t1ce+t2,sg_1669c905c2882ce2,2,0.5592865348960055
no_variance,BRATS_230,t1ce+t2+flair,sg_1669c905c2882ce2,3,0.6229103021409151
no_variance,BRATS_230,t2,sg_1669c905c2882ce2,1,0.3834905970987728
no_variance,BRATS_230,t2+flair,sg_1669c905c2882ce2,2,0.4737779479360833
no_variance,BRATS_258,flair,sg_9568e8757c7f7a03,1,0.5752128316236095
no_variance,BRATS_258,t1,sg_9568e8757c7f7a03,1,0.042192950717597745
no_variance,BRATS_258,t1+flair,sg_9568e8757c7f7a03,2,0.5834624931205351
no_variance,BRATS_258,t1+t1ce,sg_9568e8757c7f7a03,2,0.7322745084494565
no_variance,BRATS_258,t1+t1ce+flair,sg_9568e8757c7f7a03,3,0.8832004587320329
no_variance,BRATS_258,t1+t1ce+t2,sg_9568e8757c7f7a03,3,0.8351245080264516
no_variance,BRATS_258,t1+t1ce+t2+flair,sg_9568e8757c7f7a03,4,0.8898241740155122
no_variance,BRATS_258,t1+t2,sg_9568e8757c7f7a03,2,0.49406352122543246
no_variance,BRATS_258,t1+t2+flair,sg_9568e8757c7f7a03,3,0.6116243696720807
no_variance,BRATS_258,t1ce,sg_9568e8757c7f7a03,1,0.7520732143843297
no_variance,BRATS_258,t1ce+flair,sg_9568e8757c7f7a03,2,0.8972383538458953
no_variance,BRATS_258,t1ce+t2,sg_9568e8757c7f7a03,2,0.8466181119693577
no_variance,BRATS_258,t1ce+t2+flair,sg_9568e8757c7f7a03,3,0.9027566767688372
no_variance,BRATS_258,t2,sg_9568e8757c7f7a03,1,0.3851609675489594
no_variance,BRATS_258,t2+flair,sg_9568e8757c7f7a03,2,0.6228495446828209
no_variance,BRATS_324,flair,sg_dbb5dd7d7605593e,1,0.29885495740742446
no_variance,BRATS_324,t1,sg_dbb5dd7d7605593e,1,0.21505252070621006
no_variance,BRATS_324,t1+flair,sg_dbb5dd7d7605593e,2,0.32602384961794845
no_variance,BRATS_324,t1+t1ce,sg_dbb5dd7d7605593e,2,0.6525133068567986
no_variance,BRATS_324,t1+t1ce+flair,sg_dbb5dd7d7605593e,3,0.7623169827006601
no_variance,BRATS_324,t1+t1ce+t2,sg_dbb5dd7d7605593e,3,0.7682350665872749
no_variance,BRATS_324,t1+t1ce+t2+flair,sg_dbb5dd7d7605593e,4,0.7992157599032866
no_variance,BRATS_324,t1+t2,sg_dbb5dd7d7605593e,2,0.3175198254732788
no_variance,BRATS_324,t1+t2+flair,sg_dbb5dd7d7605593e,3,0.3802921244239705
no_variance,BRATS_324,t1ce,sg_dbb5dd7d7605593e,1,0.6156985802025017
no_variance,BRATS_324,t1ce+flair,sg_dbb5dd7d7605593e,2,0.7428249079601456
no_variance,BRATS_324,t1ce+t2,sg_dbb5dd7d7605593e,2,0.7733451819490512
no_variance,BRATS_324,t1ce+t2+flair,sg_dbb5dd7d7605593e,3,0.7981308309088604
no_variance,BRATS_324,t2,sg_dbb5dd7d7605593e,1,0.3044733132496356
no_variance,BRATS_324,t2+flair,sg_dbb5dd7d7605593e,2,0.36006066431827416
no_variance,BRATS_335,flair,sg_1dd2f970abd2e8ef,1,0.5917218923075934
no_variance,BRATS_335,t1,sg_1dd2f970abd2e8ef,1,0.41380611890553926
no_variance,BRATS_335,t1+flair,sg_1dd2f970abd2e8ef,2,0.6220170893704209
no_variance,BRATS_335,t1+t1ce,sg_1dd2f970abd2e8ef,2,0.7287710997928429
no_variance,BRATS_335,t1+t1ce+flair,sg_1dd2f970abd2e8ef,3,0.8255442916438146
no_variance,BRATS_335,t1+t1ce+t2,sg_1dd2f970abd2e8ef,3,0.8165189729899129
no_variance,BRATS_335,t1+t1ce+t2+flair,sg_1dd2f970abd2e8ef,4,0.8311153809864699
no_variance,BRATS_335,t1+t2,sg_1dd2f970abd2e8ef,2,0.5720610699642891
no_variance,BRATS_335,t1+t2+flair,sg_1dd2f970abd2e8ef,3,0.6551181678188822
no_variance,BRATS_335,t1ce,sg_1dd2f970abd2e8ef,1,0.6799195958937404
no_variance,BRATS_335,t1ce+flair,sg_1dd2f970abd2e8ef,2,0.8215229694201373
no_variance,BRATS_335,t1ce+t2,sg_1dd2f970abd2e8ef,2,0.8176045912278026
no_variance,BRATS_335,t1ce+t2+flair,sg_1dd2f970abd2e8ef,3,0.830396592823182
no_variance,BRATS_335,t2,sg_1dd2f970abd2e8ef,1,0.5290258217276611
no_variance,BRATS_335,t2+flair,sg_1dd2f970abd2e8ef,2,0.6349103474195671
no_variance,BRATS_338,flair,sg_602726c0ba192496,1,0.24719707086869513
no_variance,BRATS_338,t1,sg_602726c0ba192496,1,0.08790405090775961
no_variance,BRATS_338,t1+flair,sg_602726c0ba192496,2,0.357590905003184
no_variance,BRATS_338,t1+t1ce,sg_602726c0ba192496,2,0.30051589617420343
no_variance,BRATS_338,t1+t1ce+flair,sg_602726c0ba192496,3,0.7513690357407908
no_variance,BRATS_338,t1+t1ce+t2,sg_602726c0ba192496,3,0.6440863130684846
no_variance,BRATS_338,t1+t1ce+t2+flair,sg_602726c0ba192496,4,0.7366322897635533
no_variance,BRATS_338,t1+t2,sg_602726c0ba192496,2,0.2321879169414617
no_variance,BRATS_338,t1+t2+flair,sg_602726c0ba192496,3,0.33613805768935734
no_variance,BRATS_338,t1ce,sg_602726c0ba192496,1,0.23046691215353246
no_variance,BRATS_338,t1ce+flair,sg_602726c0ba192496,2,0.7168917024789719
no_variance,BRATS_338,t1ce+t2,sg_602726c0ba192496,2,0.6309476494164997
no_variance,BRATS_338,t1ce+t2+flair,sg_602726c0ba192496,3,0.7116487665334802
no_variance,BRATS_338,t2,sg_602726c0ba192496,1,0.20482837639007423
no_variance,BRATS_338,t2+flair,sg_602726c0ba192496,2,0.3076443254736259
no_variance,BRATS_367,flair,sg_a46b5f5bbd1aae60,1,0.6133363371750553
no_variance,BRATS_367,t1,sg_a46b5f5bbd1aae60,1,0.36718765973937445
no_variance,BRATS_367,t1+flair,sg_a46b5f5bbd1aae60,2,0.6482111696907797
no_variance,BRATS_367,t1+t1ce,sg_a46b5f5bbd1aae60,2,0.8257356509406467
no_variance,BRATS_367,t1+t1ce+flair,sg_a46b5f5bbd1aae60,3,0.8325226185511787
no_variance,BRATS_367,t1+t1ce+t2,sg_a46b5f5bbd1aae60,3,0.8515456737713647
no_variance,BRATS_367,t1+t1ce+t2+flair,sg_a46b5f5bbd1aae60,4,0.8241490470605756
no_variance,BRATS_367,t1+t2,sg_a46b5f5bbd1aae60,2,0.5503848658538656
no_variance,BRATS_367,t1+t2+flair,sg_a46b5f5bbd1aae60,3,0.6114487625602125
no_variance,BRATS_367,t1ce,sg_a46b5f5bbd1aae60,1,0.7939227267226521
no_variance,BRATS_367,t1ce+flair,sg_a46b5f5bbd1aae60,2,0.8573301406684856
no_variance,BRATS_367,t1ce+t2,sg_a46b5f5bbd1aae60,2,0.8681721976847551
no_variance,BRATS_367,t1ce+t2+flair,sg_a46b5f5bbd1aae60,3,0.8526925071837566
no_variance,BRATS_367,t2,sg_a46b5f5bbd1aae60,1,0.4687650597616149
no_variance,BRATS_367,t2+flair,sg_a46b5f5bbd1aae60,2,0.6515790913364405
no_variance,BRATS_369,flair,sg_46b6c66765483f24,1,0.669298920957201
no_variance,BRATS_369,t1,sg_46b6c66765483f24,1,0.5671367073598004
no_variance,BRATS_369,t1+flair,sg_46b6c66765483f24,2,0.6505758847725682
no_variance,BRATS_369,t1+t1ce,sg_46b6c66765483f24,2,0.7549967403995929
no_variance,BRATS_369,t1+t1ce+flair,sg_46b6c66765483f24,3,0.7920483572261934
no_variance,BRATS_369,t1+t1ce+t2,sg_46b6c66765483f24,3,0.8001819422346751
no_variance,BRATS_369,t1+t1ce+t2+flair,sg_46b6c66765483f24,4,0.7962940075066776
no_variance,BRATS_369,t1+t2,sg_46b6c66765483f24,2,0.6479565107271018
no_variance,BRATS_369,t1+t2+flair,sg_46b6c66765483f24,3,0.6463678783145566
no_variance,BRATS_369,t1ce,sg_46b6c66765483f24,1,0.6723022365669232
no_variance,BRATS_369,t1ce+flair,sg_46b6c66765483f24,2,0.7965658251599356
no_variance,BRATS_369,t1ce+t2,sg_46b6c66765483f24,2,0.8115641891438332
no_variance,BRATS_369,t1ce+t2+flair,sg_46b6c66765483f24,3,0.8079242559544261
no_variance,BRATS_369,t2,sg_46b6c66765483f24,1,0.6643601771707099
no_variance,BRATS_369,t2+flair,sg_46b6c66765483f24,2,0.6678872366184098
no_variance,BRATS_404,flair,sg_294e1273de6f57c3,1,0.5431021434083315
no_variance,BRATS_404,t1,sg_294e1273de6f57c3,1,0.06618993964840703
no_variance,BRATS_404,t1+flair,sg_294e1273de6f57c3,2,0.5748226685485053
no_variance,BRATS_404,t1+t1ce,sg_294e1273de6f57c3,2,0.4280781104340534
no_variance,BRATS_404,t1+t1ce+flair,sg_294e1273de6f57c3,3,0.7586682657186921
no_variance,BRATS_404,t1+t1ce+t2,sg_294e1273de6f57c3,3,0.7683488307797851
no_variance,BRATS_404,t1+t1ce+t2+flair,sg_294e1273de6f57c3,4,0.7621522343956245
no_variance,BRATS_404,t1+t2,sg_294e1273de6f57c3,2,0.6014902836279562
no_variance,BRATS_404,t1+t2+flair,sg_294e1273de6f57c3,3,0.5850484267235644
no_variance,BRATS_404,t1ce,sg_294e1273de6f57c3,1,0.5916507867993829
no_variance,BRATS_404,t1ce+flair,sg_294e1273de6f57c3,2,0.7701273472789459
no_variance,BRATS_404,t1ce+t2,sg_294e1273de6f57c3,2,0.7703896490519591
no_variance,BRATS_404,t1ce+t2+flair,sg_294e1273de6f57c3,3,0.7760891996459675
no_variance,BRATS_404,t2,sg_294e1273de6f57c3,1,0.5677774472169951
no_variance,BRATS_404,t2+flair,sg_294e1273de6f57c3,2,0.5713266274086557
no_variance,BRATS_413,flair,sg_3b44f65ab67602cc,1,0.35700189934110993
no_variance,BRATS_413,t1,sg_3b44f65ab67602cc,1,0.35133939266180064
no_variance,BRATS_413,t1+flair,sg_3b44f65ab67602cc,2,0.4746999330768571
no_variance,BRATS_413,t1+t1ce,sg_3b44f65ab67602cc,2,0.5578429320624368
no_variance,BRATS_413,t1+t1ce+flair,sg_3b44f65ab67602cc,3,0.7861266145108295
no_variance,BRATS_413,t1+t1ce+t2,sg_3b44f65ab67602cc,3,0.741444568360964
no_variance,BRATS_413,t1+t1ce+t2+flair,sg_3b44f65ab67602cc,4,0.8042213319917609
no_variance,BRATS_413,t1+t2,sg_3b44f65ab67602cc,2,0.47926435166926434
no_variance,BRATS_413,t1+t2+flair,sg_3b44f65ab67602cc,3,0.48107018711446675
no_variance,BRATS_413,t1ce,sg_3b44f65ab67602cc,1,0.38395286823430913
no_variance,BRATS_413,t1ce+flair,sg_3b44f65ab67602cc,2,0.6684437714089554
no_variance,BRATS_413,t1ce+t2,sg_3b44f65ab67602cc,2,0.6345768408349682
no_variance,BRATS_413,t1ce+t2+flair,sg_3b44f65ab67602cc,3,0.7045197194935602
no_variance,BRATS_413,t2,sg_3b44f65ab67602cc,1,0.3174890425088514
no_variance,BRATS_413,t2+flair,sg_3b44f65ab67602cc,2,0.4215078595213264
no_variance,BRATS_430,flair,sg_a4981b8b123d95c4,1,0.2538955623500538
no_variance,BRATS_430,t1,sg_a4981b8b123d95c4,1,0.3869994973962197
no_variance,BRATS_430,t1+flair,sg_a4981b8b123d95c4,2,0.3526866863970801
no_variance,BRATS_430,t1+t1ce,sg_a4981b8b123d95c4,2,0.6701765215218614
no_variance,BRATS_430,t1+t1ce+flair,sg_a4981b8b123d95c4,3,0.77898038596489
no_variance,BRATS_430,t1+t1ce+t2,sg_a4981b8b123d95c4,3,0.7625753751311657
no_variance,BRATS_430,t1+t1ce+t2+flair,sg_a4981b8b123d95c4,4,0.81300669527694
no_variance,BRATS_430,t1+t2,sg_a4981b8b123d95c4,2,0.48345163038420075
no_variance,BRATS_430,t1+t2+flair,sg_a4981b8b123d95c4,3,0.4793770890458346
no_variance,BRATS_430,t1ce,sg_a4981b8b123d95c4,1,0.5922604278788867
no_variance,BRATS_430,t1ce+flair,sg_a4981b8b123d95c4,2,0.7700065742684368
no_variance,BRATS_430,t1ce+t2,sg_a4981b8b123d95c4,2,0.751638487914272
no_variance,BRATS_430,t1ce+t2+flair,sg_a4981b8b123d95c4,3,0.8052492838057329
no_variance,BRATS_430,t2,sg_a4981b8b123d95c4,1,0.3897220835114357
no_variance,BRATS_430,t2+flair,sg_a4981b8b123d95c4,2,0.4284905537755332
no_variance,BRATS_441,flair,sg_baba356c1735c37c,1,0.4553780222050705
no_variance,BRATS_441,t1,sg_baba356c1735c37c,1,0.3857662318811248
no_variance,BRATS_441,t1+flair,sg_baba356c1735c37c,2,0.4917251042784512
no_variance,BRATS_441,t1+t1ce,sg_baba356c1735c37c,2,0.7568650972420685
no_variance,BRATS_441,t1+t1ce+flair,sg_baba356c1735c37c,3,0.8298089757885717
no_variance,BRATS_441,t1+t1ce+t2,sg_baba356c1735c37c,3,0.8308675644004881
no_variance,BRATS_441,t1+t1ce+t2+flair,sg_baba356c1735c37c,4,0.8405812547155219
no_variance,BRATS_441,t1+t2,sg_baba356c1735c37c,2,0.4746406953781757
no_variance,BRATS_441,t1+t2+flair,sg_baba356c1735c37c,3,0.5169576480812785
no_variance,BRATS_441,t1ce,sg_baba356c1735c37c,1,0.7060768269362492
no_variance,BRATS_441,t1ce+flair,sg_baba356c1735c37c,2,0.8039887732292926
no_variance,BRATS_441,t1ce+t2,sg_baba356c1735c37c,2,0.8178869789405686
no_variance,BRATS_441,t1ce+t2+flair,sg_baba356c1735c37c,3,0.8273373337758635
no_variance,BRATS_441,t2,sg_baba356c1735c37c,1,0.4500834070896936
no_variance,BRATS_441,t2+flair,sg_baba356c1735c37c,2,0.49066391979566903
no_variance,BRATS_484,flair,sg_482440ccbb01f4b6,1,0.691767841782224
no_variance,BRATS_484,t1,sg_482440ccbb01f4b6,1,0.6089816207376578
no_variance,BRATS_484,t1+flair,sg_482440ccbb01f4b6,2,0.7601121803051388
no_variance,BRATS_484,t1+t1ce,sg_482440ccbb01f4b6,2,0.8177830970740795
no_variance,BRATS_484,t1+t1ce+flair,sg_482440ccbb01f4b6,3,0.8960833364382945
no_variance,BRATS_484,t1+t1ce+t2,sg_482440ccbb01f4b6,3,0.8630075590983893
no_variance,BRATS_484,t1+t1ce+t2+flair,sg_482440ccbb01f4b6,4,0.8973102485213446
no_variance,BRATS_484,t1+t2,sg_482440ccbb01f4b6,2,0.681769504781574
no_variance,BRATS_484,t1+t2+flair,sg_482440ccbb01f4b6,3,0.7445927373580918
no_variance,BRATS_484,t1ce,sg_482440ccbb01f4b6,1,0.7876544375092207
no_variance,BRATS_484,t1ce+flair,sg_482440ccbb01f4b6,2,0.883769429492776
no_variance,BRATS_484,t1ce+t2,sg_482440ccbb01f4b6,2,0.8206377781789076
no_variance,BRATS_484,t1ce+t2+flair,sg_482440ccbb01f4b6,3,0.8710404467956455
no_variance,BRATS_484,t2,sg_482440ccbb01f4b6,1,0.588659134317745
no_variance,BRATS_484,t2+flair,sg_482440ccbb01f4b6,2,0.6780615930608974
no_max,BRATS_021,flair,sg_8a56096263e207fc,1,0.5961535824258276
no_max,BRATS_021,t1,sg_8a56096263e207fc,1,0.42538811244647956
no_max,BRATS_021,t1+flair,sg_8a56096263e207fc,2,0.6609068809433475
no_max,BRATS_021,t1+t1ce,sg_8a56096263e207fc,2,0.557892558927492
no_max,BRATS_021,t1+t1ce+flair,sg_8a56096263e207fc,3,0.6480845120635094
no_max,BRATS_021,t1+t1ce+t2,sg_8a56096263e207fc,3,0.695777013773688
no_max,BRATS_021,t1+t1ce+t2+flair,sg_8a56096263e207fc,4,0.7367393188491101
no_max,BRATS_021,t1+t2,sg_8a56096263e207fc,2,0.5791874514289219
no_max,BRATS_021,t1+t2+flair,sg_8a56096263e207fc,3,0.7377710884042777
no_max,BRATS_021,t1ce,sg_8a56096263e207fc,1,0.4755489008371494
no_max,BRATS_021,t1ce+flair,sg_8a56096263e207fc,2,0.628850126642209
no_max,BRATS_021,t1ce+t2,sg_8a56096263e207fc,2,0.6735220015745594
no_max,BRATS_021,t1ce+t2+flair,sg_8a56096263e207fc,3,0.7324886226263901
no_max,BRATS_021,t2,sg_8a56096263e207fc,1,0.46751732587729017
no_max,BRATS_021,t2+flair,sg_8a56096263e207fc,2,0.7079846575401875
no_max,BRATS_111,flair,sg_74969a1c98337c11,1,0.656478011822257
no_max,BRATS_111,t1,sg_74969a1c98337c11,1,0.4721212621234458
no_max,BRATS_111,t1+flair,sg_74969a1c98337c11,2,0.7399731912630158
no_max,BRATS_111,t1+t1ce,sg_74969a1c98337c11,2,0.8163015385800053
no_max,BRATS_111,t1+t1ce+flair,sg_74969a1c98337c11,3,0.9246557034527432
no_max,BRATS_111,t1+t1ce+t2,sg_74969a1c98337c11,3,0.91238347292997
no_max,BRATS_111,t1+t1ce+t2+flair,sg_74969a1c98337c11,4,0.9279185833283061
no_max,BRATS_111,t1+t2,sg_74969a1c98337c11,2,0.6914796719837732
no_max,BRATS_111,t1+t2+flair,sg_74969a1c98337c11,3,0.7537860983937437
no_max,BRATS_111,t1ce,sg_74969a1c98337c11,1,0.7625599842021978
no_max,BRATS_111,t1ce+flair,sg_74969a1c98337c11,2,0.9189222264376716
no_max,BRATS_111,t1ce+t2,sg_74969a1c98337c11,2,0.871710053783703
no_max,BRATS_111,t1ce+t2+flair,sg_74969a1c98337c11,3,0.9209429186204705
no_max,BRATS_111,t2,sg_74969a1c98337c11,1,0.5407264601148042
no_max,BRATS_111,t2+flair,sg_74969a1c98337c11,2,0.7071765286480058
no_max,BRATS_172,flair,sg_cb857fb98a0abf51,1,0.7007556538272398
no_max,BRATS_172,t1,sg_cb857fb98a0abf51,1,0.6155675411136433
no_max,BRATS_172,t1+flair,sg_cb857fb98a0abf51,2,0.7492372754260114
no_max,BRATS_172,t1+t1ce,sg_cb857fb98a0abf51,2,0.8718056385901588
no_max,BRATS_172,t1+t1ce+flair,sg_cb857fb98a0abf51,3,0.936109148866232
no_max,BRATS_172,t1+t1ce+t2,sg_cb857fb98a0abf51,3,0.9311553685457178
no_max,BRATS_172,t1+t1ce+t2+flair,sg_cb857fb98a0abf51,4,0.9435824391249495
no_max,BRATS_172,t1+t2,sg_cb857fb98a0abf51,2,0.7165058928194227
no_max,BRATS_172,t1+t2+flair,sg_cb857fb98a0abf51,3,0.7471410287815375
no_max,BRATS_172,t1ce,sg_cb857fb98a0abf51,1,0.8529734087643916
no_max,BRATS_172,t1ce+flair,sg_cb857fb98a0abf51,2,0.9326063375236237
no_max,BRATS_172,t1ce+t2,sg_cb857fb98a0abf51,2,0.9251212117795523
no_max,BRATS_172,t1ce+t2+flair,sg_cb857fb98a0abf51,3,0.9422872922940232
no_max,BRATS_172,t2,sg_cb857fb98a0abf51,1,0.7181224979004179
no_max,BRATS_172,t2+flair,sg_cb857fb98a0abf51,2,0.7311806662780865
no_max,BRATS_219,flair,sg_4634c4d061d30852,1,0.6214062087700072
no_max,BRATS_219,t1,sg_4634c4d061d30852,1,0.5399044872001743
no_max,BRATS_219,t1+flair,sg_4634c4d061d30852,2,0.5880618076008356
no_max,BRATS_219,t1+t1ce,sg_4634c4d061d30852,2,0.7969438417849689
no_max,BRATS_219,t1+t1ce+flair,sg_4634c4d061d30852,3,0.8780317618291816
no_max,BRATS_219,t1+t1ce+t2,sg_4634c4d061d30852,3,0.8772469977915295
no_max,BRATS_219,t1+t1ce+t2+flair,sg_4634c4d061d30852,4,0.8906903513893943
no_max,BRATS_219,t1+t2,sg_4634c4d061d30852,2,0.6016141884810107
no_max,BRATS_219,t1+t2+flair,sg_4634c4d061d30852,3,0.6203519734289817
no_max,BRATS_219,t1ce,sg_4634c4d061d30852,1,0.7875953114087099
no_max,BRATS_219,t1ce+flair,sg_4634c4d061d30852,2,0.8818434653089463
no_max,BRATS_219,t1ce+t2,sg_4634c4d061d30852,2,0.8686978890441818
no_max,BRATS_219,t1ce+t2+flair,sg_4634c4d061d30852,3,0.8992800889153832
no_max,BRATS_219,t2,sg_4634c4d061d30852,1,0.519899387634767
no_max,BRATS_219,t2+flair,sg_4634c4d061d30852,2,0.6598122611924656
no_max,BRATS_230,flair,sg_1669c905c2882ce2,1,0.2851545047932476
no_max,BRATS_230,t1,sg_1669c905c2882ce2,1,0.320583722042273
no_max,BRATS_230,t1+flair,sg_1669c905c2882ce2,2,0.44862995855352605
no_max,BRATS_230,t1+t1ce,sg_1669c905c2882ce2,2,0.3776836383214362
no_max,BRATS_230,t1+t1ce+flair,sg_1669c905c2882ce2,3,0.5042929593271562
no_max,BRATS_230,t1+t1ce+t2,sg_1669c905c2882ce2,3,0.6222580760751663
no_max,BRATS_230,t1+t1ce+t2+flair,sg_1669c905c2882ce2,4,0.6181111390535355
no_max,BRATS_230,t1+t2,sg_1669c905c2882ce2,2,0.45282429599278035
no_max,BRATS_230,t1+t2+flair,sg_1669c905c2882ce2,3,0.4880316573501922
no_max,BRATS_230,t1ce,sg_1669c905c2882ce2,1,0.29095984096976046
no_max,BRATS_230,t1ce+flair,sg_1669c905c2882ce2,2,0.42471005825450203
no_max,BRATS_230,t1ce+t2,sg_1669c905c2882ce2,2,0.5902648134450198
no_max,BRATS_230,t1ce+t2+flair,sg_1669c905c2882ce2,3,0.5818074404871514
no_max,BRATS_230,t2,sg_1669c905c2882ce2,1,0.4173971861262491
no_max,BRATS_230,t2+flair,sg_1669c905c2882ce2,2,0.48151829158406456
no_max,BRATS_258,flair,sg_9568e8757c7f7a03,1,0.6038643347963338
no_max,BRATS_258,t1,sg_9568e8757c7f7a03,1,0.025056938659213084
no_max,BRATS_258,t1+flair,sg_9568e8757c7f7a03,2,0.6111161881675695
no_max,BRATS_258,t1+t1ce,sg_9568e8757c7f7a03,2,0.7817686769090267
no_max,BRATS_258,t1+t1ce+flair,sg_9568e8757c7f7a03,3,0.9056244362854743
no_max,BRATS_258,t1+t1ce+t2,sg_9568e8757c7f7a03,3,0.870806131246811
no_max,BRATS_258,t1+t1ce+t2+flair,sg_9568e8757c7f7a03,4,0.9015564049954351
no_max,BRATS_258,t1+t2,sg_9568e8757c7f7a03,2,0.5014232693304983
no_max,BRATS_258,t1+t2+flair,sg_9568e8757c7f7a03,3,0.6413545441114731
no_max,BRATS_258,t1ce,sg_9568e8757c7f7a03,1,0.7671349674619807
no_max,BRATS_258,t1ce+flair,sg_9568e8757c7f7a03,2,0.9065109580286782
no_max,BRATS_258,t1ce+t2,sg_9568e8757c7f7a03,2,0.8682802980034183
no_max,BRATS_258,t1ce+t2+flair,sg_9568e8757c7f7a03,3,0.9056449237742238
no_max,BRATS_258,t2,sg_9568e8757c7f7a03,1,0.46301608898902696
no_max,BRATS_258,t2+flair,sg_9568e8757c7f7a03,2,0.6322120857703423
no_max,BRATS_324,flair,sg_dbb5dd7d7605593e,1,0.3129528006165977
no_max,BRATS_324,t1,sg_dbb5dd7d7605593e,1,0.204896665028189
no_max,BRATS_324,t1+flair,sg_dbb5dd7d7605593e,2,0.32798772640555074
no_max,BRATS_324,t1+t1ce,sg_dbb5dd7d7605593e,2,0.6143666353858395
no_max,BRATS_324,t1+t1ce+flair,sg_dbb5dd7d7605593e,3,0.7781109839027925
no_max,BRATS_324,t1+t1ce+t2,sg_dbb5dd7d7605593e,3,0.7580815213652986
no_max,BRATS_324,t1+t1ce+t2+flair,sg_dbb5dd7d7605593e,4,0.807527255846464
no_max,BRATS_324,t1+t2,sg_dbb5dd7d7605593e,2,0.3139653855560094
no_max,BRATS_324,t1+t2+flair,sg_dbb5dd7d7605593e,3,0.36712771545526496
no_max,BRATS_324,t1ce,sg_dbb5dd7d7605593e,1,0.615473962118756
no_max,BRATS_324,t1ce+flair,sg_dbb5dd7d7605593e,2,0.7849489605180326
no_max,BRATS_324,t1ce+t2,sg_dbb5dd7d7605593e,2,0.7674040616083956
no_max,BRATS_324,t1ce+t2+flair,sg_dbb5dd7d7605593e,3,0.8157565012954303
no_max,BRATS_324,t2,sg_dbb5dd7d7605593e,1,0.3059542910324926
no_max,BRATS_324,t2+flair,sg_dbb5dd7d7605593e,2,0.36848849829039626
no_max,BRATS_335,flair,sg_1dd2f970abd2e8ef,1,0.5990464520437246
no_max,BRATS_335,t1,sg_1dd2f970abd2e8ef,1,0.40988000036586897
no_max,BRATS_335,t1+flair,sg_1dd2f970abd2e8ef,2,0.620860626521126
no_max,BRATS_335,t1+t1ce,sg_1dd2f970abd2e8ef,2,0.6930647048857034
no_max,BRATS_335,t1+t1ce+flair,sg_1dd2f970abd2e8ef,3,0.8160422677560099
no_max,BRATS_335,t1+t1ce+t2,sg_1dd2f970abd2e8ef,3,0.799001015678646
no_max,BRATS_335,t1+t1ce+t2+flair,sg_1dd2f970abd2e8ef,4,0.8269064931788366
no_max,BRATS_335,t1+t2,sg_1dd2f970abd2e8ef,2,0.5672904642127419
no_max,BRATS_335,t1+t2+flair,sg_1dd2f970abd2e8ef,3,0.6397111903074212
no_max,BRATS_335,t1ce,sg_1dd2f970abd2e8ef,1,0.6564313718005802
no_max,BRATS_335,t1ce+flair,sg_1dd2f970abd2e8ef,2,0.8090576305619289
no_max,BRATS_335,t1ce+t2,sg_1dd2f970abd2e8ef,2,0.7993505202417258
no_max,BRATS_335,t1ce+t2+flair,sg_1dd2f970abd2e8ef,3,0.8237702503475545
no_max,BRATS_335,t2,sg_1dd2f970abd2e8ef,1,0.5354596576903512
no_max,BRATS_335,t2+flair,sg_1dd2f970abd2e8ef,2,0.6366262400894098
no_max,BRATS_338,flair,sg_602726c0ba192496,1,0.275963924126774
no_max,BRATS_338,t1,sg_602726c0ba192496,1,0.08011489623462227
no_max,BRATS_338,t1+flair,sg_602726c0ba192496,2,0.32916777112615275
no_max,BRATS_338,t1+t1ce,sg_602726c0ba192496,2,0.19143020966935223
no_max,BRATS_338,t1+t1ce+flair,sg_602726c0ba192496,3,0.7357044133852964
no_max,BRATS_338,t1+t1ce+t2,sg_602726c0ba192496,3,0.6231470543424428
no_max,BRATS_338,t1+t1ce+t2+flair,sg_602726c0ba192496,4,0.7153753312845462
no_max,BRATS_338,t1+t2,sg_602726c0ba192496,2,0.22191071887290933
no_max,BRATS_338,t1+t2+flair,sg_602726c0ba192496,3,0.329200039668914
no_max,BRATS_338,t1ce,sg_602726c0ba192496,1,0.19008126224335373
no_max,BRATS_338,t1ce+flair,sg_602726c0ba192496,2,0.7109081801287433
no_max,BRATS_338,t1ce+t2,sg_602726c0ba192496,2,0.6355967835645807
no_max,BRATS_338,t1ce+t2+flair,sg_602726c0ba192496,3,0.6992548512750383
no_max,BRATS_338,t2,sg_602726c0ba192496,1,0.21628401447877124
no_max,BRATS_338,t2+flair,sg_602726c0ba192496,2,0.3313407175530123
no_max,BRATS_367,flair,sg_a46b5f5bbd1aae60,1,0.6550432700404029
no_max,BRATS_367,t1,sg_a46b5f5bbd1aae60,1,0.30825535037961854
no_max,BRATS_367,t1+flair,sg_a46b5f5bbd1aae60,2,0.6362307081111677
no_max,BRATS_367,t1+t1ce,sg_a46b5f5bbd1aae60,2,0.8150347287781873
no_max,BRATS_367,t1+t1ce+flair,sg_a46b5f5bbd1aae60,3,0.8711134768620616
no_max,BRATS_367,t1+t1ce+t2,sg_a46b5f5bbd1aae60,3,0.8564946612209307
no_max,BRATS_367,t1+t1ce+t2+flair,sg_a46b5f5bbd1aae60,4,0.854631283504888
no_max,BRATS_367,t1+t2,sg_a46b5f5bbd1aae60,2,0.5719848617309181
no_max,BRATS_367,t1+t2+flair,sg_a46b5f5bbd1aae60,3,0.623929845453964
no_max,BRATS_367,t1ce,sg_a46b5f5bbd1aae60,1,0.7914927937099479
no_max,BRATS_367,t1ce+flair,sg_a46b5f5bbd1aae60,2,0.8776950660109707
no_max,BRATS_367,t1ce+t2,sg_a46b5f5bbd1aae60,2,0.8535413562467323
no_max,BRATS_367,t1ce+t2+flair,sg_a46b5f5bbd1aae60,3,0.8618629857613124
no_max,BRATS_367,t2,sg_a46b5f5bbd1aae60,1,0.4750523023722944
no_max,BRATS_367,t2+flair,sg_a46b5f5bbd1aae60,2,0.6263483651241865
no_max,BRATS_369,flair,sg_46b6c66765483f24,1,0.6460094832003554
no_max,BRATS_369,t1,sg_46b6c66765483f24,1,0.5901131915722418
no_max,BRATS_369,t1+flair,sg_46b6c66765483f24,2,0.638050252311178
no_max,BRATS_369,t1+t1ce,sg_46b6c66765483f24,2,0.7810092065117162
no_max,BRATS_369,t1+t1ce+flair,sg_46b6c66765483f24,3,0.8007287422983214
no_max,BRATS_369,t1+t1ce+t2,sg_46b6c66765483f24,3,0.8239422891333023
no_max,BRATS_369,t1+t1ce+t2+flair,sg_46b6c66765483f24,4,0.8067803018157362
no_max,BRATS_369,t1+t2,sg_46b6c66765483f24,2,0.6464703183259971
no_max,BRATS_369,t1+t2+flair,sg_46b6c66765483f24,3,0.6538288185896829
no_max,BRATS_369,t1ce,sg_46b6c66765483f24,1,0.7241517179099063
no_max,BRATS_369,t1ce+flair,sg_46b6c66765483f24,2,0.8027802699547263
no_max,BRATS_369,t1ce+t2,sg_46b6c66765483f24,2,0.8281915246969206
no_max,BRATS_369,t1ce+t2+flair,sg_46b6c66765483f24,3,0.8110182856321778
no_max,BRATS_369,t2,sg_46b6c66765483f24,1,0.6408650082112403
no_max,BRATS_369,t2+flair,sg_46b6c66765483f24,2,0.6527253416260206
no_max,BRATS_404,flair,sg_294e1273de6f57c3,1,0.48671452853207725
no_max,BRATS_404,t1,sg_294e1273de6f57c3,1,0.07487385430950935
no_max,BRATS_404,t1+flair,sg_294e1273de6f57c3,2,0.53557337126756
no_max,BRATS_404,t1+t1ce,sg_294e1273de6f57c3,2,0.700259685834136
no_max,BRATS_404,t1+t1ce+flair,sg_294e1273de6f57c3,3,0.7685978218282367
no_max,BRATS_404,t1+t1ce+t2,sg_294e1273de6f57c3,3,0.7835855822149149
no_max,BRATS_404,t1+t1ce+t2+flair,sg_294e1273de6f57c3,4,0.7661659937213212
no_max,BRATS_404,t1+t2,sg_294e1273de6f57c3,2,0.6300928003153036
no_max,BRATS_404,t1+t2+flair,sg_294e1273de6f57c3,3,0.587180728147939
no_max,BRATS_404,t1ce,sg_294e1273de6f57c3,1,0.6875264475298875
no_max,BRATS_404,t1ce+flair,sg_294e1273de6f57c3,2,0.7652104536759551
no_max,BRATS_404,t1ce+t2,sg_294e1273de6f57c3,2,0.7795362692100803
no_max,BRATS_404,t1ce+t2+flair,sg_294e1273de6f57c3,3,0.7721703277615402
no_max,BRATS_404,t2,sg_294e1273de6f57c3,1,0.5671964536237027
no_max,BRATS_404,t2+flair,sg_294e1273de6f57c3,2,0.5577196455949013
no_max,BRATS_413,flair,sg_3b44f65ab67602cc,1,0.2983350213998954
no_max,BRATS_413,t1,sg_3b44f65ab67602cc,1,0.3959267770292019
no_max,BRATS_413,t1+flair,sg_3b44f65ab67602cc,2,0.4976709742356175
no_max,BRATS_413,t1+t1ce,sg_3b44f65ab67602cc,2,0.6273311411251031
no_max,BRATS_413,t1+t1ce+flair,sg_3b44f65ab67602cc,3,0.7413000693162642
no_max,BRATS_413,t1+t1ce+t2,sg_3b44f65ab67602cc,3,0.7229161697653416
no_max,BRATS_413,t1+t1ce+t2+flair,sg_3b44f65ab67602cc,4,0.7532742785716816
no_max,BRATS_413,t1+t2,sg_3b44f65ab67602cc,2,0.48964079379036624
no_max,BRATS_413,t1+t2+flair,sg_3b44f65ab67602cc,3,0.509432929212057
no_max,BRATS_413,t1ce,sg_3b44f65ab67602cc,1,0.5138364827961833
no_max,BRATS_413,t1ce+flair,sg_3b44f65ab67602cc,2,0.6656459774219511
no_max,BRATS_413,t1ce+t2,sg_3b44f65ab67602cc,2,0.6366494700966444
no_max,BRATS_413,t1ce+t2+flair,sg_3b44f65ab67602cc,3,0.6887623273749311
no_max,BRATS_413,t2,sg_3b44f65ab67602cc,1,0.38415354061596335
no_max,BRATS_413,t2+flair,sg_3b44f65ab67602cc,2,0.4276059979376088
no_max,BRATS_430,flair,sg_a4981b8b123d95c4,1,0.3001716110645071
no_max,BRATS_430,t1,sg_a4981b8b123d95c4,1,0.3020566665692753
no_max,BRATS_430,t1+flair,sg_a4981b8b123d95c4,2,0.3656921434230767
no_max,BRATS_430,t1+t1ce,sg_a4981b8b123d95c4,2,0.6400996523085388
no_max,BRATS_430,t1+t1ce+flair,sg_a4981b8b123d95c4,3,0.7799065175515639
no_max,BRATS_430,t1+t1ce+t2,sg_a4981b8b123d95c4,3,0.7620419161839537
no_max,BRATS_430,t1+t1ce+t2+flair,sg_a4981b8b123d95c4,4,0.8001309465517469
no_max,BRATS_430,t1+t2,sg_a4981b8b123d95c4,2,0.44878719046705534
no_max,BRATS_430,t1+t2+flair,sg_a4981b8b123d95c4,3,0.44988771495827323
no_max,BRATS_430,t1ce,sg_a4981b8b123d95c4,1,0.582853232728757
no_max,BRATS_430,t1ce+flair,sg_a4981b8b123d95c4,2,0.7617449615958587
no_max,BRATS_430,t1ce+t2,sg_a4981b8b123d95c4,2,0.7528156833801202
no_max,BRATS_430,t1ce+t2+flair,sg_a4981b8b123d95c4,3,0.7997409893343027
no_max,BRATS_430,t2,sg_a4981b8b123d95c4,1,0.4097775123874496
no_max,BRATS_430,t2+flair,sg_a4981b8b123d95c4,2,0.44291419624216705
no_max,BRATS_441,flair,sg_baba356c1735c37c,1,0.4598055042014706
no_max,BRATS_441,t1,sg_baba356c1735c37c,1,0.36492123546898186
no_max,BRATS_441,t1+flair,sg_baba356c1735c37c,2,0.5137663878197638
no_max,BRATS_441,t1+t1ce,sg_baba356c1735c37c,2,0.760906314522769
no_max,BRATS_441,t1+t1ce+flair,sg_baba356c1735c37c,3,0.8291790496068646
no_max,BRATS_441,t1+t1ce+t2,sg_baba356c1735c37c,3,0.8318129027382825
no_max,BRATS_441,t1+t1ce+t2+flair,sg_baba356c1735c37c,4,0.8426337568011059
no_max,BRATS_441,t1+t2,sg_baba356c1735c37c,2,0.5098834506921945
no_max,BRATS_441,t1+t2+flair,sg_baba356c1735c37c,3,0.5589346079051805
no_max,BRATS_441,t1ce,sg_baba356c1735c37c,1,0.6946892276162825
no_max,BRATS_441,t1ce+flair,sg_baba356c1735c37c,2,0.8135039003647423
no_max,BRATS_441,t1ce+t2,sg_baba356c1735c37c,2,0.8252971962687178
no_max,BRATS_441,t1ce+t2+flair,sg_baba356c1735c37c,3,0.8366969206063034
no_max,BRATS_441,t2,sg_baba356c1735c37c,1,0.4850891820869582
no_max,BRATS_441,t2+flair,sg_baba356c1735c37c,2,0.5254571955507041
no_max,BRATS_484,flair,sg_482440ccbb01f4b6,1,0.6459052653153934
no_max,BRATS_484,t1,sg_482440ccbb01f4b6,1,0.5985403673341227
no_max,BRATS_484,t1+flair,sg_482440ccbb01f4b6,2,0.7414742390727523
no_max,BRATS_484,t1+t1ce,sg_482440ccbb01f4b6,2,0.7950550424415831
no_max,BRATS_484,t1+t1ce+flair,sg_482440ccbb01f4b6,3,0.8862525702708588
no_max,BRATS_484,t1+t1ce+t2,sg_482440ccbb01f4b6,3,0.8402707665182869
no_max,BRATS_484,t1+t1ce+t2+flair,sg_482440ccbb01f4b6,4,0.8875056250777807
no_max,BRATS_484,t1+t2,sg_482440ccbb01f4b6,2,0.667647292329515
no_max,BRATS_484,t1+t2+flair,sg_482440ccbb01f4b6,3,0.7187495192041914
no_max,BRATS_484,t1ce,sg_482440ccbb01f4b6,1,0.7846230089032215
no_max,BRATS_484,t1ce+flair,sg_482440ccbb01f4b6,2,0.8772000357338872
no_max,BRATS_484,t1ce+t2,sg_482440ccbb01f4b6,2,0.8189370399481929
no_max,BRATS_484,t1ce+t2+flair,sg_482440ccbb01f4b6,3,0.8740747867184036
no_max,BRATS_484,t2,sg_482440ccbb01f4b6,1,0.5811766227595547
no_max,BRATS_484,t2+flair,sg_482440ccbb01f4b6,2,0.6293779666936682
no_consistency,BRATS_021,flair,sg_8a56096263e207fc,1,0.6261797698939379
no_consistency,BRATS_021,t1,sg_8a56096263e207fc,1,0.2870142090746484
no_consistency,BRATS_021,t1+flair,sg_8a56096263e207fc,2,0.6657925961652809
no_consistency,BRATS_021,t1+t1ce,sg_8a56096263e207fc,2,0.5538937848255668
no_consistency,BRATS_021,t1+t1ce+flair,sg_8a56096263e207fc,3,0.6412835148633097
no_consistency,BRATS_021,t1+t1ce+t2,sg_8a56096263e207fc,3,0.6716816794877079
no_consistency,BRATS_021,t1+t1ce+t2+flair,sg_8a56096263e207fc,4,0.7191984373747898
no_consistency,BRATS_021,t1+t2,sg_8a56096263e207fc,2,0.5319936402333177
no_consistency,BRATS_021,t1+t2+flair,sg_8a56096263e207fc,3,0.7281485122838741
no_consistency,BRATS_021,t1ce,sg_8a56096263e207fc,1,0.4154137592236841
no_consistency,BRATS_021,t1ce+flair,sg_8a56096263e207fc,2,0.6252701823901353
no_consistency,BRATS_021,t1ce+t2,sg_8a56096263e207fc,2,0.6276496793946659
no_consistency,BRATS_021,t1ce+t2+flair,sg_8a56096263e207fc,3,0.7110560402648766
no_consistency,BRATS_021,t2,sg_8a56096263e207fc,1,0.4334477843946636
no_consistency,BRATS_021,t2+flair,sg_8a56096263e207fc,2,0.6812302439294368
no_consistency,BRATS_111,flair,sg_74969a1c98337c11,1,0.6537699802498635
no_consistency,BRATS_111,t1,sg_74969a1c98337c11,1,0.43551467989203146
no_consistency,BRATS_111,t1+flair,sg_74969a1c98337c11,2,0.7056856852316647
no_consistency,BRATS_111,t1+t1ce,sg_74969a1c98337c11,2,0.8118261516434155
no_consistency,BRATS_111,t1+t1ce+flair,sg_74969a1c98337c11,3,0.9284856493297845
no_consistency,BRATS_111,t1+t1ce+t2,sg_74969a1c98337c11,3,0.8982577259944131
no_consistency,BRATS_111,t1+t1ce+t2+flair,sg_74969a1c98337c11,4,0.9284087846806081
no_consistency,BRATS_111,t1+t2,sg_74969a1c98337c11,2,0.6464255832166551
no_consistency,BRATS_111,t1+t2+flair,sg_74969a1c98337c11,3,0.7323088548952904
no_consistency,BRATS_111,t1ce,sg_74969a1c98337c11,1,0.7517869848304288
no_consistency,BRATS_111,t1ce+flair,sg_74969a1c98337c11,2,0.9197307314594306
no_consistency,BRATS_111,t1ce+t2,sg_74969a1c98337c11,2,0.8299545832939917
no_consistency,BRATS_111,t1ce+t2+flair,sg_74969a1c98337c11,3,0.9163979962033434
no_consistency,BRATS_111,t2,sg_74969a1c98337c11,1,0.45708352121374657
no_consistency,BRATS_111,t2+flair,sg_74969a1c98337c11,2,0.6937463975614456
no_consistency,BRATS_172,flair,sg_cb857fb98a0abf51,1,0.7035475685527787
no_consistency,BRATS_172,t1,sg_cb857fb98a0abf51,1,0.6169212754202822
no_consistency,BRATS_172,t1+flair,sg_cb857fb98a0abf51,2,0.7475870023736699
no_consistency,BRATS_172,t1+t1ce,sg_cb857fb98a0abf51,2,0.8694976200572316
no_consistency,BRATS_172,t1+t1ce+flair,sg_cb857fb98a0abf51,3,0.9339870816202979
no_consistency,BRATS_172,t1+t1ce+t2,sg_cb857fb98a0abf51,3,0.9216376454163493
no_consistency,BRATS_172,t1+t1ce+t2+flair,sg_cb857fb98a0abf51,4,0.9393275471186047
no_consistency,BRATS_172,t1+t2,sg_cb857fb98a0abf51,2,0.6910387379239068
no_consistency,BRATS_172,t1+t2+flair,sg_cb857fb98a0abf51,3,0.7485605862165392
no_consistency,BRATS_172,t1ce,sg_cb857fb98a0abf51,1,0.8550365035137067
no_consistency,BRATS_172,t1ce+flair,sg_cb857fb98a0abf51,2,0.9345379753688748
no_consistency,BRATS_172,t1ce+t2,sg_cb857fb98a0abf51,2,0.9200030696260034
no_consistency,BRATS_172,t1ce+t2+flair,sg_cb857fb98a0abf51,3,0.9404139665581409
no_consistency,BRATS_172,t2,sg_cb857fb98a0abf51,1,0.6925650310444769
no_consistency,BRATS_172,t2+flair,sg_cb857fb98a0abf51,2,0.7395561703854595
no_consistency,BRATS_219,flair,sg_4634c4d061d30852,1,0.6445183264043766
no_consistency,BRATS_219,t1,sg_4634c4d061d30852,1,0.5232368285678668
no_consistency,BRATS_219,t1+flair,sg_4634c4d061d30852,2,0.5751751303497569
no_consistency,BRATS_219,t1+t1ce,sg_4634c4d061d30852,2,0.8203357507615436
no_consistency,BRATS_219,t1+t1ce+flair,sg_4634c4d061d30852,3,0.890332986430646
no_consistency,BRATS_219,t1+t1ce+t2,sg_4634c4d061d30852,3,0.8726422414869109
no_consistency,BRATS_219,t1+t1ce+t2+flair,sg_4634c4d061d30852,4,0.9000544471842512
no_consistency,BRATS_219,t1+t2,sg_4634c4d061d30852,2,0.5848570446579638
no_consistency,BRATS_219,t1+t2+flair,sg_4634c4d061d30852,3,0.5912368698254685
no_consistency,BRATS_219,t1ce,sg_4634c4d061d30852,1,0.7986181390488332
no_consistency,BRATS_219,t1ce+flair,sg_4634c4d061d30852,2,0.8952305373530963
no_consistency,BRATS_219,t1ce+t2,sg_4634c4d061d30852,2,0.8493635740906388
no_consistency,BRATS_219,t1ce+t2+flair,sg_4634c4d061d30852,3,0.9036405708008041
no_consistency,BRATS_219,t2,sg_4634c4d061d30852,1,0.5712645491715119
no_consistency,BRATS_219,t2+flair,sg_4634c4d061d30852,2,0.6675651948417783
no_consistency,BRATS_230,flair,sg_1669c905c2882ce2,1,0.2599214524429138
no_consistency,BRATS_230,t1,sg_1669c905c2882ce2,1,0.34020652984970545
no_consistency,BRATS_230,t1+flair,sg_1669c905c2882ce2,2,0.4562545478579773
no_consistency,BRATS_230,t1+t1ce,sg_1669c905c2882ce2,2,0.3897060343603509
no_consistency,BRATS_230,t1+t1ce+flair,sg_1669c905c2882ce2,3,0.5106038748911375
no_consistency,BRATS_230,t1+t1ce+t2,sg_1669c905c2882ce2,3,0.5798663329422062
no_consistency,BRATS_230,t1+t1ce+t2+flair,sg_1669c905c2882ce2,4,0.6234697571448526
no_consistency,BRATS_230,t1+t2,sg_1669c905c2882ce2,2,0.45391831340574496
no_consistency,BRATS_230,t1+t2+flair,sg_1669c905c2882ce2,3,0.48707402577229947
no_consistency,BRATS_230,t1ce,sg_1669c905c2882ce2,1,0.29022286397274816
no_consistency,BRATS_230,t1ce+flair,sg_1669c905c2882ce2,2,0.32442327976871405
no_consistency,BRATS_230,t1ce+t2,sg_1669c905c2882ce2,2,0.46392332953461585
no_consistency,BRATS_230,t1ce+t2+flair,sg_1669c905c2882ce2,3,0.5520520329083155
no_consistency,BRATS_230,t2,sg_1669c905c2882ce2,1,0.35072603517460815
no_consistency,BRATS_230,t2+flair,sg_1669c905c2882ce2,2,0.4665631378916211
no_consistency,BRATS_258,flair,sg_9568e8757c7f7a03,1,0.586449032681017
no_consistency,BRATS_258,t1,sg_9568e8757c7f7a03,1,0.052524155894757875
no_consistency,BRATS_258,t1+flair,sg_9568e8757c7f7a03,2,0.557199481900197
no_consistency,BRATS_258,t1+t1ce,sg_9568e8757c7f7a03,2,0.7151918411995138
no_consistency,BRATS_258,t1+t1ce+flair,sg_9568e8757c7f7a03,3,0.8921001249472086
no_consistency,BRATS_258,t1+t1ce+t2,sg_9568e8757c7f7a03,3,0.8547041715760154
no_consistency,BRATS_258,t1+t1ce+t2+flair,sg_9568e8757c7f7a03,4,0.8888502450588199
no_consistency,BRATS_258,t1+t2,sg_9568e8757c7f7a03,2,0.43515623982180857
no_consistency,BRATS_258,t1+t2+flair,sg_9568e8757c7f7a03,3,0.558000550414876
no_consistency,BRATS_258,t1ce,sg_9568e8757c7f7a03,1,0.728321079797794
no_consistency,BRATS_258,t1ce+flair,sg_9568e8757c7f7a03,2,0.9057254565783387
no_consistency,BRATS_258,t1ce+t2,sg_9568e8757c7f7a03,2,0.8652367971159273
no_consistency,BRATS_258,t1ce+t2+flair,sg_9568e8757c7f7a03,3,0.905751702776698
no_consistency,BRATS_258,t2,sg_9568e8757c7f7a03,1,0.3913871162480649
no_consistency,BRATS_258,t2+flair,sg_9568e8757c7f7a03,2,0.6191096706632183
no_consistency,BRATS_324,flair,sg_dbb5dd7d7605593e,1,0.30937548088164213
no_consistency,BRATS_324,t1,sg_dbb5dd7d7605593e,1,0.22830851146730632
no_consistency,BRATS_324,t1+flair,sg_dbb5dd7d7605593e,2,0.34111934492386436
no_consistency,BRATS_324,t1+t1ce,sg_dbb5dd7d7605593e,2,0.6299438339221227
no_consistency,BRATS_324,t1+t1ce+flair,sg_dbb5dd7d7605593e,3,0.7915174923690378
no_consistency,BRATS_324,t1+t1ce+t2,sg_dbb5dd7d7605593e,3,0.7664560529697089
no_consistency,BRATS_324,t1+t1ce+t2+flair,sg_dbb5dd7d7605593e,4,0.806406187719675
no_consistency,BRATS_324,t1+t2,sg_dbb5dd7d7605593e,2,0.30744507846155694
no_consistency,BRATS_324,t1+t2+flair,sg_dbb5dd7d7605593e,3,0.4048952106513944
no_consistency,BRATS_324,t1ce,sg_dbb5dd7d7605593e,1,0.6013501937167766
no_consistency,BRATS_324,t1ce+flair,sg_dbb5dd7d7605593e,2,0.7859343988314672
no_consistency,BRATS_324,t1ce+t2,sg_dbb5dd7d7605593e,2,0.771919017350822
no_consistency,BRATS_324,t1ce+t2+flair,sg_dbb5dd7d7605593e,3,0.8119046783814955
no_consistency,BRATS_324,t2,sg_dbb5dd7d7605593e,1,0.297638733400978
no_consistency,BRATS_324,t2+flair,sg_dbb5dd7d7605593e,2,0.37967357478767566
no_consistency,BRATS_335,flair,sg_1dd2f970abd2e8ef,1,0.5946555241833679
no_consistency,BRATS_335,t1,sg_1dd2f970abd2e8ef,1,0.4419858033206312
no_consistency,BRATS_335,t1+flair,sg_1dd2f970abd2e8ef,2,0.6133825226907093
no_consistency,BRATS_335,t1+t1ce,sg_1dd2f970abd2e8ef,2,0.7404075389188823
no_consistency,BRATS_335,t1+t1ce+flair,sg_1dd2f970abd2e8ef,3,0.8206515707145475
no_consistency,BRATS_335,t1+t1ce+t2,sg_1dd2f970abd2e8ef,3,0.8065241638349604
no_consistency,BRATS_335,t1+t1ce+t2+flair,sg_1dd2f970abd2e8ef,4,0.8224095502767454
no_consistency,BRATS_335,t1+t2,sg_1dd2f970abd2e8ef,2,0.5559924011607222
no_consistency,BRATS_335,t1+t2+flair,sg_1dd2f970abd2e8ef,3,0.6373281835111523
no_consistency,BRATS_335,t1ce,sg_1dd2f970abd2e8ef,1,0.6906075825016026
no_consistency,BRATS_335,t1ce+flair,sg_1dd2f970abd2e8ef,2,0.8115875881678685
no_consistency,BRATS_335,t1ce+t2,sg_1dd2f970abd2e8ef,2,0.8062535734226568
no_consistency,BRATS_335,t1ce+t2+flair,sg_1dd2f970abd2e8ef,3,0.8168458042939887
no_consistency,BRATS_335,t2,sg_1dd2f970abd2e8ef,1,0.5330472249793844
no_consistency,BRATS_335,t2+flair,sg_1dd2f970abd2e8ef,2,0.6444590063772808
no_consistency,BRATS_338,flair,sg_602726c0ba192496,1,0.26279362188625494
no_consistency,BRATS_338,t1,sg_602726c0ba192496,1,0.12495893140008514
no_consistency,BRATS_338,t1+flair,sg_602726c0ba192496,2,0.3999826910623135
no_consistency,BRATS_338,t1+t1ce,sg_602726c0ba192496,2,0.23386548819716838
no_consistency,BRATS_338,t1+t1ce+flair,sg_602726c0ba192496,3,0.7376246664418614
no_consistency,BRATS_338,t1+t1ce+t2,sg_602726c0ba192496,3,0.6282580523628215
no_consistency,BRATS_338,t1+t1ce+t2+flair,sg_602726c0ba192496,4,0.732370143801001
no_consistency,BRATS_338,t1+t2,sg_602726c0ba192496,2,0.32488082200737756
no_consistency,BRATS_338,t1+t2+flair,sg_602726c0ba192496,3,0.42690885112764426
no_consistency,BRATS_338,t1ce,sg_602726c0ba192496,1,0.12111948116254916
no_consistency,BRATS_338,t1ce+flair,sg_602726c0ba192496,2,0.6874794867345676
no_consistency,BRATS_338,t1ce+t2,sg_602726c0ba192496,2,0.6144843072057552
no_consistency,BRATS_338,t1ce+t2+flair,sg_602726c0ba192496,3,0.7117248855962326
no_consistency,BRATS_338,t2,sg_602726c0ba192496,1,0.22351703933956638
no_consistency,BRATS_338,t2+flair,sg_602726c0ba192496,2,0.34384029092307306
no_consistency,BRATS_367,flair,sg_a46b5f5bbd1aae60,1,0.6165148294779753
no_consistency,BRATS_367,t1,sg_a46b5f5bbd1aae60,1,0.35489907673627985
no_consistency,BRATS_367,t1+flair,sg_a46b5f5bbd1aae60,2,0.6000431752766534
no_consistency,BRATS_367,t1+t1ce,sg_a46b5f5bbd1aae60,2,0.7809544709769624
no_consistency,BRATS_367,t1+t1ce+flair,sg_a46b5f5bbd1aae60,3,0.8467965253665978
no_consistency,BRATS_367,t1+t1ce+t2,sg_a46b5f5bbd1aae60,3,0.8569250535152043
no_consistency,BRATS_367,t1+t1ce+t2+flair,sg_a46b5f5bbd1aae60,4,0.8399412788712763
no_consistency,BRATS_367,t1+t2,sg_a46b5f5bbd1aae60,2,0.5405852233779874
no_consistency,BRATS_367,t1+t2+flair,sg_a46b5f5bbd1aae60,3,0.6105306947958073
no_consistency,BRATS_367,t1ce,sg_a46b5f5bbd1aae60,1,0.7830807767090646
no_consistency,BRATS_367,t1ce+flair,sg_a46b5f5bbd1aae60,2,0.868040562453583
no_consistency,BRATS_367,t1ce+t2,sg_a46b5f5bbd1aae60,2,0.8577160907188577
no_consistency,BRATS_367,t1ce+t2+flair,sg_a46b5f5bbd1aae60,3,0.8619552977876843
no_consistency,BRATS_367,t2,sg_a46b5f5bbd1aae60,1,0.308402680498135
no_consistency,BRATS_367,t2+flair,sg_a46b5f5bbd1aae60,2,0.6137823456839758
no_consistency,BRATS_369,flair,sg_46b6c66765483f24,1,0.6766974220616727
no_consistency,BRATS_369,t1,sg_46b6c66765483f24,1,0.5979506128849458
no_consistency,BRATS_369,t1+flair,sg_46b6c66765483f24,2,0.6383425608303263
no_consistency,BRATS_369,t1+t1ce,sg_46b6c66765483f24,2,0.736757096967867
no_consistency,BRATS_369,t1+t1ce+flair,sg_46b6c66765483f24,3,0.7901125549328287
no_consistency,BRATS_369,t1+t1ce+t2,sg_46b6c66765483f24,3,0.7968973572465762
no_consistency,BRATS_369,t1+t1ce+t2+flair,sg_46b6c66765483f24,4,0.7873579244361476
no_consistency,BRATS_369,t1+t2,sg_46b6c66765483f24,2,0.6475385070737042
no_consistency,BRATS_369,t1+t2+flair,sg_46b6c66765483f24,3,0.6654638188081679
no_consistency,BRATS_369,t1ce,sg_46b6c66765483f24,1,0.6818431209173653
no_consistency,BRATS_369,t1ce+flair,sg_46b6c66765483f24,2,0.7905963295399231
no_consistency,BRATS_369,t1ce+t2,sg_46b6c66765483f24,2,0.8036391348279593
no_consistency,BRATS_369,t1ce+t2+flair,sg_46b6c66765483f24,3,0.7898863397060184
no_consistency,BRATS_369,t2,sg_46b6c66765483f24,1,0.6641146042702419
no_consistency,BRATS_369,t2+flair,sg_46b6c66765483f24,2,0.6705995038651594
no_consistency,BRATS_404,flair,sg_294e1273de6f57c3,1,0.46530746424357733
no_consistency,BRATS_404,t1,sg_294e1273de6f57c3,1,0.08173577158812544
no_consistency,BRATS_404,t1+flair,sg_294e1273de6f57c3,2,0.43776391591618263
no_consistency,BRATS_404,t1+t1ce,sg_294e1273de6f57c3,2,0.5336128358787029
no_consistency,BRATS_404,t1+t1ce+flair,sg_294e1273de6f57c3,3,0.7804695288210323
no_consistency,BRATS_404,t1+t1ce+t2,sg_294e1273de6f57c3,3,0.7990817055059889
no_consistency,BRATS_404,t1+t1ce+t2+flair,sg_294e1273de6f57c3,4,0.7958213102020512
no_consistency,BRATS_404,t1+t2,sg_294e1273de6f57c3,2,0.6009134166421295
no_consistency,BRATS_404,t1+t2+flair,sg_294e1273de6f57c3,3,0.5545311832761527
no_consistency,BRATS_404,t1ce,sg_294e1273de6f57c3,1,0.5797283012273456
no_consistency,BRATS_404,t1ce+flair,sg_294e1273de6f57c3,2,0.8029367979327539
no_consistency,BRATS_404,t1ce+t2,sg_294e1273de6f57c3,2,0.7953741648786864
no_consistency,BRATS_404,t1ce+t2+flair,sg_294e1273de6f57c3,3,0.7993495568715842
no_consistency,BRATS_404,t2,sg_294e1273de6f57c3,1,0.533386704114205
no_consistency,BRATS_404,t2+flair,sg_294e1273de6f57c3,2,0.5425737155356187
no_consistency,BRATS_413,flair,sg_3b44f65ab67602cc,1,0.3314277203118065
no_consistency,BRATS_413,t1,sg_3b44f65ab67602cc,1,0.39501466646896016
no_consistency,BRATS_413,t1+flair,sg_3b44f65ab67602cc,2,0.4864283032633164
no_consistency,BRATS_413,t1+t1ce,sg_3b44f65ab67602cc,2,0.6251804366092553
no_consistency,BRATS_413,t1+t1ce+flair,sg_3b44f65ab67602cc,3,0.8011368575607248
no_consistency,BRATS_413,t1+t1ce+t2,sg_3b44f65ab67602cc,3,0.8014037568769932
no_consistency,BRATS_413,t1+t1ce+t2+flair,sg_3b44f65ab67602cc,4,0.8088606270360206
no_consistency,BRATS_413,t1+t2,sg_3b44f65ab67602cc,2,0.5343634216985479
no_consistency,BRATS_413,t1+t2+flair,sg_3b44f65ab67602cc,3,0.5155375883549127
no_consistency,BRATS_413,t1ce,sg_3b44f65ab67602cc,1,0.4139569531416906
no_consistency,BRATS_413,t1ce+flair,sg_3b44f65ab67602cc,2,0.6395221313846355
no_consistency,BRATS_413,t1ce+t2,sg_3b44f65ab67602cc,2,0.6867112803115171
no_consistency,BRATS_413,t1ce+t2+flair,sg_3b44f65ab67602cc,3,0.7035642179860034
no_consistency,BRATS_413,t2,sg_3b44f65ab67602cc,1,0.272611601438302
no_consistency,BRATS_413,t2+flair,sg_3b44f65ab67602cc,2,0.4261720031397418
no_consistency,BRATS_430,flair,sg_a4981b8b123d95c4,1,0.25312719483992874
no_consistency,BRATS_430,t1,sg_a4981b8b123d95c4,1,0.30183601047492564
no_consistency,BRATS_430,t1+flair,sg_a4981b8b123d95c4,2,0.35156702545240165
no_consistency,BRATS_430,t1+t1ce,sg_a4981b8b123d95c4,2,0.6723133919816218
no_consistency,BRATS_430,t1+t1ce+flair,sg_a4981b8b123d95c4,3,0.7913514216894354
no_consistency,BRATS_430,t1+t1ce+t2,sg_a4981b8b123d95c4,3,0.7614172921116277
no_consistency,BRATS_430,t1+t1ce+t2+flair,sg_a4981b8b123d95c4,4,0.7999053103191734
no_consistency,BRATS_430,t1+t2,sg_a4981b8b123d95c4,2,0.4571317788636067
no_consistency,BRATS_430,t1+t2+flair,sg_a4981b8b123d95c4,3,0.46589292215227224
no_consistency,BRATS_430,t1ce,sg_a4981b8b123d95c4,1,0.6446027392148941
no_consistency,BRATS_430,t1ce+flair,sg_a4981b8b123d95c4,2,0.7884468003210752
no_consistency,BRATS_430,t1ce+t2,sg_a4981b8b123d95c4,2,0.7575569728493242
no_consistency,BRATS_430,t1ce+t2+flair,sg_a4981b8b123d95c4,3,0.7990546772133104
no_consistency,BRATS_430,t2,sg_a4981b8b123d95c4,1,0.36981780110923346
no_consistency,BRATS_430,t2+flair,sg_a4981b8b123d95c4,2,0.42104091521527626
no_consistency,BRATS_441,flair,sg_baba356c1735c37c,1,0.44295374784701586
no_consistency,BRATS_441,t1,sg_baba356c1735c37c,1,0.40687477130197625
no_consistency,BRATS_441,t1+flair,sg_baba356c1735c37c,2,0.5003641200341918
no_consistency,BRATS_441,t1+t1ce,sg_baba356c1735c37c,2,0.7872875221894665
no_consistency,BRATS_441,t1+t1ce+flair,sg_baba356c1735c37c,3,0.8229562792262488
no_consistency,BRATS_441,t1+t1ce+t2,sg_baba356c1735c37c,3,0.8266323410352392
no_consistency,BRATS_441,t1+t1ce+t2+flair,sg_baba356c1735c37c,4,0.8331398513855319
no_consistency,BRATS_441,t1+t2,sg_baba356c1735c37c,2,0.568108336719428
no_consistency,BRATS_441,t1+t2+flair,sg_baba356c1735c37c,3,0.5787919786934413
no_consistency,BRATS_441,t1ce,sg_baba356c1735c37c,1,0.7068079995585523
no_consistency,BRATS_441,t1ce+flair,sg_baba356c1735c37c,2,0.806343656079715
no_consistency,BRATS_441,t1ce+t2,sg_baba356c1735c37c,2,0.8149707681724867
no_consistency,BRATS_441,t1ce+t2+flair,sg_baba356c1735c37c,3,0.8255035749875801
no_consistency,BRATS_441,t2,sg_baba356c1735c37c,1,0.48781963822540025
no_consistency,BRATS_441,t2+flair,sg_baba356c1735c37c,2,0.5187233996040225
no_consistency,BRATS_484,flair,sg_482440ccbb01f4b6,1,0.6774626239241549
no_consistency,BRATS_484,t1,sg_482440ccbb01f4b6,1,0.6470082516943848
no_consistency,BRATS_484,t1+flair,sg_482440ccbb01f4b6,2,0.7527888709537617
no_consistency,BRATS_484,t1+t1ce,sg_482440ccbb01f4b6,2,0.8288725310130367
no_consistency,BRATS_484,t1+t1ce+flair,sg_482440ccbb01f4b6,3,0.8999802693709951
no_consistency,BRATS_484,t1+t1ce+t2,sg_482440ccbb01f4b6,3,0.8702385092302446
no_consistency,BRATS_484,t1+t1ce+t2+flair,sg_482440ccbb01f4b6,4,0.8971213192941122
no_consistency,BRATS_484,t1+t2,sg_482440ccbb01f4b6,2,0.6850837131636055
no_consistency,BRATS_484,t1+t2+flair,sg_482440ccbb01f4b6,3,0.736617044671314
no_consistency,BRATS_484,t1ce,sg_482440ccbb01f4b6,1,0.7822337501979287
no_consistency,BRATS_484,t1ce+flair,sg_482440ccbb01f4b6,2,0.8902659785057826
no_consistency,BRATS_484,t1ce+t2,sg_482440ccbb01f4b6,2,0.8391912521819954
no_consistency,BRATS_484,t1ce+t2+flair,sg_482440ccbb01f4b6,3,0.884717524765306
no_consistency,BRATS_484,t2,sg_482440ccbb01f4b6,1,0.6601473182012069
no_consistency,BRATS_484,t2+flair,sg_482440ccbb01f4b6,2,0.6977528183619882
shuffled_quality,BRATS_021,flair,sg_8a56096263e207fc,1,0.6183322006010183
shuffled_quality,BRATS_021,t1,sg_8a56096263e207fc,1,0.3215068467355036
shuffled_quality,BRATS_021,t1+flair,sg_8a56096263e207fc,2,0.6641311526023733
shuffled_quality,BRATS_021,t1+t1ce,sg_8a56096263e207fc,2,0.5162099451890229
shuffled_quality,BRATS_021,t1+t1ce+flair,sg_8a56096263e207fc,3,0.649719301424788
shuffled_quality,BRATS_021,t1+t1ce+t2,sg_8a56096263e207fc,3,0.6920223125967008
shuffled_quality,BRATS_021,t1+t1ce+t2+flair,sg_8a56096263e207fc,4,0.7347778014436724
shuffled_quality,BRATS_021,t1+t2,sg_8a56096263e207fc,2,0.5400259760724953
shuffled_quality,BRATS_021,t1+t2+flair,sg_8a56096263e207fc,3,0.7411091717404318
shuffled_quality,BRATS_021,t1ce,sg_8a56096263e207fc,1,0.4065907475771205
shuffled_quality,BRATS_021,t1ce+flair,sg_8a56096263e207fc,2,0.6366343907300028
shuffled_quality,BRATS_021,t1ce+t2,sg_8a56096263e207fc,2,0.678139060462024
shuffled_quality,BRATS_021,t1ce+t2+flair,sg_8a56096263e207fc,3,0.732745884093764
shuffled_quality,BRATS_021,t2,sg_8a56096263e207fc,1,0.4513251256202122
shuffled_quality,BRATS_021,t2+flair,sg_8a56096263e207fc,2,0.7021436499370077
shuffled_quality,BRATS_111,flair,sg_74969a1c98337c11,1,0.6262516282632349
shuffled_quality,BRATS_111,t1,sg_74969a1c98337c11,1,0.3786286430791519
shuffled_quality,BRATS_111,t1+flair,sg_74969a1c98337c11,2,0.6874300806589885
shuffled_quality,BRATS_111,t1+t1ce,sg_74969a1c98337c11,2,0.7900064257643807
shuffled_quality,BRATS_111,t1+t1ce+flair,sg_74969a1c98337c11,3,0.9235456586052703
shuffled_quality,BRATS_111,t1+t1ce+t2,sg_74969a1c98337c11,3,0.8897796333049799
shuffled_quality,BRATS_111,t1+t1ce+t2+flair,sg_74969a1c98337c11,4,0.9238181960639998
shuffled_quality,BRATS_111,t1+t2,sg_74969a1c98337c11,2,0.6315151742784626
shuffled_quality,BRATS_111,t1+t2+flair,sg_74969a1c98337c11,3,0.7238462632649271
shuffled_quality,BRATS_111,t1ce,sg_74969a1c98337c11,1,0.745270847255211
shuffled_quality,BRATS_111,t1ce+flair,sg_74969a1c98337c11,2,0.9161428298850051
shuffled_quality,BRATS_111,t1ce+t2,sg_74969a1c98337c11,2,0.8483974710112143
shuffled_quality,BRATS_111,t1ce+t2+flair,sg_74969a1c98337c11,3,0.9179783820888421
shuffled_quality,BRATS_111,t2,sg_74969a1c98337c11,1,0.46635481911740323
shuffled_quality,BRATS_111,t2+flair,sg_74969a1c98337c11,2,0.6642491450446502
shuffled_quality,BRATS_172,flair,sg_cb857fb98a0abf51,1,0.6786957919019169
shuffled_quality,BRATS_172,t1,sg_cb857fb98a0abf51,1,0.6165647484593804
shuffled_quality,BRATS_172,t1+flair,sg_cb857fb98a0abf51,2,0.7479379919169192
shuffled_quality,BRATS_172,t1+t1ce,sg_cb857fb98a0abf51,2,0.871693548030974
shuffled_quality,BRATS_172,t1+t1ce+flair,sg_cb857fb98a0abf51,3,0.9357472903355863
shuffled_quality,BRATS_172,t1+t1ce+t2,sg_cb857fb98a0abf51,3,0.9240833797490776
shuffled_quality,BRATS_172,t1+t1ce+t2+flair,sg_cb857fb98a0abf51,4,0.9403076274567067
shuffled_quality,BRATS_172,t1+t2,sg_cb857fb98a0abf51,2,0.6746668790844482
shuffled_quality,BRATS_172,t1+t2+flair,sg_cb857fb98a0abf51,3,0.7523374775831276
shuffled_quality,BRATS_172,t1ce,sg_cb857fb98a0abf51,1,0.8480000854079949
shuffled_quality,BRATS_172,t1ce+flair,sg_cb857fb98a0abf51,2,0.9374202871444938
shuffled_quality,BRATS_172,t1ce+t2,sg_cb857fb98a0abf51,2,0.9224618942101405
shuffled_quality,BRATS_172,t1ce+t2+flair,sg_cb857fb98a0abf51,3,0.9428426082844793
shuffled_quality,BRATS_172,t2,sg_cb857fb98a0abf51,1,0.6810062542136768
shuffled_quality,BRATS_172,t2+flair,sg_cb857fb98a0abf51,2,0.7288660793982257
shuffled_quality,BRATS_219,flair,sg_4634c4d061d30852,1,0.6649159339102243
shuffled_quality,BRATS_219,t1,sg_4634c4d061d30852,1,0.537703822561331
shuffled_quality,BRATS_219,t1+flair,sg_4634c4d061d30852,2,0.5923176395820906
shuffled_quality,BRATS_219,t1+t1ce,sg_4634c4d061d30852,2,0.8259936824156574
shuffled_quality,BRATS_219,t1+t1ce+flair,sg_4634c4d061d30852,3,0.8914556049607185
shuffled_quality,BRATS_219,t1+t1ce+t2,sg_4634c4d061d30852,3,0.8764745410766132
shuffled_quality,BRATS_219,t1+t1ce+t2+flair,sg_4634c4d061d30852,4,0.8993288253178551
shuffled_quality,BRATS_219,t1+t2,sg_4634c4d061d30852,2,0.5833332452138807
shuffled_quality,BRATS_219,t1+t2+flair,sg_4634c4d061d30852,3,0.6096021517598557
shuffled_quality,BRATS_219,t1ce,sg_4634c4d061d30852,1,0.7669321620233464
shuffled_quality,BRATS_219,t1ce+flair,sg_4634c4d061d30852,2,0.8964129841972851
shuffled_quality,BRATS_219,t1ce+t2,sg_4634c4d061d30852,2,0.8619704977960764
shuffled_quality,BRATS_219,t1ce+t2+flair,sg_4634c4d061d30852,3,0.9041262568283305
shuffled_quality,BRATS_219,t2,sg_4634c4d061d30852,1,0.5757604739272474
shuffled_quality,BRATS_219,t2+flair,sg_4634c4d061d30852,2,0.6886983428106429
shuffled_quality,BRATS_230,flair,sg_1669c905c2882ce2,1,0.27168761964250926
shuffled_quality,BRATS_230,t1,sg_1669c905c2882ce2,1,0.2837406002393985
shuffled_quality,BRATS_230,t1+flair,sg_1669c905c2882ce2,2,0.43651082044495265
shuffled_quality,BRATS_230,t1+t1ce,sg_1669c905c2882ce2,2,0.37539213077819755
shuffled_quality,BRATS_230,t1+t1ce+flair,sg_1669c905c2882ce2,3,0.5532742894439425
shuffled_quality,BRATS_230,t1+t1ce+t2,sg_1669c905c2882ce2,3,0.5573500025530617
shuffled_quality,BRATS_230,t1+t1ce+t2+flair,sg_1669c905c2882ce2,4,0.6701298762879903
shuffled_quality,BRATS_230,t1+t2,sg_1669c905c2882ce2,2,0.45359966949055736
shuffled_quality,BRATS_230,t1+t2+flair,sg_1669c905c2882ce2,3,0.4922147183510708
shuffled_quality,BRATS_230,t1ce,sg_1669c905c2882ce2,1,0.24435490278970207
shuffled_quality,BRATS_230,t1ce+flair,sg_1669c905c2882ce2,2,0.37976736262051647
shuffled_quality,BRATS_230,t1ce+t2,sg_1669c905c2882ce2,2,0.4758523482793057
shuffled_quality,BRATS_230,t1ce+t2+flair,sg_1669c905c2882ce2,3,0.6115760787308305
shuffled_quality,BRATS_230,t2,sg_1669c905c2882ce2,1,0.3488373027758745
shuffled_quality,BRATS_230,t2+flair,sg_1669c905c2882ce2,2,0.46264077814493293
shuffled_quality,BRATS_258,flair,sg_9568e8757c7f7a03,1,0.5929407658066786
shuffled_quality,BRATS_258,t1,sg_9568e8757c7f7a03,1,0.0638432260139061
shuffled_quality,BRATS_258,t1+flair,sg_9568e8757c7f7a03,2,0.578803466728829
shuffled_quality,BRATS_258,t1+t1ce,sg_9568e8757c7f7a03,2,0.7693937109186386
shuffled_quality,BRATS_258,t1+t1ce+flair,sg_9568e8757c7f7a03,3,0.9046862312203854
shuffled_quality,BRATS_258,t1+t1ce+t2,sg_9568e8757c7f7a03,3,0.868305468648031
shuffled_quality,BRATS_258,t1+t1ce+t2+flair,sg_9568e8757c7f7a03,4,0.899567243488462
shuffled_quality,BRATS_258,t1+t2,sg_9568e8757c7f7a03,2,0.5179628185283232
shuffled_quality,BRATS_258,t1+t2+flair,sg_9568e8757c7f7a03,3,0.587582493893923
shuffled_quality,BRATS_258,t1ce,sg_9568e8757c7f7a03,1,0.7320318515794225
shuffled_quality,BRATS_258,t1ce+flair,sg_9568e8757c7f7a03,2,0.9119691212513458
shuffled_quality,BRATS_258,t1ce+t2,sg_9568e8757c7f7a03,2,0.86779517713498
shuffled_quality,BRATS_258,t1ce+t2+flair,sg_9568e8757c7f7a03,3,0.9074896021830533
shuffled_quality,BRATS_258,t2,sg_9568e8757c7f7a03,1,0.4064519939767532
shuffled_quality,BRATS_258,t2+flair,sg_9568e8757c7f7a03,2,0.6177092966111037
shuffled_quality,BRATS_324,flair,sg_dbb5dd7d7605593e,1,0.3030403434770503
shuffled_quality,BRATS_324,t1,sg_dbb5dd7d7605593e,1,0.21985905675990813
shuffled_quality,BRATS_324,t1+flair,sg_dbb5dd7d7605593e,2,0.33109108078329447
shuffled_quality,BRATS_324,t1+t1ce,sg_dbb5dd7d7605593e,2,0.6165230309300086
shuffled_quality,BRATS_324,t1+t1ce+flair,sg_dbb5dd7d7605593e,3,0.7789179043599828
shuffled_quality,BRATS_324,t1+t1ce+t2,sg_dbb5dd7d7605593e,3,0.7679804275570113
shuffled_quality,BRATS_324,t1+t1ce+t2+flair,sg_dbb5dd7d7605593e,4,0.8057859044198684
shuffled_quality,BRATS_324,t1+t2,sg_dbb5dd7d7605593e,2,0.316406968726042
shuffled_quality,BRATS_324,t1+t2+flair,sg_dbb5dd7d7605593e,3,0.3817823256670429
shuffled_quality,BRATS_324,t1ce,sg_dbb5dd7d7605593e,1,0.5630648954174279
shuffled_quality,BRATS_324,t1ce+flair,sg_dbb5dd7d7605593e,2,0.7712061827982769
shuffled_quality,BRATS_324,t1ce+t2,sg_dbb5dd7d7605593e,2,0.764176850361233
shuffled_quality,BRATS_324,t1ce+t2+flair,sg_dbb5dd7d7605593e,3,0.8064845412517071
shuffled_quality,BRATS_324,t2,sg_dbb5dd7d7605593e,1,0.3029069989591772
shuffled_quality,BRATS_324,t2+flair,sg_dbb5dd7d7605593e,2,0.3691288637989391
shuffled_quality,BRATS_335,flair,sg_1dd2f970abd2e8ef,1,0.5666574423290264
shuffled_quality,BRATS_335,t1,sg_1dd2f970abd2e8ef,1,0.4288151018694822
shuffled_quality,BRATS_335,t1+flair,sg_1dd2f970abd2e8ef,2,0.6075416991216683
shuffled_quality,BRATS_335,t1+t1ce,sg_1dd2f970abd2e8ef,2,0.7512244997310965
shuffled_quality,BRATS_335,t1+t1ce+flair,sg_1dd2f970abd2e8ef,3,0.8200570559908247
shuffled_quality,BRATS_335,t1+t1ce+t2,sg_1dd2f970abd2e8ef,3,0.82457716033934
shuffled_quality,BRATS_335,t1+t1ce+t2+flair,sg_1dd2f970abd2e8ef,4,0.8219265285271677
shuffled_quality,BRATS_335,t1+t2,sg_1dd2f970abd2e8ef,2,0.5454366125709961
shuffled_quality,BRATS_335,t1+t2+flair,sg_1dd2f970abd2e8ef,3,0.6304541652931389
shuffled_quality,BRATS_335,t1ce,sg_1dd2f970abd2e8ef,1,0.6892748569776121
shuffled_quality,BRATS_335,t1ce+flair,sg_1dd2f970abd2e8ef,2,0.808199441392594
shuffled_quality,BRATS_335,t1ce+t2,sg_1dd2f970abd2e8ef,2,0.819975418219626
shuffled_quality,BRATS_335,t1ce+t2+flair,sg_1dd2f970abd2e8ef,3,0.816683692608828
shuffled_quality,BRATS_335,t2,sg_1dd2f970abd2e8ef,1,0.5160670090195744
shuffled_quality,BRATS_335,t2+flair,sg_1dd2f970abd2e8ef,2,0.6268816466568322
shuffled_quality,BRATS_338,flair,sg_602726c0ba192496,1,0.22529415687238963
shuffled_quality,BRATS_338,t1,sg_602726c0ba192496,1,0.1278216291159656
shuffled_quality,BRATS_338,t1+flair,sg_602726c0ba192496,2,0.35574030429862186
shuffled_quality,BRATS_338,t1+t1ce,sg_602726c0ba192496,2,0.2222529943536872
shuffled_quality,BRATS_338,t1+t1ce+flair,sg_602726c0ba192496,3,0.7437671895549515
shuffled_quality,BRATS_338,t1+t1ce+t2,sg_602726c0ba192496,3,0.6653378207657313
shuffled_quality,BRATS_338,t1+t1ce+t2+flair,sg_602726c0ba192496,4,0.7317345426071261
shuffled_quality,BRATS_338,t1+t2,sg_602726c0ba192496,2,0.32299692018039533
shuffled_quality,BRATS_338,t1+t2+flair,sg_602726c0ba192496,3,0.40182501401921034
shuffled_quality,BRATS_338,t1ce,sg_602726c0ba192496,1,0.08097954741535025
shuffled_quality,BRATS_338,t1ce+flair,sg_602726c0ba192496,2,0.7066529527078425
shuffled_quality,BRATS_338,t1ce+t2,sg_602726c0ba192496,2,0.644685249971687
shuffled_quality,BRATS_338,t1ce+t2+flair,sg_602726c0ba192496,3,0.7136002463312966
shuffled_quality,BRATS_338,t2,sg_602726c0ba192496,1,0.24379802099302572
shuffled_quality,BRATS_338,t2+flair,sg_602726c0ba192496,2,0.3159035707721867
shuffled_quality,BRATS_367,flair,sg_a46b5f5bbd1aae60,1,0.6055160341938177
shuffled_quality,BRATS_367,t1,sg_a46b5f5bbd1aae60,1,0.40401605288862924
shuffled_quality,BRATS_367,t1+flair,sg_a46b5f5bbd1aae60,2,0.6385759902613916
shuffled_quality,BRATS_367,t1+t1ce,sg_a46b5f5bbd1aae60,2,0.786870271725427
shuffled_quality,BRATS_367,t1+t1ce+flair,sg_a46b5f5bbd1aae60,3,0.8376984756276761
shuffled_quality,BRATS_367,t1+t1ce+t2,sg_a46b5f5bbd1aae60,3,0.8678413680364842
shuffled_quality,BRATS_367,t1+t1ce+t2+flair,sg_a46b5f5bbd1aae60,4,0.8403432420535681
shuffled_quality,BRATS_367,t1+t2,sg_a46b5f5bbd1aae60,2,0.6169376263856857
shuffled_quality,BRATS_367,t1+t2+flair,sg_a46b5f5bbd1aae60,3,0.6578732139446944
shuffled_quality,BRATS_367,t1ce,sg_a46b5f5bbd1aae60,1,0.7544614107889297
shuffled_quality,BRATS_367,t1ce+flair,sg_a46b5f5bbd1aae60,2,0.8455034759351223
shuffled_quality,BRATS_367,t1ce+t2,sg_a46b5f5bbd1aae60,2,0.8626541431125804
shuffled_quality,BRATS_367,t1ce+t2+flair,sg_a46b5f5bbd1aae60,3,0.851275195573234
shuffled_quality,BRATS_367,t2,sg_a46b5f5bbd1aae60,1,0.362333545489485
shuffled_quality,BRATS_367,t2+flair,sg_a46b5f5bbd1aae60,2,0.6303440447518128
shuffled_quality,BRATS_369,flair,sg_46b6c66765483f24,1,0.691826233227519
shuffled_quality,BRATS_369,t1,sg_46b6c66765483f24,1,0.5515417071410024
shuffled_quality,BRATS_369,t1+flair,sg_46b6c66765483f24,2,0.6545098460388535
shuffled_quality,BRATS_369,t1+t1ce,sg_46b6c66765483f24,2,0.7192072074905221
shuffled_quality,BRATS_369,t1+t1ce+flair,sg_46b6c66765483f24,3,0.7934385992601568
shuffled_quality,BRATS_369,t1+t1ce+t2,sg_46b6c66765483f24,3,0.8277399637009983
shuffled_quality,BRATS_369,t1+t1ce+t2+flair,sg_46b6c66765483f24,4,0.7958063496570733
shuffled_quality,BRATS_369,t1+t2,sg_46b6c66765483f24,2,0.6555035015731819
shuffled_quality,BRATS_369,t1+t2+flair,sg_46b6c66765483f24,3,0.676626048007949
shuffled_quality,BRATS_369,t1ce,sg_46b6c66765483f24,1,0.6631280456065031
shuffled_quality,BRATS_369,t1ce+flair,sg_46b6c66765483f24,2,0.7936159852762811
shuffled_quality,BRATS_369,t1ce+t2,sg_46b6c66765483f24,2,0.8412778145660181
shuffled_quality,BRATS_369,t1ce+t2+flair,sg_46b6c66765483f24,3,0.7995505791394035
shuffled_quality,BRATS_369,t2,sg_46b6c66765483f24,1,0.6679717957381541
shuffled_quality,BRATS_369,t2+flair,sg_46b6c66765483f24,2,0.6905889378920391
shuffled_quality,BRATS_404,flair,sg_294e1273de6f57c3,1,0.5538582242834922
shuffled_quality,BRATS_404,t1,sg_294e1273de6f57c3,1,0.08337200186795633
shuffled_quality,BRATS_404,t1+flair,sg_294e1273de6f57c3,2,0.5513063383873426
shuffled_quality,BRATS_404,t1+t1ce,sg_294e1273de6f57c3,2,0.5945806988861807
shuffled_quality,BRATS_404,t1+t1ce+flair,sg_294e1273de6f57c3,3,0.7919541468715777
shuffled_quality,BRATS_404,t1+t1ce+t2,sg_294e1273de6f57c3,3,0.7782457140251181
shuffled_quality,BRATS_404,t1+t1ce+t2+flair,sg_294e1273de6f57c3,4,0.7685780397859966
shuffled_quality,BRATS_404,t1+t2,sg_294e1273de6f57c3,2,0.6404777751062843
shuffled_quality,BRATS_404,t1+t2+flair,sg_294e1273de6f57c3,3,0.6097232291968804
shuffled_quality,BRATS_404,t1ce,sg_294e1273de6f57c3,1,0.5832877236380241
shuffled_quality,BRATS_404,t1ce+flair,sg_294e1273de6f57c3,2,0.7907907381453954
shuffled_quality,BRATS_404,t1ce+t2,sg_294e1273de6f57c3,2,0.7683583760089677
shuffled_quality,BRATS_404,t1ce+t2+flair,sg_294e1273de6f57c3,3,0.7623469210607491
shuffled_quality,BRATS_404,t2,sg_294e1273de6f57c3,1,0.5998121734155851
shuffled_quality,BRATS_404,t2+flair,sg_294e1273de6f57c3,2,0.6045338443922313
shuffled_quality,BRATS_413,flair,sg_3b44f65ab67602cc,1,0.30193989606515165
shuffled_quality,BRATS_413,t1,sg_3b44f65ab67602cc,1,0.26037358229451796
shuffled_quality,BRATS_413,t1+flair,sg_3b44f65ab67602cc,2,0.4652576768190754
shuffled_quality,BRATS_413,t1+t1ce,sg_3b44f65ab67602cc,2,0.5409123390193935
shuffled_quality,BRATS_413,t1+t1ce+flair,sg_3b44f65ab67602cc,3,0.7528210242798256
shuffled_quality,BRATS_413,t1+t1ce+t2,sg_3b44f65ab67602cc,3,0.7484407159549195
shuffled_quality,BRATS_413,t1+t1ce+t2+flair,sg_3b44f65ab67602cc,4,0.7553245730782733
shuffled_quality,BRATS_413,t1+t2,sg_3b44f65ab67602cc,2,0.4996886027547516
shuffled_quality,BRATS_413,t1+t2+flair,sg_3b44f65ab67602cc,3,0.4750473778237625
shuffled_quality,BRATS_413,t1ce,sg_3b44f65ab67602cc,1,0.4365658664137407
shuffled_quality,BRATS_413,t1ce+flair,sg_3b44f65ab67602cc,2,0.6109599287749364
shuffled_quality,BRATS_413,t1ce+t2,sg_3b44f65ab67602cc,2,0.6185377033869809
shuffled_quality,BRATS_413,t1ce+t2+flair,sg_3b44f65ab67602cc,3,0.6448141771974703
shuffled_quality,BRATS_413,t2,sg_3b44f65ab67602cc,1,0.25597919861674573
shuffled_quality,BRATS_413,t2+flair,sg_3b44f65ab67602cc,2,0.39437981886868995
shuffled_quality,BRATS_430,flair,sg_a4981b8b123d95c4,1,0.2451919620591759
shuffled_quality,BRATS_430,t1,sg_a4981b8b123d95c4,1,0.30715324254441795
shuffled_quality,BRATS_430,t1+flair,sg_a4981b8b123d95c4,2,0.34551323926379346
shuffled_quality,BRATS_430,t1+t1ce,sg_a4981b8b123d95c4,2,0.6897057312710099
shuffled_quality,BRATS_430,t1+t1ce+flair,sg_a4981b8b123d95c4,3,0.7776571602844292
shuffled_quality,BRATS_430,t1+t1ce+t2,sg_a4981b8b123d95c4,3,0.7685533281630182
shuffled_quality,BRATS_430,t1+t1ce+t2+flair,sg_a4981b8b123d95c4,4,0.803248036635796
shuffled_quality,BRATS_430,t1+t2,sg_a4981b8b123d95c4,2,0.4698808452854903
shuffled_quality,BRATS_430,t1+t2+flair,sg_a4981b8b123d95c4,3,0.44484826760034707
shuffled_quality,BRATS_430,t1ce,sg_a4981b8b123d95c4,1,0.5940134145271342
shuffled_quality,BRATS_430,t1ce+flair,sg_a4981b8b123d95c4,2,0.7653790266367652
shuffled_quality,BRATS_430,t1ce+t2,sg_a4981b8b123d95c4,2,0.7545324292791776
shuffled_quality,BRATS_430,t1ce+t2+flair,sg_a4981b8b123d95c4,3,0.799842386553342
shuffled_quality,BRATS_430,t2,sg_a4981b8b123d95c4,1,0.36617437081281734
shuffled_quality,BRATS_430,t2+flair,sg_a4981b8b123d95c4,2,0.41411850870425854
shuffled_quality,BRATS_441,flair,sg_baba356c1735c37c,1,0.4328172947793913
shuffled_quality,BRATS_441,t1,sg_baba356c1735c37c,1,0.39794342795978493
shuffled_quality,BRATS_441,t1+flair,sg_baba356c1735c37c,2,0.5215022986862451
shuffled_quality,BRATS_441,t1+t1ce,sg_baba356c1735c37c,2,0.7774192249627611
shuffled_quality,BRATS_441,t1+t1ce+flair,sg_baba356c1735c37c,3,0.8381007495503819
shuffled_quality,BRATS_441,t1+t1ce+t2,sg_baba356c1735c37c,3,0.8329632320657785
shuffled_quality,BRATS_441,t1+t1ce+t2+flair,sg_baba356c1735c37c,4,0.842262291540219
shuffled_quality,BRATS_441,t1+t2,sg_baba356c1735c37c,2,0.5714233944386006
shuffled_quality,BRATS_441,t1+t2+flair,sg_baba356c1735c37c,3,0.5910445390827813
shuffled_quality,BRATS_441,t1ce,sg_baba356c1735c37c,1,0.6889166616072524
shuffled_quality,BRATS_441,t1ce+flair,sg_baba356c1735c37c,2,0.8207604414815379
shuffled_quality,BRATS_441,t1ce+t2,sg_baba356c1735c37c,2,0.8271357554779991
shuffled_quality,BRATS_441,t1ce+t2+flair,sg_baba356c1735c37c,3,0.8367717122166646
shuffled_quality,BRATS_441,t2,sg_baba356c1735c37c,1,0.4707464070766623
shuffled_quality,BRATS_441,t2+flair,sg_baba356c1735c37c,2,0.5071326337387889
shuffled_quality,BRATS_484,flair,sg_482440ccbb01f4b6,1,0.623653847785121
shuffled_quality,BRATS_484,t1,sg_482440ccbb01f4b6,1,0.5191367940254432
shuffled_quality,BRATS_484,t1+flair,sg_482440ccbb01f4b6,2,0.746765404827368
shuffled_quality,BRATS_484,t1+t1ce,sg_482440ccbb01f4b6,2,0.8118567720150992
shuffled_quality,BRATS_484,t1+t1ce+flair,sg_482440ccbb01f4b6,3,0.8968674871462848
shuffled_quality,BRATS_484,t1+t1ce+t2,sg_482440ccbb01f4b6,3,0.8585588987523897
shuffled_quality,BRATS_484,t1+t1ce+t2+flair,sg_482440ccbb01f4b6,4,0.8953744179094393
shuffled_quality,BRATS_484,t1+t2,sg_482440ccbb01f4b6,2,0.647927931188268
shuffled_quality,BRATS_484,t1+t2+flair,sg_482440ccbb01f4b6,3,0.731378036101055
shuffled_quality,BRATS_484,t1ce,sg_482440ccbb01f4b6,1,0.7573653422027514
shuffled_quality,BRATS_484,t1ce+flair,sg_482440ccbb01f4b6,2,0.886919664432057
shuffled_quality,BRATS_484,t1ce+t2,sg_482440ccbb01f4b6,2,0.8266749250559643
shuffled_quality,BRATS_484,t1ce+t2+flair,sg_482440ccbb01f4b6,3,0.8830785504765436
shuffled_quality,BRATS_484,t2,sg_482440ccbb01f4b6,1,0.6442858007299213
shuffled_quality,BRATS_484,t2+flair,sg_482440ccbb01f4b6,2,0.6917814278068009
matched_moment_fusion,BRATS_021,flair,sg_8a56096263e207fc,1,0.6604848806052749
matched_moment_fusion,BRATS_021,t1,sg_8a56096263e207fc,1,0.2874785923065537
matched_moment_fusion,BRATS_021,t1+flair,sg_8a56096263e207fc,2,0.6799235168899617
matched_moment_fusion,BRATS_021,t1+t1ce,sg_8a56096263e207fc,2,0.5220912181052119
matched_moment_fusion,BRATS_021,t1+t1ce+flair,sg_8a56096263e207fc,3,0.6333983783475264
matched_moment_fusion,BRATS_021,t1+t1ce+t2,sg_8a56096263e207fc,3,0.7351164785191534
matched_moment_fusion,BRATS_021,t1+t1ce+t2+flair,sg_8a56096263e207fc,4,0.7580710877091833
matched_moment_fusion,BRATS_021,t1+t2,sg_8a56096263e207fc,2,0.6501900019880099
matched_moment_fusion,BRATS_021,t1+t2+flair,sg_8a56096263e207fc,3,0.7573587314129421
matched_moment_fusion,BRATS_021,t1ce,sg_8a56096263e207fc,1,0.3018948690091321
matched_moment_fusion,BRATS_021,t1ce+flair,sg_8a56096263e207fc,2,0.5999919479517368
matched_moment_fusion,BRATS_021,t1ce+t2,sg_8a56096263e207fc,2,0.7274375660688186
matched_moment_fusion,BRATS_021,t1ce+t2+flair,sg_8a56096263e207fc,3,0.7591043837328592
matched_moment_fusion,BRATS_021,t2,sg_8a56096263e207fc,1,0.5109885650934335
matched_moment_fusion,BRATS_021,t2+flair,sg_8a56096263e207fc,2,0.7184893204356279
matched_moment_fusion,BRATS_111,flair,sg_74969a1c98337c11,1,0.6533653308440531
matched_moment_fusion,BRATS_111,t1,sg_74969a1c98337c11,1,0.4309657071804483
matched_moment_fusion,BRATS_111,t1+flair,sg_74969a1c98337c11,2,0.7280314854080632
matched_moment_fusion,BRATS_111,t1+t1ce,sg_74969a1c98337c11,2,0.820121282108505
matched_moment_fusion,BRATS_111,t1+t1ce+flair,sg_74969a1c98337c11,3,0.9287452507923207
matched_moment_fusion,BRATS_111,t1+t1ce+t2,sg_74969a1c98337c11,3,0.8823972458996087
matched_moment_fusion,BRATS_111,t1+t1ce+t2+flair,sg_74969a1c98337c11,4,0.9254938335235036
matched_moment_fusion,BRATS_111,t1+t2,sg_74969a1c98337c11,2,0.5962225182628164
matched_moment_fusion,BRATS_111,t1+t2+flair,sg_74969a1c98337c11,3,0.7215987774108518
matched_moment_fusion,BRATS_111,t1ce,sg_74969a1c98337c11,1,0.7855821058829111
matched_moment_fusion,BRATS_111,t1ce+flair,sg_74969a1c98337c11,2,0.9226253307753453
matched_moment_fusion,BRATS_111,t1ce+t2,sg_74969a1c98337c11,2,0.8431496905000025
matched_moment_fusion,BRATS_111,t1ce+t2+flair,sg_74969a1c98337c11,3,0.9196850006488967
matched_moment_fusion,BRATS_111,t2,sg_74969a1c98337c11,1,0.44206936399954877
matched_moment_fusion,BRATS_111,t2+flair,sg_74969a1c98337c11,2,0.652188256759937
matched_moment_fusion,BRATS_172,flair,sg_cb857fb98a0abf51,1,0.740047246416898
matched_moment_fusion,BRATS_172,t1,sg_cb857fb98a0abf51,1,0.6335881233902841
matched_moment_fusion,BRATS_172,t1+flair,sg_cb857fb98a0abf51,2,0.7512456457171446
matched_moment_fusion,BRATS_172,t1+t1ce,sg_cb857fb98a0abf51,2,0.8857635115724701
matched_moment_fusion,BRATS_172,t1+t1ce+flair,sg_cb857fb98a0abf51,3,0.9368246642861552
matched_moment_fusion,BRATS_172,t1+t1ce+t2,sg_cb857fb98a0abf51,3,0.9294550109953182
matched_moment_fusion,BRATS_172,t1+t1ce+t2+flair,sg_cb857fb98a0abf51,4,0.9414806591198172
matched_moment_fusion,BRATS_172,t1+t2,sg_cb857fb98a0abf51,2,0.7007015330245308
matched_moment_fusion,BRATS_172,t1+t2+flair,sg_cb857fb98a0abf51,3,0.7472377709628257
matched_moment_fusion,BRATS_172,t1ce,sg_cb857fb98a0abf51,1,0.859995125770093
matched_moment_fusion,BRATS_172,t1ce+flair,sg_cb857fb98a0abf51,2,0.9346368173977392
matched_moment_fusion,BRATS_172,t1ce+t2,sg_cb857fb98a0abf51,2,0.9240857825203426
matched_moment_fusion,BRATS_172,t1ce+t2+flair,sg_cb857fb98a0abf51,3,0.9411673410521465
matched_moment_fusion,BRATS_172,t2,sg_cb857fb98a0abf51,1,0.7007517803002977
matched_moment_fusion,BRATS_172,t2+flair,sg_cb857fb98a0abf51,2,0.7476518760699293
matched_moment_fusion,BRATS_219,flair,sg_4634c4d061d30852,1,0.6590038158829467
matched_moment_fusion,BRATS_219,t1,sg_4634c4d061d30852,1,0.6438949115271044
matched_moment_fusion,BRATS_219,t1+flair,sg_4634c4d061d30852,2,0.634693536606285
matched_moment_fusion,BRATS_219,t1+t1ce,sg_4634c4d061d30852,2,0.839119594694906
matched_moment_fusion,BRATS_219,t1+t1ce+flair,sg_4634c4d061d30852,3,0.8782954310165404
matched_moment_fusion,BRATS_219,t1+t1ce+t2,sg_4634c4d061d30852,3,0.8877759238906852
matched_moment_fusion,BRATS_219,t1+t1ce+t2+flair,sg_4634c4d061d30852,4,0.8963345215358712
matched_moment_fusion,BRATS_219,t1+t2,sg_4634c4d061d30852,2,0.6954247129871448
matched_moment_fusion,BRATS_219,t1+t2+flair,sg_4634c4d061d30852,3,0.6799518403246195
matched_moment_fusion,BRATS_219,t1ce,sg_4634c4d061d30852,1,0.8076032267097409
matched_moment_fusion,BRATS_219,t1ce+flair,sg_4634c4d061d30852,2,0.8795921139544318
matched_moment_fusion,BRATS_219,t1ce+t2,sg_4634c4d061d30852,2,0.8654123180734224
matched_moment_fusion,BRATS_219,t1ce+t2+flair,sg_4634c4d061d30852,3,0.8999233135231158
matched_moment_fusion,BRATS_219,t2,sg_4634c4d061d30852,1,0.6531527635960689
matched_moment_fusion,BRATS_219,t2+flair,sg_4634c4d061d30852,2,0.6996220854399094
matched_moment_fusion,BRATS_230,flair,sg_1669c905c2882ce2,1,0.22190188010696163
matched_moment_fusion,BRATS_230,t1,sg_1669c905c2882ce2,1,0.26781826864507646
matched_moment_fusion,BRATS_230,t1+flair,sg_1669c905c2882ce2,2,0.35079889920428803
matched_moment_fusion,BRATS_230,t1+t1ce,sg_1669c905c2882ce2,2,0.40455478032093367
matched_moment_fusion,BRATS_230,t1+t1ce+flair,sg_1669c905c2882ce2,3,0.6314224301189852
matched_moment_fusion,BRATS_230,t1+t1ce+t2,sg_1669c905c2882ce2,3,0.6103337771323583
matched_moment_fusion,BRATS_230,t1+t1ce+t2+flair,sg_1669c905c2882ce2,4,0.7203741584910723
matched_moment_fusion,BRATS_230,t1+t2,sg_1669c905c2882ce2,2,0.4170182132633391
matched_moment_fusion,BRATS_230,t1+t2+flair,sg_1669c905c2882ce2,3,0.4822438426883728
matched_moment_fusion,BRATS_230,t1ce,sg_1669c905c2882ce2,1,0.34955935357330703
matched_moment_fusion,BRATS_230,t1ce+flair,sg_1669c905c2882ce2,2,0.30324412731964673
matched_moment_fusion,BRATS_230,t1ce+t2,sg_1669c905c2882ce2,2,0.5609923878110494
matched_moment_fusion,BRATS_230,t1ce+t2+flair,sg_1669c905c2882ce2,3,0.6653169994546876
matched_moment_fusion,BRATS_230,t2,sg_1669c905c2882ce2,1,0.385155676260255
matched_moment_fusion,BRATS_230,t2+flair,sg_1669c905c2882ce2,2,0.4453064515903112
matched_moment_fusion,BRATS_258,flair,sg_9568e8757c7f7a03,1,0.6106387358220139
matched_moment_fusion,BRATS_258,t1,sg_9568e8757c7f7a03,1,0.05865309995171556
matched_moment_fusion,BRATS_258,t1+flair,sg_9568e8757c7f7a03,2,0.5838262735292078
matched_moment_fusion,BRATS_258,t1+t1ce,sg_9568e8757c7f7a03,2,0.7409477503524887
matched_moment_fusion,BRATS_258,t1+t1ce+flair,sg_9568e8757c7f7a03,3,0.8755018440700607
matched_moment_fusion,BRATS_258,t1+t1ce+t2,sg_9568e8757c7f7a03,3,0.8673846211283296
matched_moment_fusion,BRATS_258,t1+t1ce+t2+flair,sg_9568e8757c7f7a03,4,0.8843182750090118
matched_moment_fusion,BRATS_258,t1+t2,sg_9568e8757c7f7a03,2,0.5476873667811843
matched_moment_fusion,BRATS_258,t1+t2+flair,sg_9568e8757c7f7a03,3,0.6149460512568671
matched_moment_fusion,BRATS_258,t1ce,sg_9568e8757c7f7a03,1,0.7281404365601971
matched_moment_fusion,BRATS_258,t1ce+flair,sg_9568e8757c7f7a03,2,0.861266063233027
matched_moment_fusion,BRATS_258,t1ce+t2,sg_9568e8757c7f7a03,2,0.8483734513198792
matched_moment_fusion,BRATS_258,t1ce+t2+flair,sg_9568e8757c7f7a03,3,0.8904163449780644
matched_moment_fusion,BRATS_258,t2,sg_9568e8757c7f7a03,1,0.45037515305099585
matched_moment_fusion,BRATS_258,t2+flair,sg_9568e8757c7f7a03,2,0.6404396101047283
matched_moment_fusion,BRATS_324,flair,sg_dbb5dd7d7605593e,1,0.32109296107351126
matched_moment_fusion,BRATS_324,t1,sg_dbb5dd7d7605593e,1,0.2342289841714363
matched_moment_fusion,BRATS_324,t1+flair,sg_dbb5dd7d7605593e,2,0.3243912048559127
matched_moment_fusion,BRATS_324,t1+t1ce,sg_dbb5dd7d7605593e,2,0.6189740492808213
matched_moment_fusion,BRATS_324,t1+t1ce+flair,sg_dbb5dd7d7605593e,3,0.7254897579520471
matched_moment_fusion,BRATS_324,t1+t1ce+t2,sg_dbb5dd7d7605593e,3,0.7192242659993261
matched_moment_fusion,BRATS_324,t1+t1ce+t2+flair,sg_dbb5dd7d7605593e,4,0.7637070114366648
matched_moment_fusion,BRATS_324,t1+t2,sg_dbb5dd7d7605593e,2,0.3130131024742204
matched_moment_fusion,BRATS_324,t1+t2+flair,sg_dbb5dd7d7605593e,3,0.3568020239082614
matched_moment_fusion,BRATS_324,t1ce,sg_dbb5dd7d7605593e,1,0.579814710622785
matched_moment_fusion,BRATS_324,t1ce+flair,sg_dbb5dd7d7605593e,2,0.7355034869188849
matched_moment_fusion,BRATS_324,t1ce+t2,sg_dbb5dd7d7605593e,2,0.7215609034888772
matched_moment_fusion,BRATS_324,t1ce+t2+flair,sg_dbb5dd7d7605593e,3,0.7780775706394865
matched_moment_fusion,BRATS_324,t2,sg_dbb5dd7d7605593e,1,0.29543477797991763
matched_moment_fusion,BRATS_324,t2+flair,sg_dbb5dd7d7605593e,2,0.3616702695697609
matched_moment_fusion,BRATS_335,flair,sg_1dd2f970abd2e8ef,1,0.6207809378801855
matched_moment_fusion,BRATS_335,t1,sg_1dd2f970abd2e8ef,1,0.37966721650224233
matched_moment_fusion,BRATS_335,t1+flair,sg_1dd2f970abd2e8ef,2,0.632087350780536
matched_moment_fusion,BRATS_335,t1+t1ce,sg_1dd2f970abd2e8ef,2,0.7093424863103729
matched_moment_fusion,BRATS_335,t1+t1ce+flair,sg_1dd2f970abd2e8ef,3,0.829317872117683
matched_moment_fusion,BRATS_335,t1+t1ce+t2,sg_1dd2f970abd2e8ef,3,0.8156044506247667
matched_moment_fusion,BRATS_335,t1+t1ce+t2+flair,sg_1dd2f970abd2e8ef,4,0.8337360208976832
matched_moment_fusion,BRATS_335,t1+t2,sg_1dd2f970abd2e8ef,2,0.5440930890734935
matched_moment_fusion,BRATS_335,t1+t2+flair,sg_1dd2f970abd2e8ef,3,0.6562224400910379
matched_moment_fusion,BRATS_335,t1ce,sg_1dd2f970abd2e8ef,1,0.6067290094261832
matched_moment_fusion,BRATS_335,t1ce+flair,sg_1dd2f970abd2e8ef,2,0.8093760802654408
matched_moment_fusion,BRATS_335,t1ce+t2,sg_1dd2f970abd2e8ef,2,0.8029105595239209
matched_moment_fusion,BRATS_335,t1ce+t2+flair,sg_1dd2f970abd2e8ef,3,0.8288729541733005
matched_moment_fusion,BRATS_335,t2,sg_1dd2f970abd2e8ef,1,0.5441913481502682
matched_moment_fusion,BRATS_335,t2+flair,sg_1dd2f970abd2e8ef,2,0.6692878398788578
matched_moment_fusion,BRATS_338,flair,sg_602726c0ba192496,1,0.3376957755228173
matched_moment_fusion,BRATS_338,t1,sg_602726c0ba192496,1,0.10645108128980026
matched_moment_fusion,BRATS_338,t1+flair,sg_602726c0ba192496,2,0.378806072335272
matched_moment_fusion,BRATS_338,t1+t1ce,sg_602726c0ba192496,2,0.27781921153867795
matched_moment_fusion,BRATS_338,t1+t1ce+flair,sg_602726c0ba192496,3,0.7327983636123822
matched_moment_fusion,BRATS_338,t1+t1ce+t2,sg_602726c0ba192496,3,0.6270320637357714
matched_moment_fusion,BRATS_338,t1+t1ce+t2+flair,sg_602726c0ba192496,4,0.7162577967102622
matched_moment_fusion,BRATS_338,t1+t2,sg_602726c0ba192496,2,0.273204567987807
matched_moment_fusion,BRATS_338,t1+t2+flair,sg_602726c0ba192496,3,0.3770670830023775
matched_moment_fusion,BRATS_338,t1ce,sg_602726c0ba192496,1,0.3536980882489124
matched_moment_fusion,BRATS_338,t1ce+flair,sg_602726c0ba192496,2,0.6980571641898322
matched_moment_fusion,BRATS_338,t1ce+t2,sg_602726c0ba192496,2,0.6033649397048046
matched_moment_fusion,BRATS_338,t1ce+t2+flair,sg_602726c0ba192496,3,0.697603351294231
matched_moment_fusion,BRATS_338,t2,sg_602726c0ba192496,1,0.23237057906911907
matched_moment_fusion,BRATS_338,t2+flair,sg_602726c0ba192496,2,0.37131083368628
matched_moment_fusion,BRATS_367,flair,sg_a46b5f5bbd1aae60,1,0.6328007685417493
matched_moment_fusion,BRATS_367,t1,sg_a46b5f5bbd1aae60,1,0.4352901535560408
matched_moment_fusion,BRATS_367,t1+flair,sg_a46b5f5bbd1aae60,2,0.667447520732777
matched_moment_fusion,BRATS_367,t1+t1ce,sg_a46b5f5bbd1aae60,2,0.8308479600800767
matched_moment_fusion,BRATS_367,t1+t1ce+flair,sg_a46b5f5bbd1aae60,3,0.8720696976086825
matched_moment_fusion,BRATS_367,t1+t1ce+t2,sg_a46b5f5bbd1aae60,3,0.8790967038875742
matched_moment_fusion,BRATS_367,t1+t1ce+t2+flair,sg_a46b5f5bbd1aae60,4,0.8630326018005544
matched_moment_fusion,BRATS_367,t1+t2,sg_a46b5f5bbd1aae60,2,0.6584236247485767
matched_moment_fusion,BRATS_367,t1+t2+flair,sg_a46b5f5bbd1aae60,3,0.6920591554226684
matched_moment_fusion,BRATS_367,t1ce,sg_a46b5f5bbd1aae60,1,0.7890487512716882
matched_moment_fusion,BRATS_367,t1ce+flair,sg_a46b5f5bbd1aae60,2,0.8643262699475578
matched_moment_fusion,BRATS_367,t1ce+t2,sg_a46b5f5bbd1aae60,2,0.8576600346857001
matched_moment_fusion,BRATS_367,t1ce+t2+flair,sg_a46b5f5bbd1aae60,3,0.8629889301052592
matched_moment_fusion,BRATS_367,t2,sg_a46b5f5bbd1aae60,1,0.5585955944850941
matched_moment_fusion,BRATS_367,t2+flair,sg_a46b5f5bbd1aae60,2,0.6537780435508084
matched_moment_fusion,BRATS_369,flair,sg_46b6c66765483f24,1,0.6843202146273332
matched_moment_fusion,BRATS_369,t1,sg_46b6c66765483f24,1,0.5844394692396324
matched_moment_fusion,BRATS_369,t1+flair,sg_46b6c66765483f24,2,0.6769993700836051
matched_moment_fusion,BRATS_369,t1+t1ce,sg_46b6c66765483f24,2,0.7881888801357504
matched_moment_fusion,BRATS_369,t1+t1ce+flair,sg_46b6c66765483f24,3,0.8201366834383816
matched_moment_fusion,BRATS_369,t1+t1ce+t2,sg_46b6c66765483f24,3,0.8799416564660114
matched_moment_fusion,BRATS_369,t1+t1ce+t2+flair,sg_46b6c66765483f24,4,0.8361417391842513
matched_moment_fusion,BRATS_369,t1+t2,sg_46b6c66765483f24,2,0.712461674881582
matched_moment_fusion,BRATS_369,t1+t2+flair,sg_46b6c66765483f24,3,0.7030589749960345
matched_moment_fusion,BRATS_369,t1ce,sg_46b6c66765483f24,1,0.7462501554435033
matched_moment_fusion,BRATS_369,t1ce+flair,sg_46b6c66765483f24,2,0.8167065565216349
matched_moment_fusion,BRATS_369,t1ce+t2,sg_46b6c66765483f24,2,0.8806610097375209
matched_moment_fusion,BRATS_369,t1ce+t2+flair,sg_46b6c66765483f24,3,0.8438601110291337
matched_moment_fusion,BRATS_369,t2,sg_46b6c66765483f24,1,0.7096044120881375
matched_moment_fusion,BRATS_369,t2+flair,sg_46b6c66765483f24,2,0.7088607804680183
matched_moment_fusion,BRATS_404,flair,sg_294e1273de6f57c3,1,0.5361969555493471
matched_moment_fusion,BRATS_404,t1,sg_294e1273de6f57c3,1,0.11936815421287435
matched_moment_fusion,BRATS_404,t1+flair,sg_294e1273de6f57c3,2,0.6695463949492099
matched_moment_fusion,BRATS_404,t1+t1ce,sg_294e1273de6f57c3,2,0.445558776864849
matched_moment_fusion,BRATS_404,t1+t1ce+flair,sg_294e1273de6f57c3,3,0.7744708086852682
matched_moment_fusion,BRATS_404,t1+t1ce+t2,sg_294e1273de6f57c3,3,0.7853655797246395
matched_moment_fusion,BRATS_404,t1+t1ce+t2+flair,sg_294e1273de6f57c3,4,0.7779642543977973
matched_moment_fusion,BRATS_404,t1+t2,sg_294e1273de6f57c3,2,0.7335303630501206
matched_moment_fusion,BRATS_404,t1+t2+flair,sg_294e1273de6f57c3,3,0.7293916268138779
matched_moment_fusion,BRATS_404,t1ce,sg_294e1273de6f57c3,1,0.3295720634502339
matched_moment_fusion,BRATS_404,t1ce+flair,sg_294e1273de6f57c3,2,0.7608316768386666
matched_moment_fusion,BRATS_404,t1ce+t2,sg_294e1273de6f57c3,2,0.7674294054262806
matched_moment_fusion,BRATS_404,t1ce+t2+flair,sg_294e1273de6f57c3,3,0.7735223217771755
matched_moment_fusion,BRATS_404,t2,sg_294e1273de6f57c3,1,0.733137173116547
matched_moment_fusion,BRATS_404,t2+flair,sg_294e1273de6f57c3,2,0.6064515565212489
matched_moment_fusion,BRATS_413,flair,sg_3b44f65ab67602cc,1,0.3556826191864795
matched_moment_fusion,BRATS_413,t1,sg_3b44f65ab67602cc,1,0.28595776849802057
matched_moment_fusion,BRATS_413,t1+flair,sg_3b44f65ab67602cc,2,0.4340790227320845
matched_moment_fusion,BRATS_413,t1+t1ce,sg_3b44f65ab67602cc,2,0.6417002508441797
matched_moment_fusion,BRATS_413,t1+t1ce+flair,sg_3b44f65ab67602cc,3,0.768953645198387
matched_moment_fusion,BRATS_413,t1+t1ce+t2,sg_3b44f65ab67602cc,3,0.7904610487557009
matched_moment_fusion,BRATS_413,t1+t1ce+t2+flair,sg_3b44f65ab67602cc,4,0.7672516749739264
matched_moment_fusion,BRATS_413,t1+t2,sg_3b44f65ab67602cc,2,0.4481398802010868
matched_moment_fusion,BRATS_413,t1+t2+flair,sg_3b44f65ab67602cc,3,0.4464218269158204
matched_moment_fusion,BRATS_413,t1ce,sg_3b44f65ab67602cc,1,0.5109008492967394
matched_moment_fusion,BRATS_413,t1ce+flair,sg_3b44f65ab67602cc,2,0.6851761517595895
matched_moment_fusion,BRATS_413,t1ce+t2,sg_3b44f65ab67602cc,2,0.7102180619964851
matched_moment_fusion,BRATS_413,t1ce+t2+flair,sg_3b44f65ab67602cc,3,0.7079718605063267
matched_moment_fusion,BRATS_413,t2,sg_3b44f65ab67602cc,1,0.33571361263736765
matched_moment_fusion,BRATS_413,t2+flair,sg_3b44f65ab67602cc,2,0.42610877999551855
matched_moment_fusion,BRATS_430,flair,sg_a4981b8b123d95c4,1,0.23998646287878933
matched_moment_fusion,BRATS_430,t1,sg_a4981b8b123d95c4,1,0.31471366753523095
matched_moment_fusion,BRATS_430,t1+flair,sg_a4981b8b123d95c4,2,0.3515974233037063
matched_moment_fusion,BRATS_430,t1+t1ce,sg_a4981b8b123d95c4,2,0.6655702107955902
matched_moment_fusion,BRATS_430,t1+t1ce+flair,sg_a4981b8b123d95c4,3,0.8138105042465519
matched_moment_fusion,BRATS_430,t1+t1ce+t2,sg_a4981b8b123d95c4,3,0.7900375897479809
matched_moment_fusion,BRATS_430,t1+t1ce+t2+flair,sg_a4981b8b123d95c4,4,0.8320893289239256
matched_moment_fusion,BRATS_430,t1+t2,sg_a4981b8b123d95c4,2,0.44108052400674885
matched_moment_fusion,BRATS_430,t1+t2+flair,sg_a4981b8b123d95c4,3,0.4583735609775234
matched_moment_fusion,BRATS_430,t1ce,sg_a4981b8b123d95c4,1,0.6430759560936693
matched_moment_fusion,BRATS_430,t1ce+flair,sg_a4981b8b123d95c4,2,0.8200170108503206
matched_moment_fusion,BRATS_430,t1ce+t2,sg_a4981b8b123d95c4,2,0.7926116212353983
matched_moment_fusion,BRATS_430,t1ce+t2+flair,sg_a4981b8b123d95c4,3,0.8351831679197784
matched_moment_fusion,BRATS_430,t2,sg_a4981b8b123d95c4,1,0.3939594952365455
matched_moment_fusion,BRATS_430,t2+flair,sg_a4981b8b123d95c4,2,0.4381223048847005
matched_moment_fusion,BRATS_441,flair,sg_baba356c1735c37c,1,0.5064788406348518
matched_moment_fusion,BRATS_441,t1,sg_baba356c1735c37c,1,0.3792551566362614
matched_moment_fusion,BRATS_441,t1+flair,sg_baba356c1735c37c,2,0.5439597015608134
matched_moment_fusion,BRATS_441,t1+t1ce,sg_baba356c1735c37c,2,0.7351215434863224
matched_moment_fusion,BRATS_441,t1+t1ce+flair,sg_baba356c1735c37c,3,0.8241711561520616
matched_moment_fusion,BRATS_441,t1+t1ce+t2,sg_baba356c1735c37c,3,0.8309360244190015
matched_moment_fusion,BRATS_441,t1+t1ce+t2+flair,sg_baba356c1735c37c,4,0.8469153720568544
matched_moment_fusion,BRATS_441,t1+t2,sg_baba356c1735c37c,2,0.5524048497855453
matched_moment_fusion,BRATS_441,t1+t2+flair,sg_baba356c1735c37c,3,0.6301703463730021
matched_moment_fusion,BRATS_441,t1ce,sg_baba356c1735c37c,1,0.6610406424002675
matched_moment_fusion,BRATS_441,t1ce+flair,sg_baba356c1735c37c,2,0.810372367150591
matched_moment_fusion,BRATS_441,t1ce+t2,sg_baba356c1735c37c,2,0.8206083876453772
matched_moment_fusion,BRATS_441,t1ce+t2+flair,sg_baba356c1735c37c,3,0.8383710619323871
matched_moment_fusion,BRATS_441,t2,sg_baba356c1735c37c,1,0.5055814966139413
matched_moment_fusion,BRATS_441,t2+flair,sg_baba356c1735c37c,2,0.6004583452955489
matched_moment_fusion,BRATS_484,flair,sg_482440ccbb01f4b6,1,0.7044823735391045
matched_moment_fusion,BRATS_484,t1,sg_482440ccbb01f4b6,1,0.5713076238011275
matched_moment_fusion,BRATS_484,t1+flair,sg_482440ccbb01f4b6,2,0.746722806302801
matched_moment_fusion,BRATS_484,t1+t1ce,sg_482440ccbb01f4b6,2,0.8412403297032552
matched_moment_fusion,BRATS_484,t1+t1ce+flair,sg_482440ccbb01f4b6,3,0.911990780909707
matched_moment_fusion,BRATS_484,t1+t1ce+t2,sg_482440ccbb01f4b6,3,0.8761365235094464
matched_moment_fusion,BRATS_484,t1+t1ce+t2+flair,sg_482440ccbb01f4b6,4,0.9082258426174287
matched_moment_fusion,BRATS_484,t1+t2,sg_482440ccbb01f4b6,2,0.6486966459332
matched_moment_fusion,BRATS_484,t1+t2+flair,sg_482440ccbb01f4b6,3,0.7421672597538956
matched_moment_fusion,BRATS_484,t1ce,sg_482440ccbb01f4b6,1,0.8247419163557338
matched_moment_fusion,BRATS_484,t1ce+flair,sg_482440ccbb01f4b6,2,0.905892055684474
matched_moment_fusion,BRATS_484,t1ce+t2,sg_482440ccbb01f4b6,2,0.8572520256483637
matched_moment_fusion,BRATS_484,t1ce+t2+flair,sg_482440ccbb01f4b6,3,0.9001935200796822
matched_moment_fusion,BRATS_484,t2,sg_482440ccbb01f4b6,1,0.6045666438301917
matched_moment_fusion,BRATS_484,t2+flair,sg_482440ccbb01f4b6,2,0.6888867408559406
