epoch,dice,bce,seg,boundary,nested,deep_supervision,total,epoch_seconds,lr,val_full_macro_dice,val_mean_subset_macro_dice,val_worst_subset_macro_dice,val_macro_dice::t1+t1ce+t2+flair,val_macro_dice::t1+t2+flair,val_macro_dice::t1+t1ce+t2,selection_score,consistency,model
0,0.9746867430210112,0.6532614481449127,0.8461166542768478,0.7283077204227447,0.0495578376203775,0.5914580219984055,1.512883335351944,27.51506907800001,5.1e-05,,,,,,,,,qmmf
1,0.9687437200546264,0.4759150800108909,0.7716122949123383,0.6954866003990173,0.0283373701386153,0.4865248993039131,1.3291027176380157,24.866534855,0.0001009999999999,,,,,,,,,qmmf
2,0.9560945254564284,0.3843146482110023,0.7273826020956039,0.6945295321941376,0.0234629078768193,0.4590667870640754,1.2570754778385165,24.08150556800001,0.0001509999999999,,,,,,,,,qmmf
3,0.947257342338562,0.3449374821782112,0.7063294279575348,0.6806098836660385,0.0194021526817232,0.4374616551399231,1.212822185754776,24.45573884300001,0.0002009999999999,,,,,,,,,qmmf
4,0.9578228360414504,0.3007688298821449,0.6950012576580048,0.6738196778297424,0.0134873675089329,0.4300937792658806,1.1931513679027557,23.74847050400001,0.000251,,,,,,,,,qmmf
5,0.9418535089492798,0.2579959763586521,0.6683105176687241,0.6788613730669022,0.0096996393240988,0.4048124840855598,1.1414941197633743,24.104665065999995,0.0003,,,,,,,,,qmmf
6,0.9374012506008148,0.2144948747754097,0.6482387232780457,0.6784361308813095,0.0069594749109819,0.3892692691087723,1.1056995791196824,23.362897662000023,0.0002999430460537,,,,,,,,,qmmf
7,0.9286455792188644,0.176358286589384,0.6277306813001633,0.665959153175354,0.005799415288493,0.3715592634677886,1.066175833940506,23.80033725799996,0.0002997722274649,,,,,,,,,qmmf
8,0.9228746122121811,0.1496777218580246,0.6135958775877952,0.6880470436811447,0.0043578137340955,0.371978512853384,1.0545969885587692,24.04873280700008,0.000299487673951,,,,,,,,,qmmf
9,0.8917105144262314,0.1280024909228086,0.5862273281812668,0.6771677899360656,0.0062126305047422,0.3469166001677513,1.0011713373661042,23.664346282999983,0.0002990896015976,0.4429655935839252,0.427751792084355,0.3531186332342963,0.4429655935839252,0.3861441276343967,0.4541456550347429,0.4294167570990912,,qmmf
10,0.8964313942193985,0.1055154720693826,0.5800650480389595,0.6695732772350311,0.0048842595680616,0.3506599110364914,0.9979265010356904,24.579442170999982,0.0002985783126956,,,,,,,,,qmmf
11,0.8745293760299683,0.0894824068248272,0.5605106100440025,0.6865301203727722,0.004826362238964,0.3388531197607517,0.968258062005043,24.600122386999946,0.0002979541955104,,,,,,,,,qmmf
12,0.856867208480835,0.0776534835621714,0.5451817402243614,0.6909630998969079,0.0049589648144319,0.3262165196239948,0.9407425159215927,24.614305554,0.0002972177239878,,,,,,,,,qmmf
13,0.8549745982885361,0.0656058523803949,0.5392271181941033,0.6848120629787445,0.0048198898066766,0.3332718327641487,0.9412211507558824,25.31055126499996,0.0002963694573941,,,,,,,,,qmmf
14,0.8372817099094391,0.0571114907041192,0.525213643014431,0.7009337881207466,0.0042778422893024,0.3288646118342876,0.9243855276703834,23.50034061999997,0.0002954100398908,,,,,,,,,qmmf
15,0.8128724360466003,0.0502993344143033,0.5078432151675224,0.6968183952569962,0.0042459501349367,0.3170044378936291,0.8947417896986007,24.62710073900007,0.0002943402000463,,,,,,,,,qmmf
16,0.8244252318143844,0.0427636422775685,0.511760616004467,0.722015663087368,0.0033595666615292,0.3286665211617947,0.9127966845035552,23.88567063000005,0.0002931607502819,,,,,,,,,qmmf
17,0.8069621711969376,0.0408327847346663,0.5005104383826255,0.7161258459091187,0.0029479972831904,0.3208796092122793,0.8931500282883644,24.177190139000004,0.000291872586255,,,,,,,,,qmmf
18,0.8397749388217925,0.0446931519173085,0.5217422437667847,0.7958772593736648,0.0024137933854945,0.3526223781704902,0.9656723523139954,24.739238202000024,0.0002904766861795,,,,,,,,0.0579965383559465,qmmf
19,0.8234954887628555,0.0440569342300295,0.5117200866341591,0.7796007195115089,0.0019907006330322,0.3435274624824524,0.9365394407510758,22.55810038300001,0.0002889741100822,0.6056960939873185,0.5243588322912944,0.4068620432871064,0.6056960939873185,0.4261766625785925,0.5412037403079725,0.56141151040849,0.0161614250554703,qmmf
20,0.8011870998144149,0.0411779524572193,0.4971834602952003,0.7709639409184456,0.0017820914980256,0.3361063793301582,0.9121044671535492,25.248042338999998,0.0002873659989982,,,,,,,,0.008145653582178,qmmf
21,0.8051541012525558,0.0362782344035804,0.4976037746667862,0.8030750674009323,0.0014151627611136,0.3371956051886082,0.9166898423433304,25.35763784200003,0.0002856535741046,,,,,,,,0.0075609997473657,qmmf
22,0.7642901763319969,0.0354522656276822,0.4727550302445888,0.7776077824831009,0.001239616057137,0.319996962249279,0.8718945860862732,26.01166496199994,0.0002838381357927,,,,,,,,0.006599178770557,qmmf
23,0.7744402474164963,0.0322888532094657,0.4775797095894813,0.7830726981163025,0.0009466620284365,0.3254450872540474,0.8825365960597992,25.06930123699999,0.0002819210626809,,,,,,,,0.0057859798334538,qmmf
24,0.7763128331303597,0.0292293538246303,0.4774794596433639,0.7772421127557755,0.0008426962365047,0.3291394257545471,0.8853951346874237,25.014101106999988,0.0002799038105676,,,,,,,,0.0050495040789246,qmmf
25,0.7847754588723183,0.0257544652093201,0.4811670804023742,0.7715980684757233,0.0006912752790958,0.3327295409142971,0.8920222383737564,25.22078113800012,0.0002777879113257,,,,,,,,0.0046562495571561,qmmf
26,0.7457248392701149,0.0285681548900902,0.4588621827960014,0.7798365709185601,0.0005995496151444,0.3180985516309738,0.8558558130264282,25.597316801000037,0.0002755749717393,,,,,,,,0.0044072065385989,qmmf
27,0.7720531654357911,0.0267620728490874,0.4739367470145225,0.7942141669988633,0.0005458955235371,0.3321522064507007,0.8864213845133782,25.41776868300008,0.0002732666722837,,,,,,,,0.0044185892306268,qmmf
28,0.7642956873774529,0.0279137588012963,0.4697429376840591,0.7958652952313423,0.0004699977367999,0.3277582339942455,0.8779140049219132,23.926784451999996,0.0002708647658491,,,,,,,,0.0040139898448251,qmmf
29,0.7402781429886818,0.0284976942371577,0.4555659821629524,0.8134616082906723,0.0004116609346237,0.319801571816206,0.8574365293979644,23.24439600899996,0.0002683710764094,0.6805252775214784,0.5750469835495744,0.4199175800083339,0.6805252775214784,0.4539824805828691,0.5906331925443756,0.6228210195785927,0.0035111681954003,qmmf
30,0.7400330096483231,0.0261541343759745,0.4544814758002758,0.7869298684597016,0.0003544353483812,0.3188907565176487,0.8526879042387009,24.862782640999967,0.0002657874976374,,,,,,,,0.003024810020579,qmmf
31,0.7501919004321098,0.0227160459943115,0.4592015770077705,0.7817358186841011,0.0002713303098607,0.3257846752554178,0.8636874631047249,25.728230290999814,0.0002631159914665,,,,,,,,0.0025702951301354,qmmf
32,0.7639682149887085,0.0230286480486392,0.4675924055278301,0.790988153219223,0.0001768614812681,0.3298104435950517,0.8769812422990799,25.744860587999938,0.0002603585866009,,,,,,,,0.0023536877613514,qmmf
33,0.724134281873703,0.0239475476089864,0.4440596026182175,0.7930990600585938,0.0001604978868635,0.3155684822797775,0.8393780893087387,24.84516825300011,0.0002575173769752,,,,,,,,0.002160391069483,qmmf
34,0.7283491370081902,0.0246095498977229,0.4468533192574977,0.7993530827760696,0.0002291798386795,0.3168737897276878,0.8441146403551102,25.185703086000103,0.000254594520164,,,,,,,,0.0022038218600209,qmmf
35,0.755234112739563,0.0214198696659877,0.4617084360122681,0.7902695852518081,0.0001345480357576,0.3288755144178867,0.8699514234066009,25.31381227099996,0.0002515922357438,,,,,,,,0.0016690014232881,qmmf
36,0.7306034243106843,0.0232096633361652,0.4476459364593029,0.7907139527797699,0.0001681690152599,0.3190691637992859,0.8462069079279899,24.426887244,0.0002485128036071,,,,,,,,0.0020600021083373,qmmf
37,0.7240831491351127,0.021951212179847,0.4432303939759731,0.7919919312000274,0.0001536889053863,0.31722825050354,0.8399882784485817,23.074099545999843,0.0002453585622314,,,,,,,,0.0016137551233987,qmmf
38,0.7317659571766854,0.0222459492273628,0.4479579707980156,0.7625122171640396,0.0001178678621545,0.3211266250908375,0.8457256656885147,22.907225372000084,0.0002421319069034,,,,,,,,0.0019197885270114,qmmf
39,0.7156535808742046,0.0209627070860005,0.4377772508561611,0.7881474789977073,0.0001084134548045,0.3137927129864692,0.8307272964715957,22.73641717600003,0.0002388352878997,0.6919153857661575,0.5937632928389347,0.4736299738206637,0.6919153857661575,0.4822648776815386,0.607109615069108,0.6406412166934413,0.0016858218895504,qmmf
40,0.7071579313278198,0.0228774745203554,0.4334457655251026,0.815361521244049,0.0001220683074609,0.3105953954160213,0.8260074588656425,24.321449164000114,0.0002354712086265,,,,,,,,0.002120179523481,qmmf
41,0.7421098375320434,0.0230905734794214,0.4545021495223045,0.7867705500125886,0.0001297633776221,0.3265508230030536,0.8601609534025192,25.21751885200001,0.0002320422237183,,,,,,,,0.002122170713992,qmmf
42,0.7438547471165657,0.0212478380580432,0.454812004417181,0.8084656521677971,0.0001142921030285,0.3267227665334939,0.8627327701449394,24.7036187130002,0.0002285509370981,,,,,,,,0.0017286072946444,qmmf
43,0.732158076763153,0.0220619371230714,0.4481196373701095,0.8018944185972213,0.0001049683409632,0.3205887416005135,0.8493160545825958,25.076036445,0.000225,,,,,,,,0.0020648909160809,qmmf
44,0.7099906155467033,0.0218023470882326,0.4347153271734714,0.78578433573246,7.634949360635801e-05,0.3125658611953258,0.8262100344896317,24.263698326000167,0.0002213921089555,,,,,,,,0.0017329852594411,qmmf
45,0.7359830403327942,0.0184345324989408,0.4489636574685574,0.8126016250252723,6.95638669805021e-05,0.3226538099348545,0.8531567740440369,25.116655478999974,0.0002177300037466,,,,,,,,0.0013782951203029,qmmf
46,0.7371991676092148,0.0194762085215188,0.4501100006699562,0.7899984419345856,9.697048150883349e-05,0.3245458531379699,0.854005537033081,24.013779774000117,0.0002140164653244,,,,,,,,0.0017249444768094,qmmf
47,0.7233499571681022,0.020858044726774,0.442353208065033,0.7943989783525467,8.450779718302215e-05,0.3188713177293539,0.8410848626494407,22.794098600000098,0.0002102543136979,,,,,,,,0.0020810527623689,qmmf
48,0.7246359306573867,0.0193840099917724,0.4425351789593696,0.8013711705803871,6.588110774146117e-05,0.3177366288006306,0.8408109003305435,23.24946831200009,0.0002064464057921,,,,,,,,0.0019934082047984,qmmf
49,0.6936337807774544,0.0194950286555103,0.4239782981574535,0.776089226603508,8.06703074161419e-05,0.3074672892689705,0.8094046592712403,23.17864982599985,0.0002025956332789,0.6941822602295606,0.6018486968902299,0.471371725955451,0.6941822602295606,0.4984564837361975,0.6129073467049316,0.6442011378003504,0.0017305505052718,qmmf
50,0.7008386020362377,0.0186367155821062,0.427957864254713,0.7696969106793403,6.136076710021143e-05,0.3087195003032684,0.8139996531605721,24.94936706999988,0.0001987049203807,,,,,,,,0.0017476580894071,qmmf
51,0.6967444887757301,0.0181439386098645,0.4253042836487293,0.8033169370889663,6.989677742467392e-05,0.3076015077531338,0.8135713732242584,24.13135789099988,0.0001947772216502,,,,,,,,0.0016519701508514,qmmf
52,0.7177951015532017,0.0195727881346829,0.4385061921179294,0.8060769307613372,7.029275443244387e-05,0.3171258974075317,0.8365878564119339,25.08587571599992,0.0001908155197268,,,,,,,,0.0017227886474574,qmmf
53,0.715171245187521,0.0193551363819278,0.4368448206782341,0.7631525713205337,9.155515756901876e-05,0.3169748498499393,0.8305014353990555,24.87372866800024,0.0001868228230711,,,,,,,,0.0018096182897716,qmmf
54,0.7056273518502713,0.0188314650370739,0.4309090137481689,0.7814812532067299,5.7635657872197046e-05,0.3113483922183513,0.8207625156641006,25.75942014800012,0.0001828021636809,,,,,,,,0.001770501796127,qmmf
55,0.7342905557155609,0.0189689460536465,0.4481619302928448,0.7902579998970032,7.167716119965917e-05,0.324923847913742,0.8524925994873047,23.853497437999977,0.0001787565947885,,,,,,,,0.0018871818829211,qmmf
56,0.7300589099526406,0.0191672932589426,0.4457022824883461,0.8121455705165863,5.07625871455275e-05,0.3231152142584323,0.8503837805986404,23.20552132900002,0.0001746891885421,,,,,,,,0.0017459221242461,qmmf
57,0.7386779740452767,0.0155923874536529,0.4494437582790851,0.782086076438427,3.6365032251559626e-05,0.3256315353512764,0.853597748875618,22.8240008570001,0.0001706030336727,,,,,,,,0.0015601257980233,qmmf
58,0.677199529260397,0.0185763185448013,0.4137502594292164,0.7908839333057404,6.92164333531764e-05,0.2992254889011383,0.7924262803792953,22.148663575000228,0.0001665012331491,,,,,,,,0.0017933818022174,qmmf
59,0.6869142210483551,0.0166492061549797,0.4188082325458526,0.7516465225815773,4.744570403801163e-05,0.3047767252475023,0.7990966853499413,24.20188579700016,0.0001623869018208,0.7064851715497585,0.6050139041983935,0.4758490781000379,0.7064851715497585,0.48975186619581,0.6188046748496122,0.6529801819993769,0.0017235138980322,qmmf
60,0.678792099058628,0.0187284248287323,0.4147666449844837,0.7739449340105057,7.307683341380767e-05,0.3009724370390176,0.7935329088568688,23.824520740000025,0.0001582631640533,,,,,,,,0.0019784034399708,qmmf
61,0.7108534729480743,0.0151831538719125,0.4325853615999221,0.7477878478169441,4.538582414852499e-05,0.3145736591517925,0.8222435355186463,25.154804934000367,0.0001541331513552,,,,,,,,0.0015172824927867,qmmf
62,0.6965853837132454,0.0162054501660168,0.4244334249198436,0.7724206545948982,6.422930076041666e-05,0.3060933382809162,0.8081243246793747,25.04685307900036,0.00015,,,,,,,,0.00176142881357,qmmf
63,0.7107315081357956,0.018001620019786,0.4336395689845085,0.8039516711235046,7.805455201491896e-05,0.3145902980864048,0.8290246489644051,24.34252392899998,0.0001458668486447,,,,,,,,0.0019785568389488,qmmf
64,0.6772538360953331,0.0177423982578329,0.4134492763876915,0.7700941956043243,6.365632764300244e-05,0.3001581259071827,0.790984602868557,22.760561118999703,0.0001417368359466,,,,,,,,0.0018229957497896,qmmf
65,0.6794263835251332,0.0163903581118211,0.4142119878530502,0.7652853333950043,6.548670076426788e-05,0.3004919402301311,0.7915524128079414,22.753441861999818,0.0001376130981791,,,,,,,,0.0015833849577029,qmmf
66,0.740194029211998,0.0167692502797581,0.4508241353929043,0.7715652284026145,7.938026883095972e-05,0.3291563019156456,0.857526418864727,21.396903602999828,0.0001334987668508,,,,,,,,0.0019274822148872,qmmf
67,0.6929447096586228,0.0175066400086507,0.4227694986760616,0.7725411766767502,5.144753426975512e-05,0.3054423302412033,0.805819288790226,22.53535622500021,0.0001293969663272,,,,,,,,0.0017538502043498,qmmf
68,0.7127874507009984,0.0179256409569643,0.4348427455127239,0.7835805901885032,5.653280528349569e-05,0.3166885239630937,0.8302395397424698,23.541071996000028,0.0001253108114578,,,,,,,,0.001736943258893,qmmf
69,0.7239587730169297,0.01444728081231,0.4401541922986507,0.775338661968708,4.08552498976178e-05,0.3196252816915512,0.8375846749544144,24.71491460700008,0.0001212434052114,0.7127958407317463,0.6117573810826237,0.4711308904940837,0.7127958407317463,0.4882318432716541,0.6342444592444706,0.6583178078132432,0.0013464591544016,qmmf
70,0.6788881635665893,0.0164161534723825,0.4138993740081787,0.7949470722675324,4.0590886621885145e-05,0.3005841089785099,0.7943086129426956,24.17824119800025,0.000117197836319,,,,,,,,0.0016419428708468,qmmf
71,0.7008533221483231,0.0161747011914849,0.4269818912446499,0.7669497430324554,5.384596407061792e-05,0.3094919890165329,0.8135328185558319,24.828123753,0.0001131771769288,,,,,,,,0.001806348428845,qmmf
72,0.6998922353982926,0.0187812805944122,0.4274478720128536,0.7543896076083183,8.273473852455027e-05,0.3113730099797249,0.8147383764386177,24.664056509000147,0.0001091844802731,,,,,,,,0.0023719687906123,qmmf
73,0.7194500961899757,0.0200648437207564,0.439696010351181,0.7869157549738884,8.25968529511556e-05,0.3198790253698826,0.8388623118400573,23.72827141100015,0.0001052227783497,,,,,,,,0.0029578647637026,qmmf
74,0.7268963208794594,0.0199008947005495,0.4440981675684452,0.8151749619841575,6.634987021065797e-05,0.3204360763728618,0.8465846428275108,22.854658697000104,0.0001012950796192,,,,,,,,0.0026479673766516,qmmf
75,0.7147314362227917,0.0203515338501893,0.4369794946163893,0.8159980255365372,6.847256242679123e-05,0.3188025171309709,0.8378854647278786,22.30685266800037,9.740436672108684e-05,,,,,,,,0.0025010863555507,qmmf
76,0.7153021648526192,0.0179379795794375,0.4363565081357956,0.7868939632177353,4.3992882046879344e-05,0.3169523744285106,0.8324687525629997,22.960081914000057,9.355359420782469e-05,,,,,,,,0.0023413457026617,qmmf
77,0.7325542032718658,0.0191561072459444,0.4471949824690819,0.8078532633185387,8.503053593244658e-05,0.3268526788055896,0.8553674247860908,23.68159780499991,8.97456863020546e-05,,,,,,,,0.0026509234852619,qmmf
78,0.7120319826900959,0.0181300312466919,0.4344712197780609,0.8000076785683632,5.89709020346163e-05,0.3170707805454731,0.8319910535216332,25.77668024400009,8.598353467553945e-05,,,,,,,,0.002226661767454,qmmf
79,0.7030702865123749,0.0204541473882272,0.4300238484144211,0.7907063749432564,8.205194378660963e-05,0.3110454200208187,0.8207333531975746,24.94378586499988,8.226999625336662e-05,0.7412285712726526,0.652051183544342,0.525014466578833,0.7412285712726526,0.5255649336527283,0.6893600457076449,0.6928539444847774,0.0029467060530441,qmmf
80,0.7188308100402355,0.0186520560923963,0.4387593284249306,0.8246683427691459,8.99968067892587e-05,0.3199405337125063,0.841620269715786,25.02433825199978,7.860789104443896e-05,,,,,,,,0.0022453845771087,qmmf
81,0.7010476562380791,0.0177667987009044,0.4277353301644325,0.7967697232961655,9.184743867100442e-05,0.3121542002260685,0.8200394883751869,24.749053814000035,7.500000000000002e-05,,,,,,,,0.0023419915545309,qmmf
82,0.7120204043388366,0.0201255542004946,0.4352624836564064,0.8163883337378501,8.033130643674723e-05,0.3170109593868255,0.8344631803035736,24.23695068200004,7.144906290181832e-05,,,,,,,,0.0027344561637437,qmmf
83,0.727285017669201,0.019271491644904,0.444079624414444,0.7821850135922432,8.916104105793465e-05,0.3231805635988712,0.8460131692886352,23.570510847999685,6.795777628163599e-05,,,,,,,,0.0026501044594806,qmmf
84,0.7195611795783043,0.018701606336981,0.4392173694074154,0.8043844681978226,6.518459467323545e-05,0.3199465069174766,0.8400891220569611,23.05338498399988,6.452879137346007e-05,,,,,,,,0.0024176865969457,qmmf
85,0.7162574039399624,0.0201080051367171,0.4377976644039154,0.8230323678255081,5.8255673735061465e-05,0.3179934360086918,0.8386102026700973,23.0584918149998,6.1164712100253e-05,,,,,,,,0.0025647639229646,qmmf
86,0.6947621314227581,0.0188272969843819,0.4243882128596306,0.8049407291412354,5.952015725142701e-05,0.3090390584617853,0.8143952924013138,23.058649247000176,5.786809309654982e-05,,,,,,,,0.0023548665034468,qmmf
87,0.7133275783061981,0.018731476906687,0.4354891553521156,0.7577293205261231,7.526136256046811e-05,0.316904908567667,0.8286716103553772,25.69775930800006,5.464143776850482e-05,,,,,,,,0.002504274062885,qmmf
88,0.7076032146811485,0.0181975118163973,0.4318409509956836,0.7969123452901841,9.074018032713128e-05,0.3156404657661915,0.8276491031050682,25.032102159999795,5.148719639283984e-05,,,,,,,,0.0023595874972852,qmmf
89,0.6929435694217682,0.0190924460673704,0.4234031355381012,0.7886789834499359,8.873175566122882e-05,0.3089039580523968,0.8117249855399131,24.533410452000226,4.840776425613886e-05,0.7162016572498396,0.6304555037771249,0.5061592957376904,0.7162016572498396,0.5061592957376904,0.6690055583438447,0.6694735750568103,0.0027278039851807,qmmf
90,0.689002919793129,0.0163778344914317,0.4199529032409191,0.7764719581604004,6.463249093485501e-05,0.3040679335594177,0.8020428222417831,25.290688891999707,4.5405479835900685e-05,,,,,,,,0.0018577871095476,qmmf
91,0.7127545574307441,0.0178668816352728,0.4347995023429394,0.7844389998912811,0.0001084639517807,0.3167348361015319,0.8304404583573342,22.94123925300028,4.2482623024732334e-05,,,,,,,,0.0022839760802617,qmmf
92,0.717627745270729,0.0190615337889175,0.4382012794911861,0.7794896304607392,7.456887653688682e-05,0.3211406154930591,0.8378552180528641,22.095942335000014,3.964141339903026e-05,,,,,,,,0.0028031415343502,qmmf
93,0.7024021145701408,0.0164797048247419,0.4280331675708294,0.794659714102745,6.369899847129546e-05,0.3101148349046707,0.8180459007620812,22.68812269199998,3.6884008533465575e-05,,,,,,,,0.0021437177059124,qmmf
94,0.6746078684926033,0.0171245163748972,0.4116145475208759,0.7907730033993721,5.939785339904802e-05,0.2982862249016761,0.7894183173775673,21.77848464499993,3.4212502362551864e-05,,,,,,,,0.0021863457269409,qmmf
95,0.7187542334198952,0.0164883048064075,0.4378478786349296,0.7729347550868988,7.608667409840564e-05,0.3196592950820923,0.8352290943264962,23.37140762099989,3.162892359054098e-05,,,,,,,,0.0021232195429956,qmmf
96,0.6872191010415554,0.0187794941547326,0.4198432739078999,0.7943001371622086,8.431617356336574e-05,0.3054026496410369,0.8051966997981072,25.16183980200003,2.913523415085328e-05,,,,,,,,0.002582733006493,qmmf
97,0.7087252739071846,0.016659731499385,0.4318990729749202,0.7992536392807961,7.71474325199506e-05,0.3138042801618576,0.8260853597521782,24.534025071000087,2.673332771621324e-05,,,,,,,,0.0022639140119281,qmmf
98,0.693130978345871,0.015400748073589,0.4220389041304588,0.7569252955913544,5.658316428934995e-05,0.3058698800206184,0.8039538380503655,25.451038873000016,2.4425028260620715e-05,,,,,,,,0.0017484861462617,qmmf
99,0.7279591482877731,0.015470299697481,0.4429636263847351,0.785816747546196,6.786415002977719e-05,0.3240340037643909,0.846007032096386,24.105143618000056,2.221208867425096e-05,0.7131558795076872,0.6264044725561088,0.5112110308926804,0.7131558795076872,0.5140631392017455,0.6519943989588936,0.6669359725607129,0.0021216445559457,qmmf
100,0.7127115839719772,0.016883180651348,0.4343802410364151,0.7572944277524948,9.214680535023944e-05,0.3173269659280777,0.8278817236423492,23.493299678999847,2.009618943233419e-05,,,,,,,,0.002202308726919,qmmf
101,0.6987882116436959,0.0167321637226268,0.425965810418129,0.797758783698082,5.961834407571587e-05,0.3090118942409753,0.8151768395304679,23.101425242999994,1.807893731902665e-05,,,,,,,,0.0021013849689916,qmmf
102,0.694326036721468,0.0169583116983994,0.4233789627254009,0.7713600736856461,6.087492782626214e-05,0.308213234692812,0.8091818189620972,22.13142785700029,1.616186420724089e-05,,,,,,,,0.0022528549412709,qmmf
103,0.7260095259547233,0.0185574401542544,0.4430287097394466,0.8191014486551285,7.263663296157574e-05,0.3238673271983862,0.84931216776371,23.659422347000145,1.4346425895363384e-05,,,,,,,,0.0025117486324415,qmmf
104,0.7209540268778801,0.0159609664860181,0.4389568209648132,0.7673603293299674,5.783729825992623e-05,0.3200778351724148,0.8361800587177277,22.421518986999672,1.2634001001741372e-05,,,,,,,,0.002032418751969,qmmf
105,0.6919429898262024,0.0177642311109229,0.4222715032100677,0.7942784237861633,7.018610351451571e-05,0.3068977139890194,0.809061119556427,24.454824316000213,1.1025889917779737e-05,,,,,,,,0.002302789483474,qmmf
106,0.7071008503437042,0.0170436545612756,0.431077988743782,0.7539894747734069,6.628809657115653e-05,0.3149614074826241,0.8219266921281815,24.60192816300014,9.523313820441804e-06,,,,,,,,0.002425168571317,qmmf
107,0.7118831481039524,0.0173350913694594,0.4340639464557171,0.7863968724012375,6.519086056442802e-05,0.3166741417348385,0.8298499676585197,25.007849197999803,8.127413744904804e-06,,,,,,,,0.0023446496522669,qmmf
108,0.7062851163744926,0.0155467736627906,0.4299897955358028,0.7679336476325989,5.950426874136383e-05,0.3143408073484897,0.8214922162890435,24.91584549800018,6.839249718073875e-06,,,,,,,,0.001826363830296,qmmf
109,0.7157944935560226,0.0151808093627914,0.4355490383505821,0.7616602611541748,6.104427188745376e-05,0.3179548148065805,0.830032616853714,24.16689398499966,5.659799953612438e-06,0.7240053730058703,0.6390371216226193,0.5216478083936187,0.7240053730058703,0.5216478083936187,0.6714581834683688,0.6782791411296698,0.0017984179628626,qmmf
110,0.6927971827983856,0.0153202005056664,0.4218064072728157,0.757749134004116,5.726481554006568e-05,0.3072631582617759,0.8052056488394738,22.60636482100017,4.589960109100444e-06,,,,,,,,0.001791522179069,qmmf
111,0.7243344804644585,0.0141237073182128,0.4402501891553402,0.764646648466587,4.624577638423943e-05,0.3198036934435367,0.836856614947319,23.415660511999704,3.630542605884657e-06,,,,,,,,0.0016787721048024,qmmf
112,0.7103655028343201,0.0146755856054369,0.4320895531773567,0.7601716664433479,5.45720723998322e-05,0.314228103607893,0.8227127605676651,23.102433416999705,2.7822760121373187e-06,,,,,,,,0.0018759965158278,qmmf
113,0.6797877421975136,0.0157593025104142,0.414176382869482,0.7521080139279366,5.680006982458963e-05,0.3023868095874786,0.7921612942218781,23.53958329700072,2.0458044895916517e-06,,,,,,,,0.0019222623460882,qmmf
114,0.6899519148468971,0.0153797630663029,0.4201230679452419,0.7459411102533341,5.507028602607988e-05,0.306307061240077,0.8014139157533645,22.711187011999755,1.4216873043745137e-06,,,,,,,,0.0019346031928802,qmmf
115,0.6759408143162727,0.0137628261349163,0.4110696360468864,0.7378490337729454,5.127287030418426e-05,0.2999007211625576,0.7850701171159744,22.155811236000773,9.103984023075772e-07,,,,,,,,0.0015614656698562,qmmf
116,0.6951951223611832,0.0148191639757715,0.4230447585880756,0.7656684651970863,4.48396415094976e-05,0.3077815777808428,0.8077310994267464,22.46005904199956,5.123260489995229e-07,,,,,,,,0.0016784119678322,qmmf
117,0.6904398143291474,0.0154444037168286,0.4204416655004024,0.7940089029073715,4.607333737567387e-05,0.3078713893145323,0.8080705466866493,23.46435337799994,2.2777253500257386e-07,,,,,,,,0.0017714936561083,qmmf
118,0.6533227056264878,0.0154209360410459,0.3981620134413242,0.7714871695637703,6.003408323279447e-05,0.2894209772348404,0.765065436065197,24.064966499000548,5.695394625728767e-08,,,,,,,,0.001653613609385,qmmf
119,0.6937816390395164,0.0147234635532367,0.4221583844721317,0.7508736971020699,4.481536823647048e-05,0.307379719465971,0.8049737587571144,23.415772958999696,0.0,0.7265534674534937,0.6413145612785297,0.5224491415179785,0.7265534674534937,0.5224491415179785,0.674941074864117,0.680571363007453,0.0017301993537341,qmmf
0,0.9739579159021378,0.6830356281995773,0.8575890296697617,0.7320977741479874,0.1187350182980299,,0.9367355614900588,27.463305070000047,5.1e-05,,,,,,,,,hemis
1,0.9687556540966034,0.5056058546900749,0.7834957623481751,0.6914411878585816,0.1225214558094739,,0.8587659549713135,24.930645701000003,0.0001009999999999,,,,,,,,,hemis
2,0.9591681104898452,0.4341272044181823,0.7491517752408982,0.6871291798353195,0.1362609921395778,,0.8246777391433716,24.11397464800001,0.0001509999999999,,,,,,,,,hemis
3,0.9504230105876924,0.39273581802845,0.7273481625318527,0.6746466672420501,0.1345432904362678,,0.8015399920940399,24.460370015000024,0.0002009999999999,,,,,,,,,hemis
4,0.9599418675899506,0.3417663675546646,0.7126716977357864,0.6724846547842026,0.1314707013219594,,0.7864936977624893,23.808770367000022,0.000251,,,,,,,,,hemis
5,0.943723919391632,0.295047343969345,0.6842533135414124,0.6748818480968475,0.1230912542343139,,0.7578960609436035,24.10992135700002,0.0003,,,,,,,,,hemis
6,0.9408917981386185,0.2465956632792949,0.6631733691692352,0.6856176328659057,0.1133300467580556,,0.7374016386270523,23.351106346999984,0.0002999430460537,,,,,,,,,hemis
7,0.9311401623487472,0.2053835970163345,0.6408375608921051,0.6779452639818192,0.1050860331207513,,0.7138863915205002,23.872020750999923,0.0002997722274649,,,,,,,,,hemis
8,0.9239861363172532,0.1706696414947509,0.6226595604419708,0.6931391364336014,0.094856206998229,,0.6967162859439849,24.08592476299998,0.000299487673951,,,,,,,,,hemis
9,0.8981256502866745,0.1488483953475952,0.5984147733449936,0.7079368364810944,0.0846291468292474,,0.6734399104118347,23.688385960999994,0.0002990896015976,0.3900071083001506,0.3625607283048354,0.3113090760799882,0.3900071083001506,0.343063355384802,0.3546117212295537,0.3739033910795398,,hemis
10,0.9036989021301268,0.1269419440627098,0.5929961380362511,0.7063654106855393,0.0750610634684562,,0.6673857313394547,22.602815962000022,0.0002985783126956,,,,,,,,,hemis
11,0.8821390360593796,0.1075842207670211,0.5723171311616898,0.7107577282190323,0.0667654765769839,,0.6467311775684357,25.013331159000018,0.0002979541955104,,,,,,,,,hemis
12,0.8631500029563903,0.0935074797272682,0.5552930149435997,0.7022246578335762,0.0593271053954958,,0.6284818363189697,24.600403355000022,0.0002972177239878,,,,,,,,,hemis
13,0.8628743666410447,0.0829937255010008,0.5509221336245537,0.7254732465744018,0.0518876586481928,,0.626063843369484,24.853151860000025,0.0002963694573941,,,,,,,,,hemis
14,0.8460092431306839,0.0722877761721611,0.5365206763148308,0.729686313867569,0.0455502593889832,,0.6117668223381042,23.935860434999995,0.0002954100398908,,,,,,,,,hemis
15,0.822988064289093,0.0633302913606166,0.5191249763965606,0.7344586616754532,0.0399327210336923,,0.5945674794912338,24.958233855999996,0.0002943402000463,,,,,,,,,hemis
16,0.8384266042709351,0.0558718325942754,0.5254047164320945,0.7602341395616531,0.0344001846387982,,0.6031481403112412,24.400663431999988,0.0002931607502819,,,,,,,,,hemis
17,0.8219194370508194,0.0516946442984044,0.5138295435905457,0.7545303994417191,0.0298099879547953,,0.590773084461689,24.20059080600004,0.000291872586255,,,,,,,,,hemis
18,0.8606310325860977,0.0580657989159226,0.5396049618721008,0.8333573067188262,0.0251964626461267,,0.6272129878401757,24.544454392000038,0.0002904766861795,,,,,,,,0.0150623806053772,hemis
19,0.8443709588050843,0.0554108867794275,0.5287869510054588,0.8114323443174363,0.0221804227121174,,0.6127085742354393,24.464981814999987,0.0002889741100822,0.455186475285839,0.4373338527752052,0.374212203216614,0.455186475285839,0.4049260671658956,0.4518890158738809,0.4417332613257263,0.0083468324365094,hemis
20,0.8317785406112671,0.0546952683478593,0.520945251584053,0.8144678568840027,0.0191471623443067,,0.6048139837384224,21.8090790870001,0.0002873659989982,,,,,,,,0.0073229482397437,hemis
21,0.827779546380043,0.0510377801582217,0.5170828577876091,0.8181197190284729,0.0167080114874988,,0.6010368093848228,23.741613540000003,0.0002856535741046,,,,,,,,0.0065328871691599,hemis
22,0.7963997292518615,0.0491066346876323,0.4974825140833854,0.8209738892316818,0.0148694255109876,,0.581474420428276,25.994745626000054,0.0002838381357927,,,,,,,,0.0057552541745826,hemis
23,0.8068803694844245,0.0444412231259047,0.5019047322869301,0.8039861905574799,0.0132922441884875,,0.5839528155326843,24.47997376399985,0.0002819210626809,,,,,,,,0.004924276843667,hemis
24,0.806947683095932,0.0413946847338229,0.5007265067100525,0.8075173008441925,0.0118346916697919,,0.5829077133536339,24.55854918999989,0.0002799038105676,,,,,,,,0.0041887130658142,hemis
25,0.8197112190723419,0.0400731763709336,0.5078560221195221,0.8294997909665107,0.0104124684259295,,0.5920935934782028,25.44904496000004,0.0002777879113257,,,,,,,,0.003834852327127,hemis
26,0.7839105093479156,0.0400661682523787,0.4863727912306785,0.8136644786596299,0.0093311550747603,,0.568848522901535,25.393031619999874,0.0002755749717393,,,,,,,,0.003213624197524,hemis
27,0.8101840293407441,0.0393434701114892,0.501847825050354,0.8345843541622162,0.0082237229449674,,0.5863492012023925,25.41677473599998,0.0002732666722837,,,,,,,,0.0031587743258569,hemis
28,0.8001546093821525,0.0379535024240613,0.4952741885185241,0.8284854239225388,0.0075269123213365,,0.579105834364891,25.835674248000032,0.0002708647658491,,,,,,,,0.0030338011484127,hemis
29,0.787386943101883,0.0407747172750532,0.4887420749664307,0.8208755320310592,0.0066436279658228,,0.5719860914349556,25.332187662000024,0.0002683710764094,0.5314524711942431,0.4769729677327748,0.3635213859852073,0.5314524711942431,0.3892593177015491,0.5102071143025323,0.498315511634899,0.0041213947790674,hemis
30,0.7809347456693649,0.0361040065810084,0.4830024671554565,0.8119869178533554,0.0060075360024347,,0.5652777180075645,21.732097539999813,0.0002657874976374,,,,,,,,0.0038809119071811,hemis
31,0.8000056996941567,0.0366971689090132,0.4946823090314865,0.8278320419788361,0.0053326091868802,,0.5784428197145463,22.347650675000068,0.0002631159914665,,,,,,,,0.0035533856530673,hemis
32,0.803616389632225,0.0337160486448556,0.4956562705338001,0.829142918586731,0.0048443044163286,,0.5794245144724846,23.22941673999981,0.0002603585866009,,,,,,,,0.003058680195827,hemis
33,0.7675649362802506,0.0346180334035307,0.4743861964344978,0.8181765550374984,0.0043675727862864,,0.5569539129734039,24.233804025000158,0.0002575173769752,,,,,,,,0.0026584087766241,hemis
34,0.7729272091388703,0.0339526646584272,0.4773374080657959,0.8159719622135162,0.0039587033796124,,0.559654855132103,23.743013905999987,0.000254594520164,,,,,,,,0.0026115869660861,hemis
35,0.7951252204179764,0.0319419008214026,0.4898519100248814,0.7953857010602952,0.0034859384899027,,0.5700183695554734,25.00254451600017,0.0002515922357438,,,,,,,,0.0022679579711984,hemis
36,0.7816400399804115,0.0347168943379074,0.4828708028793335,0.8382178848981857,0.0032715551555156,,0.5673516124486924,23.98881118500003,0.0002485128036071,,,,,,,,0.0024772177211707,hemis
37,0.7724480473995209,0.0337551319831982,0.4769709005951881,0.813512524664402,0.0030400932417251,,0.5588785278797149,24.85441559500009,0.0002453585622314,,,,,,,,0.0020218309242045,hemis
38,0.7729647219181061,0.0316615930292755,0.4764434894919395,0.8028522956371308,0.0026751336804591,,0.5572543263435363,24.629590480999923,0.0002421319069034,,,,,,,,0.0019592652632854,hemis
39,0.760535618364811,0.0299346243217587,0.4682952405512333,0.8008653992414474,0.0025410440610721,,0.5488781908154488,24.907213633000083,0.0002388352878997,0.5175861180769349,0.4720217477228626,0.3765156765780212,0.5175861180769349,0.3851502115538815,0.5133289135377715,0.4898097628208218,0.0018467859370866,hemis
40,0.7595516675710678,0.0331056237593293,0.4689732681214809,0.850772215127945,0.0023021914903074,,0.5545861449837685,21.01925200400001,0.0002354712086265,,,,,,,,0.0021027257741661,hemis
41,0.7865008813142776,0.0314834607252851,0.48449393004179,0.8272611218690872,0.0021359295758884,,0.5677518901228905,22.17222741699993,0.0002320422237183,,,,,,,,0.0021252408553846,hemis
42,0.7853288561105728,0.0314001249568536,0.4837573838233948,0.8238919407129288,0.0018433667952194,,0.5666436162590981,21.78883132200008,0.0002285509370981,,,,,,,,0.0020243411784758,hemis
43,0.7791356143355369,0.028896402362734,0.479039948284626,0.8420414513349533,0.0017643224110361,,0.5636912032961845,23.166742912000014,0.000225,,,,,,,,0.0017944585205987,hemis
44,0.7482596614956856,0.0299596027564257,0.4609396579861641,0.8463980478048324,0.0016505069180857,,0.5459944677352905,24.54517659299995,0.0002213921089555,,,,,,,,0.0016624262765981,hemis
45,0.7805099615454674,0.0277625683601945,0.4794110223650932,0.8563555383682251,0.0015301489713601,,0.5654084587097168,25.065010975000177,0.0002177300037466,,,,,,,,0.0014268840741715,hemis
46,0.7779633966088295,0.0283712855307385,0.4781265737116337,0.8200212997198105,0.0014027227088809,,0.5605393621325493,24.969056906999867,0.0002140164653244,,,,,,,,0.0017026104418619,hemis
47,0.7732037153840065,0.0314948726585134,0.4765201979875564,0.8305989244580269,0.0012849977123551,,0.5601147854328156,24.56354730099997,0.0002102543136979,,,,,,,,0.0023522175769903,hemis
48,0.7741164830327034,0.0274523273855447,0.475450838804245,0.82962475836277,0.0012190949887735,,0.5588168972730636,24.93280577099995,0.0002064464057921,,,,,,,,0.0017131367040565,hemis
49,0.7378706240653992,0.0268239964358508,0.4534519901871681,0.816427752673626,0.0012345860200002,,0.5354537451267243,24.71060539199993,0.0002025956332789,0.5139008998229325,0.4761799598739674,0.3827052984242439,0.5139008998229325,0.4002891994097444,0.5143497803892255,0.4894650576983741,0.001486244709813,hemis
50,0.7468805024027825,0.0271191249834373,0.4589759674668312,0.818876827955246,0.0011039168690331,,0.5411953270435333,22.07133623799996,0.0001987049203807,,,,,,,,0.0013823773400508,hemis
51,0.7464260983467103,0.0288749344972893,0.4594056516885757,0.8348536634445191,0.0010654848639387,,0.5433067405223846,20.93705964500009,0.0001947772216502,,,,,,,,0.0018122207558189,hemis
52,0.7625602501630783,0.0279253372782841,0.468706306219101,0.8218249583244324,0.001009648295585,,0.5513006508350372,21.71882794299995,0.0001908155197268,,,,,,,,0.0018068240681895,hemis
53,0.7606183913350105,0.0289042664971202,0.4679327589273452,0.8230423498153686,0.0009013792377663,,0.5506502048671246,21.24118188200009,0.0001868228230711,,,,,,,,0.001840680663081,hemis
54,0.7462707608938217,0.0263292780239135,0.4582941855490208,0.821004043519497,0.0008896687120432,,0.5407732939720153,23.516669624000315,0.0001828021636809,,,,,,,,0.0016710789196076,hemis
55,0.7741507935523987,0.0269985067751258,0.4752898994088173,0.8220552295446396,0.0008021389623172,,0.5578576797246932,24.97087616600038,0.0001787565947885,,,,,,,,0.0016107365465722,hemis
56,0.7677296435832978,0.0262719155894592,0.4711465725302696,0.8616175597906113,0.0007288448931649,,0.5576658940315247,25.74367539900004,0.0001746891885421,,,,,,,,0.0016056103261507,hemis
57,0.7751917299628258,0.0224021993111819,0.4740759378671646,0.8131312251091003,0.0007078225596342,,0.5556385815143585,24.904726824000136,0.0001706030336727,,,,,,,,0.0010706656099137,hemis
58,0.7238507929444313,0.0288684029038995,0.4458578561246395,0.831246685385704,0.0007115516165504,,0.5294261315464973,24.402113259999624,0.0001665012331491,,,,,,,,0.002040160407887,hemis
59,0.7451196795701981,0.0273590700468048,0.4580154529213905,0.8187242048978806,0.0006660950230434,,0.5403094759583473,25.482385013000112,0.0001623869018208,0.6058462881916431,0.5336399782393397,0.4038574321269939,0.6058462881916431,0.428436336800567,0.566637309725809,0.5639855095994871,0.001941473992374,hemis
60,0.7212489563226699,0.0267903618281707,0.4434655360877514,0.8262266558408737,0.0006549327878747,,0.5264487943053245,22.101586594999844,0.0001582631640533,,,,,,,,0.0016392201148119,hemis
61,0.7483112275600433,0.0227550298301503,0.4580887646973133,0.8064113140106202,0.0005938065735972,,0.5390181934833527,21.488602272000207,0.0001541331513552,,,,,,,,0.0012930428538311,hemis
62,0.7470087334513664,0.0245736651308834,0.4580347260832786,0.828255133330822,0.0005683499097358,,0.5412121921777725,21.37817244500002,0.00015,,,,,,,,0.0016176737024579,hemis
63,0.7633392536640167,0.0271377939730882,0.4688586893677711,0.8473024559020996,0.0006131496228044,,0.5540220490098,21.77094428800001,0.0001458668486447,,,,,,,,0.0020122789399101,hemis
64,0.7298128700256348,0.0272635103017091,0.4487931424379349,0.851649698317051,0.000524500060419,,0.5343158507347107,20.42168555900025,0.0001417368359466,,,,,,,,0.0016575581561482,hemis
65,0.7267710110545158,0.0251432034932076,0.4461199040710926,0.81626573741436,0.0005222677468555,,0.5280352279543876,22.318836709999687,0.0001376130981791,,,,,,,,0.001313169945115,hemis
66,0.790598267018795,0.0264674946293234,0.484945972263813,0.8096409270167351,0.000485267068143,,0.5663032221794129,24.10996647899992,0.0001334987668508,,,,,,,,0.0018444711619122,hemis
67,0.7331754311919212,0.0252812966005876,0.4500177934765815,0.8043962144851684,0.0004871244734385,,0.5307898819446564,24.77888836900001,0.0001293969663272,,,,,,,,0.0015405273991927,hemis
68,0.7604489171504974,0.0266404129215516,0.4669255329668522,0.8284906899929046,0.0004514001231291,,0.5501199772953987,24.316576349000115,0.0001253108114578,,,,,,,,0.001614015760133,hemis
69,0.7585254114866257,0.0206752774561755,0.4633853740990162,0.8179800695180893,0.0004328824079129,,0.5454268583655357,24.441253357999813,0.0001212434052114,0.5791876389837348,0.5144193669337754,0.3941143164403304,0.5791876389837348,0.3997231027277204,0.5643473590898708,0.5412498251144066,0.0011091482153278,hemis
70,0.7277481135725975,0.0250910229235887,0.4466852939128876,0.8301423877477646,0.000439348295913,,0.5300153070688247,23.93005947599977,0.000117197836319,,,,,,,,0.0014690320107911,hemis
71,0.741525716483593,0.0223171498463489,0.4538423112034798,0.8042355555295945,0.0004607775571639,,0.534590362906456,22.98000232000004,0.0001131771769288,,,,,,,,0.0015072896228957,hemis
72,0.7408254134654999,0.0270008164644241,0.4552955895662308,0.8102436888217927,0.0004484022237011,,0.5367942968010903,21.82135342399988,0.0001091844802731,,,,,,,,0.0022595966199151,hemis
73,0.7691672176122666,0.029213622873649,0.4731857973337173,0.8559284520149231,0.0003753860777942,,0.55932557284832,21.28154863700001,0.0001052227783497,,,,,,,,0.0026408125299349,hemis
74,0.7737320095300675,0.0292519697872921,0.4759400135278702,0.8594525510072708,0.0003999094426399,,0.5624731570482254,21.513280283999848,0.0001012950796192,,,,,,,,0.0028394419045798,hemis
75,0.7604728671908378,0.0290117386169731,0.4678884357213974,0.8507909786701202,0.0003664412631769,,0.5534572589397431,20.62489300399966,9.740436672108684e-05,,,,,,,,0.0023569906932971,hemis
76,0.7600276777148247,0.0270876493770629,0.4668516871333122,0.8370693182945251,0.0003774484312452,,0.5510844767093659,22.811482136999985,9.355359420782469e-05,,,,,,,,0.0025349119375823,hemis
77,0.7707519385218621,0.0275503026600927,0.4734713035821914,0.844070417881012,0.0003608941250422,,0.5584664425253868,24.687190321000344,8.97456863020546e-05,,,,,,,,0.0028502536261657,hemis
78,0.7536693438887596,0.0273546186694875,0.4631434720754623,0.8682439363002777,0.0003989630824071,,0.5504399830102921,25.287914779999937,8.598353467553945e-05,,,,,,,,0.0022608025464433,hemis
79,0.7438897302746773,0.0304002447798848,0.4584939551353454,0.8358922785520554,0.0003431781785911,,0.5427360337972641,24.57221070500009,8.226999625336662e-05,0.5926265897854134,0.538626318498141,0.4281801239906111,0.5926265897854134,0.4383356057592968,0.5849167599497128,0.5599818618197514,0.0031784428389801,hemis
80,0.7617749193310738,0.0264139018766582,0.4676305332779884,0.8558698132634163,0.0003420664819714,,0.5536811634898186,24.592751662999945,7.860789104443896e-05,,,,,,,,0.0022327221716113,hemis
81,0.7486796912550926,0.0273310882225632,0.4601402688026428,0.8320683127641678,0.0003399674859247,,0.5438685762882233,24.336822471999767,7.500000000000002e-05,,,,,,,,0.0025223790881682,hemis
82,0.7492331686615944,0.0294952295999974,0.4613380098342896,0.8620323812961579,0.0003082128473033,,0.5481362417340279,22.96673392699995,7.144906290181832e-05,,,,,,,,0.0028979294978489,hemis
83,0.7748883628845215,0.0288238667836412,0.4764625856280327,0.8312665683031082,0.0003246052644681,,0.5601638957858086,21.845044401,6.795777628163599e-05,,,,,,,,0.0027921249904466,hemis
84,0.7642978456616402,0.0276558154192753,0.4696410486102104,0.8501304054260254,0.0003064711338083,,0.5551663988828659,22.30962627200006,6.452879137346007e-05,,,,,,,,0.0024849378291401,hemis
85,0.7605087623000145,0.0302023760834708,0.468386226594448,0.8707739168405533,0.0002947712485911,,0.5559892275929451,21.64342061799971,6.1164712100253e-05,,,,,,,,0.0025543457584717,hemis
86,0.7426698645949363,0.0270339857786893,0.4564155299961567,0.8379975783824921,0.0003007752259145,,0.5406916022300721,21.44475048100003,5.786809309654982e-05,,,,,,,,0.002306373673673,hemis
87,0.7620508763194084,0.0307061206456273,0.4695129917562008,0.8463382244110107,0.0003103528273641,,0.5547966730594635,24.485062668999944,5.464143776850482e-05,,,,,,,,0.003171696668287,hemis
88,0.7605196392536163,0.0282857994176447,0.4676261247694492,0.8584348595142365,0.0003066611848771,,0.5540280121564866,24.988872037999958,5.148719639283984e-05,,,,,,,,0.002715346221521,hemis
89,0.7402978196740151,0.0285983869247138,0.4556180652976036,0.8509030798077584,0.0002880885257036,,0.5412743759155273,25.077647680000155,4.840776425613886e-05,0.5705821056092398,0.5213986858841252,0.4199332754103393,0.5705821056092398,0.426665914705945,0.5669480373371908,0.5407621966718154,0.0027579876846721,hemis
90,0.7346616634726524,0.0257748630177229,0.4511069625616073,0.8222225779294967,0.0003140399174299,,0.5338063690066338,24.851862799999708,4.5405479835900685e-05,,,,,,,,0.0023072192847757,hemis
91,0.760421641767025,0.0266801255242899,0.4669250543415546,0.8632586693763733,0.0002914931712439,,0.553703585267067,23.74888948700027,4.2482623024732334e-05,,,,,,,,0.0021904303157134,hemis
92,0.7568208074569702,0.0264972381945699,0.4646913978457451,0.80676638007164,0.0003050097564118,,0.5458830565214157,24.28311656400001,3.964141339903026e-05,,,,,,,,0.0024988576160831,hemis
93,0.7457313123345375,0.0250864937948063,0.4574733996391296,0.8214857065677643,0.0002808255681884,,0.5401525187492371,22.87717158499981,3.6884008533465575e-05,,,,,,,,0.0025825203434123,hemis
94,0.7210035988688469,0.0275141675770282,0.4436078450083732,0.8408829981088638,0.0003028782902401,,0.5282339578866959,20.28994060900004,3.4212502362551864e-05,,,,,,,,0.0026133278140332,hemis
95,0.7633631584048272,0.0258781443862244,0.4683691695332527,0.8310466518998146,0.000286302135064,,0.5519786623120307,21.92785608200029,3.162892359054098e-05,,,,,,,,0.0024525682145394,hemis
96,0.7336837252974511,0.0273060652660205,0.4511326763033867,0.8261368668079376,0.0002652882316033,,0.5342949244379998,21.89539022300005,2.913523415085328e-05,,,,,,,,0.0026764924133749,hemis
97,0.7556043580174446,0.0243354882113635,0.4630968299508095,0.8777640306949616,0.0002645383733033,,0.5513305431604385,21.9477569730002,2.673332771621324e-05,,,,,,,,0.0022204128045268,hemis
98,0.7389206644892693,0.0239697204111143,0.4529403042793274,0.8005451864004135,0.00027514511763,,0.5334001043438912,24.13293349900005,2.4425028260620715e-05,,,,,,,,0.001957611460748,hemis
99,0.771145878136158,0.0237114858347922,0.4721721437573433,0.8457890412211418,0.000259255979181,,0.557189601957798,24.566553343000123,2.221208867425096e-05,0.5977063544968703,0.5416037361148469,0.4331587757904668,0.5977063544968703,0.4404749311641242,0.586629922683546,0.5644208111116229,0.0021279249091094,hemis
100,0.7575620785355568,0.0253364313161,0.4646718391776085,0.8303172487020493,0.0002502680709585,,0.5481322568655014,24.172574300999717,2.009618943233419e-05,,,,,,,,0.0020808756379847,hemis
101,0.746049298942089,0.0247851544292643,0.4575436601042748,0.8259465643763542,0.0002734380752372,,0.5405950221419334,24.89904387499973,1.807893731902665e-05,,,,,,,,0.0022151319978729,hemis
102,0.7414463436603547,0.0252996632596477,0.4549876868724823,0.8210832193493843,0.0002622307026467,,0.537622064948082,23.679033193000123,1.616186420724089e-05,,,,,,,,0.0025647302894503,hemis
103,0.7686765211820602,0.0269951419951394,0.4720039869844913,0.8694671913981438,0.0002590853499714,,0.5595080623030663,25.32400755899971,1.4346425895363384e-05,,,,,,,,0.0027220412983297,hemis
104,0.7620675000548363,0.0228734541498124,0.4663898992538452,0.812132129073143,0.0002744538620754,,0.5480302175879479,21.741956560999824,1.2634001001741372e-05,,,,,,,,0.0020669124213964,hemis
105,0.7378677526116371,0.0266185476724058,0.4533680871129036,0.8382853251695633,0.0002925734932068,,0.537690609395504,21.56470566500002,1.1025889917779737e-05,,,,,,,,0.0023967888947299,hemis
106,0.7479337912797928,0.0245820914395153,0.4585931307077407,0.8140766417980194,0.000269534891122,,0.5404969179630279,21.19786678699984,9.523313820441804e-06,,,,,,,,0.0024132093774096,hemis
107,0.7603625321388244,0.0261533531465101,0.4666788780689239,0.8452351063489913,0.0002773168851854,,0.5517072337865829,21.297058108999863,8.127413744904804e-06,,,,,,,,0.0024548706697351,hemis
108,0.7567672413587571,0.0256567870965227,0.4643230789899826,0.8072332322597504,0.0002974057517712,,0.5455031493306159,21.773415157999807,6.839249718073875e-06,,,,,,,,0.0022093699224933,hemis
109,0.7598274737596512,0.0228475051233544,0.4650355061888694,0.812840228676796,0.0002808585079037,,0.546730890572071,23.2715462340002,5.659799953612438e-06,0.6035168892497755,0.540219386415594,0.420982946588579,0.6035168892497755,0.4278705594802778,0.5892707105167286,0.5662742441334014,0.0019865691723225,hemis
110,0.7391284862160683,0.0227741767838597,0.4525867837667465,0.7943478357791901,0.0002894952952919,,0.532395843565464,24.955499703999976,4.589960109100444e-06,,,,,,,,0.0017990073226701,hemis
111,0.7680817469954491,0.0219100508000701,0.4696130865812302,0.8120207592844964,0.0002705565922951,,0.5512196642160415,25.534092958999736,3.630542605884657e-06,,,,,,,,0.0019548431983071,hemis
112,0.7583187437057495,0.0231349241710267,0.4642452347278595,0.8102319771051407,0.0002733495901338,,0.5457025882601738,24.43904872299981,2.7822760121373187e-06,,,,,,,,0.0021024451430912,hemis
113,0.7250396010279655,0.023102194131352,0.4442646557092666,0.8159160447120667,0.0002796125657914,,0.5262681359052658,25.382207096,2.0458044895916517e-06,,,,,,,,0.0019894655369353,hemis
114,0.7378273069858551,0.0240848400443792,0.4523303416371345,0.8106369459629059,0.0002767274384677,,0.5338422539830208,24.478450866000003,1.4216873043745137e-06,,,,,,,,0.0021718918458464,hemis
115,0.7270205390453338,0.0211937373923137,0.4446898332238197,0.7889764189720154,0.0002784320019418,,0.5239301279187203,21.789122634999785,9.103984023075772e-07,,,,,,,,0.001643650407534,hemis
116,0.7416825276613236,0.0234447917109355,0.4543874494731426,0.8151850232481956,0.0002703228338214,,0.5363559252023697,21.64474879699992,5.123260489995229e-07,,,,,,,,0.0021822582601089,hemis
117,0.7364057651162148,0.0230233754683285,0.4510528275370598,0.8154095500707627,0.000275306757976,,0.5329742670059204,22.37360011200008,2.2777253500257386e-07,,,,,,,,0.0018336002702926,hemis
118,0.7023687466979027,0.0240762817114591,0.4310517776012421,0.801073322892189,0.0002950338463415,,0.5115861755609512,22.213218523999785,5.695394625728767e-08,,,,,,,,0.0020615793496676,hemis
119,0.7406607213616371,0.0218089718651026,0.4531200402975082,0.7809698283672333,0.0002814682196185,,0.5315798598527909,21.853389069000517,0.0,0.6022458075019729,0.5407204921071664,0.42231025010226,0.6022458075019729,0.4283488379481363,0.5915668308713903,0.5657946571435597,0.0017438075244353,hemis
0,0.9761067974567412,0.5650459107756615,0.8116824775934219,0.7286290156841279,0.0573310368880629,,0.8874119293689727,21.23191434799992,5.1e-05,,,,,,,,,unet25d
1,0.9679810124635696,0.3888251310586929,0.7363186877965927,0.6850603592395782,0.0216863410361111,,0.8059090411663056,20.7935413539999,0.0001009999999999,,,,,,,,,unet25d
2,0.9570774441957474,0.3283009067177772,0.7055668616294861,0.6776075452566147,0.0093859658157452,,0.7737969124317169,20.187463577000017,0.0001509999999999,,,,,,,,,unet25d
3,0.9465002739429472,0.2901451414823532,0.683958243727684,0.6615366178750992,0.0102448818087577,,0.7506241458654404,20.80653509199965,0.0002009999999999,,,,,,,,,unet25d
4,0.9562857967615128,0.2491315369307994,0.6734241199493408,0.6608489435911179,0.0046364082361105,,0.7397408360242843,20.443838678999786,0.000251,,,,,,,,,unet25d
5,0.9391185122728348,0.2111764249205589,0.6479417020082474,0.6618329095840454,0.0041342460468877,,0.7143317037820816,20.467413031000437,0.0003,,,,,,,,,unet25d
6,0.9327395379543304,0.1748030883073806,0.6295649790763855,0.6636136510968208,0.0035080883861519,,0.6961017513275146,20.20040081799925,0.0002999430460537,,,,,,,,,unet25d
7,0.9202463364601136,0.1444133677333593,0.6099131751060486,0.6583240312337876,0.0039752401714213,,0.6759443414211274,20.32623485899967,0.0002997722274649,,,,,,,,,unet25d
8,0.9117332738637924,0.1220623198896646,0.5958649179339409,0.6844949322938919,0.0034707764326594,,0.6644879519939423,20.72805675700056,0.000299487673951,,,,,,,,,unet25d
9,0.8790877014398575,0.1052422144263982,0.5695495304465293,0.6794256854057312,0.0042412683693692,,0.6377041625976563,20.38850852499945,0.0002990896015976,0.5963240812061353,0.4769995615362414,0.35890266860399,0.5963240812061353,0.4339782983179894,0.4006963050845991,0.5367845840449527,,unet25d
10,0.8827000832557679,0.0859137444198131,0.5639855724573135,0.6700433847308159,0.0041628833045251,,0.6311980581283569,21.34465523199924,0.0002985783126956,,,,,,,,,unet25d
11,0.8597059816122055,0.074030170366168,0.5454356813430786,0.6772545945644378,0.0041113311541266,,0.613366711139679,21.280274005999672,0.0002979541955104,,,,,,,,,unet25d
12,0.8409300804138183,0.0657845811918377,0.5308719009160996,0.6958415165543557,0.003769751721993,,0.6006445387005805,21.598191028000656,0.0002972177239878,,,,,,,,,unet25d
13,0.8376093983650208,0.0554878414422273,0.5247607988119125,0.683332936167717,0.003883118503727,,0.5932882502675056,21.47167594999973,0.0002963694573941,,,,,,,,,unet25d
14,0.8231666424870491,0.048013259768486,0.5131053102016448,0.7147748073935509,0.0036175202485173,,0.5847636646032334,19.891097780000564,0.0002954100398908,,,,,,,,,unet25d
15,0.7971874624490738,0.0453909120522439,0.4964688619971275,0.6990387153625488,0.0034645341476425,,0.5665459606051445,24.25571096599924,0.0002943402000463,,,,,,,,,unet25d
16,0.8104566422104835,0.0398798771947622,0.5022259604930878,0.741157132089138,0.0029629666917026,,0.5764898252487183,23.69387431300038,0.0002931607502819,,,,,,,,,unet25d
17,0.791609862446785,0.0353231420740485,0.4890951952338219,0.7123308345675469,0.0026057948055677,,0.5604585683345795,24.15268807299981,0.000291872586255,,,,,,,,,unet25d
18,0.8290192949771881,0.0417472428269684,0.5141104951500892,0.7913053223490715,0.0024439317279029,,0.5949257829785347,24.18883528599963,0.0002904766861795,,,,,,,,0.0078127838438376,unet25d
19,0.8121727895736695,0.0416605209931731,0.5039679047465324,0.8049473887681962,0.0019699763983953,,0.58617879986763,24.217092429999862,0.0002889741100822,0.6232111185010144,0.4875507519102624,0.343487583946607,0.6232111185010144,0.4681263397209836,0.3713147975087891,0.554540655068348,0.0080882741976529,unet25d
20,0.7990037950873375,0.0429232298675924,0.4965715888142585,0.8001144975423813,0.0018139055860228,,0.5782189586758614,24.773832769000364,0.0002873659989982,,,,,,,,0.0077261248882859,unet25d
21,0.7989525914192199,0.0380771098192781,0.4946024191379547,0.8143000310659408,0.0016230005538091,,0.5774225610494613,21.893349121999563,0.0002856535741046,,,,,,,,0.0065449525276198,unet25d
22,0.7620205372571945,0.0361219226382672,0.4716611090302467,0.7711075967550278,0.0012246753665385,,0.5499412715435028,21.96701718199984,0.0002838381357927,,,,,,,,0.0055408344278112,unet25d
23,0.7759387940168381,0.034636081745848,0.4794177281856537,0.8213760083913804,0.0010287281975615,,0.5626032039523124,21.255643640000017,0.0002819210626809,,,,,,,,0.0049821763299405,unet25d
24,0.7824702468514443,0.03346858240664,0.4828696018457413,0.8088276088237762,0.0008262664597714,,0.564644288122654,21.320139308999387,0.0002799038105676,,,,,,,,0.0042530592810362,unet25d
25,0.7858002549409866,0.02869313493371,0.4829574277997017,0.7716004684567451,0.0007230357959633,,0.5608766385912896,21.23041324800033,0.0002777879113257,,,,,,,,0.0036150598851963,unet25d
26,0.7481766462326049,0.0322498696390539,0.4618059518933296,0.8198474082350731,0.0006404640257824,,0.5445006735622883,23.74528813100005,0.0002755749717393,,,,,,,,0.0033897793176583,unet25d
27,0.7754774019122124,0.0282978881336748,0.4766056156158447,0.7869652503728867,0.0005963604498538,,0.5559093132615089,24.205794374000103,0.0002732666722837,,,,,,,,0.0028867752524092,unet25d
28,0.764907819032669,0.0285984414350241,0.4703840862214565,0.8107077527046204,0.000490109368402,,0.5520266672968864,24.78470731400012,0.0002708647658491,,,,,,,,0.0027365247276611,unet25d
29,0.74911028444767,0.0339700873382389,0.4630542242527008,0.8172589924931526,0.000438028902281,,0.5454038226604462,23.88859892999972,0.0002683710764094,0.5878984796454293,0.4638736103798384,0.3463126124511082,0.5878984796454293,0.4116258147433227,0.3920965367507631,0.52653243214632,0.0030089622817467,unet25d
30,0.7470051112771035,0.0294115512724965,0.4599677067995071,0.7982650172710418,0.000333859391394,,0.5402968829870224,24.55293399599941,0.0002657874976374,,,,,,,,0.0024299075501039,unet25d
31,0.7578676760196685,0.0268577752495184,0.4654637353122234,0.7771836337447167,0.0002317669537296,,0.5435882723331451,25.959178678999702,0.0002631159914665,,,,,,,,0.0019729137711692,unet25d
32,0.7794622947275639,0.0297191934520378,0.479565073698759,0.8037537401914596,0.0002085218832507,,0.5604362337291241,22.574197595999976,0.0002603585866009,,,,,,,,0.0024268106324598,unet25d
33,0.7375864258408547,0.0286280885199084,0.4540031084418297,0.827545908689499,0.0002082163892919,,0.5371459144353866,20.98053907800022,0.0002575173769752,,,,,,,,0.0018889918475179,unet25d
34,0.7399365106225013,0.0283137297770008,0.4552874195575714,0.8101031762361527,0.0002299892895825,,0.5367193764448166,21.086434574999657,0.000254594520164,,,,,,,,0.0020506777946138,unet25d
35,0.7601773855090141,0.0257975710975006,0.4664254780113697,0.773455111682415,0.0001780214316022,,0.544119861125946,21.429084090000288,0.0002515922357438,,,,,,,,0.0016998393108951,unet25d
36,0.7442873007059098,0.0267817101534456,0.4572850823402404,0.8311596858501434,0.0001354406342215,,0.5407807123661041,20.23787670999991,0.0002485128036071,,,,,,,,0.0018644547328585,unet25d
37,0.7367978203296661,0.0263312890497036,0.4526112279295921,0.7828115218877792,0.0002475944642901,,0.5312616249918938,23.11981702799949,0.0002453585622314,,,,,,,,0.0017843438795534,unet25d
38,0.7401055365800857,0.0271224558306857,0.4549123182892799,0.7806264445185661,0.0001532993466116,,0.5333910524845124,24.463135478000368,0.0002421319069034,,,,,,,,0.0020421205161255,unet25d
39,0.7264889629185199,0.0250824519013986,0.4459263762831688,0.7775399896502495,0.0001419536056164,,0.5240210437774658,25.18312897099986,0.0002388352878997,0.6080728332297263,0.4883713380832976,0.3707145203826202,0.6080728332297263,0.4080879308915843,0.448953250128582,0.548426553401087,0.0016678600267914,unet25d
40,0.7238139182329177,0.0280085746431723,0.445491798967123,0.8087336635589599,0.0001196302356856,,0.5268184781074524,23.4685246479994,0.0002354712086265,,,,,,,,0.0022366696543758,unet25d
41,0.7511268299818039,0.0258344832202419,0.4610099078714847,0.7895374488830567,0.0001061604865344,,0.5403877863287926,24.80943248299991,0.0002320422237183,,,,,,,,0.0020941019988094,unet25d
42,0.7600896751880646,0.0301845568837597,0.4681276468932628,0.8187864020466804,9.700885651000135e-05,,0.5505924135446548,24.47449710100045,0.0002285509370981,,,,,,,,0.0029063896922161,unet25d
43,0.7466568270325661,0.0246736099943518,0.4578635621070862,0.8293814182281494,8.32213174203389e-05,,0.5411889511346817,24.31153867400008,0.000225,,,,,,,,0.0019154392028576,unet25d
44,0.7237359300255776,0.0264014778798446,0.4448021660745144,0.7863922700285911,8.277766367882577e-05,,0.5238414487242699,21.052335862999826,0.0002213921089555,,,,,,,,0.0019795782727305,unet25d
45,0.7446336901187897,0.0232226719381287,0.4560692998766899,0.8202796375751495,8.898720059278276e-05,,0.5384614706039429,21.34863437199965,0.0002177300037466,,,,,,,,0.0017987995847943,unet25d
46,0.7480873990058899,0.0224778011487796,0.4578435789048671,0.8106232506036758,0.0001025131899473,,0.5393066614866256,21.23615563000021,0.0002140164653244,,,,,,,,0.0019781757244345,unet25d
47,0.7352831983566284,0.0252517718169838,0.4512706445157528,0.7896231523156166,0.0001287291107479,,0.5307589894533158,21.273444395000297,0.0002102543136979,,,,,,,,0.002597948604307,unet25d
48,0.7397856217622757,0.0239624103484675,0.4534563574194908,0.7948486855626107,9.318401563177758e-05,,0.5334380280971527,21.786285142999983,0.0002064464057921,,,,,,,,0.0024607104149617,unet25d
49,0.7045580425858498,0.0233654375467449,0.4320810160040855,0.7836492121219635,8.753256423915445e-05,,0.5108587917685509,23.97610236799937,0.0002025956332789,0.6289035454326993,0.5197806811561692,0.3895241682362417,0.6289035454326993,0.4379626493160254,0.4924758487197829,0.5722287484300945,0.0020423838980786,unet25d
50,0.7156622192263603,0.0235124728595837,0.4388023361563682,0.7855931693315505,8.158409321367798e-05,,0.5178053815662861,24.58697537800072,0.0001987049203807,,,,,,,,0.0021982348321762,unet25d
51,0.7155174177885055,0.0235963111929595,0.4387489919364452,0.8072768592834473,0.0001337665287087,,0.5199289616942405,23.78100940100012,0.0001947772216502,,,,,,,,0.0022279831252672,unet25d
52,0.7372024343907833,0.0226990566356107,0.4514011040329933,0.8067623966932297,9.522387929564502e-05,,0.5324802283942699,24.96395018800013,0.0001908155197268,,,,,,,,0.0019906138427177,unet25d
53,0.7329596392810345,0.0248748975386843,0.4497257639467716,0.7801233875751495,7.900737514177081e-05,,0.5282198815047741,24.206785905000288,0.0001868228230711,,,,,,,,0.0023891256106435,unet25d
54,0.7160513560473919,0.0225556506263092,0.4386530920863151,0.7837136897444725,9.429951085849098e-05,,0.5174646735191345,25.40436444200077,0.0001828021636809,,,,,,,,0.0021774753572026,unet25d
55,0.7492167276144027,0.0228379656816832,0.45866524040699,0.7749010843038558,0.0001093340194461,,0.5366248846054077,21.750259372000077,0.0001787565947885,,,,,,,,0.002320335276272,unet25d
56,0.7483465883135796,0.0246194707369431,0.4588557615876197,0.8238096782565116,0.0001010222631612,,0.5417337420582772,22.416822076000244,0.0001746891885421,,,,,,,,0.0024597959982202,unet25d
57,0.7536981844902039,0.0199855400342494,0.4602131420373916,0.7815345498919487,8.344589298616257e-05,,0.5387464520335198,21.19294996999997,0.0001706030336727,,,,,,,,0.0018784055939613,unet25d
58,0.6961095745861531,0.0238840162521228,0.4272193667292595,0.7740141373872756,0.0001172920480348,,0.5051198726892472,21.076233907999267,0.0001665012331491,,,,,,,,0.0024661325163106,unet25d
59,0.7091258785128594,0.0211064257263205,0.4339181135594845,0.7648542475700378,0.0001364947517959,,0.5108887633681297,21.46003779200055,0.0001623869018208,0.6719749326166613,0.5615246524856518,0.430048190695483,0.6719749326166613,0.4690818363455403,0.5435171884947534,0.6146471743852406,0.0023919952267897,unet25d
60,0.695706767141819,0.0245055556693114,0.4272262987494468,0.7609775534272194,9.919656107001628e-05,,0.5039400665462017,23.91364639800031,0.0001582631640533,,,,,,,,0.0030552371986777,unet25d
61,0.7244929237663746,0.0208669212460517,0.4430425408482552,0.7620924261212348,5.068909077078132e-05,,0.5197524562478065,24.4063837169997,0.0001541331513552,,,,,,,,0.0024906871727034,unet25d
62,0.7149263620376587,0.0199103061808273,0.4369199591875076,0.7988620394468308,8.796416562113053e-05,,0.5172021794319153,24.260686225000427,0.00015,,,,,,,,0.0019580957101061,unet25d
63,0.7301485043764114,0.0225681563396938,0.4471163818240166,0.7844406655430793,0.0001307678672264,,0.5260849487781525,23.787153808000767,0.0001458668486447,,,,,,,,0.0025898099823825,unet25d
64,0.6932977858185768,0.0232696104608476,0.425286535769701,0.7789607313275337,9.10276859485748e-05,,0.5037366396188736,24.156148434999523,0.0001417368359466,,,,,,,,0.0027473823512627,unet25d
65,0.6888891977071762,0.0197153511503711,0.4212196758389473,0.7671031549572944,0.0001259648629172,,0.4983263382315636,23.922975554000004,0.0001376130981791,,,,,,,,0.0019502175738125,unet25d
66,0.7555152675509453,0.0202098022401332,0.4613931030035019,0.7755775114893914,0.0001299170276502,,0.5393966889381409,23.061410752000484,0.0001334987668508,,,,,,,,0.0021966965030151,unet25d
67,0.7053911447525024,0.02152237938717,0.4318436570465565,0.7857351639866829,0.0001453803864478,,0.5108778285980224,21.120320672999696,0.0001293969663272,,,,,,,,0.0022669031857367,unet25d
68,0.7234407502412796,0.021569680890534,0.4426923394203186,0.7543722644448281,8.632690437629264e-05,,0.5185645841062069,21.29653749999943,0.0001253108114578,,,,,,,,0.0021534985016842,unet25d
69,0.7361429041624069,0.017206236673519,0.4485682544112205,0.7624852120876312,6.566020128389028e-05,,0.525146351158619,21.11248177600009,0.0001212434052114,0.6813403695097993,0.5734096753010759,0.4463123651874724,0.6813403695097993,0.5026955618033787,0.5361930945900498,0.6254583608149495,0.0016314741656242,unet25d
70,0.6928718683123588,0.0195244571124203,0.4235329233109951,0.8056911879777908,6.18808219451239e-05,,0.5045044386386871,23.72652513199955,0.000117197836319,,,,,,,,0.0019965013675755,unet25d
71,0.7144053271412849,0.0202202079258859,0.4367312966287136,0.7619088867306709,0.0001411872331493,,0.5134092482924462,24.284319968999625,0.0001131771769288,,,,,,,,0.0024000093796166,unet25d
72,0.7117719745635986,0.0215293541643768,0.4356749449670314,0.7488967549800872,8.738985103406094e-05,,0.5110983219742775,24.541419723000217,0.0001091844802731,,,,,,,,0.0026466582421926,unet25d
73,0.7344665351510048,0.0246448294213041,0.4505378687381744,0.8414067405462266,0.0001200235035946,,0.5353948360681534,24.73872902399944,0.0001052227783497,,,,,,,,0.0035514538415736,unet25d
74,0.7454756531119346,0.0254342893883585,0.4574591283500194,0.806046624481678,0.0001178051886881,,0.5387769716978074,24.28546114700021,0.0001012950796192,,,,,,,,0.0035364141107129,unet25d
75,0.727908637970686,0.0251094599952921,0.4467889836430549,0.8386455711722374,0.0001503965101119,,0.5313536003232002,23.35211664899998,9.740436672108684e-05,,,,,,,,0.0034626850275162,unet25d
76,0.7404264202713966,0.0240421094838529,0.4538727189600468,0.7995096069574356,0.0001212055151384,,0.5345236605405808,24.6137894099993,9.355359420782469e-05,,,,,,,,0.0034695963645935,unet25d
77,0.7493472480773926,0.0245578106166794,0.4594314897060394,0.8125304085016251,0.0001484831827019,,0.5414148074388504,24.961289566999767,8.97456863020546e-05,,,,,,,,0.0036142781356647,unet25d
78,0.7313722319900989,0.0232073054043576,0.4481062810122966,0.8070660474896431,0.0001131026349946,,0.5294113083183766,22.30483293599991,8.598353467553945e-05,,,,,,,,0.0029638380508913,unet25d
79,0.7196102970838547,0.0260182590177282,0.4421735019981861,0.810036995112896,8.801042529739789e-05,,0.5239474856853485,21.223975118000453,8.226999625336662e-05,0.6759931260424712,0.5714401611112118,0.4391164081937381,0.6759931260424712,0.4749432108851356,0.5633841464060283,0.6209395647782201,0.0038294102507643,unet25d
80,0.7342255052924156,0.0240883867116644,0.4501706753671169,0.8290746921300888,9.340965483659149e-05,,0.5337631845474243,23.879342707999967,7.860789104443896e-05,,,,,,,,0.0034018466043198,unet25d
81,0.7200166967511177,0.0228196791326627,0.4411379073560237,0.8122358146309853,0.0001289620048032,,0.5230430769920349,24.050491813000008,7.500000000000002e-05,,,,,,,,0.0033756988665845,unet25d
82,0.7271535113453865,0.0250046203238889,0.4462939707934856,0.8040697133541107,0.0001473590653085,,0.5274262562394142,24.401401179999997,7.144906290181832e-05,,,,,,,,0.0035897232882052,unet25d
83,0.7478746077418328,0.0261156350001692,0.4591710367798805,0.7873698955774308,0.0001308899357145,,0.5386963361501693,24.508929045000517,6.795777628163599e-05,,,,,,,,0.0039088319086295,unet25d
84,0.743259317278862,0.0251956685399636,0.4560338789224624,0.8183338934183121,0.0001075000988726,,0.5386362054944038,24.81297979800001,6.452879137346007e-05,,,,,,,,0.0038178080515717,unet25d
85,0.7394182291626931,0.0257297554332762,0.4539428535103798,0.8354554933309555,0.0001240916071469,,0.5382052122056484,25.74934020299952,6.1164712100253e-05,,,,,,,,0.0035530124998331,unet25d
86,0.712987787425518,0.0245338383130729,0.4376062253117561,0.7845403414964676,0.0001737428676983,,0.5167654004693031,24.372977314999844,5.786809309654982e-05,,,,,,,,0.0034822728132712,unet25d
87,0.7310619473457336,0.0257309157401323,0.4489295525848865,0.7994978725910187,0.000136112344503,,0.5296571120619774,25.15603068300061,5.464143776850482e-05,,,,,,,,0.0038548217326751,unet25d
88,0.732720213830471,0.024550856235437,0.4494524909555912,0.8009595668315888,0.0001701674190962,,0.5302779564261436,25.091236428999764,5.148719639283984e-05,,,,,,,,0.0036050311673898,unet25d
89,0.7128506064414978,0.0244711517868563,0.4374988406896591,0.8058062669634819,0.0001415558652206,,0.5187989020347595,22.40870042499955,4.840776425613886e-05,0.6806813071058296,0.5811944337742325,0.4463632903952745,0.6806813071058296,0.4940915145088427,0.5688104797080252,0.627403443435295,0.0035617698525493,unet25d
90,0.7069986933469772,0.0215427036234177,0.4328163139522075,0.7874847477674485,0.0001347973366063,,0.5121279156208038,23.07127793499967,4.5405479835900685e-05,,,,,,,,0.002781950769131,unet25d
91,0.73411500364542,0.0241570459632202,0.4501318378746509,0.8191705110669136,0.0001540804493652,,0.5327585254609585,23.333740627000225,4.2482623024732334e-05,,,,,,,,0.0035096661930037,unet25d
92,0.736899508535862,0.0233228822797536,0.4514688792824745,0.7867565849423408,0.0001540101109003,,0.5308240741491318,24.124202242000138,3.964141339903026e-05,,,,,,,,0.0033591769009763,unet25d
93,0.7237175592780113,0.0217549795238301,0.4429325456917286,0.794434249997139,0.0001504099397641,,0.5230070507526398,24.680521083999334,3.6884008533465575e-05,,,,,,,,0.0031177906335506,unet25d
94,0.6946173569560051,0.0231841854285448,0.4260441048443317,0.7894149029254913,0.0001279129024396,,0.5056681492924691,23.988781801000187,3.4212502362551864e-05,,,,,,,,0.0033808009314088,unet25d
95,0.7340255239605904,0.0213010994857177,0.4489357733726501,0.7969551259279251,0.0001695656930974,,0.5292552363872528,24.422806032000157,3.162892359054098e-05,,,,,,,,0.0030773614715781,unet25d
96,0.7092700354754925,0.0238997170142829,0.4351219236850738,0.810377660393715,0.0001756246995955,,0.5168383319675922,24.766785923000494,2.913523415085328e-05,,,,,,,,0.0033492893034417,unet25d
97,0.7331611165404319,0.0221660302858799,0.4487631022930145,0.7972874161601067,0.0001904839840722,,0.5291585770249366,24.360933890000524,2.673332771621324e-05,,,,,,,,0.0032860264002556,unet25d
98,0.7115210914611816,0.0195954444864764,0.434750851392746,0.7535706833004951,0.0001340795753802,,0.5106129464507103,24.75325675800013,2.4425028260620715e-05,,,,,,,,0.0024916122894501,unet25d
99,0.7509912511706353,0.0214404148352332,0.4591709372401237,0.8047480282187461,0.0001436128708155,,0.5403050792217254,24.350369404999583,2.221208867425096e-05,0.6908042930724068,0.5867816418269929,0.4523454543430915,0.6908042930724068,0.510045106857771,0.5594955255508007,0.6357516138258511,0.0032607906498742,unet25d
100,0.7318105188012123,0.0215469803055748,0.4477051185071468,0.761847670674324,0.0002026051725829,,0.5245184496045112,21.14713168200069,2.009618943233419e-05,,,,,,,,0.0030921659456362,unet25d
101,0.7190603214502335,0.0219406020641326,0.4402124531567096,0.7736269441246987,0.0001644191086069,,0.518225437104702,22.06759110799976,1.807893731902665e-05,,,,,,,,0.0032103447379631,unet25d
102,0.7112218478322029,0.0205553523474372,0.4349552674591541,0.7927343216538429,0.0001209284172637,,0.5148252089321613,24.645339268001408,1.616186420724089e-05,,,,,,,,0.0029523070916911,unet25d
103,0.7440026891231537,0.0239145040209405,0.4559674327075481,0.8300204336643219,0.0001779598193957,,0.5397117075324058,25.584337997999683,1.4346425895363384e-05,,,,,,,,0.0036666602709374,unet25d
104,0.7407106393575669,0.0208780491631478,0.4527776239812374,0.7845638769865036,0.0001430352251827,,0.5318396943807602,23.73485948800044,1.2634001001741372e-05,,,,,,,,0.0029926619126126,unet25d
105,0.7124733993411064,0.0228237214963883,0.4366135469079018,0.772019630074501,0.0001459510753193,,0.5144767346978187,24.69849874800093,1.1025889917779737e-05,,,,,,,,0.0032696415267128,unet25d
106,0.7270884609222412,0.021382457325235,0.4448060774803161,0.7730757874250412,0.0001446381435107,,0.522757753431797,24.722442461001265,9.523313820441804e-06,,,,,,,,0.0031843376963661,unet25d
107,0.7285851123929024,0.0219886810984462,0.4459465578198432,0.7916020628809929,0.0001536013743202,,0.525747321844101,24.301917812999815,8.127413744904804e-06,,,,,,,,0.0031643778138982,unet25d
108,0.7267289113998413,0.0218241355428472,0.4447670190036297,0.7892657667398453,0.0001418889234309,,0.5243036371469497,24.73593155600065,6.839249718073875e-06,,,,,,,,0.0030147182362998,unet25d
109,0.7370733380317688,0.020047939158976,0.4502631977200508,0.7867909955978394,0.0001336655537909,,0.5294792822003365,24.515849381999946,5.659799953612438e-06,0.6914180491432461,0.590889682130902,0.4582478056582424,0.6914180491432461,0.5056194974160951,0.5756314998333641,0.6379425146910425,0.002651512803186,unet25d
110,0.7116428878903389,0.0197888055094517,0.4349012733995914,0.7572776147723198,0.0001392792724027,,0.5111496469378471,21.44963440299944,4.589960109100444e-06,,,,,,,,0.0025682376495842,unet25d
111,0.7448229044675827,0.0187781479768455,0.4544050219655037,0.7955112954974175,0.0001138086011337,,0.5344732987880707,21.464754811999228,3.630542605884657e-06,,,,,,,,0.0025572635424828,unet25d
112,0.7330153754353523,0.0195204513333737,0.447617424428463,0.7586460810899734,0.0001421576688437,,0.524045766890049,21.347167527001147,2.7822760121373187e-06,,,,,,,,0.0027831054986438,unet25d
113,0.6998450076580047,0.0205823727929964,0.428139971345663,0.7606026440858841,0.0001559194180549,,0.5047776556015015,24.597452927999257,2.0458044895916517e-06,,,,,,,,0.0028481091547655,unet25d
114,0.7113965645432472,0.019804127884563,0.4347596082091332,0.7533594673871994,0.0001430913218609,,0.5106162697076797,24.68938620299923,1.4216873043745137e-06,,,,,,,,0.0025678014364007,unet25d
115,0.6976484224200249,0.0177523870347067,0.4256900238990784,0.7609626203775406,0.0001220351579127,,0.5022333757579327,24.25386361600067,9.103984023075772e-07,,,,,,,,0.0022049429756884,unet25d
116,0.7198482792079449,0.020001233741641,0.4399094812572002,0.7831225961446762,0.0001174351956024,,0.5187590210139752,24.290749876001428,5.123260489995229e-07,,,,,,,,0.0026570458422793,unet25d
117,0.7098556999862194,0.0194631265569478,0.433698687851429,0.8289762544631958,0.0001019944515718,,0.5170916263759137,25.488677478999307,2.2777253500257386e-07,,,,,,,,0.0024510620317664,unet25d
118,0.6765383708477021,0.0204483410576358,0.4141023775935173,0.7870924514532089,0.000138006463826,,0.493307780623436,25.66885644500144,5.695394625728767e-08,,,,,,,,0.0024462782363116,unet25d
119,0.7132930833101273,0.0185917708766646,0.435412577688694,0.7694236299395562,0.0001177886487357,,0.5128271773457527,25.254994876999262,0.0,0.6919463457380779,0.5928724902420923,0.4589912273901269,0.6919463457380779,0.5092669264563361,0.5774041985318631,0.6389286772544871,0.0023317237299954,unet25d
0,0.9706435191631316,0.6149632322788239,0.828371428847313,0.7320572596788406,0.0584766890481114,0.5990546673536301,1.5035556602478026,24.681113085000103,5.1e-05,,,,,,,,,no_quality
1,0.9692825645208358,0.4869515141844749,0.7763501757383346,0.6888897943496705,0.022369634900242,0.4967310261726379,1.3430886566638949,23.57427608599937,0.0001009999999999,,,,,,,,,no_quality
2,0.9599691933393478,0.4336575996875763,0.749444591999054,0.6895967590808868,0.005567529394757,0.4657676115632057,1.2844502532482147,23.005517544000213,0.0001509999999999,,,,,,,,,no_quality
3,0.952397122979164,0.3918349361419678,0.7281722795963287,0.675467135310173,0.0024276533187367,0.4437933030724525,1.2396336829662322,24.03598178500033,0.0002009999999999,,,,,,,,,no_quality
4,0.9619050121307372,0.3451787304878235,0.7152145302295685,0.6760114759206772,0.0011643520463258,0.4358643522858619,1.2187382447719577,23.439283089000128,0.000251,,,,,,,,,no_quality
5,0.9476437538862228,0.2975462260842323,0.6876047676801682,0.6814436542987824,0.0009248939898679,0.4100638449192047,1.1658592224121094,21.747256530999948,0.0003,,,,,,,,,no_quality
6,0.9442950588464736,0.2506511358916759,0.6668375146389007,0.6766236257553101,0.0007502289561671,0.3959030330181122,1.1304404312372207,21.522412861999328,0.0002999430460537,,,,,,,,,no_quality
7,0.9360086232423782,0.2095309183001518,0.6454175639152527,0.6763548576831817,0.0012080228183185,0.3796097525954247,1.0927231973409652,21.6503743229996,0.0002997722274649,,,,,,,,,no_quality
8,0.9311886876821518,0.1784354637563228,0.630087422132492,0.6893435943126679,0.0009678625616652,0.3773819962143898,1.0764521729946137,22.152529775000403,0.000299487673951,,,,,,,,,no_quality
9,0.9015768319368362,0.1518867321312427,0.6017008143663406,0.6852435946464539,0.0015899974846979,0.3517473168671131,1.022051995396614,23.80984404999981,0.0002990896015976,0.478229088366506,0.461131895694898,0.3720826338027111,0.478229088366506,0.4126502043311621,0.4925163943870252,0.4624852851086441,,no_quality
10,0.904943773150444,0.1250593522191047,0.5929900255799293,0.6716789838671684,0.0019497025856981,0.3536607067286968,1.013916112780571,24.403093891000022,0.0002985783126956,,,,,,,,,no_quality
11,0.885585508942604,0.1067052571475505,0.5740334317088127,0.6945512861013412,0.0016750071599381,0.3429132632911205,0.9864855766296386,24.684822991000143,0.0002979541955104,,,,,,,,,no_quality
12,0.8692934203147888,0.0919674704968929,0.558363065123558,0.693623888194561,0.0015196781686972,0.3290218569338322,0.9568232959508896,24.5643295029995,0.0002972177239878,,,,,,,,,no_quality
13,0.8685779863595963,0.080010017901659,0.5531508192420006,0.6918703436851501,0.0018599543336313,0.3369338646531105,0.959364720582962,24.5050759249998,0.0002963694573941,,,,,,,,,no_quality
14,0.8517937499284745,0.0691351406276226,0.538730326294899,0.7085275572538375,0.0015546475321752,0.3343745696544647,0.9440353840589524,21.362911017999977,0.0002954100398908,,,,,,,,,no_quality
15,0.8323531383275986,0.0619346362352371,0.5241857567429542,0.7074464872479439,0.0014574451354565,0.324693900346756,0.9196971833705904,22.619641878999573,0.0002943402000463,,,,,,,,,no_quality
16,0.8371622255444526,0.0508348514139652,0.5226312929391861,0.7214062467217446,0.0011645935627166,0.3294994699954987,0.9243296158313752,22.50847462900037,0.0002931607502819,,,,,,,,,no_quality
17,0.8196285715699196,0.0465969002433121,0.5104159227013588,0.7076787775754929,0.0011758470542554,0.3214317418634891,0.90267433822155,22.4747105739998,0.000291872586255,,,,,,,,,no_quality
18,0.8488316410779952,0.0488049300014972,0.5288209754228592,0.7869274842739106,0.0006856972611421,0.3522900855541229,0.9674651199579238,24.6478121579994,0.0002904766861795,,,,,,,,0.0381351348391035,no_quality
19,0.8307722461223602,0.0491468472406268,0.5181221050024033,0.7691387063264847,0.0006648645759378,0.3423206937313079,0.942681856751442,24.83387175400003,0.0002889741100822,0.6309184694803059,0.5277199145435716,0.365588756510004,0.6309184694803059,0.4203670783512538,0.5318741957991552,0.5734259317022554,0.0264597540773684,no_quality
20,0.8164180040359497,0.0469616934284567,0.5086355003714561,0.7920683187246322,0.0004760732972135,0.3415568226575851,0.9330569404363632,24.87506663800013,0.0002873659989982,,,,,,,,0.0181699238112196,no_quality
21,0.8157695841789245,0.0416969600878655,0.5061405536532402,0.7934305781126022,0.0003106465452492,0.3389929002523422,0.9280568951368332,25.34057206299985,0.0002856535741046,,,,,,,,0.0178242575877811,no_quality
22,0.7792681476473808,0.0396571424044668,0.4834237676858902,0.7671100622415543,0.0002872143917193,0.3224138939380646,0.884601674079895,24.70091001699984,0.0002838381357927,,,,,,,,0.0101932270475663,no_quality
23,0.7837507051229476,0.0355817012581974,0.4844831225275993,0.7722658860683441,0.0002279001992201,0.3277676703035831,0.8914170861244202,22.39770587000021,0.0002819210626809,,,,,,,,0.0096415671287104,no_quality
24,0.7842662146687508,0.032371794776991,0.483508463203907,0.7643453681468964,0.0002137046519783,0.3298970495164394,0.8913786152005195,23.069796685000256,0.0002799038105676,,,,,,,,0.0076394109567627,no_quality
25,0.7941700977087021,0.0280331180337816,0.4877153271436691,0.7715288752317429,0.0001810022126483,0.3349563817679882,0.9012029719352722,23.032854254000085,0.0002777879113257,,,,,,,,0.006846631555818,no_quality
26,0.755593575835228,0.0307399219926446,0.4656521333754063,0.7849971225857735,0.000131566990467,0.3191622491180896,0.8645273631811142,24.329585278000195,0.0002755749717393,,,,,,,,0.0060334359388798,no_quality
27,0.7818639206886292,0.028035835227929,0.4803327038884163,0.7995134964585304,0.0001402967289686,0.3327901937067509,0.8941653543710708,25.25526034199993,0.0002732666722837,,,,,,,,0.0054204686451703,no_quality
28,0.7696017971634865,0.0281347579788416,0.4730150006711483,0.7890613514184952,0.0001276989642974,0.3278238321840763,0.8807106247544289,25.114011816999664,0.0002708647658491,,,,,,,,0.0047963617974892,no_quality
29,0.749425727725029,0.0293233758676797,0.4613848057389259,0.8116176763176918,0.0001242724465828,0.3220183427631855,0.8653974050283432,24.713577714000166,0.0002683710764094,0.6755248394800532,0.5882727140972682,0.4426585060667845,0.6755248394800532,0.4747741402188858,0.6145191625928658,0.6260625685238908,0.0041313565755262,no_quality
30,0.7468193385004998,0.026608360633254,0.4587349671125412,0.7834916889667511,0.0001198695212269,0.320244667828083,0.8580373314023018,24.975622479000776,0.0002657874976374,,,,,,,,0.0035126982931979,no_quality
31,0.7558334341645241,0.02300767398905,0.4627031490206718,0.7809391492605209,6.518270148816896e-05,0.3264696335792541,0.8678867030143738,24.01055863700003,0.0002631159914665,,,,,,,,0.0030837362608872,no_quality
32,0.7717006300389767,0.0240812040492892,0.4726528793573379,0.7922577738761902,6.869998964475598e-05,0.3323784001171589,0.8847953400015831,23.866606790999867,0.0002603585866009,,,,,,,,0.00267422402394,no_quality
33,0.7318423190712928,0.02525629225187,0.4492079252004623,0.7843269190192222,5.129772815507749e-05,0.3172854189574718,0.8453927093744278,22.752049013000036,0.0002575173769752,,,,,,,,0.0023205176729243,no_quality
34,0.7323258143663406,0.0244153451174497,0.4491616456210613,0.7948741027712822,5.342924539377236e-05,0.316563034504652,0.8456532388925553,22.936845092000112,0.000254594520164,,,,,,,,0.0021923941723071,no_quality
35,0.7543545255064964,0.0218650985462591,0.4613587740063667,0.7722982954978943,6.800866952517027e-05,0.3275358086824417,0.8664724296331405,24.826338539000066,0.0002515922357438,,,,,,,,0.0017230687424307,no_quality
36,0.7361160388588905,0.0233001963957212,0.450989721417427,0.7889386981725692,5.874592833379211e-05,0.320825777053833,0.8510823076963425,24.09005048299969,0.0002485128036071,,,,,,,,0.0018500134762143,no_quality
37,0.7255918231606483,0.0226726344460621,0.4444241680204868,0.7790173280239105,6.099072733235289e-05,0.3168137726187706,0.8394930112361908,24.69281423900065,0.0002453585622314,,,,,,,,0.0017514094244688,no_quality
38,0.7334750068187713,0.0213291341718286,0.448616677224636,0.759414059817791,4.931104945399056e-05,0.3204905113577843,0.8453498592972756,24.759221696000168,0.0002421319069034,,,,,,,,0.0014939834031974,no_quality
39,0.7217413501441479,0.0211571637750603,0.4415076929330825,0.7773733329772949,6.122833398393368e-05,0.3151760755479336,0.8347279554605485,24.847595242999887,0.0002388352878997,0.7065065815452053,0.5972760202541317,0.4602037936479967,0.7065065815452053,0.4832999788515322,0.6020215003656575,0.6491071343681624,0.0015190034176339,no_quality
40,0.7115776580572128,0.022876621899195,0.4360972583293915,0.819767569899559,5.798338517525536e-05,0.3109493467211723,0.8293903297185898,22.480276049000167,0.0002354712086265,,,,,,,,0.001820338681282,no_quality
41,0.7445241954922676,0.0222149412380531,0.4556005108356475,0.8035872048139572,6.927939192195253e-05,0.3270706976950168,0.8633596968650817,23.096736647999933,0.0002320422237183,,,,,,,,0.0016314812310156,no_quality
42,0.7477692767977715,0.0215818108059465,0.4572943046689033,0.8117257648706436,5.715624272127684e-05,0.3281026019155979,0.8668907016515732,22.62799333899966,0.0002285509370981,,,,,,,,0.0015917668680776,no_quality
43,0.7382457333803177,0.0220955661917105,0.4517856827378273,0.8033070850372315,4.205907553028965e-05,0.323819471001625,0.8563047486543656,24.1535298660001,0.000225,,,,,,,,0.0018339277931954,no_quality
44,0.7145882359147072,0.0224235135130584,0.4377223655581474,0.8060924959182739,3.12112484406768e-05,0.3141631895303726,0.8328159779310227,24.19666782500008,0.0002213921089555,,,,,,,,0.0015980620506161,no_quality
45,0.7357871472835541,0.0189022133732214,0.4490331943333149,0.8057086312770844,3.54633339384236e-05,0.3234297473728657,0.8533058506250382,24.814729174000604,0.0002177300037466,,,,,,,,0.0013513747118122,no_quality
46,0.7409017053246498,0.0192393302940763,0.452236770093441,0.7794842177629471,4.725743054223131e-05,0.3260156764090061,0.8565138959884644,25.15445257200008,0.0002140164653244,,,,,,,,0.0015533384041918,no_quality
47,0.724985886067152,0.0210251005250029,0.4434015880525112,0.7891655543446541,3.3881416052281565e-05,0.3178547932207584,0.8405632966756821,24.95082259100036,0.0002102543136979,,,,,,,,0.0019433340055547,no_quality
48,0.725815178155899,0.0198191182524897,0.4434167721867561,0.7941549289226532,4.583619503705449e-05,0.3171827282011509,0.8404093891382217,24.800574815999425,0.0002064464057921,,,,,,,,0.001960496813408,no_quality
49,0.6967767468094825,0.0196232302254065,0.4259153580665588,0.7945066368579865,2.5741373011172185e-05,0.3087075210362673,0.8143646907806397,24.976984162999543,0.0002025956332789,0.6982025813543711,0.6067312037710059,0.4653732480181307,0.6982025813543711,0.5003252665275217,0.621665763431125,0.6474782347457374,0.0014493134569784,no_quality
50,0.7056887228786946,0.0199355090898461,0.4313874527812004,0.7667466887831688,3.0208080388547388e-05,0.3109749842435121,0.8193894273042679,23.246024488999865,0.0001987049203807,,,,,,,,0.0017540180039213,no_quality
51,0.7002970439195633,0.0179112327378243,0.4273427347838878,0.8227267187833786,2.8771587967071355e-05,0.3074166941642761,0.8173226147890091,22.4151502779996,0.0001947772216502,,,,,,,,0.0014453930919262,no_quality
52,0.7202379278838634,0.0195737455692142,0.4399722757935524,0.80451190918684,3.180668195113867e-05,0.3181964419037104,0.8389425376057624,25.06088351300059,0.0001908155197268,,,,,,,,0.0016051684196645,no_quality
53,0.7184005717933178,0.0193136549554765,0.4387658224254847,0.7511629489064217,3.5498025457201266e-05,0.3179103079438209,0.8321444851160049,24.844928459000585,0.0001868228230711,,,,,,,,0.0017514336482418,no_quality
54,0.7067481605708599,0.0191098922956734,0.431692873686552,0.7779314771294594,2.4986772324666617e-05,0.3123800058662891,0.8222278159856796,25.644841662000545,0.0001828021636809,,,,,,,,0.0018026885585277,no_quality
55,0.7406698435544967,0.0202691851975396,0.4525095960497856,0.7939073312282562,4.555338292675515e-05,0.3274297647178173,0.8597423115372658,24.544099583999923,0.0001787565947885,,,,,,,,0.0020496999203533,no_quality
56,0.7327864715456962,0.0189922474545892,0.4472688014805317,0.8039146399497986,3.3781138065478444e-05,0.3242789089679718,0.8522725948691368,25.26458083200032,0.0001746891885421,,,,,,,,0.0016586564166209,no_quality
57,0.7374024945497513,0.0152059440012089,0.448523893803358,0.7832414031028747,2.3796338584531896e-05,0.3247065891325473,0.8518216535449028,24.238282545999937,0.0001706030336727,,,,,,,,0.0013291754382407,no_quality
58,0.6772443264722824,0.0191143010789528,0.4139923332631588,0.7872426158189774,3.58323699751395e-05,0.2999067551642656,0.7930153608322144,24.42778337799973,0.0001665012331491,,,,,,,,0.0019510770948909,no_quality
59,0.6931950855255127,0.0178740994422696,0.4230667082965374,0.7574484050273895,2.9912883272231737e-05,0.3072163549065589,0.806420333981514,24.99163421100002,0.0001623869018208,0.7109734920797021,0.6099567286410275,0.47158358837819,0.7109734920797021,0.4959660683864991,0.622930625456881,0.6567294726779485,0.0019546577039727,no_quality
60,0.6780064569413662,0.0185571994376368,0.4142267671227455,0.7741568791866302,3.271089250091563e-05,0.3015678402781486,0.7936009883880615,22.68993431800027,0.0001582631640533,,,,,,,,0.0019453016667284,no_quality
61,0.7139745512604714,0.0161741716507822,0.434854416847229,0.7445193853974342,2.612708682477205e-05,0.3164016035944223,0.8260535690188407,25.03071242200076,0.0001541331513552,,,,,,,,0.0017215295264577,no_quality
62,0.7022732332348823,0.0172762329422403,0.4282744514942169,0.7732307687401772,5.8647121300055005e-05,0.309067322909832,0.8150537642836571,24.80525248599952,0.00015,,,,,,,,0.0019299107545157,no_quality
63,0.7120106333494186,0.017833541969303,0.4343398123979568,0.8046785315871239,4.050484587196479e-05,0.3154405918717384,0.8306093242764473,23.76775951000036,0.0001458668486447,,,,,,,,0.0017951976523818,no_quality
64,0.6806728574633598,0.018142593888333,0.4156607675552368,0.7694120296835899,2.639175046795117e-05,0.3022497120499611,0.7952334469556809,24.153304510999988,0.0001417368359466,,,,,,,,0.0019022204757129,no_quality
65,0.6798743070662021,0.0168360775080509,0.4146590334177017,0.7572838175296783,4.516891968592063e-05,0.300730622857809,0.7914540719985962,24.26893292299974,0.0001376130981791,,,,,,,,0.0016688966743276,no_quality
66,0.7394952702522278,0.0166032135137356,0.4503384681046009,0.7721736267209053,5.2077211265668665e-05,0.3281872729957104,0.856115089058876,24.04368532100034,0.0001334987668508,,,,,,,,0.0018468929833397,no_quality
67,0.6961205145716667,0.0176337495213374,0.4247258248925209,0.7742525395751,2.632108584407433e-05,0.3070096527040005,0.809506063759327,24.393627952000315,0.0001293969663272,,,,,,,,0.0017200950110964,no_quality
68,0.712504918128252,0.0179933575936593,0.43470031067729,0.7712002366781234,4.347210120982936e-05,0.3166531589627266,0.8288218078017234,24.51639637400058,0.0001253108114578,,,,,,,,0.001730690780605,no_quality
69,0.7220344519615174,0.0141207247204147,0.4388689786195755,0.7623758444190025,3.305607591215676e-05,0.3187189304828643,0.8340977352857589,24.413014723999368,0.0001212434052114,0.723620954232373,0.61151012242255,0.4649856612305478,0.723620954232373,0.4962232469483015,0.6146861660869753,0.6641241753892436,0.0013529591916267,no_quality
70,0.6835190165042877,0.0166583769209682,0.4167747783660889,0.7815237703919411,2.9230971885993995e-05,0.3018158490955829,0.797068253159523,24.05474945799961,0.000117197836319,,,,,,,,0.0016189195505558,no_quality
71,0.7027122166752815,0.0164517281984444,0.428208037763834,0.7741006803512573,4.193952716406102e-05,0.3103334203362465,0.8163167989253998,24.62786921300085,0.0001131771769288,,,,,,,,0.0018158743672029,no_quality
72,0.7018702194094658,0.0192552160890772,0.4288242322206497,0.7535460337996482,4.900951858417102e-05,0.3120790930092335,0.8167537650465966,25.064899359000265,0.0001091844802731,,,,,,,,0.0024668971343726,no_quality
73,0.7198526188731194,0.0201657873555086,0.4399779030680656,0.7919241040945053,4.819831420718401e-05,0.320111513286829,0.8398666167259217,24.262669593999817,0.0001052227783497,,,,,,,,0.0029118820840085,no_quality
74,0.7285196578502655,0.0203657207195647,0.4452581010758877,0.7946377623081208,3.794210026853762e-05,0.3214730225503445,0.8467710861563682,24.387888379000287,0.0001012950796192,,,,,,,,0.0028714111272347,no_quality
75,0.7148041336238384,0.0211555617582052,0.4373447249829769,0.819863403737545,4.2519288072071504e-05,0.3200243776291608,0.8398825976252556,23.42784920000031,9.740436672108684e-05,,,,,,,,0.0026251487138688,no_quality
76,0.7165704104304313,0.0177240741904824,0.4370318911969661,0.7779317402839661,3.4061711246522464e-05,0.3166193243861198,0.8319031721353531,25.03071251899928,9.355359420782469e-05,,,,,,,,0.0022853868376114,no_quality
77,0.7347700640559196,0.0192891216394491,0.4485777078568935,0.8105261528491974,4.5558540957131296e-05,0.327193491756916,0.8573490983247757,25.038421291000304,8.97456863020546e-05,,,,,,,,0.0026150086002508,no_quality
78,0.7144542761147022,0.0187658899044618,0.4361789368093013,0.8033473509550094,3.970527059664164e-05,0.3176447428762913,0.8346221768856048,25.469723065000835,8.598353467553945e-05,,,,,,,,0.0023088924888998,no_quality
79,0.7032122802734375,0.0205454324372112,0.4301455591619014,0.7996716836094856,3.394815224453396e-05,0.3115795662999153,0.8222840455174446,23.86284364199946,8.226999625336662e-05,0.7243259552053426,0.6318910085944448,0.4988749851754399,0.7243259552053426,0.5119211618882004,0.6594259086897917,0.674050374219083,0.0029502352177587,no_quality
80,0.7212200708687305,0.019111077041598,0.4403764905035496,0.8391847068071365,2.8234430338045517e-05,0.3202569658309221,0.8450170662999154,25.127879087998732,7.860789104443896e-05,,,,,,,,0.0023186259248359,no_quality
81,0.7028884357213974,0.0179579456988722,0.4289162556827068,0.7851542598009109,3.3876849698515344e-05,0.3130984042584896,0.8210142150521278,24.433380843000123,7.500000000000002e-05,,,,,,,,0.0024121654696955,no_quality
82,0.7130329695343971,0.0208814454800449,0.4361723783612251,0.8084506949782372,3.500299589859424e-05,0.3179767861962318,0.8355772888660431,24.354762294000466,7.144906290181832e-05,,,,,,,,0.0029065078885105,no_quality
83,0.7319068989157677,0.0204089271184057,0.4473077270388603,0.7791981202363968,3.670104706031907e-05,0.3251788726449012,0.8509990602731705,25.029736742999376,6.795777628163599e-05,,,,,,,,0.0029540516568886,no_quality
84,0.725555953681469,0.0193528738291934,0.4430747377872467,0.7949933284521102,3.621404956220431e-05,0.3224231211841106,0.845514063835144,24.981680146000144,6.452879137346007e-05,,,,,,,,0.0025752598318922,no_quality
85,0.7183285038173198,0.0201492975885048,0.4390568374097347,0.8169109773635864,3.985399292787406e-05,0.3191452746838331,0.8404238241910934,25.310239416001423,6.1164712100253e-05,,,,,,,,0.0026431145414608,no_quality
86,0.695942352861166,0.0194170164968818,0.4253322371840477,0.7992028963565826,3.608894030435295e-05,0.3096815782785416,0.8154377692937851,24.73909059199832,5.786809309654982e-05,,,,,,,,0.0025093275035033,no_quality
87,0.7158386278152465,0.0195758189994376,0.4373335230350494,0.7652113181352616,4.562516367059288e-05,0.3188305616378784,0.8332239490747452,25.37680813500083,5.464143776850482e-05,,,,,,,,0.0026822534987604,no_quality
88,0.7120211669802665,0.0189037690102122,0.4347742277383804,0.786037620306015,4.786249578046409e-05,0.3168391279876232,0.8307218620181084,22.93726095300008,5.148719639283984e-05,,,,,,,,0.0025117352799497,no_quality
89,0.6975742903351784,0.0189673941209912,0.4261315478384495,0.7848247450590133,4.218012612795974e-05,0.3106373007595539,0.8157924348115921,22.56066573300086,4.840776425613886e-05,0.7237923638755466,0.6315383492520705,0.5049146813861385,0.7237923638755466,0.5057174441318399,0.6651052397488252,0.6742283912395629,0.0026949983521444,no_quality
90,0.6914156424999237,0.0165529185626655,0.4214705701172352,0.7795962643623352,3.8539358483831166e-05,0.3057648277282714,0.8055813983082771,24.63672118000068,4.5405479835900685e-05,,,,,,,,0.0019222190575783,no_quality
91,0.7152204245328904,0.0181672824232373,0.4363991817831993,0.7816273033618927,5.8621350610792433e-05,0.3167732563614845,0.8318264108896255,23.969164097999965,4.2482623024732334e-05,,,,,,,,0.0024415619694536,no_quality
92,0.7172711259126663,0.018873247395968,0.4379119919240474,0.7858303666114808,4.23512588167796e-05,0.3204846957325935,0.8375122481584549,24.806829402999934,3.964141339903026e-05,,,,,,,,0.0026520317024824,no_quality
93,0.701919831931591,0.0163245212147012,0.4276817263662815,0.7974725526571274,3.4389653133075624e-05,0.3100666777789593,0.817924075126648,25.03516063499956,3.6884008533465575e-05,,,,,,,,0.0021334664007008,no_quality
94,0.6755111131072045,0.0174162922846153,0.412273199558258,0.7917398482561111,3.306063845457175e-05,0.2989000949263573,0.7907965263724327,24.212268932998995,3.4212502362551864e-05,,,,,,,,0.0022379593629193,no_quality
95,0.7198894330859185,0.0167598973982967,0.4386376379430294,0.7827908062934875,4.631936475789189e-05,0.3207455794513225,0.8381001326441765,24.68599678999999,3.162892359054098e-05,,,,,,,,0.0021775841053022,no_quality
96,0.6878449083864688,0.0189724523504264,0.4202959442138672,0.7874650219082833,5.129574748934829e-05,0.3054187342524528,0.8049858444929123,24.734254498000155,2.913523415085328e-05,,,,,,,,0.0026105211022513,no_quality
97,0.7094772720336914,0.0165625729877501,0.4323114117980003,0.7856361880898476,5.077443401205528e-05,0.3141490653157234,0.8254837065935134,23.020967004998965,2.673332771621324e-05,,,,,,,,0.0022853743512951,no_quality
98,0.6951289349794387,0.0157797722751274,0.4233892880380153,0.7601195859909058,4.7420856167264e-05,0.3063905376195908,0.8061563646793366,22.9985970200014,2.4425028260620715e-05,,,,,,,,0.0018110423016696,no_quality
99,0.7326980772614479,0.016378633568529,0.4461703172326088,0.8035241392254829,4.5410287509639605e-05,0.3272951845824718,0.8542891573905945,22.805631346000155,2.221208867425096e-05,0.7269912002694615,0.6271644936625914,0.4967996996532347,0.7269912002694615,0.5170310815765263,0.6374711991417863,0.6740240382257778,0.0023448288972394,no_quality
100,0.7144173082709312,0.0170778979011811,0.4354815599322319,0.7446496379375458,4.6923320717269234e-05,0.3175255455076694,0.8279242405295372,22.82507654199981,2.009618943233419e-05,,,,,,,,0.0022491165126848,no_quality
101,0.7022131606936455,0.017229915803764,0.4282198777794838,0.7973478418588639,3.5401589401544696e-05,0.3104871346056461,0.8188923615217208,22.97278970400112,1.807893731902665e-05,,,,,,,,0.0022439661334828,no_quality
102,0.6947474344074727,0.0168852127087302,0.4236025610566139,0.7823991104960442,3.7154156838141714e-05,0.3076701168715954,0.809964345395565,22.22831030700036,1.616186420724089e-05,,,,,,,,0.0022494654806723,no_quality
103,0.7268668180704116,0.0183722998062148,0.4434690283238888,0.827024327814579,3.6820743862335806e-05,0.3248328441381454,0.8514994132518768,24.24036821200025,1.4346425895363384e-05,,,,,,,,0.0024663212561654,no_quality
104,0.7228899049758911,0.0164995729876682,0.4403337925672531,0.777254946231842,4.184570740903837e-05,0.3209380583465099,0.8394135791063309,22.58222987999943,1.2634001001741372e-05,,,,,,,,0.002070710637563,no_quality
105,0.6946546506881713,0.0179795201960951,0.4239846162497997,0.7833231049776077,4.109090365773227e-05,0.3077384862303733,0.8105372995138168,23.14187757400032,1.1025889917779737e-05,,,,,,,,0.0023991541940449,no_quality
106,0.708109110891819,0.0166009390493854,0.4315058594942093,0.7585123819112778,4.1594657486712097e-05,0.3141833977401256,0.8219944649934768,22.56230928200057,9.523313820441804e-06,,,,,,,,0.0022594717615356,no_quality
107,0.7121946109831333,0.0176170438400004,0.4343636003136635,0.7985864007472991,5.052547781929206e-05,0.3172505620867014,0.8319509637355804,22.998502599000854,8.127413744904804e-06,,,,,,,,0.0023781723192666,no_quality
108,0.705649399459362,0.0156666588806547,0.4296563240885734,0.7512408378720283,3.6799810632146544e-05,0.3142111173272133,0.8193738383054733,23.447729515999526,6.839249718073875e-06,,,,,,,,0.0019023669296984,no_quality
109,0.717855418920517,0.0154242000880185,0.4368829523026943,0.766849555671215,3.8992649552938016e-05,0.3196651077270507,0.8336048874258996,23.07019880199914,5.659799953612438e-06,0.7354465128969285,0.6397050423263927,0.5127698067810427,0.7354465128969285,0.5239694377136919,0.6596991763685577,0.6844564011141792,0.0018495700729454,no_quality
110,0.6913892275094986,0.0155617337231524,0.4210582469403743,0.7523518711328506,4.62850713950047e-05,0.3063920982182025,0.8030571639537811,23.213076644000463,4.589960109100444e-06,,,,,,,,0.0018465940630449,no_quality
111,0.7270757287740708,0.0144388205604627,0.4420209857821464,0.7626568785309792,3.5099131980587114e-05,0.3218963888287544,0.8405400332808495,23.08382109500053,3.630542605884657e-06,,,,,,,,0.0017760518477257,no_quality
112,0.7144928154349327,0.0151151685114018,0.4347417718172073,0.7631289130449295,3.518933124382784e-05,0.3160770224034786,0.8275411987304687,23.08651114199893,2.7822760121373187e-06,,,,,,,,0.0020387272687662,no_quality
113,0.6834972268342971,0.0161252990574575,0.4165484717488288,0.7595497798919678,3.88107152343764e-05,0.3045329263806343,0.7974309462308884,23.129859921999014,2.0458044895916517e-06,,,,,,,,0.0019631286083131,no_quality
114,0.6937517344951629,0.0152920044050551,0.4223678578436374,0.7561860638856888,3.688660380987585e-05,0.3077574211359024,0.8061153489351273,23.10981706799976,1.4216873043745137e-06,,,,,,,,0.0018480884465907,no_quality
115,0.6791754546761513,0.0140286342566832,0.4131167431175708,0.7454203188419342,3.89333013004034e-05,0.301240911334753,0.7892134582996368,21.778668386999925,9.103984023075772e-07,,,,,,,,0.0015591271819226,no_quality
116,0.6962723679840565,0.0147755653830245,0.4236736635118723,0.7518555346131325,3.7441091310483896e-05,0.3080528856813908,0.8072576121985913,22.58115673999964,5.123260489995229e-07,,,,,,,,0.0017181784850026,no_quality
117,0.6934560064971447,0.0156416643387638,0.4223302890360355,0.7817833554744721,3.78042423324132e-05,0.3088525154441595,0.8097403195500373,23.500652587999863,2.2777253500257386e-07,,,,,,,,0.0018864454551709,no_quality
118,0.6565026873350144,0.0157045411714352,0.4001834434270859,0.7713934347033501,3.583346198581694e-05,0.2897429460287094,0.7674114313721657,23.39467762899949,5.695394625728767e-08,,,,,,,,0.0017195341188846,no_quality
119,0.6959070298075676,0.014889755170443,0.4235001374781131,0.7403254616260528,3.5574120810224484e-05,0.3077994824200868,0.8056956148147583,23.02077736899992,0.0,0.7341222753990193,0.6391768576992684,0.5113019458554618,0.7341222753990193,0.5226347561736119,0.6607735415251733,0.6833566171347383,0.0018083178616058,no_quality
0,0.975379958152771,0.723016357421875,0.8744345480203628,0.7283672267198562,0.0734116863831877,0.5924411022663116,1.543382955789566,22.58701438299977,5.1e-05,,,,,,,,,no_variance
1,0.972365956902504,0.4987592640519142,0.7829233103990555,0.6886801207065583,0.0524969800561666,0.4948483398556709,1.349264507293701,21.57066133599983,0.0001009999999999,,,,,,,,,no_variance
2,0.961360228061676,0.4070841339230537,0.7396498185396194,0.6885340440273285,0.0238747483305633,0.4673475316166878,1.2770444917678834,20.993260668001312,0.0001509999999999,,,,,,,,,no_variance
3,0.951977807879448,0.3647333663702011,0.717080066204071,0.6792075449228286,0.0199610044248402,0.4454830080270767,1.2314818692207337,21.5413422799993,0.0002009999999999,,,,,,,,,no_variance
4,0.9601399993896484,0.3153304272890091,0.7022161990404129,0.6746325141191483,0.0176133546419441,0.4371005067229271,1.207660617828369,21.63522026000101,0.000251,,,,,,,,,no_variance
5,0.9448513913154604,0.2694809091091156,0.6747032237052918,0.6826492524147034,0.0140813339408487,0.4105390557646751,1.1542112720012665,20.99774524299937,0.0003,,,,,,,,,no_variance
6,0.9392487955093384,0.2226643916964531,0.6526150560379028,0.6801304131746292,0.01207901654765,0.3945306369662285,1.1157626861333847,21.095779105000474,0.0002999430460537,,,,,,,,,no_variance
7,0.9300149792432784,0.1829040841758251,0.6311706507205963,0.6735286831855773,0.010928001711145,0.3759111973643303,1.07498111307621,21.517109694999817,0.0002997722274649,,,,,,,,,no_variance
8,0.9242744427919388,0.1537447030842304,0.6160625755786896,0.6907334065437317,0.0092364601697772,0.3758530047535896,1.0614507430791855,21.706273451000012,0.000299487673951,,,,,,,,,no_variance
9,0.8941041994094848,0.1316453370451927,0.5891206759214401,0.6812263983488083,0.0093701944500207,0.3498942114412784,1.007606034874916,21.587473035000585,0.0002990896015976,0.5070997334388204,0.4780947486179744,0.3867884367659104,0.5070997334388204,0.435190457575057,0.4919940548400456,0.4863671083252756,,no_variance
10,0.8965061187744141,0.1077008065581321,0.5809840154647827,0.6684072756767273,0.0095061321929097,0.3540951120853424,1.002395167350769,22.62844731000041,0.0002985783126956,,,,,,,,,no_variance
11,0.8759875297546387,0.0911055321246385,0.5620347517728805,0.6955043852329255,0.0093872241023927,0.3436605255305767,0.975715081691742,22.329524892000336,0.0002979541955104,,,,,,,,,no_variance
12,0.8571174812316894,0.0793330116942525,0.5460037127137184,0.6917086765170097,0.009204007545486,0.3288779056072235,0.9445126885175704,22.39024244900065,0.0002972177239878,,,,,,,,,no_variance
13,0.8551235103607178,0.0668468217179179,0.5398128563165665,0.6927938750386238,0.0093809568509459,0.3376250901818275,0.9471863830089567,22.270524650999505,0.0002963694573941,,,,,,,,,no_variance
14,0.8368366929888725,0.0573388113453984,0.5250375610589981,0.7146815049648285,0.0088694581389427,0.3310334195196628,0.92798259973526,21.742643350000435,0.0002954100398908,,,,,,,,,no_variance
15,0.8165782117843627,0.0514497414603829,0.5105268433690071,0.7080849748849869,0.0082433143956586,0.3220910516381263,0.903838558793068,22.196319897999278,0.0002943402000463,,,,,,,,,no_variance
16,0.8239136496186257,0.0432746044173836,0.5116580557823182,0.7320073622465134,0.0075328406877815,0.3299947910010815,0.915230229496956,22.003648394000265,0.0002931607502819,,,,,,,,,no_variance
17,0.8054989168047905,0.0394612021185457,0.4990838494896888,0.7274870175123215,0.0065150951361283,0.3210287421941757,0.8931870460510254,21.94077458600077,0.000291872586255,,,,,,,,,no_variance
18,0.8383426058292389,0.0426596665009856,0.5200694489479065,0.8097997909784317,0.0055951373279094,0.3522457547485828,0.9602652722597124,22.44871191600032,0.0002904766861795,,,,,,,,0.0334516878081194,no_variance
19,0.8219548964500427,0.0436937580071389,0.5106504601240158,0.77835036277771,0.0048962825117632,0.3451823049783706,0.9388215374946596,22.411339573998703,0.0002889741100822,0.6661192960716482,0.5632061700536534,0.4043201353762303,0.6661192960716482,0.4518773728998664,0.5716218411894456,0.609065442196708,0.0245446028292644,no_variance
20,0.8035222539305686,0.0421268510445952,0.4989641168713569,0.7990475243330002,0.0042721414892002,0.3390926086902618,0.920748723745346,22.686954851000337,0.0002873659989982,,,,,,,,0.0128682030190248,no_variance
21,0.802755543589592,0.0365673438832163,0.4962802815437317,0.8021395277976989,0.0038579158158972,0.3371695376932621,0.9154963701963424,22.933539683001072,0.0002856535741046,,,,,,,,0.0081985427904874,no_variance
22,0.7634311962127686,0.0341780937556177,0.4717299728095531,0.7807675427198411,0.003379283058457,0.3198693852126598,0.8712744635343551,23.04694741799904,0.0002838381357927,,,,,,,,0.0071469483943656,no_variance
23,0.7718651714920998,0.0317095984518528,0.4758029609918594,0.8056867653131485,0.0029061155347153,0.3249147841334343,0.8827932333946228,22.43763470599879,0.0002819210626809,,,,,,,,0.0068074997933581,no_variance
24,0.7751045960187912,0.0296647061780095,0.4769286581873894,0.7924282795190811,0.0025237457570619,0.3291904687881469,0.8867212367057801,22.77968663899992,0.0002799038105676,,,,,,,,0.0061654370697215,no_variance
25,0.7852867591381073,0.026031569391489,0.4815846988558769,0.7879392939805985,0.0022328232589643,0.334608434587717,0.8961762684583664,22.45597571700091,0.0002777879113257,,,,,,,,0.0053878107108175,no_variance
26,0.7439641228318215,0.0280855730455368,0.4576127216219902,0.790263015627861,0.0019208593759685,0.3166802399605513,0.8543757885694504,22.48383071599892,0.0002755749717393,,,,,,,,0.0048024122137576,no_variance
27,0.773756155371666,0.0269026109250262,0.475014756321907,0.8079695010185242,0.0018203248083591,0.3324594834446907,0.889253994524479,22.487230613000065,0.0002732666722837,,,,,,,,0.0044589592143893,no_variance
28,0.764792021214962,0.0277299448475241,0.469967211484909,0.8034006607532501,0.0015368420653976,0.3269911349564791,0.8781454274058342,23.336768168001072,0.0002708647658491,,,,,,,,0.0038509090081788,no_variance
29,0.7411645430326462,0.0280259938444942,0.4559091421961784,0.8080077403783799,0.0013218531874008,0.3215205842256546,0.8590103369951249,22.969350952998862,0.0002683710764094,0.6838344173638466,0.5741805376675528,0.4275005809327936,0.6838344173638466,0.4688779127905588,0.5698292828482533,0.6253048698118532,0.0035686930804513,no_variance
30,0.7372727105021477,0.0249657148960977,0.452349933385849,0.7864662301540375,0.0011639542307239,0.3181787759810686,0.8498369485139847,22.454160179999235,0.0002657874976374,,,,,,,,0.0030170753598213,no_variance
31,0.7464059880375862,0.0221312540536746,0.4566961140930652,0.7684014689922333,0.0010322921536862,0.3245725883543491,0.8586906889081001,25.69378647799931,0.0002631159914665,,,,,,,,0.0026511397853028,no_variance
32,0.7676266995072365,0.0227169988956302,0.4696628348529338,0.806855810880661,0.0008300236926879,0.330280212983489,0.8811360633373261,25.142692712999636,0.0002603585866009,,,,,,,,0.0023296630196273,no_variance
33,0.7225876924395561,0.0236717437161132,0.4430213296413421,0.7922586694359779,0.000773938097991,0.3142808447778225,0.8369828480482101,24.57729867600028,0.0002575173769752,,,,,,,,0.0020805144566111,no_variance
34,0.7286124780774117,0.0244227705150842,0.4469366163015366,0.8018041184544563,0.0007077204796951,0.3175368697941303,0.845143835246563,24.363193412000328,0.000254594520164,,,,,,,,0.0022727678954834,no_variance
35,0.7527459448575974,0.021620326838456,0.4602957166731357,0.7837496232986451,0.000618425400462,0.3273344425857067,0.8663654771447181,24.837291535000983,0.0002515922357438,,,,,,,,0.001647176547558,no_variance
36,0.7293799644708634,0.0224981205817312,0.4466272434592247,0.7957048058509827,0.0005985001166118,0.3194963803887367,0.8460663393139839,24.099253763999517,0.0002485128036071,,,,,,,,0.0017115642956923,no_variance
37,0.7215579584240913,0.0216731827193871,0.4416040652990341,0.7942957338690758,0.0005152032533078,0.3163705092668533,0.8377522736787796,25.04954711500068,0.0002453585622314,,,,,,,,0.0016118024985189,no_variance
38,0.7303285777568818,0.0223577249003574,0.4471402534842491,0.7575184458494186,0.0004614380060229,0.3206182059645652,0.8439262688159943,25.02507835599863,0.0002421319069034,,,,,,,,0.0019644751085434,no_variance
39,0.7166873773932457,0.0210463760979473,0.4384309962391853,0.7747958594560623,0.0004558114518295,0.3147797695547342,0.831027456521988,24.86166048599989,0.0002388352878997,0.7101654757908767,0.6149445927507351,0.4786595474964759,0.7101654757908767,0.50509870145559,0.6295696010057387,0.6584486180493941,0.0015715641572023,no_variance
40,0.7103114312887192,0.0229351413249969,0.435360936075449,0.8183444535732269,0.0003948829098953,0.3118321779370308,0.8294373941421509,23.161049989001185,0.0002354712086265,,,,,,,,0.0019504448700172,no_variance
41,0.7409560939669609,0.0226588939782232,0.4536372323334217,0.7985854405164718,0.0003565566262113,0.3269776354730129,0.8609117794036866,25.24344416799977,0.0002320422237183,,,,,,,,0.0021026777857332,no_variance
42,0.7456040173768997,0.021373993253801,0.4559120233356952,0.8115005776286125,0.0002781581532326,0.3284206163138151,0.8658230340480805,24.9235334649984,0.0002285509370981,,,,,,,,0.0016321647223958,no_variance
43,0.7340523663163185,0.0217087729135528,0.4491149467229843,0.7992951083183288,0.0002594350760045,0.3220170913636684,0.8514962840080261,24.77050122500077,0.000225,,,,,,,,0.0021088255268114,no_variance
44,0.7121688035130501,0.022013581553474,0.4361067345738411,0.8070185732841492,0.0002172731077007,0.3136048975586891,0.83076121032238,24.278356082000755,0.0002213921089555,,,,,,,,0.0016843048771261,no_variance
45,0.734468939602375,0.0192145064845681,0.4483671842515468,0.8001054394245147,0.000210805608367,0.322459916472435,0.8511428788304329,24.891260750000583,0.0002177300037466,,,,,,,,0.0014734724043955,no_variance
46,0.7378771916031838,0.0191173236514441,0.4503732615709305,0.7891367536783218,0.000196382158756,0.3251784887909889,0.8547956389188767,25.221274509000068,0.0002140164653244,,,,,,,,0.0016019800633512,no_variance
47,0.7215077289938927,0.0212575850845314,0.4414076897501945,0.797053551375866,0.0001634122602263,0.317157121822238,0.838692633509636,24.544117675999587,0.0002102543136979,,,,,,,,0.0020714888202928,no_variance
48,0.7231847751140594,0.0190855116862803,0.4415450876951217,0.8100928696990013,0.0001415582719346,0.3163700723648071,0.8392644107341767,24.952476631000536,0.0002064464057921,,,,,,,,0.0016644097620883,no_variance
49,0.6976977753639221,0.0203680834942497,0.4267659145593643,0.7877912932634353,0.0001609785359323,0.3084954356402158,0.8143694123625755,24.721672300000137,0.0002025956332789,0.658959750340029,0.5670284098300855,0.4302614435776815,0.658959750340029,0.4783454156704445,0.563780063479783,0.6085105175108112,0.0016044000369947,no_variance
50,0.7035673958063126,0.0205809706822037,0.4303728444874287,0.7726490297913551,0.0001447089060093,0.310788212865591,0.8188455840945243,23.56791814600001,0.0001987049203807,,,,,,,,0.0020619215481201,no_variance
51,0.6988893812894821,0.0181960098329,0.4266120500862598,0.8090767645835877,0.0001419822203752,0.3081193117797374,0.8159572035074234,24.78221472599944,0.0001947772216502,,,,,,,,0.0015553402786463,no_variance
52,0.7169708165526391,0.0192764720600098,0.4378930979967117,0.8034438675642014,0.0001198534703871,0.3163265812397003,0.8348810639977455,25.487756152000657,0.0001908155197268,,,,,,,,0.0015550199160134,no_variance
53,0.7166583426296711,0.0196277947351336,0.4378461387753486,0.7631600069999694,0.0001157839847292,0.3168808184564113,0.8313992595672608,24.97087490999911,0.0001868228230711,,,,,,,,0.0017525477936578,no_variance
54,0.7037027470767498,0.0180637557269074,0.4294471698999405,0.7856788226962089,9.69166865615989e-05,0.3115844611823559,0.8199148514866829,26.27116749599918,0.0001828021636809,,,,,,,,0.0015524697253931,no_variance
55,0.7353933152556419,0.0191067098407074,0.4488786926865578,0.7791580748558045,0.0001387253007123,0.3255935581028461,0.8527869302034378,24.9720854520001,0.0001787565947885,,,,,,,,0.0019597310288008,no_variance
56,0.7311076182126999,0.0194735047407448,0.4464539913833141,0.81782880038023,0.0001121005445384,0.3240409952402114,0.852651361823082,25.875133739999,0.0001746891885421,,,,,,,,0.001839439310097,no_variance
57,0.7364385703206062,0.0153373041376471,0.4479980815947055,0.7842790901660919,9.176860377920092e-05,0.3244466578960419,0.8511572608351707,24.90517500600072,0.0001706030336727,,,,,,,,0.0014001366278353,no_variance
58,0.675271251052618,0.0192442291858606,0.4128604590892791,0.7769885700941086,0.0001035615114597,0.2991814892739057,0.790141969025135,24.96186758099975,0.0001665012331491,,,,,,,,0.0019799035058895,no_variance
59,0.692445634007454,0.0172762711835093,0.4223779043555259,0.744155738055706,0.000108981872363,0.3074043476581573,0.8045710530877114,25.949194134998837,0.0001623869018208,0.7048054734897136,0.6058020534829802,0.4644396658702405,0.7048054734897136,0.4936650215638944,0.6189356653953328,0.6510678667257462,0.0018389110952011,no_variance
60,0.6774459193646908,0.0188567862426862,0.4140102852880954,0.7733812102675438,0.0001087294378885,0.3007093066722154,0.7924744403362274,22.224434159999877,0.0001582631640533,,,,,,,,0.0020564352887777,no_variance
61,0.7120824345946312,0.0156111639668233,0.4334939436614513,0.753912148475647,7.899181258835597e-05,0.315749879181385,0.8249581137299538,25.481825836999636,0.0001541331513552,,,,,,,,0.0015956314479626,no_variance
62,0.6993680995702743,0.0165842053177766,0.4262545596063137,0.7745882448554039,9.753218488185666e-05,0.3073786754906177,0.8114425331354141,25.348671450999973,0.00015,,,,,,,,0.0017279543286713,no_variance
63,0.710922372341156,0.0173345781420357,0.4334872736036777,0.7995298257470131,9.41010559836286e-05,0.3147377255558967,0.8285320580005646,24.64871709200088,0.0001458668486447,,,,,,,,0.0017468725719845,no_variance
64,0.6797017472982406,0.0184372580912895,0.4151959671080112,0.7786738362908363,5.8610932010196846e-05,0.3017175491154193,0.7951491379737854,24.43045249300121,0.0001417368359466,,,,,,,,0.0018265135586443,no_variance
65,0.6780237735807896,0.0163015047344379,0.4133348827064037,0.765006046295166,8.332402054293197e-05,0.2993354071676731,0.7894877368211746,25.02592110200021,0.0001376130981791,,,,,,,,0.0015633887632429,no_variance
66,0.7397091171145439,0.0158177446271292,0.4501525866985321,0.7845257785916329,7.715474419455858e-05,0.3279564653337001,0.8568828248977661,24.59049512999991,0.0001334987668508,,,,,,,,0.0015866963938788,no_variance
67,0.6929303061962128,0.0173125580931082,0.4226832261681557,0.7855824783444405,4.724811384221539e-05,0.3051293170452118,0.8066922158002854,25.518525286001022,0.0001293969663272,,,,,,,,0.0015953157305011,no_variance
68,0.7096222567558289,0.0173561438475735,0.4327158293128013,0.7734637126326561,5.17902105639223e-05,0.3148471061885357,0.8252348774671554,25.40762646399889,0.0001253108114578,,,,,,,,0.0016149010604749,no_variance
69,0.7212949043512344,0.0147802651207894,0.43868906468153,0.7824153313040734,5.57266092619102e-05,0.3188886108994484,0.8361119693517685,25.055095216001064,0.0001212434052114,0.7051134983792493,0.6024918454645932,0.4608997081703255,0.7051134983792493,0.4979404501646078,0.6044215878499224,0.6499056234839601,0.0014498418343282,no_variance
70,0.6807213878631592,0.0166510806605219,0.4150932842493057,0.8011670023202896,3.711699024279369e-05,0.3015952806174755,0.7971216982603073,21.81788979200064,0.000117197836319,,,,,,,,0.0015728831812884,no_variance
71,0.6990939104557037,0.0166005588381085,0.426096586883068,0.7607351642847061,6.303179037786321e-05,0.3085610099136829,0.8110977366566658,24.959084688000075,0.0001131771769288,,,,,,,,0.0018173151913924,no_variance
72,0.7031737890839577,0.0186698693991638,0.4293722389638424,0.7543341225385666,6.746515375198214e-05,0.3129380814731121,0.8182058078050614,25.32694066100157,0.0001091844802731,,,,,,,,0.0022934837863249,no_variance
73,0.7188135886192322,0.0200316090718843,0.4393008150160312,0.7925883555412292,8.503557150106644e-05,0.3191410456597805,0.8382878923416137,25.196099540000432,0.0001052227783497,,,,,,,,0.0029147084794385,no_variance
74,0.7271431142091751,0.0205785612924955,0.4445173081755638,0.8099168407917022,6.61562713321473e-05,0.3219305397570133,0.8479968050122261,25.02081692200045,0.0001012950796192,,,,,,,,0.0027698132758087,no_variance
75,0.7177477975189686,0.0206596787995658,0.4389125654101372,0.8211982277035713,8.305286050017458e-05,0.3206628015637398,0.8421995168924332,24.263922382999223,9.740436672108684e-05,,,,,,,,0.0025008835357584,no_variance
76,0.7151300975680351,0.0182075205934233,0.4363610851764679,0.779646064043045,5.1279425315442494e-05,0.3167512765526771,0.8315377336740494,25.533649936000074,9.355359420782469e-05,,,,,,,,0.002290988036857,no_variance
77,0.7327715227007866,0.019062760323286,0.4472880354523659,0.8123457020521164,8.010260871742503e-05,0.3264254982769489,0.855461565554142,25.762488235999623,8.97456863020546e-05,,,,,,,,0.0025472687796718,no_variance
78,0.7133463169634342,0.0184585544699803,0.4353912302851677,0.8031700721383095,5.617873281153152e-05,0.3173335324972868,0.8334901767969132,26.005967752998917,8.598353467553945e-05,,,,,,,,0.0022279916070874,no_variance
79,0.7012436100840569,0.021265393779613,0.429252337962389,0.793848241865635,5.842418827342044e-05,0.3108919848501682,0.8201475918293,25.24932601399996,8.226999625336662e-05,0.7323063020838791,0.648167510268371,0.5268074648690243,0.7323063020838791,0.5282618500317281,0.6839343786895058,0.6865147808177412,0.0030775845658718,no_variance
80,0.7195909930765629,0.0185639925999566,0.4391802090406418,0.8321295428276062,6.51843433297472e-05,0.3200942643731832,0.8429275920987129,22.523476241000026,7.860789104443896e-05,,,,,,,,0.0021844946296187,no_variance
81,0.7019137850403786,0.0180092534446157,0.4283519887924194,0.7951560887694359,8.083362599791144e-05,0.3125665801763534,0.8209004041552543,25.192512954999984,7.500000000000002e-05,,,,,,,,0.0023109441806809,no_variance
82,0.7114225062727928,0.0202042913774494,0.4349352371692657,0.8087106508016586,5.803296473459341e-05,0.3169869564473629,0.8333418363332749,25.01612414900046,7.144906290181832e-05,,,,,,,,0.0027283773594535,no_variance
83,0.7255429726839066,0.0190195380174554,0.4429336169362068,0.7913291242718696,5.812601079014712e-05,0.32219003200531,0.8447711998224259,25.85151824099921,6.795777628163599e-05,,,,,,,,0.0025586309461505,no_variance
84,0.7192214393615722,0.0187133055273443,0.4390182028710842,0.8179896920919418,5.086724087050243e-05,0.3192309983074665,0.8405124416947365,25.251072298999134,6.452879137346007e-05,,,,,,,,0.0023086358803448,no_variance
85,0.7142406064271927,0.019853863029275,0.4364859277009964,0.813099445104599,6.050417921869666e-05,0.3170630611479282,0.8353615543246269,26.075485117000422,6.1164712100253e-05,,,,,,,,0.0024979667257503,no_variance
86,0.6922384287416935,0.0182763434713706,0.4226536090672016,0.804185362458229,6.099945921050676e-05,0.3082384446263313,0.8117642253637314,25.1040747320003,5.786809309654982e-05,,,,,,,,0.0022529278497677,no_variance
87,0.71264867156744,0.0193834933359175,0.435342616289854,0.7668407136201858,8.335113599059695e-05,0.3181389097869396,0.8307055217027665,26.123249684000257,5.464143776850482e-05,,,,,,,,0.0026787786519707,no_variance
88,0.7080005839467048,0.0185745834594126,0.4322302007675171,0.7974769371747971,0.0001041066370453,0.3154426564276218,0.827911459505558,26.089808313001413,5.148719639283984e-05,,,,,,,,0.0024285386304654,no_variance
89,0.6918447688221931,0.0177967645972967,0.4222255846858024,0.7855655580759049,6.619814238547406e-05,0.3074182283878326,0.8086669424176216,25.44241702399995,4.840776425613886e-05,0.7219403600576206,0.6371517724025311,0.519501806898869,0.7219403600576206,0.519501806898869,0.6700131502511035,0.6762599284452185,0.0023162947389937,no_variance
90,0.6874264627695084,0.0163784931972622,0.4190072908997536,0.7951386016607285,5.436749880573189e-05,0.3038972502946853,0.8027895629405976,23.569185820999337,4.5405479835900685e-05,,,,,,,,0.0018422198104599,no_variance
91,0.7127020794153214,0.01775957282749,0.4347250927984714,0.7761212658882141,0.0001240747269184,0.3159061444550752,0.8286970522999764,24.22418257099889,4.2482623024732334e-05,,,,,,,,0.0022374081164025,no_variance
92,0.7149096658825874,0.0187649994320236,0.4364518164098263,0.7802302667498588,5.63652019809524e-05,0.3200905172526836,0.835097718834877,25.434185444999457,3.964141339903026e-05,,,,,,,,0.0026476601013473,no_variance
93,0.7015984547138214,0.0161330166389234,0.427412296384573,0.7869693636894226,5.5279771986533886e-05,0.3102993106842041,0.816836050748825,25.642471933000703,3.6884008533465575e-05,,,,,,,,0.0021237099432619,no_variance
94,0.6728042358160019,0.0173831173958024,0.4106358040869236,0.794851767718792,4.5377720798569495e-05,0.2983174364268779,0.7888949105143547,25.437684064998397,3.4212502362551864e-05,,,,,,,,0.002271114902287,no_variance
95,0.7175089022517205,0.0168141005211509,0.4372310012578964,0.7676412275433541,8.061239114795171e-05,0.3187438875436783,0.8331714826822281,25.74731179599985,3.162892359054098e-05,,,,,,,,0.0021421866444325,no_variance
96,0.6860050965845584,0.0185034210421144,0.419004442319274,0.8070119392871856,6.681904822471552e-05,0.3056923795491457,0.8058808493614197,25.466447569000596,2.913523415085328e-05,,,,,,,,0.0023974663636181,no_variance
97,0.70934345215559,0.0166587689286097,0.4322695970535278,0.8042669495940209,7.772458184263087e-05,0.3145146177709103,0.8276590448617935,25.13752584599933,2.673332771621324e-05,,,,,,,,0.0022212568140776,no_variance
98,0.692347161769867,0.0152964520175009,0.4215268923342228,0.756940470635891,5.997025669330469e-05,0.3050010572373867,0.8025659695267677,25.555920572000105,2.4425028260620715e-05,,,,,,,,0.0017048562827039,no_variance
99,0.7294552132487298,0.0160848619509488,0.4441070894896984,0.7845257610082627,6.13324335336074e-05,0.3253493720293045,0.8483723479509354,25.326300710001306,2.221208867425096e-05,0.7203510007112658,0.6308801519716286,0.5115583328496079,0.7203510007112658,0.5267768968308671,0.6455125583727529,0.6726304793032089,0.0023012138094964,no_variance
100,0.712338799238205,0.0165384898893535,0.4340186965465545,0.7489264464378357,6.73403721248178e-05,0.3170927688479423,0.8264383742213249,21.926061507998384,2.009618943233419e-05,,,,,,,,0.0021544890307268,no_variance
101,0.7004275700449943,0.0169324322370812,0.4270295305550098,0.8011363744735718,5.9000441528951344e-05,0.3109210658073425,0.8185036152601242,25.442113389999577,1.807893731902665e-05,,,,,,,,0.0021821629082114,no_variance
102,0.6934714570641518,0.0170471497671678,0.4229017475247383,0.7729116725921631,7.017187448582263e-05,0.3072840955853462,0.8079397013783455,24.798625859999447,1.616186420724089e-05,,,,,,,,0.0022958832635777,no_variance
103,0.7270411476492882,0.0186086606490425,0.4436681690812111,0.8275704649090767,6.220371295057703e-05,0.3245194976776838,0.8514532727003098,25.76304251699912,1.4346425895363384e-05,,,,,,,,0.0025272274242524,no_variance
104,0.7192533284425735,0.0157801191229373,0.4378640648722648,0.7483960139751434,6.215105323462921e-05,0.3190157198905944,0.8321282058954239,25.216764321001392,1.2634001001741372e-05,,,,,,,,0.0020285545409205,no_variance
105,0.6928467065095901,0.0177200458850711,0.42279605910182,0.7845059564709663,6.013507376792404e-05,0.3077847881615161,0.809501833319664,25.27465325599951,1.1025889917779737e-05,,,,,,,,0.00233690431789,no_variance
106,0.7055427765846253,0.0165045794821344,0.4299275153875351,0.7479010960459709,6.681970922727488e-05,0.3137736155092716,0.8189470538496971,25.47693998500108,9.523313820441804e-06,,,,,,,,0.0022623470994403,no_variance
107,0.7122805936634541,0.0177363324479665,0.434462908655405,0.7894252768158913,7.615622168486879e-05,0.3171360404789448,0.8310338494181633,24.919663620999927,8.127413744904804e-06,,,,,,,,0.002442798853707,no_variance
108,0.7045220872759819,0.0156893964996561,0.428989028930664,0.7619760459661484,6.2225518777268e-05,0.3139975206553936,0.8195641943812371,25.386135990000184,6.839249718073875e-06,,,,,,,,0.0018846387473331,no_variance
109,0.7167751382291317,0.0155010813835542,0.4362655316293239,0.76812494546175,6.941431913219276e-05,0.3185713969171047,0.8320267072319985,25.06440897399989,5.659799953612438e-06,0.7322591002036435,0.6432875531096479,0.5251671623117881,0.7322591002036435,0.5339549228493482,0.6636486362759517,0.6848584422862593,0.0018690695110444,no_variance
110,0.689328345656395,0.0149958548718132,0.4195953653752803,0.7470898592472076,6.48503044158133e-05,0.3053672003746033,0.8000221368670464,23.136103764998552,4.589960109100444e-06,,,,,,,,0.0017367176815332,no_variance
111,0.723483544588089,0.0139610124495811,0.4396745476126671,0.7758898550271988,4.760641970733559e-05,0.3197515791654586,0.8373508763313293,25.473804165998445,3.630542605884657e-06,,,,,,,,0.0016669385161753,no_variance
112,0.7102443856000901,0.0146445854916237,0.4320044815540313,0.7616946378350258,4.898791112282197e-05,0.3139958199858665,0.8225460374355316,25.22833472599996,2.7822760121373187e-06,,,,,,,,0.0018691034242374,no_variance
113,0.6814813601970673,0.0159003176586702,0.4152489602565765,0.7632773065567017,5.880149255972355e-05,0.302762401252985,0.7947255781292916,26.035687032999704,2.0458044895916517e-06,,,,,,,,0.0019177289851222,no_variance
114,0.689875331223011,0.0149279420636594,0.4198963922262191,0.7537780672311782,4.44652687292546e-05,0.3060720041394233,0.8016971522569656,25.553330041000663,1.4216873043745137e-06,,,,,,,,0.0017436064437129,no_variance
115,0.6776419907808304,0.014141178317368,0.4122416821122169,0.7505081877112388,4.9427891244704366e-05,0.3013944198936224,0.7890134426951408,24.46292709000045,9.103984023075772e-07,,,,,,,,0.0016202492301027,no_variance
116,0.6947183679044246,0.0148680208879522,0.4227782462537288,0.7557033932209015,4.755559950353927e-05,0.3065973758324981,0.8052962571382523,25.289735444001053,5.123260489995229e-07,,,,,,,,0.001739590946945,no_variance
117,0.6891078971326351,0.0152795602136757,0.4195765812695026,0.7854442054033279,5.096133010738413e-05,0.3067069046199321,0.8051812121272087,26.12139720300001,2.2777253500257386e-07,,,,,,,,0.0017537649450076,no_variance
118,0.6564896062016488,0.0154340058832895,0.4000673820078373,0.7734426701068878,5.490389747137669e-05,0.2907852625101805,0.768531764447689,26.19469115799984,5.695394625728767e-08,,,,,,,,0.001660521158036,no_variance
119,0.6949865835905075,0.0149646043428219,0.4229778052866459,0.760257585644722,5.148307790477702e-05,0.3075669448822736,0.8069232362508774,25.85558746200149,0.0,0.7285907274743479,0.6414146983003527,0.5226062015694851,0.7285907274743479,0.5338202011910328,0.6618331662356773,0.6818394661316631,0.0017507398287835,no_variance
0,0.973962258696556,0.7259907782077789,0.8747736990451813,0.7240390676259995,0.0820611188188195,0.5947032445669174,1.5459839057922364,25.13827972299987,5.1e-05,,,,,,,,,no_max
1,0.97101176738739,0.4889751446247101,0.7781971484422684,0.6877175271511078,0.0479367160052061,0.4950331816077232,1.3443989229202271,24.637997431000255,0.0001009999999999,,,,,,,,,no_max
2,0.9602055084705352,0.4059779721498489,0.7385145229101181,0.6887996464967727,0.0251539830304682,0.4674770185351372,1.2761292052268982,23.79738726100004,0.0001509999999999,,,,,,,,,no_max
3,0.9515835100412368,0.3641609281301498,0.7166145038604737,0.6780882066488266,0.0213535628654062,0.4454497215151787,1.230940718650818,24.28218544399897,0.0002009999999999,,,,,,,,,no_max
4,0.9605991894006728,0.3150789806246757,0.7023911309242249,0.6770032358169555,0.0179190240707248,0.4380253782868385,1.209012783765793,23.74796445200081,0.000251,,,,,,,,,no_max
5,0.9452245229482652,0.2704999931156635,0.675334734916687,0.6811892133951187,0.0136730385012924,0.4132214048504829,1.1573587083816528,24.38668542699997,0.0003,,,,,,,,,no_max
6,0.9399271327257156,0.223626322299242,0.6534068304300308,0.6824635720252991,0.0113363016862422,0.3966461050510406,1.1188661164045337,23.670744078001007,0.0002999430460537,,,,,,,,,no_max
7,0.9310911422967912,0.184841381907463,0.6325912672281265,0.6767353701591492,0.0098293555993586,0.3806450051069259,1.081401281952858,23.97766204300024,0.0002997722274649,,,,,,,,,no_max
8,0.9258146524429322,0.1550761443376541,0.6175192713737487,0.69443208694458,0.0083806663611903,0.3797678332030773,1.0671493482589722,24.55101710300005,0.000299487673951,,,,,,,,,no_max
9,0.8945713722705841,0.1334391396492719,0.5901185035705566,0.6841312801837921,0.0082954541873186,0.3534337124228477,1.0123801112174988,22.90463949700097,0.0002990896015976,0.4919942072853036,0.4626594816276722,0.378020709756563,0.4919942072853036,0.4160073582854092,0.479976879312304,0.4717964398351401,,no_max
10,0.8986247515678406,0.1090564736723899,0.5827974674105644,0.6784372168779373,0.0087412942014634,0.3572423872351646,1.0083206421136857,25.821286045000303,0.0002985783126956,,,,,,,,,no_max
11,0.876713877916336,0.0918325982242822,0.5627613872289657,0.6968273907899857,0.0085311964759603,0.3456447181105613,0.9785153973102568,25.44499289400119,0.0002979541955104,,,,,,,,,no_max
12,0.8580459022521972,0.08006995331496,0.546855543255806,0.6939498203992843,0.0085297587141394,0.332343737334013,0.949020745754242,25.341127736999624,0.0002972177239878,,,,,,,,,no_max
13,0.8562685620784759,0.0689378025755286,0.5413362783193588,0.7041432097554207,0.0086192541290074,0.3390036030113697,0.9511851668357848,25.741778515000988,0.0002963694573941,,,,,,,,,no_max
14,0.8397623538970947,0.0590905581414699,0.5274936586618424,0.7196418100595474,0.0080311929574236,0.3342372857034206,0.934096685051918,24.30609117699896,0.0002954100398908,,,,,,,,,no_max
15,0.8143133848905564,0.0517963718995451,0.5093066054582596,0.707523567378521,0.007630092841573,0.321866362541914,0.9023068350553513,25.30267192700012,0.0002943402000463,,,,,,,,,no_max
16,0.824752297103405,0.0434612029790878,0.5122358813881874,0.7379481983184815,0.0069278062367811,0.3329929453134537,0.9193700361251832,24.50567109800068,0.0002931607502819,,,,,,,,,no_max
17,0.8075922501087188,0.0413419026508927,0.5010921314358712,0.7393159914016724,0.0061141198594123,0.3236029697954655,0.8989324048161507,24.651793547000125,0.000291872586255,,,,,,,,,no_max
18,0.8405150735378265,0.0445898854173719,0.5221450209617615,0.8025342124700546,0.005175393288955,0.3545132377743721,0.9650840312242508,26.13391570299973,0.0002904766861795,,,,,,,,0.0395679174087126,no_max
19,0.8212530827522277,0.04507318880409,0.5107811483740806,0.783550044298172,0.0045848069316707,0.3434777988493442,0.9376280361413956,22.991339869999138,0.0002889741100822,0.5946522548639683,0.533187561640265,0.4065860299708261,0.5946522548639683,0.4577724820797361,0.5471379479770908,0.5574062244075431,0.0239242228830698,no_max
20,0.8047331702709198,0.0421159548684954,0.4996863061189651,0.7941887193918228,0.0039584937086328,0.3404786562919616,0.921842758655548,25.89297422399977,0.0002873659989982,,,,,,,,0.0103049993771128,no_max
21,0.8056356287002564,0.0377431474626064,0.4984786555171013,0.8159803581237793,0.0035719959787093,0.3408554609119892,0.9227759033441544,26.422025134999785,0.0002856535741046,,,,,,,,0.0083257679734379,no_max
22,0.7642767256498337,0.0343392028659582,0.4723017364740371,0.7746953201293946,0.0030991877126507,0.319365392178297,0.8707454270124435,25.760518985998715,0.0002838381357927,,,,,,,,0.0072690172633156,no_max
23,0.7738568514585495,0.032551350807771,0.4773346698284149,0.797076587677002,0.0026596847688779,0.3271130663156509,0.8856749087572098,25.344878376999983,0.0002819210626809,,,,,,,,0.0069326308229938,no_max
24,0.7791179570555687,0.0299316251650452,0.4794434416294098,0.7770549434423447,0.0023528757051099,0.3325996017456055,0.8911226424574852,25.59747858800074,0.0002799038105676,,,,,,,,0.0062822737731039,no_max
25,0.7852628102898598,0.0262993365060538,0.4816774421930313,0.773914096057415,0.0020556918019428,0.335194012671709,0.8954622477293015,25.558782869000424,0.0002777879113257,,,,,,,,0.0054830187419429,no_max
26,0.7451946422457695,0.0291663686558604,0.4587833502888679,0.7933048197627067,0.0017957951815333,0.3186484570801258,0.857824324965477,25.195362256999942,0.0002755749717393,,,,,,,,0.0048612223379313,no_max
27,0.7751103439927101,0.0271260619768872,0.4759166488051414,0.8139828824996949,0.0018029932677745,0.3342420324683189,0.892545685172081,25.849875602001703,0.0002732666722837,,,,,,,,0.0044928148179315,no_max
28,0.7656177285313607,0.0277065296564251,0.4704532653093338,0.7885714745521546,0.0014701598568353,0.3288049635291099,0.878969698548317,26.2834569860006,0.0002708647658491,,,,,,,,0.0039040514593943,no_max
29,0.7443228855729103,0.0292754067713394,0.4583039128780365,0.8324078553915024,0.0013469566195271,0.322431626021862,0.8647702163457871,23.34583189200021,0.0002683710764094,0.6887894314377242,0.5829537917879757,0.4311684185324272,0.6887894314377242,0.4746566587553296,0.585415285170873,0.63127663825227,0.0036327062919735,no_max
30,0.7428271970152855,0.0269430264923721,0.4564735475182533,0.7905087679624557,0.0011417610640637,0.3211834891140461,0.8573914441466332,25.52605408700037,0.0002657874976374,,,,,,,,0.0031322089163586,no_max
31,0.7497683861851692,0.0220970684010535,0.4586998777091503,0.7779830175638199,0.0010034943209029,0.3257502272725105,0.8628072249889374,25.957629538999758,0.0002631159914665,,,,,,,,0.0025432133430149,no_max
32,0.7638481678068638,0.0225803454173728,0.467341057062149,0.7946373337507248,0.0008268284605583,0.3299867891520261,0.8772966316342354,25.99602774899904,0.0002603585866009,,,,,,,,0.002318550820928,no_max
33,0.7260078197717666,0.02390155993402,0.4451653319597244,0.7921218341588974,0.0007590241794241,0.316348719149828,0.8411304026842117,24.61147545499989,0.0002575173769752,,,,,,,,0.0018310776865109,no_max
34,0.7257524999976158,0.0239292106917127,0.4450232027471065,0.7966587927937507,0.0007432211219565,0.3163232736289501,0.841466580927372,24.670524707998997,0.000254594520164,,,,,,,,0.0020853096770588,no_max
35,0.7503894650936127,0.0214722544094547,0.4588225997984409,0.7828153067827225,0.0006310420355293,0.3278748492896557,0.86531718313694,25.39653805700073,0.0002515922357438,,,,,,,,0.001533265588805,no_max
36,0.7279893106222153,0.0226278786757029,0.4458447550237179,0.7962544858455658,0.0006082336022518,0.3193289379775524,0.8451639664173126,24.567275724000865,0.0002485128036071,,,,,,,,0.00167207422317,no_max
37,0.7246510344743728,0.0230759058170951,0.4440210033953189,0.7900587391853332,0.0005658922824659,0.3178536753356457,0.8412329974770546,25.5924619540001,0.0002453585622314,,,,,,,,0.0016207076949649,no_max
38,0.7311465352773666,0.0219025324657559,0.4474489516019821,0.7649535694718361,0.0005186611029785,0.3223250104486942,0.8466145038604737,25.38427826200132,0.0002421319069034,,,,,,,,0.0015962648479035,no_max
39,0.7168106545507907,0.0213689532480202,0.4386339916288853,0.7834113383293152,0.0004688977799378,0.3150963854789734,0.8324123474955559,22.73485335100122,0.0002388352878997,0.6832267752704141,0.586861211534154,0.4538260950153066,0.6832267752704141,0.4599324706080954,0.6174243887239524,0.6313770381240252,0.0015869308932451,no_max
40,0.7096459671854973,0.0221499820845201,0.4346475930511951,0.819467847943306,0.000389490868547,0.3116476291418075,0.8285825127363204,24.35103775000061,0.0002354712086265,,,,,,,,0.0016051616883487,no_max
41,0.7429675669968128,0.0226670107105746,0.4548473623394966,0.8044182753562927,0.000390346963104,0.3282059904932976,0.8638771820068359,25.72763080600089,0.0002320422237183,,,,,,,,0.001812430875143,no_max
42,0.7430317959189415,0.0207111651054583,0.4541035604476928,0.7964136400818824,0.0003117053084133,0.3273299634456634,0.8613897669315338,25.099419384998328,0.0002285509370981,,,,,,,,0.0014964647364104,no_max
43,0.7293495175242424,0.0210345787531696,0.4460235583782196,0.794499551653862,0.0003005295415641,0.3205084115266799,0.8463684952259064,25.29677727400121,0.000225,,,,,,,,0.0018577166009345,no_max
44,0.7114650934934617,0.022012461349368,0.4356840580701828,0.7902291849255562,0.0002548750277492,0.3130591534078121,0.828075512945652,24.864660091001497,0.0002213921089555,,,,,,,,0.0014831913191301,no_max
45,0.7369814643263817,0.0182657510275021,0.4494951964914799,0.8142823752760887,0.0002517403902311,0.3238992358744144,0.85506945759058,25.92943919099889,0.0002177300037466,,,,,,,,0.0011710314233641,no_max
46,0.7351175940036774,0.0195648426329717,0.4488965117931366,0.781137860417366,0.0002376648862264,0.3239781857281923,0.8513342589139938,25.817162506000383,0.0002140164653244,,,,,,,,0.0016694645531242,no_max
47,0.7226306694746018,0.0201773057924583,0.441649339646101,0.7958757969737053,0.0002536925165622,0.3188820253312587,0.8404775866866112,25.23952259799989,0.0002102543136979,,,,,,,,0.0017297785409755,no_max
48,0.7251939076185226,0.0197257132991217,0.4430066484212875,0.8023165220022201,0.0001947538619424,0.3178490589559078,0.8414321008324623,25.04815962400062,0.0002064464057921,,,,,,,,0.0016750464816504,no_max
49,0.6936857758462429,0.0190205209446139,0.4238196928799152,0.8000127750635148,0.0002093250387406,0.3080384430289268,0.8121280908584595,22.33591963700019,0.0002025956332789,0.6773622112976305,0.5917064405504662,0.4565818430503228,0.6773622112976305,0.4901751029161529,0.6075820074376153,0.6295874432487505,0.0012910681669382,no_max
50,0.7013385133445262,0.0188551459228619,0.4283451840281486,0.7759256061911582,0.0001630465506605,0.3098322553932667,0.8160928556323052,25.75624499699916,0.0001987049203807,,,,,,,,0.0015734927992161,no_max
51,0.6968163031339646,0.0179319872474297,0.4252625930309295,0.8080334550142289,0.0002050948043324,0.3072106139361858,0.8135817345976829,24.36846444099865,0.0001947772216502,,,,,,,,0.0014746512139026,no_max
52,0.7178567676246166,0.0193232294241897,0.4384433715045452,0.795538353919983,0.0001592594561952,0.3171671874076128,0.8354639321565628,25.659504152999943,0.0001908155197268,,,,,,,,0.0014578607905059,no_max
53,0.7151261721551418,0.0195342264859937,0.4368894106149673,0.7576565876603126,0.0001705825136741,0.3172907714545727,0.8302996760606766,24.939665101001083,0.0001868228230711,,,,,,,,0.0017265170602695,no_max
54,0.7041986782848835,0.0187789110187441,0.43003078982234,0.8051590797305107,0.0001290986125968,0.3118476521968841,0.8227279379963874,25.9949876160008,0.0001828021636809,,,,,,,,0.0016356313190044,no_max
55,0.7348468488454819,0.0183701179618947,0.4482561771571636,0.7926118403673172,0.0001895648380377,0.3254949824512005,0.8533607399463654,24.98707045099945,0.0001787565947885,,,,,,,,0.0016945941519952,no_max
56,0.7292714568972588,0.0188546486478298,0.4451047530770302,0.8032761377096176,0.0001287138423504,0.3219231648743152,0.8476655399799347,26.123974952000932,0.0001746891885421,,,,,,,,0.0015178598398051,no_max
57,0.7352555900812149,0.0149626831896603,0.4471384438872337,0.777012665271759,0.0001180193721302,0.324370981901884,0.8494650408625603,25.165266052001243,0.0001706030336727,,,,,,,,0.0012422227916977,no_max
58,0.6742042028903961,0.0182414489332586,0.4118191175162792,0.790756283402443,0.0001458414484295,0.2983375930041074,0.789565509557724,24.788288564999675,0.0001665012331491,,,,,,,,0.0016293878063606,no_max
59,0.6911879828572274,0.0175790647999383,0.4217444321513175,0.7569207003712655,0.0001114003263137,0.3067957163602113,0.8046031442284584,23.06060373099899,0.0001623869018208,0.6934883859582057,0.60673372302096,0.4894830884597005,0.6934883859582057,0.4915529855487044,0.6351597975559701,0.6470614573271815,0.0018267682846635,no_max
60,0.6779907058179379,0.0189496045350097,0.4143742816150188,0.779923425912857,0.0001315811114545,0.3016417396068573,0.7944028753042222,24.55544396699952,0.0001582631640533,,,,,,,,0.0019396848513861,no_max
61,0.712163473367691,0.0157914968393743,0.4336146980524063,0.7494622504711151,9.510777508694444e-05,0.3159152045845985,0.8247993743419647,25.84574320899992,0.0001541331513552,,,,,,,,0.001592441655539,no_max
62,0.6986373165249824,0.0160618597280699,0.42560715213418,0.7746883872151374,0.0001504770981046,0.3073639035969973,0.8107469907402992,26.097684309001124,0.00015,,,,,,,,0.0014978417018392,no_max
63,0.7098985978960991,0.0175461671943776,0.432957641929388,0.8022659486532211,0.0001227019861107,0.3149329464137554,0.8284516543149948,24.7205099290004,0.0001458668486447,,,,,,,,0.0016416452133307,no_max
64,0.6785735669732094,0.0184060535952448,0.4145065769553184,0.7722309270501136,0.000106006060414,0.3016419295966625,0.7937246596813202,24.22853799599943,0.0001417368359466,,,,,,,,0.0017388021979968,no_max
65,0.6777240504324437,0.0165925410203635,0.4132714655995368,0.7702560406923294,0.0001345941701947,0.3000492292642593,0.790667630136013,24.84396741899945,0.0001376130981791,,,,,,,,0.0015729930860561,no_max
66,0.7404450196027755,0.0162178888870403,0.4507541877031326,0.7785244980454444,0.0001536416608905,0.329713848978281,0.8586589923501015,24.292413129000124,0.0001334987668508,,,,,,,,0.0016541263662475,no_max
67,0.6947291201353073,0.0177246528561227,0.4239273519814014,0.7875576865673065,9.172857655357802e-05,0.306149737983942,0.8091562461853027,24.97882067899991,0.0001293969663272,,,,,,,,0.0015940069704083,no_max
68,0.7074855421483517,0.0172763239429332,0.4314018715918064,0.7745888704061508,8.5963917990739e-05,0.3134998370707035,0.8226709106564521,25.09001426300165,0.0001253108114578,,,,,,,,0.0015300917453168,no_max
69,0.7207141384482384,0.0142922116024419,0.4381453894078732,0.7739126312732697,0.0001086634478997,0.3183818063884973,0.8341815274953842,22.46699350200106,0.0001212434052114,0.7165571725833605,0.6145629239491646,0.4749477959512188,0.7165571725833605,0.5084917602208168,0.6186398390433162,0.6617979603298876,0.0012881784089859,no_max
70,0.6815338525176048,0.0165239561675116,0.4155299133062363,0.7768952220678329,8.689658799994504e-05,0.3020319965481758,0.795570924282074,24.50297311599934,0.000117197836319,,,,,,,,0.0015757403883071,no_max
71,0.6968363499641419,0.0160022140596993,0.4245027132332325,0.7750436249375343,9.264350159355672e-05,0.3074263109266757,0.8097726908326149,25.2427762490006,0.0001131771769288,,,,,,,,0.0016733711632969,no_max
72,0.7006438148021698,0.0193901466717943,0.4281423634290695,0.7610057383775711,0.0001389932264282,0.3131353901326656,0.8178716981410981,25.66288907099988,0.0001091844802731,,,,,,,,0.0024320938952951,no_max
73,0.7192045027017593,0.0198615519935265,0.4394673362374305,0.8067678213119507,0.0001435577860138,0.318712377846241,0.8394141721725464,24.82909770199876,0.0001052227783497,,,,,,,,0.0027524983719922,no_max
74,0.7292799603939056,0.0207986605167388,0.445887459218502,0.8168322598934173,0.000131434636969,0.3223220443725585,0.8504561963677406,24.933395889998792,0.0001012950796192,,,,,,,,0.0027844833216295,no_max
75,0.7133661146461964,0.019903657415416,0.4359811487793922,0.8226322382688522,0.0001073826556967,0.318981366828084,0.8376857116818428,24.28451843499897,9.740436672108684e-05,,,,,,,,0.0022730006401252,no_max
76,0.7143053016066552,0.0180403496127109,0.4357993376255035,0.7964548736810684,7.49259435087879e-05,0.3164844197034835,0.8323589426279068,25.397815551999884,9.355359420782469e-05,,,,,,,,0.0021297734404015,no_max
77,0.7350338020920754,0.0198632539622485,0.4489656016230583,0.8197477608919144,0.0001172876469718,0.3273285172879696,0.8588149449229241,25.069141743999356,8.97456863020546e-05,,,,,,,,0.0027009236259436,no_max
78,0.7129454632103444,0.0184750160272233,0.4351573015749455,0.804336954653263,9.592756441634263e-05,0.3169036418944597,0.8329322504997253,25.97637754000061,8.598353467553945e-05,,,,,,,,0.0021640537536404,no_max
79,0.7005948603153229,0.0210791772371158,0.4287886026501655,0.8022416016459465,9.28595931691234e-05,0.3103483477979898,0.819947656095028,23.01500431900058,8.226999625336662e-05,0.7247483791278396,0.6423128253076011,0.5226281130116589,0.7247483791278396,0.5254349021026351,0.676755194692329,0.67980568637015,0.0029095105910164,no_max
80,0.7190073475241661,0.0187545789405703,0.4389062571525574,0.832052509188652,9.712293871416476e-05,0.3201670341193676,0.8427123662829399,25.17555295099919,7.860789104443896e-05,,,,,,,,0.0021448631737439,no_max
81,0.7035107305645942,0.0180806497531011,0.4293387162685394,0.7888424330949784,0.0001248865559591,0.3133021312952042,0.8220089194178581,24.95309987899964,7.500000000000002e-05,,,,,,,,0.0023879015147804,no_max
82,0.710878159403801,0.020417649867013,0.4346939752995968,0.8084643286466598,0.0001014559515078,0.3169842574000359,0.8330895799398422,25.04520415800107,7.144906290181832e-05,,,,,,,,0.002799222392714,no_max
83,0.7284149423241615,0.0194543910236097,0.4448307392001152,0.7878757172822952,0.000102800259392,0.3233068400621414,0.8474503499269486,25.716807735001566,6.795777628163599e-05,,,,,,,,0.0026002757525566,no_max
84,0.7255971348285675,0.0197579660802148,0.4432614849507809,0.8140046706795693,0.0001022173957517,0.3227765654027462,0.8479380977153778,25.54193147499973,6.452879137346007e-05,,,,,,,,0.0024723594754686,no_max
85,0.7149709792435169,0.0199117028596811,0.4369472828507423,0.8168671560287476,0.0001066446529512,0.3177165156602859,0.8368402123451233,26.33719510300034,6.1164712100253e-05,,,,,,,,0.0024218463338183,no_max
86,0.6941771280765533,0.0194192744093015,0.4242740029096603,0.804998699426651,0.0001239206141326,0.30906264744699,0.8143324154615402,25.67093188800027,5.786809309654982e-05,,,,,,,,0.0024484742532877,no_max
87,0.713852981030941,0.0192902827821671,0.4360279180109501,0.7641406154632568,0.0001310299359192,0.3178369696438312,0.8308064064383507,25.56871553700148,5.464143776850482e-05,,,,,,,,0.0026045260775026,no_max
88,0.7076161819696426,0.018486734611215,0.4319644194841385,0.8100304007530212,0.0001463498547127,0.3147760999202728,0.8282151955366135,25.799498051001137,5.148719639283984e-05,,,,,,,,0.0023215709569012,no_max
89,0.6919526109099388,0.0177793426136486,0.4222833208739757,0.7847687041759491,0.0001230149876937,0.3074369320273399,0.8086496764421462,23.260666906999177,4.840776425613886e-05,0.7120191467821012,0.6318066153187257,0.510976423891457,0.7120191467821012,0.5174099298103485,0.6659907693637276,0.6678511150540242,0.0022320348329321,no_max
90,0.6888416087627411,0.0164262972283177,0.4198754994571209,0.7783875876665115,9.42030300393526e-05,0.3044380047917366,0.8025322648882866,23.074297475001003,4.5405479835900685e-05,,,,,,,,0.0018764358899716,no_max
91,0.7120120432972908,0.0174377496773377,0.4341823418438434,0.7878199630975723,0.0001659474463212,0.3165936943888664,0.8299941504001618,21.776340980000896,4.2482623024732334e-05,,,,,,,,0.0021390945892926,no_max
92,0.7162368440628052,0.0185919528943486,0.4371789041161537,0.7850651025772095,9.930922713465408e-05,0.3203522500395774,0.8365244454145432,22.394070198999543,3.964141339903026e-05,,,,,,,,0.0024090736532798,no_max
93,0.700129025876522,0.016037333284039,0.426492363512516,0.7943964058160782,0.0001156173769049,0.3092845545709133,0.8156150805950165,23.397480145999,3.6884008533465575e-05,,,,,,,,0.0019636973045271,no_max
94,0.6744625553488731,0.017442155163153,0.4116544118523598,0.7900078284740448,8.113354234410507e-05,0.2988681682944298,0.7899635058641433,22.75664627200058,3.4212502362551864e-05,,,,,,,,0.0021804054892982,no_max
95,0.7180816102027893,0.016711146403104,0.4375334423780441,0.7846581396460534,0.0001071391889308,0.31988739579916,0.8363120606541634,22.66588188200149,3.162892359054098e-05,,,,,,,,0.0021002258545377,no_max
96,0.685540302246809,0.0185268284985795,0.4187349282950163,0.8068453621864319,0.0001206212044598,0.3039135210961103,0.8038109549880028,22.7044120369992,2.913523415085328e-05,,,,,,,,0.0023597066552974,no_max
97,0.7096038535237312,0.0166923910425975,0.4324392859637737,0.8006525236368179,0.0001532713411506,0.3153514066338539,0.8283080860972405,22.87187765300041,2.673332771621324e-05,,,,,,,,0.0022224022604086,no_max
98,0.6941897046566009,0.0157697190251201,0.4228217282891273,0.7483615428209305,0.0001286552122655,0.3063978075236082,0.8044155204296112,22.84850862300118,2.4425028260620715e-05,,,,,,,,0.0017669689005742,no_max
99,0.7284303715825081,0.016132674398832,0.4435113131999969,0.7834788876771926,0.0001203560720568,0.324763430505991,0.8470678624510765,22.951045965999583,2.221208867425096e-05,0.7026820775330952,0.6203621720071897,0.5072294922171873,0.7026820775330952,0.5162355656300784,0.6421688728583955,0.6584408473437326,0.0021960510734697,no_max
100,0.7132855182886124,0.0169537909189239,0.4347528466582298,0.7467034357786179,0.0001594182473309,0.3172642135620117,0.8271336469054222,22.4512120950003,2.009618943233419e-05,,,,,,,,0.0021913612086791,no_max
101,0.7011230447888375,0.0175096759572625,0.42767771422863,0.7944247674942017,0.0001167493435514,0.3111337223649025,0.8187222206592559,22.93142341800012,1.807893731902665e-05,,,,,,,,0.0023123299099461,no_max
102,0.6938786563277245,0.0170526978070847,0.4231482900679111,0.7740815550088882,0.0001318990409345,0.3077053041756153,0.8087149846553803,23.06569778700032,1.616186420724089e-05,,,,,,,,0.0022331807810951,no_max
103,0.7283006429672241,0.0190567440818995,0.4446031023561954,0.8211440724134446,9.899974074869533e-05,0.3253245536983013,0.8525659602880478,23.37209954499849,1.4346425895363384e-05,,,,,,,,0.0025947601880761,no_max
104,0.7198642733693122,0.0164581747399643,0.4385018537938595,0.7702876842021942,0.0001125781285736,0.3195215737819671,0.8354738306999206,22.212707675000274,1.2634001001741372e-05,,,,,,,,0.0020800589601276,no_max
105,0.693288560807705,0.0179680779622867,0.423160385042429,0.7912555697560311,0.0001127816944972,0.3074902608245611,0.8102433389425278,22.666447719000644,1.1025889917779737e-05,,,,,,,,0.0023074593695127,no_max
106,0.7080789706110955,0.0170862524560652,0.4316818988323211,0.7561866375803947,0.0001242519724473,0.3149412147700786,0.8227087977528572,22.73691629199857,9.523313820441804e-06,,,,,,,,0.0023040385017975,no_max
107,0.7113115131855011,0.0173788015398895,0.4337384462356567,0.7859775114059449,0.000164085643828,0.3164314044266939,0.82923712849617,23.063975851999203,8.127413744904804e-06,,,,,,,,0.0023066126078578,no_max
108,0.703802036345005,0.0155732543650083,0.4285105426609516,0.7551428186893463,0.0001014529569602,0.3129883787035942,0.8173939758539199,22.483183731999816,6.839249718073875e-06,,,,,,,,0.0018784880098974,no_max
109,0.7176120267808437,0.0155345370678696,0.4367810478806496,0.7709175118803978,0.0001109350257866,0.3200000840425491,0.8342464387416839,22.4943701939992,5.659799953612438e-06,0.7240869856696174,0.6400870235467492,0.5245996143252031,0.7240869856696174,0.5284812963369995,0.6676927886336306,0.6789382598983155,0.0018400162855186,no_max
110,0.6895355176925659,0.0153713705344125,0.4198698750138283,0.7467669427394867,0.0001229285047338,0.3057099339365959,0.8006230965256691,23.22353677499996,4.589960109100444e-06,,,,,,,,0.0018022179644094,no_max
111,0.7247375470399856,0.0145033307932317,0.4406438784301281,0.7803531885147095,9.202884233673104e-05,0.3215582405030727,0.8405902272462845,23.28921317099957,3.630542605884657e-06,,,,,,,,0.0017409318414252,no_max
112,0.711943909227848,0.0151883109356276,0.4332416898012161,0.7645462024211883,9.703479805921234e-05,0.3152671234309673,0.8253583359718323,22.371641281000848,2.7822760121373187e-06,,,,,,,,0.0019502506654134,no_max
113,0.6819229698181153,0.0163556880573742,0.4156960742175579,0.7639610296487809,0.000102348864284,0.3028012090921402,0.7952904683351517,23.013186721998864,2.0458044895916517e-06,,,,,,,,0.0019597800605606,no_max
114,0.6897468155622483,0.0153383628744632,0.4199834536015987,0.7517508751153946,9.43308184196212e-05,0.3065737704932689,0.8020956435799599,22.39491765599996,1.4216873043745137e-06,,,,,,,,0.0017930680550261,no_max
115,0.6783604454994202,0.0140542743424884,0.4126379941403866,0.74763078302145,8.413312451466482e-05,0.3018608355522156,0.7895780530571938,22.22694864499863,9.103984023075772e-07,,,,,,,,0.0015596943004675,no_max
116,0.6945207865536213,0.0147236665105447,0.4226019541174173,0.7550756233930588,8.81297376463408e-05,0.3074501126259565,0.8059020385146141,23.02906487799919,5.123260489995229e-07,,,,,,,,0.0016900186965813,no_max
117,0.6914500315487385,0.0157512295932974,0.4211705283820629,0.8002663293480873,8.916652388506918e-05,0.3078675442188978,0.8094240447878838,23.213240326000232,2.2777253500257386e-07,,,,,,,,0.0017743938610584,no_max
118,0.6566292798519134,0.0157575004186946,0.4002805842459201,0.7756736001372337,9.356048192785238e-05,0.2910535439103842,0.7692514801025391,22.81971903600061,5.695394625728767e-08,,,,,,,,0.0017265834440502,no_max
119,0.6940325209498406,0.0152471226680791,0.4225183781981468,0.7540886679291725,9.821504123465274e-05,0.3072619444131851,0.8055600512027741,22.933162889001323,0.0,0.7234751335989175,0.6400998654247098,0.5267557203654053,0.7234751335989175,0.5305754467509581,0.6662490159242538,0.6787906118233039,0.0018297490891006,no_max
0,0.9746866631507872,0.653261331319809,0.8461165595054626,0.7283073168992996,0.0495582542940974,0.5914584237337113,1.5128836333751678,22.725790271000733,5.1e-05,,,,,,,,,no_consistency
1,0.9687437653541564,0.475914254784584,0.7716119903326034,0.6954853218793869,0.0283373498544096,0.4865251955389976,1.3291025972366333,21.71529624499999,0.0001009999999999,,,,,,,,,no_consistency
2,0.9560939800739288,0.3843137073516846,0.7273819005489349,0.6945304882526397,0.0234632713906466,0.4590663653612137,1.2570744860172272,21.48793221000051,0.0001509999999999,,,,,,,,,no_consistency
3,0.947256990671158,0.3449379715323448,0.7063294136524201,0.6806114494800568,0.0194025984779,0.4374627581238746,1.2128234481811524,21.91836708200026,0.0002009999999999,,,,,,,,,no_consistency
4,0.9578237438201904,0.3007666012644768,0.6950009107589722,0.6738215506076812,0.0134875928331166,0.4300923463702202,1.193149789571762,21.842287690000376,0.000251,,,,,,,,,no_consistency
5,0.9418547916412352,0.2579996222257614,0.6683127474784851,0.6788618075847626,0.0096987625816836,0.4048164880275726,1.1415003579854963,21.64206854500117,0.0003,,,,,,,,,no_consistency
6,0.9374058693647384,0.2144996060431003,0.6482433885335922,0.6784286123514175,0.00695803825045,0.3892817664146423,1.1057159197330475,21.86075225100103,0.0002999430460537,,,,,,,,,no_consistency
7,0.928650113940239,0.1763501180708408,0.6277301335334777,0.6659215062856674,0.0057923499890603,0.371554279923439,1.066166181564331,21.71216000099957,0.0002997722274649,,,,,,,,,no_consistency
8,0.9228582489490508,0.1498428347706794,0.6136521044373512,0.688299805521965,0.0043240663025062,0.3721359673142433,1.0548342484235764,21.96242904399878,0.000299487673951,,,,,,,,,no_consistency
9,0.8918985044956207,0.1280651469528675,0.5863651871681214,0.676733980178833,0.0062273335200734,0.3470326870679855,1.0013826429843902,21.79513876599958,0.0002990896015976,0.4392424304984987,0.4246490416962774,0.3498330784174399,0.4392424304984987,0.3818190524251542,0.4528856421651794,0.4259234786497264,,no_consistency
10,0.8963338196277618,0.1054711785912513,0.5799887892603874,0.6686376112699509,0.0049094736750703,0.3507744202017784,0.99787244617939,22.797589830001016,0.0002985783126956,,,,,,,,,no_consistency
11,0.8743277657032013,0.0892905674874782,0.560312911272049,0.6855278557538986,0.0048601906467229,0.3384571662545204,0.9675658690929412,22.597314115999325,0.0002979541955104,,,,,,,,,no_consistency
12,0.8569388252496719,0.0775178968533873,0.5451704695820808,0.6907387155294419,0.0049407491111196,0.3261840164661407,0.9406754022836684,22.37715842299985,0.0002972177239878,,,,,,,,,no_consistency
13,0.8545821517705917,0.0656474417075514,0.5390082892775535,0.683733628988266,0.0047395387711003,0.3326944768428802,0.9403130966424942,23.126308742999758,0.0002963694573941,,,,,,,,,no_consistency
14,0.8371918401122094,0.0566681188344955,0.5249823731184006,0.7045449426770211,0.004173877981957,0.3296637324988842,0.9253092926740646,21.8421729110014,0.0002954100398908,,,,,,,,,no_consistency
15,0.8127370512485504,0.0504218950495123,0.507811007797718,0.6975243711471557,0.004234052626416,0.3174842464923859,0.8952593934535981,22.84498518500004,0.0002943402000463,,,,,,,,,no_consistency
16,0.8245171368122101,0.0427303672209382,0.5118024435639381,0.7227361044287681,0.003313992016483,0.3287886807322502,0.9130304330587388,22.181516771999668,0.0002931607502819,,,,,,,,,no_consistency
17,0.8057815849781036,0.0400333972088992,0.4994823303818703,0.7159560751914978,0.0029332286457065,0.3199955955147743,0.891220190525055,22.682012106999537,0.000291872586255,,,,,,,,,no_consistency
18,0.8365673661231995,0.0415166436694562,0.5185470962524414,0.7947935029864311,0.0023167705838568,0.3516815933585167,0.949823881983757,22.437758650001346,0.0002904766861795,,,,,,,,,no_consistency
19,0.8225884771347046,0.0427490565739572,0.5106527310609817,0.7867869701981545,0.0020198333915323,0.3437977269291877,0.9332301467657088,21.97245432099953,0.0002889741100822,0.5830735615626196,0.501582696698232,0.3771584610179085,0.5830735615626196,0.3977773184543518,0.5238972100777245,0.5380347920488322,,no_consistency
20,0.8014153409004211,0.0415030101500451,0.4974504280090332,0.7706450766324997,0.0018715519376564,0.3370708546042442,0.911679368019104,22.31579289399997,0.0002873659989982,,,,,,,,,no_consistency
21,0.8043242323398591,0.0354897609725594,0.4967904654145241,0.8033120137453079,0.0015014496474759,0.3368765507638454,0.9140732914209366,22.84422059999997,0.0002856535741046,,,,,,,,,no_consistency
22,0.7632165166735649,0.0357579276524484,0.4722330975532531,0.7709113883972168,0.001342334166984,0.3199684602022171,0.8693598139286042,22.75430115000017,0.0002838381357927,,,,,,,,,no_consistency
23,0.7739905127882958,0.0325826679170131,0.4774273931980133,0.7901558899879455,0.0010061384394066,0.3257445703446865,0.8822378584742546,21.602280294000597,0.0002819210626809,,,,,,,,,no_consistency
24,0.7754889091849327,0.0285219874046742,0.4767021605372429,0.7766278114914894,0.0008772872260306,0.3288840030133724,0.8832928121089936,22.28721915999995,0.0002799038105676,,,,,,,,,no_consistency
25,0.7848373666405678,0.0263257955294102,0.4814327549934387,0.7736243405938148,0.0007571083327638,0.3336072994768619,0.8924403417110444,22.22623512899918,0.0002777879113257,,,,,,,,,no_consistency
26,0.7444185546040535,0.0281475629471242,0.4579101759195327,0.7823628914356232,0.0005894418971729,0.3174698710441589,0.85364580899477,22.119300786998792,0.0002755749717393,,,,,,,,,no_consistency
27,0.7726345720887184,0.0267851890390738,0.474294838309288,0.795933290719986,0.0005233127066458,0.3325380399823189,0.8864523720741272,22.973568850999072,0.0002732666722837,,,,,,,,,no_consistency
28,0.7638415083289146,0.0271599182486534,0.4691688913106918,0.7927389019727706,0.0004455723401042,0.3276727491617203,0.8761378067731858,22.848319671000358,0.0002708647658491,,,,,,,,,no_consistency
29,0.741445027589798,0.0281166522111743,0.4561136946082115,0.8157630833983421,0.0004130575559975,0.3209954205155372,0.8587060838937759,22.232740569999805,0.0002683710764094,0.6733915509978313,0.5672295030418918,0.4233276160966666,0.6733915509978313,0.4568712539004966,0.5714257042273475,0.616536543120933,,no_consistency
30,0.7389540264010429,0.0261029155785217,0.4538136003911495,0.7840467202663421,0.0003657419119917,0.3188545505702496,0.8510911107063294,21.876370211000904,0.0002657874976374,,,,,,,,,no_consistency
31,0.749265249967575,0.0235260107740759,0.4589695696532726,0.7787420454621315,0.0002738720601337,0.3255222671478986,0.8623797357082367,25.88257723999959,0.0002631159914665,,,,,,,,,no_consistency
32,0.766159395724535,0.023444190993905,0.469073333889246,0.7980776631832123,0.0001863212770876,0.3312123122811317,0.8801027289032937,25.34236934700129,0.0002603585866009,,,,,,,,,no_consistency
33,0.7250410988926888,0.0242413560673594,0.4447212207317352,0.7879837816953659,0.0001719606217557,0.3156995694339275,0.839227768778801,24.8425407679988,0.0002575173769752,,,,,,,,,no_consistency
34,0.7284874531626702,0.0249112137267366,0.4470569759607315,0.7972265416383744,0.0002467065234031,0.3173559890687465,0.8441479575634002,24.549956920000117,0.000254594520164,,,,,,,,,no_consistency
35,0.7557489278912545,0.022309219171293,0.4623730650544166,0.7869052988290787,0.0001833774847546,0.3293808531761169,0.8704536157846451,25.53694225899926,0.0002515922357438,,,,,,,,,no_consistency
36,0.7302490308880806,0.0227601234614849,0.4472534844279289,0.7944675993919372,0.0001669970583498,0.319219417721033,0.8459280133247375,24.347690337999666,0.0002485128036071,,,,,,,,,no_consistency
37,0.7248299241065979,0.0224326442717574,0.4438710285723209,0.7911904859542847,0.0001471747988489,0.3178584060072899,0.8408558467030525,25.01581013100076,0.0002453585622314,,,,,,,,,no_consistency
38,0.7321617951989174,0.0228656926658004,0.4484433728456497,0.7549112114310265,0.0001296407356812,0.3216240161657333,0.845564993917942,25.083680723000725,0.0002421319069034,,,,,,,,,no_consistency
39,0.714902906268835,0.020475069405511,0.4371317881345749,0.7679369708895684,0.0001102804243555,0.3135986337065696,0.8275296413898467,24.4457578549991,0.0002388352878997,0.7004902658997781,0.5933082620950494,0.4579436696119622,0.7004902658997781,0.478900380502401,0.600534139882969,0.6440810051295779,,no_consistency
40,0.7084535545110703,0.0237989971577189,0.4345917485654354,0.8146468704938888,0.0001420695616045,0.3121335792541504,0.8281971147656441,21.38967582100122,0.0002354712086265,,,,,,,,,no_consistency
41,0.741959725022316,0.0229600849049165,0.4543598890304565,0.7953959286212922,0.0001391633772254,0.3270586816966533,0.8609651213884354,24.263631252999403,0.0002320422237183,,,,,,,,,no_consistency
42,0.7418435564637185,0.0207714817067608,0.4534147454798221,0.796704469025135,9.379065084658578e-05,0.3257611635327339,0.8588510450720787,24.376156362000984,0.0002285509370981,,,,,,,,,no_consistency
43,0.7312570035457611,0.0224410856305621,0.447730652987957,0.8003744548559188,0.0001090323291623,0.3210636836290359,0.8488372385501861,24.82047962100114,0.000225,,,,,,,,,no_consistency
44,0.7113900753855705,0.0224746438697911,0.4358239191770554,0.7907690468430519,8.553281300464732e-05,0.3127381810545921,0.8276432794332504,23.8392230139998,0.0002213921089555,,,,,,,,,no_consistency
45,0.7370087707042694,0.0195384614355862,0.4500206625461578,0.806119439303875,7.58352054685929e-05,0.3234290663897991,0.8540654662251472,24.57753972700084,0.0002177300037466,,,,,,,,,no_consistency
46,0.7344020208716393,0.0190984507394023,0.4482806105911732,0.7859565198421479,8.144168201852153e-05,0.3237596084922552,0.8506399500370025,24.63081996299843,0.0002140164653244,,,,,,,,,no_consistency
47,0.7214800597727299,0.0214109081309288,0.4414524158835411,0.7905628514289856,8.795159910107486e-05,0.3176524839550256,0.8381655848026276,24.54788268199991,0.0002102543136979,,,,,,,,,no_consistency
48,0.7228161397576333,0.0196867415099404,0.4415643984079361,0.7985000497102738,5.5192907655623454e-05,0.3165483273565769,0.8379654914140702,24.67113276499913,0.0002064464057921,,,,,,,,,no_consistency
49,0.692388018667698,0.0197993218759074,0.4233525550365448,0.7749368605017662,6.83420550095093e-05,0.3068997041881084,0.8077493616938591,24.71293683299882,0.0002025956332789,0.6874934410076267,0.5972723487613707,0.4587748621569509,0.6874934410076267,0.4927103360980906,0.6116132691783948,0.6375552554486823,,no_consistency
50,0.7004927560687065,0.018752507569734,0.4277966736257076,0.7661845368146897,5.756319101635654e-05,0.3095909115672111,0.8140089169144631,22.129408161001265,0.0001987049203807,,,,,,,,,no_consistency
51,0.6971270686388016,0.0185273099527694,0.4256871820986271,0.8016942322254181,7.158814221838839e-05,0.3076403848826885,0.8135005676746369,24.24491924799986,0.0001947772216502,,,,,,,,,no_consistency
52,0.7168882973492146,0.0192095820885151,0.4378168298304081,0.7992218682169914,6.693800813764028e-05,0.3166816080361604,0.8344239723682404,25.711105882999615,0.0001908155197268,,,,,,,,,no_consistency
53,0.714983279556036,0.0195320035167969,0.4368027853965759,0.7657775309681892,9.040222680596343e-05,0.316712421476841,0.8300974786281585,24.86472050500015,0.0001868228230711,,,,,,,,,no_consistency
54,0.7042245268821716,0.0192011859314516,0.4302152107656002,0.7841953748464584,5.598437042635851e-05,0.3108103147149086,0.8194478660821914,26.06061589700039,0.0001828021636809,,,,,,,,,no_consistency
55,0.7331893143057823,0.0186113306833431,0.4473581412434578,0.7909856215119362,5.936831812704213e-05,0.3248647487163543,0.8513244199752807,24.88741163699888,0.0001787565947885,,,,,,,,,no_consistency
56,0.7293889772891998,0.0191496536787599,0.4452932631969452,0.8146664044260978,4.964160000099582e-05,0.3226061479747295,0.8493685358762741,25.567867535002733,0.0001746891885421,,,,,,,,,no_consistency
57,0.7396581089496612,0.0154833523021079,0.4499882227182388,0.7795335546135902,3.634696765948853e-05,0.3257305972278118,0.8536739981174469,24.85195622300307,0.0001706030336727,,,,,,,,,no_consistency
58,0.6756737944483757,0.0187677723681554,0.4129114000499248,0.7816905707120896,6.606043193187361e-05,0.298523991331458,0.7896077546477318,25.434864762999496,0.0001665012331491,,,,,,,,,no_consistency
59,0.6866837790608407,0.0168920352030545,0.4187670980393886,0.7550401157140731,4.1457964490270175e-05,0.3042957903444767,0.7985689744353295,25.130338145998397,0.0001623869018208,0.7229351336189778,0.6195504565304097,0.4825436935816391,0.7229351336189778,0.5016475085351108,0.6340687274371414,0.6678805864886735,,no_consistency
60,0.6783211076259613,0.0192678495496511,0.4146998211741447,0.7739617723226547,6.861243947881235e-05,0.3011696976423264,0.7932691219449043,21.69884498399915,0.0001582631640533,,,,,,,,,no_consistency
61,0.7099049285054206,0.0151555866654962,0.4320052081346512,0.7468690091371536,5.237947457203518e-05,0.3145603646337986,0.8212551000714302,24.69713549199878,0.0001541331513552,,,,,,,,,no_consistency
62,0.6962866342067718,0.0164918823435436,0.4243687522411346,0.7704846549034119,6.670208575997094e-05,0.3058379864692688,0.8072585445642472,25.39854793900304,0.00015,,,,,,,,,no_consistency
63,0.7088147446513176,0.0179822417953982,0.4324817632138729,0.8002824544906616,8.92363973969168e-05,0.3140625374019146,0.8265770143270492,24.72007914200003,0.0001458668486447,,,,,,,,,no_consistency
64,0.6792506599426269,0.018139874744229,0.4148063603043556,0.7743247213959694,5.9166449209442365e-05,0.3015828628838062,0.7938246530294418,24.3439557160018,0.0001417368359466,,,,,,,,,no_consistency
65,0.6796904459595681,0.0163385030766949,0.4143496862053871,0.7666663733124733,7.137329980650975e-05,0.3010137602686882,0.7920336544513702,25.045072082000843,0.0001376130981791,,,,,,,,,no_consistency
66,0.7399598667025566,0.0173583756620064,0.4509192894399166,0.7701806265115738,0.0001001628304777,0.3288548491895199,0.8567972084879876,25.22567377399901,0.0001334987668508,,,,,,,,,no_consistency
67,0.6936466920375824,0.0178844889183528,0.4233418284356594,0.7779367312788963,5.7185365512850695e-05,0.3059130109846592,0.8070513764023781,25.33614943500288,0.0001293969663272,,,,,,,,,no_consistency
68,0.7131205524504185,0.0184011175669729,0.4352327960729599,0.7819724810123444,5.326480054776539e-05,0.3165292608737945,0.8299619650840759,25.444689494997878,0.0001253108114578,,,,,,,,,no_consistency
69,0.7240309086441994,0.0146263414272107,0.4402690966427326,0.7750924655795097,3.632350288455655e-05,0.3199720972776413,0.8377522569894791,24.90233466400241,0.0001212434052114,0.7077811667865834,0.6061628366627512,0.4702601618950052,0.7077811667865834,0.4875590492401495,0.6231482939615206,0.653543567260276,,no_consistency
70,0.679490562081337,0.0168730472680181,0.4144435718655586,0.7921809446811676,4.348870417047124e-05,0.3008901613950729,0.794554004073143,21.596946491998096,0.000117197836319,,,,,,,,,no_consistency
71,0.7003910806775093,0.0165615475131198,0.4268592837452888,0.7653325039148331,6.153583265756879e-05,0.3089166201651096,0.8123122328519821,23.7937983289994,0.0001131771769288,,,,,,,,,no_consistency
72,0.7010125163197517,0.0193352628243155,0.4283416324853897,0.7510832750797272,9.342459280219372e-05,0.3119176876544952,0.8153723227977753,25.020867939998425,0.0001091844802731,,,,,,,,,no_consistency
73,0.717938674390316,0.0200304634589701,0.4387754046916962,0.7872519990801812,8.324283220067286e-05,0.3190051780641079,0.8365099495649337,24.657316974000423,0.0001052227783497,,,,,,,,,no_consistency
74,0.7263881346583366,0.0203449617850128,0.4439708857238292,0.809766854941845,7.960403087774154e-05,0.3205514480173588,0.8455029982328415,24.793384494998463,0.0001012950796192,,,,,,,,,no_consistency
75,0.7156963999569416,0.0208492110786028,0.4377575401216745,0.8192602479457856,6.68306116591566e-05,0.3198377603292465,0.8395246684551239,24.237811386999965,9.740436672108684e-05,,,,,,,,,no_consistency
76,0.7169357681274414,0.0184764423477463,0.4375520572066307,0.7818107694387436,4.859299654640381e-05,0.3177852301299572,0.8335207921266555,25.430250320001505,9.355359420782469e-05,,,,,,,,,no_consistency
77,0.7329692146182061,0.0192777357413433,0.4474926394224167,0.8063095751404762,0.0001102090115955,0.3272501374781131,0.8553792405128479,24.773033384000883,8.97456863020546e-05,,,,,,,,,no_consistency
78,0.7107917094230651,0.0182024765294045,0.4337560346722602,0.8018298980593681,6.561494927041167e-05,0.3162512192130088,0.8301935255527496,25.903709602000163,8.598353467553945e-05,,,,,,,,,no_consistency
79,0.703126668035984,0.0205025550536811,0.4300770398974418,0.7934301283955574,9.998984016419854e-05,0.3110515844076872,0.8204766348004341,24.941754390001734,8.226999625336662e-05,0.7330180842609598,0.6439411091575152,0.520168371303111,0.7330180842609598,0.5249782334708205,0.6738270097407654,0.6850100204341416,,no_consistency
80,0.719125814139843,0.0188395486841909,0.4390113274753093,0.822421755194664,0.0001012267033138,0.3196065475791693,0.84086511105299,22.01266428600138,7.860789104443896e-05,,,,,,,,,no_consistency
81,0.7013000813126564,0.0180898901785258,0.4280160231888294,0.7940433752536774,0.000107028314372,0.3123723362386226,0.8197980478405953,22.9244660330005,7.500000000000002e-05,,,,,,,,,no_consistency
82,0.7116937172412873,0.0204777323442976,0.4352073414623737,0.8120027899742126,9.98294432338298e-05,0.3171257969737053,0.8335384041070938,24.45857282399811,7.144906290181832e-05,,,,,,,,,no_consistency
83,0.7262153893709182,0.0193212920823134,0.4434577688574791,0.7795854946970939,9.757573815591058e-05,0.3227769541740417,0.8441981583833694,25.42746004500077,6.795777628163599e-05,,,,,,,,,no_consistency
84,0.719221194088459,0.019048019653419,0.4391519410908222,0.7990776580572129,6.821222817613659e-05,0.3197026017308235,0.8387657180428505,25.117194583999662,6.452879137346007e-05,,,,,,,,,no_consistency
85,0.7154985488951207,0.0203215816046576,0.4374277786910533,0.8234250277280808,6.502779501772693e-05,0.3176298873126507,0.837403419315815,25.880728537002145,6.1164712100253e-05,,,,,,,,,no_consistency
86,0.6939494554698468,0.0189997872989624,0.4239696039259433,0.8067215973138809,7.22319115470782e-05,0.3085010477900505,0.8131464236974716,25.4734475639998,5.786809309654982e-05,,,,,,,,,no_consistency
87,0.7128095132112503,0.0189802072150632,0.4352778087556362,0.762673522233963,8.477945717174861e-05,0.3165989248454571,0.8281483289599418,25.892874879999,5.464143776850482e-05,,,,,,,,,no_consistency
88,0.7070261669158936,0.018152295872569,0.4314766363799572,0.7947630843520165,0.0001075549036486,0.3152753901481628,0.8262337136268616,25.239148395001397,5.148719639283984e-05,,,,,,,,,no_consistency
89,0.6931996828317643,0.0192122875573113,0.4236047410964966,0.7853084927797318,0.0001074069520768,0.3087979206442833,0.8109388843178749,25.448446685997624,4.840776425613886e-05,0.6991952358660241,0.6130911960970968,0.4905776537990966,0.6991952358660241,0.4905776537990966,0.6495006986261695,0.6525022657286532,,no_consistency
90,0.6884785413742065,0.0165616593090817,0.419711806923151,0.7774270695447921,7.147204264157381e-05,0.3036095760762691,0.8010676681995392,22.83787749099793,4.5405479835900685e-05,,,,,,,,,no_consistency
91,0.7119979590177536,0.0181669823790434,0.43446558624506,0.7811250513792038,0.000125698084339,0.3167694772779941,0.8293538522720337,22.34058927300066,4.2482623024732334e-05,,,,,,,,,no_consistency
92,0.7170252189040184,0.0191151810158044,0.4378612212836742,0.7950925630331039,7.553628834557458e-05,0.3210334484279156,0.8384077033400535,24.826190233998204,3.964141339903026e-05,,,,,,,,,no_consistency
93,0.7020215982198715,0.0163986978842876,0.4277724540233612,0.7911996531486511,7.397349573219358e-05,0.3096284562349319,0.8165245807170868,25.68113832399831,3.6884008533465575e-05,,,,,,,,,no_consistency
94,0.6746351325511932,0.0175073787244036,0.4117840455472469,0.7844601887464523,6.628459759156158e-05,0.2984592238068581,0.7886926066875458,24.82733645600092,3.4212502362551864e-05,,,,,,,,,no_consistency
95,0.7189434868097305,0.016849949110765,0.4381060895323753,0.7693114790320397,8.89906084444192e-05,0.3199772837758064,0.8350189730525017,25.80552028300008,3.162892359054098e-05,,,,,,,,,no_consistency
96,0.6865296971797943,0.0190657456684857,0.4195441327989101,0.7936599007248879,0.0001000379517051,0.3047074649482965,0.8036225885152817,25.42797615100062,2.913523415085328e-05,,,,,,,,,no_consistency
97,0.7075080189108849,0.0166395810921676,0.4311606614291668,0.798467768728733,8.619356253234401e-05,0.313293087631464,0.8243048399686813,25.696665363000648,2.673332771621324e-05,,,,,,,,,no_consistency
98,0.6929882973432541,0.0153404924762435,0.4219291922450066,0.7601340144872666,6.420000138405158e-05,0.3058498866856098,0.8037956964969635,25.79303714999696,2.4425028260620715e-05,,,,,,,,,no_consistency
99,0.7262669441103935,0.0155258173239417,0.4419705098867416,0.7761937609314918,8.163371246455497e-05,0.3234012727439403,0.8429952389001847,25.16858936800054,2.221208867425096e-05,0.7151977304779141,0.627121874945317,0.5110380206072153,0.7151977304779141,0.5132631025479711,0.652904791810066,0.6683590028310651,,no_consistency
100,0.7121270516514778,0.0171222739201039,0.4341251587867736,0.7636861085891724,0.0001063501694062,0.3173152975738048,0.8278143885731697,22.04697564599701,2.009618943233419e-05,,,,,,,,,no_consistency
101,0.6993302476406097,0.0169728452316485,0.4263873046636581,0.7971937155723572,6.88997576685324e-05,0.3092393564432859,0.8153494754433632,24.33414778700171,1.807893731902665e-05,,,,,,,,,no_consistency
102,0.6943442599475383,0.0171292568370699,0.423458275347948,0.7738370361924172,6.50687845700304e-05,0.3081041922420263,0.8089494210481644,24.62784289100091,1.616186420724089e-05,,,,,,,,,no_consistency
103,0.7253175395727157,0.0184702891623601,0.4425786547362804,0.8195912256836891,7.660924558194893e-05,0.3236020776629448,0.8481436881422997,26.086760706999485,1.4346425895363384e-05,,,,,,,,,no_consistency
104,0.7206444492936135,0.0161603289586491,0.4388508169353008,0.7677822422981262,6.358396857365278e-05,0.3201117198169231,0.8357439398765564,24.572947343000124,1.2634001001741372e-05,,,,,,,,,no_consistency
105,0.691810909062624,0.0179760491242632,0.4222769849002361,0.7980417451262474,7.600482396526331e-05,0.3070082576572895,0.8090932178497314,24.96444210300251,1.1025889917779737e-05,,,,,,,,,no_consistency
106,0.7058336496353149,0.0169191925693303,0.4302678839862346,0.7501418149471283,7.090360092206539e-05,0.3141716204583645,0.8194572314620018,25.608648407000143,9.523313820441804e-06,,,,,,,,,no_consistency
107,0.7110298784077167,0.0173200542328413,0.4335459661483765,0.7833051407337188,7.03246476507502e-05,0.3160897023975849,0.8279696962237358,25.21438356699946,8.127413744904804e-06,,,,,,,,,no_consistency
108,0.7063722839951515,0.015707435302902,0.4301063628494739,0.7648577761650085,6.92969881697536e-05,0.3143419551849365,0.8209375616908073,25.672180229998048,6.839249718073875e-06,,,,,,,,,no_consistency
109,0.7158444562554359,0.015469661867246,0.4356945553421974,0.7623822247982025,6.676263474446387e-05,0.3182097096741199,0.8301458287239075,24.961264965000737,5.659799953612438e-06,0.7207901738719696,0.6351086830572639,0.5164235562026496,0.7207901738719696,0.5169563248244718,0.6675795504753501,0.6746490648606259,,no_consistency
110,0.6905972263216973,0.0151540836598724,0.4204199847579002,0.7508044755458831,6.461553693270616e-05,0.3059346783161163,0.8014383462071418,22.700605875998008,4.589960109100444e-06,,,,,,,,,no_consistency
111,0.724504411816597,0.0141342535614967,0.4403563663363457,0.7705866786837577,4.698000341363695e-05,0.3201459820568562,0.8375633656978607,24.344954394000524,3.630542605884657e-06,,,,,,,,,no_consistency
112,0.7097339966893196,0.0145772004697937,0.4316712944209576,0.7635070359706879,5.643857992782664e-05,0.3139684578776359,0.8219932785630226,25.17070516500098,2.7822760121373187e-06,,,,,,,,,no_consistency
113,0.6799103322625161,0.0159892720472998,0.4143419261276722,0.755576234459877,6.172160652926805e-05,0.3024881817400455,0.7923908188939095,26.048593522002196,2.0458044895916517e-06,,,,,,,,,no_consistency
114,0.6891973805427551,0.0155244344146922,0.4197282199561596,0.7499815934896469,6.288546792566407e-05,0.306158045232296,0.8008875697851181,25.122179354002583,1.4216873043745137e-06,,,,,,,,,no_consistency
115,0.6749519005417823,0.013799772048369,0.4104910649359226,0.7398998498916626,5.972149463037368e-05,0.2994326563179493,0.7839166980981827,24.47269305599912,9.103984023075772e-07,,,,,,,,,no_consistency
116,0.6947754493355751,0.0148318290850147,0.4227980181574821,0.7687070405483246,5.113222653903904e-05,0.3077897348254919,0.8074610099196434,24.98051064700121,5.123260489995229e-07,,,,,,,,,no_consistency
117,0.689361302703619,0.0154449259885586,0.4197947685420513,0.7881465011835098,5.112373856150043e-05,0.3073096639662981,0.8059216412901878,25.61823087699668,2.2777253500257386e-07,,,,,,,,,no_consistency
118,0.6520833358168602,0.0154441589151974,0.3974276822805405,0.766619126200676,6.830908238505628e-05,0.2885635583847761,0.7626565754413605,26.305586978000065,5.695394625728767e-08,,,,,,,,,no_consistency
119,0.6931304648518563,0.0146855395263992,0.4217525121569633,0.7475651308894158,4.727889452880163e-05,0.3067153711616993,0.8032267609238625,25.38627841199923,0.0,0.7240652226237311,0.6379201106133501,0.5176007127866462,0.7240652226237311,0.5184187967209201,0.671276312495399,0.6775752380369083,,no_consistency
0,0.9746787494421004,0.653248775601387,0.8461067920923233,0.7283462345600128,0.0495590860396623,0.5914565905928612,1.5128759670257568,25.737679584000944,5.1e-05,,,,,,,,,shuffled_quality
1,0.9687375009059906,0.4759515431523323,0.7716231435537338,0.6954727375507355,0.0283506695181131,0.4865407505631446,1.329128702878952,24.593814199999542,0.0001009999999999,,,,,,,,,shuffled_quality
2,0.9561141330003738,0.3843109762668609,0.7273929035663604,0.6945106089115143,0.0234675299562513,0.4590662452578544,1.2570835852622986,23.84096562800005,0.0001509999999999,,,,,,,,,shuffled_quality
3,0.9472823452949524,0.3449755510687828,0.7063596642017365,0.6808281594514847,0.0194129930902272,0.4375515818595886,1.2129647099971772,24.38102920999881,0.0002009999999999,,,,,,,,,shuffled_quality
4,0.9578389602899552,0.3007937604188919,0.6950209069252015,0.6740062195062637,0.0134806756023317,0.430107934474945,1.1932034957408906,24.44685387299978,0.000251,,,,,,,,,shuffled_quality
5,0.9420160013437272,0.2582058951258659,0.6684919881820679,0.6795245671272278,0.0096953121852129,0.4051359331607818,1.142065144777298,24.80275755799994,0.0003,,,,,,,,,shuffled_quality
6,0.937674367427826,0.2146035462617874,0.6484460604190826,0.6794958072900772,0.0067884723865427,0.3893630689382553,1.106098132133484,23.094906981999884,0.0002999430460537,,,,,,,,,shuffled_quality
7,0.92877907037735,0.1764209347963333,0.6278358393907547,0.6667474389076233,0.0058243001648224,0.3716170623898506,1.0664188629388809,23.92020135400162,0.0002997722274649,,,,,,,,,shuffled_quality
8,0.9236151027679445,0.1507575914263725,0.6144721195101738,0.6902837216854095,0.0041910675761755,0.3739604814350605,1.0576705265045163,24.254577596999297,0.000299487673951,,,,,,,,,shuffled_quality
9,0.8926616030931472,0.1293611992150545,0.5873414665460587,0.6778759407997131,0.006184179468546,0.3479125206172466,1.0033507907390595,22.083387253000183,0.0002990896015976,0.4728631316897697,0.4538299463144983,0.3785355493223254,0.4728631316897697,0.4240067917888426,0.4646199154648824,0.4577204178404438,,shuffled_quality
10,0.8958854109048844,0.105161669626832,0.5795959395170212,0.667246917784214,0.0050321504194289,0.3513417884707451,0.9979140329360962,25.3283146929989,0.0002985783126956,,,,,,,,,shuffled_quality
11,0.8745300078392029,0.089373730123043,0.5604675161838532,0.6873780375719071,0.0049266551935579,0.3394114643335342,0.9688631147146224,25.10355197300123,0.0002979541955104,,,,,,,,,shuffled_quality
12,0.8582663083076477,0.0783038702607154,0.546281355023384,0.6927607518434524,0.0051480224239639,0.328498446047306,0.9443132781982422,25.04712341699997,0.0002972177239878,,,,,,,,,shuffled_quality
13,0.8554242020845413,0.0664083012938499,0.5398178660869598,0.6861871182918549,0.0048104965151287,0.3332443414628506,0.941921449303627,25.506195690000823,0.0002963694573941,,,,,,,,,shuffled_quality
14,0.8384033167362213,0.0575994807854294,0.5260818046331406,0.7027999159693717,0.0042222525458782,0.3300747498869896,0.9266476565599442,24.217477456999404,0.0002954100398908,,,,,,,,,shuffled_quality
15,0.8148679262399674,0.0510309540852904,0.5093331575393677,0.6954923009872437,0.0041676004673354,0.3178012330830097,0.8968919998407364,25.017925402999023,0.0002943402000463,,,,,,,,,shuffled_quality
16,0.8249731087684631,0.0432560889050364,0.5122863215208053,0.7260248968005181,0.0033309382083825,0.3298099842667579,0.914865345954895,24.585532129998683,0.0002931607502819,,,,,,,,,shuffled_quality
17,0.8059414291381836,0.0404041717574,0.4997265458106995,0.7162908333539962,0.0028900472621899,0.3200340563803911,0.8915341866016387,25.089186690000133,0.000291872586255,,,,,,,,,shuffled_quality
18,0.8393974018096924,0.0440258990600705,0.5212488225102425,0.7949901577830315,0.0022603748377878,0.3525215403735637,0.9637893390655518,25.14478643000075,0.0002904766861795,,,,,,,,0.052034684040118,shuffled_quality
19,0.8241518867015839,0.0451331027783453,0.5125443956255913,0.7822665801644325,0.0019748016714584,0.3447577783465385,0.9385208278894424,22.957266432000324,0.0002889741100822,0.6194358568371475,0.5245943048584201,0.3851838583397487,0.6194358568371475,0.4082996092304415,0.5460474485076712,0.5675581913937893,0.0144662684388458,shuffled_quality
20,0.8047028356790542,0.0420377318933606,0.4996368125081062,0.7778329887986183,0.0017421080142958,0.339378154873848,0.9184984236955642,25.7206548489994,0.0002873659989982,,,,,,,,0.0080652881786227,shuffled_quality
21,0.8064430403709412,0.0366696666367352,0.4985337129235268,0.8009242510795593,0.0013618701661471,0.3384265270829201,0.918610493540764,25.980722006999716,0.0002856535741046,,,,,,,,0.0074486419139429,shuffled_quality
22,0.7649977651238441,0.0354076817817986,0.4731617486476898,0.7782467061281204,0.0011973400891292,0.319204416424036,0.8715543270111084,25.940045893001297,0.0002838381357927,,,,,,,,0.0065181536832824,shuffled_quality
23,0.7739470002055168,0.0322238484025001,0.4772577595710754,0.7882843041419982,0.0009254040074301,0.3253769958019256,0.8826628738641739,24.76005066200014,0.0002819210626809,,,,,,,,0.0057670597732067,shuffled_quality
24,0.7762082770466805,0.0299069226533174,0.4776877549290657,0.7725393581390381,0.0008437843385036,0.329278185069561,0.8852671280503273,25.319230592998792,0.0002799038105676,,,,,,,,0.0050253196479752,shuffled_quality
25,0.7858217880129814,0.0257985163852572,0.481812500655651,0.7684106945991516,0.0006577778828796,0.3330694824457169,0.8926785439252853,25.10738084300101,0.0002777879113257,,,,,,,,0.0046130076074041,shuffled_quality
26,0.7485778447985649,0.0291021721065044,0.4607875949144363,0.7888429310917854,0.0005340093989798,0.3201870659738779,0.8607724073529244,25.427284457000496,0.0002755749717393,,,,,,,,0.0044337432226166,shuffled_quality
27,0.7737994793057442,0.0267935095075517,0.4749971094727516,0.7883378610014915,0.0004893702283879,0.3319223882257938,0.8866279315948487,25.691062067999155,0.0002732666722837,,,,,,,,0.0042509016324765,shuffled_quality
28,0.7632432681322098,0.0270811128010973,0.4687784254550934,0.790100548863411,0.0004372241735109,0.3275209734588861,0.8760642102360725,25.519932284998504,0.0002708647658491,,,,,,,,0.0036644665361382,shuffled_quality
29,0.7408651456236839,0.0275145848840475,0.4555249413847923,0.8147001397609711,0.0003460211621495,0.3202920946478844,0.8579571980237961,22.92607588499959,0.0002683710764094,0.6649197412998227,0.5654760422408762,0.4250975252049755,0.6649197412998227,0.4690164801080641,0.5624919053147418,0.611104409972654,0.0032642434374429,shuffled_quality
30,0.7404218471050262,0.0259356198972091,0.4546273750066757,0.7848641121387482,0.000308589442302,0.3197872138023376,0.8535020786523819,25.652068117000454,0.0002657874976374,,,,,,,,0.0029282617673743,shuffled_quality
31,0.7508708828687668,0.0222545534046366,0.4594243694841862,0.7806153213977813,0.0002196561723212,0.3252902312576771,0.8632766643166542,26.13642404300117,0.0002631159914665,,,,,,,,0.0024477469548583,shuffled_quality
32,0.7646171467006206,0.0230626872554421,0.4679953791201114,0.8003446301817894,0.0001705624356327,0.3304033855348825,0.8788841444253922,26.25909202700132,0.0002603585866009,,,,,,,,0.0022119565913453,shuffled_quality
33,0.7279386335611343,0.0253023059479892,0.4468841204047203,0.7893070071935654,0.0001844599383912,0.3174653849005699,0.8437363970279693,25.46429768500093,0.0002575173769752,,,,,,,,0.002234839098528,shuffled_quality
34,0.7299860498309135,0.0253898528311401,0.4481475885212421,0.8007027566432953,0.0002264438433758,0.3177702684700489,0.8464681205153465,25.595847982000123,0.000254594520164,,,,,,,,0.0023433413245948,shuffled_quality
35,0.7577131593227386,0.0222540806373581,0.4635295467078685,0.7881567597389221,0.0001577434825503,0.3294956053048372,0.872180454134941,25.87979376400108,0.0002515922357438,,,,,,,,0.0016586791648296,shuffled_quality
36,0.7297609540820121,0.0224340945249423,0.4468302264809608,0.7961903327703476,0.0001428279904939,0.3189305636286735,0.8457452714443207,24.323149820000253,0.0002485128036071,,,,,,,,0.0017915102222468,shuffled_quality
37,0.7236015942692756,0.02268952710554,0.4432367831468582,0.7811679464578628,0.0001626098952374,0.3169710266590118,0.8386694556474685,25.5783120360029,0.0002453585622314,,,,,,,,0.0016835843038279,shuffled_quality
38,0.730258084833622,0.021382095599547,0.4467077043652534,0.754175705909729,0.0001187066350803,0.3210280315577984,0.8435015964508057,24.88100911100264,0.0002421319069034,,,,,,,,0.001711763406347,shuffled_quality
39,0.7148059576749801,0.0202786010294221,0.4369950330257415,0.778192566037178,9.857732235104777e-05,0.3135174883902072,0.8286436954140664,22.31230415999744,0.0002388352878997,0.6869478772694886,0.5912658919802116,0.466143025676702,0.6869478772694886,0.4812774197043641,0.6055723789667821,0.6361627965234269,0.0015349535492714,shuffled_quality
40,0.7101609367132187,0.0226163609977811,0.4351431222259998,0.8159559893608094,0.0001264254483095,0.3118734139204025,0.8290104025602341,25.0004919109997,0.0002354712086265,,,,,,,,0.0019597028527641,shuffled_quality
41,0.7418614876270294,0.0220648532640188,0.4539428520202637,0.7925510257482529,0.0001086107125092,0.3266679039597511,0.8602291381359101,25.506238875001145,0.0002320422237183,,,,,,,,0.0017892492104147,shuffled_quality
42,0.7426392912864686,0.0213085643504746,0.4541070199012756,0.8078927120566368,7.256447220697737e-05,0.3259622603654861,0.8612202498316764,25.36117759500121,0.0002285509370981,,,,,,,,0.0017903471230238,shuffled_quality
43,0.7318878981471062,0.0211101721297018,0.4475768259167671,0.8089424037933349,7.097119257593931e-05,0.3207817874848843,0.8496156585216522,26.01690884599884,0.000225,,,,,,,,0.0017962915578391,shuffled_quality
44,0.7089556181430816,0.0213041291898116,0.4338950391113758,0.7939612767100335,6.219679338926199e-05,0.3117072987556457,0.8253369480371475,25.077712029000395,0.0002213921089555,,,,,,,,0.0016768521843187,shuffled_quality
45,0.7351958253979682,0.0192583932355046,0.4488208723068237,0.8019845223426819,6.56638624968764e-05,0.3231866952776909,0.8525201117992401,25.950776715999385,0.0002177300037466,,,,,,,,0.0015540364981279,shuffled_quality
46,0.735814069211483,0.0190974288922734,0.4491274331510066,0.7836871892213821,8.650070799376408e-05,0.3237621054053307,0.8515969008207321,25.67572975299845,0.0002140164653244,,,,,,,,0.0016715778188518,shuffled_quality
47,0.7218203085660935,0.0205722896545194,0.4413211190700531,0.7956068152189255,8.014659152877357e-05,0.3184464235603809,0.8397487181425095,25.329565882999304,0.0002102543136979,,,,,,,,0.0020824100221216,shuffled_quality
48,0.722949500977993,0.0194109773938544,0.4415341085195541,0.8016662046313285,5.915549129213105e-05,0.3163810722529888,0.838464327454567,23.634610493001677,0.0002064464057921,,,,,,,,0.0018978250113286,shuffled_quality
49,0.6955907125771046,0.0194521560054272,0.4251353052258491,0.7964846608042717,7.241736142759691e-05,0.3087114818394184,0.8138094529509544,22.884617878000427,0.0002025956332789,0.6909548479787614,0.5956793469349173,0.4559522950246997,0.6909548479787614,0.5001415408932098,0.5959416519327808,0.638871942370202,0.0015528869937043,shuffled_quality
50,0.7006011755764484,0.0181892261328175,0.4276364129781723,0.7695279467105866,5.728527287573115e-05,0.3083835522085428,0.8133096355199814,25.82817836499817,0.0001987049203807,,,,,,,,0.0016700470272917,shuffled_quality
51,0.6979980865120887,0.0185361911449581,0.4262133444845676,0.8121636909246445,6.571232450141906e-05,0.3081136414408684,0.8158886700868606,24.80804923100004,0.0001947772216502,,,,,,,,0.0017101569299484,shuffled_quality
52,0.7181344327330589,0.0196378196182195,0.4387358051538467,0.8126427501440048,6.703606672544993e-05,0.3169763182848692,0.8373219648003578,25.89213728499817,0.0001908155197268,,,,,,,,0.0017110814076295,shuffled_quality
53,0.7162709663808345,0.0192339014052413,0.4374561587721109,0.7630527579784393,6.902698056933332e-05,0.3173696384578943,0.8314874288439751,25.685424086997955,0.0001868228230711,,,,,,,,0.001764540614422,shuffled_quality
54,0.7044854600727558,0.0189353300770744,0.4302654258906841,0.778049863576889,7.045613119430527e-05,0.3108946098387241,0.8193437856435776,25.869907691998375,0.0001828021636809,,,,,,,,0.0018761883693514,shuffled_quality
55,0.7346460670232773,0.0190287984837777,0.4483991776406765,0.798876286149025,7.004330043173467e-05,0.3258112326264381,0.854478040933609,25.49210556099933,0.0001787565947885,,,,,,,,0.0018824926887828,shuffled_quality
56,0.7296241018176078,0.0190999232581816,0.4454144476354122,0.8025768330693245,4.588570473856634e-05,0.322520909756422,0.8485475593805313,26.069348461998743,0.0001746891885421,,,,,,,,0.0017611116862826,shuffled_quality
57,0.7384095105528832,0.0153496913122944,0.4491855995357036,0.7898184978961944,2.897554446686712e-05,0.3253302150964737,0.8537937960028649,25.24160277700139,0.0001706030336727,,,,,,,,0.0014734304701778,shuffled_quality
58,0.6769048054516316,0.0188178936834447,0.4136700586974621,0.7841614162921906,5.570851201582627e-05,0.2991124070435762,0.7915725183486938,23.681406924999465,0.0001665012331491,,,,,,,,0.0018556172958051,shuffled_quality
59,0.6885376822948456,0.0170356735889799,0.4199368961155414,0.7512254029512405,5.94742826814354e-05,0.305484207868576,0.8009051316976548,23.34214054800032,0.0001623869018208,0.7101400369753925,0.6105248015542275,0.481751348164355,0.7101400369753925,0.5015196758989032,0.6199146917883869,0.6574165974679392,0.0017925386252863,shuffled_quality
60,0.6786206793785096,0.0188351274351589,0.4147064749896526,0.7767349213361741,6.340492198603443e-05,0.3011024004966021,0.7938648438453675,24.80501454300247,0.0001582631640533,,,,,,,,0.001896549702451,shuffled_quality
61,0.7105948273837567,0.0155213489662855,0.4325654515624046,0.7359393462538719,4.0097039084230345e-05,0.314993976354599,0.8214861106872559,25.5444494580006,0.0001541331513552,,,,,,,,0.0016536991502289,shuffled_quality
62,0.6971715033054352,0.0162042817659676,0.424784632474184,0.770555419921875,5.376348830395727e-05,0.3061858993768692,0.808376495540142,25.33549223200316,0.00015,,,,,,,,0.00173866222176,shuffled_quality
63,0.7091001391410827,0.0174816077109426,0.4324527429044246,0.8043817546963692,6.590350241523879e-05,0.3139321924746036,0.8271917521953582,25.004918028997054,0.0001458668486447,,,,,,,,0.0018266917778419,shuffled_quality
64,0.6759214761853218,0.0175881522870622,0.4125881642103195,0.7774219280481338,4.289146850112502e-05,0.2991326221823692,0.7898226591944695,24.531602172999555,0.0001417368359466,,,,,,,,0.0017876833873924,shuffled_quality
65,0.6791614353656769,0.0162273449636995,0.4139878138899803,0.766639512181282,5.063805940835664e-05,0.3001844205707311,0.7911439633369446,24.865111272996728,0.0001376130981791,,,,,,,,0.0015262291830549,shuffled_quality
66,0.7393191620707512,0.0164790893043391,0.4501831491291523,0.7750528901815414,5.293219413800898e-05,0.328591958284378,0.8566431695222855,24.764348602999235,0.0001334987668508,,,,,,,,0.0018006516110835,shuffled_quality
67,0.6943557387590409,0.0182801060588099,0.4239255006611347,0.7833716526627541,4.855185988276389e-05,0.3064152619242668,0.8090642857551574,25.806233086997963,0.0001293969663272,,,,,,,,0.0019196165307766,shuffled_quality
68,0.7122008918225765,0.0173737201758194,0.4342700417339802,0.7849340733885765,4.821350997367801e-05,0.3164170034229755,0.8295002108812333,24.071088164000685,0.0001253108114578,,,,,,,,0.0015867211631029,shuffled_quality
69,0.7239297401905059,0.0142475359642412,0.4400568796694278,0.7724619814753533,3.3685561738252546e-05,0.3191443680226802,0.836706905066967,22.88093753299836,0.0001212434052114,0.7207896279356629,0.6198087848210727,0.4822295575216432,0.7207896279356629,0.5049719450873436,0.6336647814402121,0.6666393679598839,0.0012888487594409,shuffled_quality
70,0.6812558799982071,0.016613276686985,0.4153988559544086,0.796243771314621,3.6166768334453534e-05,0.3013815084099769,0.7967330828309059,24.767128955998487,0.000117197836319,,,,,,,,0.0016326598952764,shuffled_quality
71,0.7006125226616859,0.016257812846452,0.4268706560134888,0.7718290144205093,4.7024923719618525e-05,0.3087788291275501,0.8131982892751694,25.65824947299916,0.0001131771769288,,,,,,,,0.0018177372860009,shuffled_quality
72,0.6988510942459106,0.0186359475692734,0.4267650561034679,0.7551393446326256,6.302609608155763e-05,0.3104394398629665,0.8131767800450325,25.390720578998295,0.0001091844802731,,,,,,,,0.0022759734404007,shuffled_quality
73,0.7195100942254067,0.0198251480562612,0.4396361330151558,0.7996394896507263,6.135094235638405e-05,0.3194123093783855,0.839573860168457,25.05366123099884,0.0001052227783497,,,,,,,,0.0027920237488069,shuffled_quality
74,0.7265317225456238,0.0202012527443002,0.4439995518326759,0.8108672392368317,5.2181675529787694e-05,0.3210560393333435,0.8466961121559143,24.99941973300156,0.0001012950796192,,,,,,,,0.0027559472047141,shuffled_quality
75,0.7139688344299793,0.0202752065472304,0.4364913976937532,0.8272681510448456,4.8365692795755424e-05,0.3185141704976558,0.8382264095544815,24.245872838997457,9.740436672108684e-05,,,,,,,,0.0024580243736272,shuffled_quality
76,0.7144496068358421,0.0181296582031063,0.4359216463565826,0.7953395587205887,3.4350472535606965e-05,0.3167504571378231,0.8326677963137626,25.486236238000856,9.355359420782469e-05,,,,,,,,0.0023000947487889,shuffled_quality
77,0.7322195100784302,0.0187557054590433,0.4468340045213699,0.8063773915171624,6.170679933205748e-05,0.326390193849802,0.8543722653388977,25.672345490002044,8.97456863020546e-05,,,,,,,,0.0025362336765465,shuffled_quality
78,0.7102863715589046,0.0179755011736415,0.4333620382845402,0.8033896416425705,4.4951688589662805e-05,0.3155974817276001,0.8297292250394821,24.553985041002303,8.598353467553945e-05,,,,,,,,0.0021424524681788,shuffled_quality
79,0.7022859045863151,0.020747484602034,0.4296705515682697,0.7964718335866928,6.0343401855789125e-05,0.3109840820729732,0.8209079533815384,22.991159826000512,8.226999625336662e-05,0.7341291056605908,0.6421931714387432,0.5180113334426024,0.7341291056605908,0.5241143054028171,0.6683361032528216,0.6849365481722377,0.003015573624325,shuffled_quality
80,0.7193430455029011,0.0190910672536119,0.4392422717809677,0.823089674115181,7.265713542665254e-05,0.3207490472495556,0.8427621039748192,24.584420894996583,7.860789104443896e-05,,,,,,,,0.0022909016571793,shuffled_quality
81,0.702570583820343,0.0176092912722378,0.4285860832035542,0.7914011508226395,6.371614963962102e-05,0.3128731091320514,0.8210607662796974,24.88440430099945,7.500000000000002e-05,,,,,,,,0.0022913670592515,shuffled_quality
82,0.7112156894803047,0.0203995945723727,0.4348892700672149,0.805058391392231,6.679630969401273e-05,0.3177992703020573,0.8337767243385314,25.068432596999628,7.144906290181832e-05,,,,,,,,0.0028950105033436,shuffled_quality
83,0.7262351045012474,0.0194547944213263,0.443522997200489,0.7844574898481369,7.157978581581403e-05,0.3229689195752144,0.8454912757873535,25.82725062399913,6.795777628163599e-05,,,,,,,,0.0027501586787548,shuffled_quality
84,0.7186334696412087,0.0186701241577975,0.4386481457948685,0.7910377311706543,5.868773242511338e-05,0.3193897142261266,0.8376334244012833,25.350563519001295,6.452879137346007e-05,,,,,,,,0.0024442890000727,shuffled_quality
85,0.7165344028174877,0.0205389373120851,0.4381362372636795,0.8240193432569504,5.446288342170646e-05,0.318196480423212,0.839268147945404,25.86987848499848,6.1164712100253e-05,,,,,,,,0.002653871388793,shuffled_quality
86,0.6929396717250347,0.0188063153717666,0.4232863476872444,0.7977236145734787,5.299089062418716e-05,0.3084468664228916,0.8119904851913452,25.49614881299931,5.786809309654982e-05,,,,,,,,0.0024112707978565,shuffled_quality
87,0.7130285343527794,0.0188317264011129,0.435349830687046,0.7605988389253616,6.630404847527416e-05,0.3167806725203991,0.828698490858078,26.226575710999896,5.464143776850482e-05,,,,,,,,0.002523934139117,shuffled_quality
88,0.7082100638747215,0.0182972387736663,0.4322449541091919,0.7938174778223037,6.879230727463437e-05,0.3161074750125408,0.8282186353206634,24.30943249899792,5.148719639283984e-05,,,,,,,,0.0024050477016589,shuffled_quality
89,0.6928997790813446,0.0189592548925429,0.4233235849440098,0.7872344347834587,7.134581217997037e-05,0.3083537758886814,0.8109280776977539,22.778270194998186,4.840776425613886e-05,0.717268651530912,0.6299330281392969,0.5079819141408574,0.717268651530912,0.5081056656935193,0.664424767193459,0.6701392907744219,0.0026185197746963,shuffled_quality
90,0.6880499795079231,0.0165328263957053,0.4194431348145008,0.7799258518218994,5.007550496259228e-05,0.3041992553323507,0.8020190444588661,22.8961794909992,4.5405479835900685e-05,,,,,,,,0.0019078288318632,shuffled_quality
91,0.7131298092007637,0.0178965051402337,0.4350365035235882,0.7896702772378922,8.064259368438798e-05,0.3171032431721687,0.831560449898243,22.307027032002225,4.2482623024732334e-05,,,,,,,,0.002248204011239,shuffled_quality
92,0.7177516758441925,0.0190928443521261,0.4382881601154804,0.7862298172712326,5.368308223467011e-05,0.3214836110174656,0.8389395970106125,22.57263760800197,3.964141339903026e-05,,,,,,,,0.002710788019267,shuffled_quality
93,0.7018495804071426,0.0160890015820041,0.4275453665852546,0.7944617933034896,4.750786935858287e-05,0.3095809288322925,0.816988343000412,23.23028791900288,3.6884008533465575e-05,,,,,,,,0.0020674754256106,shuffled_quality
94,0.6762149700522423,0.0175629787612706,0.4127541881799698,0.7921541365981102,4.552591061042221e-05,0.2996093226969242,0.7920358541607857,22.95479326500208,3.4212502362551864e-05,,,,,,,,0.002273258898349,shuffled_quality
95,0.7213530910015106,0.0167287376499734,0.4395033682882786,0.7731424006819725,6.176272112952575e-05,0.3208804217725992,0.8381291741132736,23.453885707000158,3.162892359054098e-05,,,,,,,,0.0021402990474052,shuffled_quality
96,0.6888867704570294,0.0188331755227409,0.4208653490245342,0.7990624135732651,6.887114854180254e-05,0.3053716569393873,0.8066525942087174,22.73239911499695,2.913523415085328e-05,,,,,,,,0.0025295065501995,shuffled_quality
97,0.7065850737690925,0.016170356629882,0.4304192025959492,0.7964870399236679,5.775104672466114e-05,0.3129326888918877,0.8234348246455192,22.48885940100081,2.673332771621324e-05,,,,,,,,0.0021567119825158,shuffled_quality
98,0.6927034187316895,0.0150794606562703,0.4216538496315479,0.7588162913918495,4.5069211143982105e-05,0.3057022599875927,0.8035751110315323,23.23239313400336,2.4425028260620715e-05,,,,,,,,0.0016755932504383,shuffled_quality
99,0.7279935058951378,0.0154810718540102,0.4429885517060756,0.7860261535644532,5.83280499142802e-05,0.3240729580819607,0.8460944637656211,22.597266408,2.221208867425096e-05,0.7176483528679704,0.6254010668485634,0.5013853840225978,0.7176483528679704,0.5194292855308232,0.6391255621468969,0.668347870177611,0.0021370868801056,shuffled_quality
100,0.7119732385873795,0.0168405310087837,0.4339201736450195,0.7603785908222198,7.669189210901095e-05,0.3172202971577644,0.827623288333416,22.086695706999308,2.009618943233419e-05,,,,,,,,0.0022055947451008,shuffled_quality
101,0.6997246116399765,0.0171430857875384,0.4266920180618763,0.7968738979101181,5.4269421611934375e-05,0.3097106052935123,0.8165365800261497,22.98585981299766,1.807893731902665e-05,,,,,,,,0.0022192454754622,shuffled_quality
102,0.6945272454619408,0.0171218567946925,0.4235651075839996,0.7703201007843018,5.3623343742401633e-05,0.3080017759650946,0.8090560245513916,21.705560461003188,1.616186420724089e-05,,,,,,,,0.0022722524494292,shuffled_quality
103,0.7261261755228042,0.0185924820671789,0.4431127174198627,0.8182301181554794,5.9944988720417314e-05,0.3242598162591457,0.8496986639499664,23.90305584000089,1.4346425895363384e-05,,,,,,,,0.0025005887572842,shuffled_quality
104,0.7203330633044243,0.015737164854072,0.4384947203099728,0.7615871238708496,4.7833558141405775e-05,0.319503858089447,0.8345504993200302,22.228059627999755,1.2634001001741372e-05,,,,,,,,0.0019540567081821,shuffled_quality
105,0.6923105449974537,0.0178093730052933,0.4225100915133953,0.798542957007885,5.48333620554331e-05,0.3069662956148386,0.8097928497195244,22.591242730002705,1.1025889917779737e-05,,,,,,,,0.0022971087689802,shuffled_quality
106,0.7070781421661377,0.0169362440169788,0.431021399050951,0.7483722537755966,5.3230783972821886e-05,0.31476671859622,0.8211033606529236,22.15648067100119,9.523313820441804e-06,,,,,,,,0.0023767968997253,shuffled_quality
107,0.7111445389688015,0.0170600539341103,0.4335107636451721,0.7858635580539703,4.889814930905345e-05,0.3164119697362184,0.8289601317048073,22.59829644400088,8.127413744904804e-06,,,,,,,,0.0022429955115171,shuffled_quality
108,0.7066050845384598,0.0158013953268527,0.4302836272120476,0.7648100444674492,4.916957803914102e-05,0.3148525342345237,0.8219923794269561,22.900829286998487,6.839249718073875e-06,,,,,,,,0.0018637676988328,shuffled_quality
109,0.7161654505133629,0.0151058266428299,0.4357416175305843,0.7569946479797364,4.805909601145686e-05,0.3180540155619383,0.8298511517047882,22.31607915100176,5.659799953612438e-06,0.7271578880742186,0.6368094648294768,0.5175991560291635,0.7271578880742186,0.525726319698547,0.657544186715665,0.6790974878962905,0.0017682404084212,shuffled_quality
110,0.6910697722434997,0.0151019118470139,0.4206826460361481,0.7530828300118446,4.8203847170498194e-05,0.306584599763155,0.8029217529296875,22.945580558000074,4.589960109100444e-06,,,,,,,,0.0017190977906398,shuffled_quality
111,0.7247987511754036,0.0141491083079017,0.4405389109253883,0.776403856575489,3.6790418445207255e-05,0.3205914725363255,0.8391056036949158,22.968940363,3.630542605884657e-06,,,,,,,,0.0016649724882199,shuffled_quality
112,0.710405233502388,0.0147191538382321,0.432130819261074,0.7565754887461662,4.312956367051868e-05,0.3137475100159645,0.8219159072637559,22.649255782998807,2.7822760121373187e-06,,,,,,,,0.001889373767716,shuffled_quality
113,0.6810085693001747,0.0159772898606024,0.4149960741400719,0.7537321743369102,4.683517141415905e-05,0.3030323131382465,0.7937939712405204,22.840905139000824,2.0458044895916517e-06,,,,,,,,0.0019501043987929,shuffled_quality
114,0.6893456408381462,0.0152679444989189,0.4197145801782608,0.7435193109512329,4.547361179044529e-05,0.3060147178173065,0.8004613444209099,22.78545522300192,1.4216873043745137e-06,,,,,,,,0.0018892014942474,shuffled_quality
115,0.6772460922598839,0.0137985994899645,0.4118671129643917,0.7463182550668717,4.319290126233e-05,0.3005873515456915,0.7873949429392815,21.86629592800091,9.103984023075772e-07,,,,,,,,0.0015324549446472,shuffled_quality
116,0.6952528457343579,0.0147778082452714,0.4230628481507301,0.7624005520343781,3.718796854883522e-05,0.3079582372680306,0.8076050917804242,23.053795189000084,5.123260489995229e-07,,,,,,,,0.0017104653044589,shuffled_quality
117,0.6908475652337074,0.0154514835006557,0.4206891477108002,0.794101183116436,3.723582278439608e-05,0.3083342541754246,0.8087828099727631,24.0844954949971,2.2777253500257386e-07,,,,,,,,0.0017371449705137,shuffled_quality
118,0.6531339865922928,0.0154018909309525,0.3980411651730537,0.772503198981285,5.17654147478197e-05,0.2891509856283665,0.764769260585308,23.85982855499969,5.695394625728767e-08,,,,,,,,0.0016210184593455,shuffled_quality
119,0.6939149987697601,0.0148063890915364,0.4222715720534324,0.7453818327188492,3.7878390543824025e-05,0.3073015829920769,0.8044578033685684,23.35103184699983,0.0,0.7293667059508189,0.6386281007196697,0.5171025833060731,0.7293667059508189,0.5260453625843704,0.6604722336238197,0.6809187121169995,0.0017228337571521,shuffled_quality
0,0.975399488210678,0.6785540324449539,0.8566613322496415,0.7161686158180237,0.0459393971413373,0.5994598072767258,1.5300349748134614,22.649357117999894,5.1e-05,,,,,,,,,matched_moment_fusion
1,0.9698401540517808,0.4757889863848686,0.7722197151184083,0.6881280755996704,0.0057804432301782,0.5034959068894387,1.344817454814911,21.56369632499991,0.0001009999999999,,,,,,,,,matched_moment_fusion
2,0.9602540880441666,0.4085695451498031,0.7395802962779999,0.6853676754236221,0.0012589252280304,0.4764337092638016,1.2846137225627898,21.52189124300276,0.0001509999999999,,,,,,,,,matched_moment_fusion
3,0.9519710552692412,0.3652327418327331,0.7172757595777511,0.6737053799629211,0.0009244725319149,0.4529426711797714,1.237635191679001,21.604938114000102,0.0002009999999999,,,,,,,,,matched_moment_fusion
4,0.9617516613006593,0.3153413897752762,0.7031875801086426,0.6739292997121811,0.0004284309218928,0.4450233602523804,1.2156252920627597,21.54982087499957,0.000251,,,,,,,,,matched_moment_fusion
5,0.9464405030012132,0.2696722151339054,0.6757332116365433,0.6793059408664703,0.0003797328195651,0.4188460746407509,1.1625288701057437,21.72253828100293,0.0003,,,,,,,,,matched_moment_fusion
6,0.941323099732399,0.2225779332220554,0.6538250583410263,0.6777994185686111,0.0003114268090575,0.4017254361510277,1.1233460074663162,20.995311681999738,0.0002999430460537,,,,,,,,,matched_moment_fusion
7,0.9322547692060472,0.1827488476037979,0.632452421784401,0.6681472665071487,0.0005317548698803,0.383654420375824,1.082948151230812,21.241395336001005,0.0002997722274649,,,,,,,,,matched_moment_fusion
8,0.92670392036438,0.153962425738573,0.6176073482632637,0.6867081499099732,0.0002552692182507,0.3813973282277584,1.0676882606744766,21.507317268002225,0.000299487673951,,,,,,,,,matched_moment_fusion
9,0.8961653178930282,0.1317259659618139,0.5903895968198776,0.6787356913089753,0.0007174051402398,0.3566048759222031,1.0149039179086683,21.337015191002138,0.0002990896015976,0.5487041199762489,0.4924425537489775,0.3665326378505308,0.5487041199762489,0.4137352691095687,0.5148882721611149,0.5136085018954957,,matched_moment_fusion
10,0.8989615678787232,0.1075519639998674,0.5823977494239807,0.6717908445000649,0.000524191580771,0.3585315608978272,1.0081346029043197,22.127756655001576,0.0002985783126956,,,,,,,,,matched_moment_fusion
11,0.877086591720581,0.0906043802201748,0.562493731379509,0.6811049050092697,0.0006084548424405,0.3450817881524562,0.9757164353132248,22.298668860999896,0.0002979541955104,,,,,,,,,matched_moment_fusion
12,0.8591251462697983,0.0779972241818904,0.5466739988327026,0.6906184387207032,0.0005673662999106,0.3322379629313945,0.94800217628479,21.99112289599725,0.0002972177239878,,,,,,,,,matched_moment_fusion
13,0.8578882366418839,0.0666379679366946,0.5413881546258926,0.6873269048333168,0.0005840727185568,0.3389345732331276,0.9490846252441406,22.12860952299889,0.0002963694573941,,,,,,,,,matched_moment_fusion
14,0.8396491748094559,0.0572974058240652,0.5267084857821465,0.7056624293327332,0.0004859541675978,0.3329711249470711,0.9302701550722122,21.19816923899998,0.0002954100398908,,,,,,,,,matched_moment_fusion
15,0.8161283886432648,0.0514572763815522,0.5102599665522576,0.6944803968071938,0.0005347218365204,0.3220898114144802,0.9018245494365692,22.44208541700209,0.0002943402000463,,,,,,,,,matched_moment_fusion
16,0.8268281584978103,0.0433783404715359,0.5134482562541962,0.7325637173652649,0.0003854534112906,0.3335957758128643,0.9203196758031844,21.814345243998105,0.0002931607502819,,,,,,,,,matched_moment_fusion
17,0.8069942921400071,0.0402994681335985,0.5003163793683052,0.7142021256685257,0.0002813424544092,0.3221798226237297,0.8939304834604264,22.56960208899909,0.000291872586255,,,,,,,,,matched_moment_fusion
18,0.8425679618120193,0.0439094713144004,0.5231045866012574,0.8143648701906204,0.0001819458524914,0.3574457837641239,0.9727393704652786,22.13713894299872,0.0002904766861795,,,,,,,,0.0537170782894827,matched_moment_fusion
19,0.8233751165866852,0.044913321621716,0.5119904226064682,0.780612228512764,0.0001889969726471,0.3443928903341293,0.9401902115345,22.08982025200021,0.0002889741100822,0.6414923196672123,0.5661873602328209,0.4316556035585719,0.6414923196672123,0.4698991517903451,0.5871706092409055,0.5979171602260308,0.0286811005952768,matched_moment_fusion
20,0.8056185328960419,0.0432014689221978,0.500651723742485,0.7929187798500061,0.0001924874468386,0.3414925868809223,0.9238295438885687,22.2489879249988,0.0002873659989982,,,,,,,,0.0119186293263919,matched_moment_fusion
21,0.8057375794649124,0.0366879760473966,0.4981177595257759,0.7997732281684875,0.0001541951824674,0.3400121159851551,0.9197454267740248,23.4290263490002,0.0002856535741046,,,,,,,,0.008152594519779,matched_moment_fusion
22,0.7670951226353645,0.0352863833215087,0.4743716448545456,0.7795315104722976,0.0001283008693008,0.321982437223196,0.8756993219256402,22.831424623000203,0.0002838381357927,,,,,,,,0.0069283451326191,matched_moment_fusion
23,0.7762344610691071,0.0332801290601491,0.4790527480840683,0.7803302943706513,8.761064058035117e-05,0.3281851087510585,0.8864688616991043,22.65874246599924,0.0002819210626809,,,,,,,,0.0059679847024381,matched_moment_fusion
24,0.7772719568014145,0.0304008883610367,0.4785235479474067,0.7752342611551285,7.780408741382416e-05,0.3309899225831031,0.888093490600586,22.634724871997605,0.0002799038105676,,,,,,,,0.0052635165629908,matched_moment_fusion
25,0.7878468337655068,0.0263692326005548,0.4832558119297027,0.7805304491519928,9.822557307643364e-05,0.3362970480322838,0.8985623806715012,22.42459872000109,0.0002777879113257,,,,,,,,0.0047578381747007,matched_moment_fusion
26,0.7498016679286956,0.0290266552567482,0.461491679996252,0.8004524073004723,5.7202029886411765e-05,0.3204601907730102,0.8628883859515191,22.073136458999212,0.0002755749717393,,,,,,,,0.0044420948647893,matched_moment_fusion
27,0.7772959285974502,0.0275902750296518,0.4774136899411678,0.7997513872385025,9.4162719351516e-05,0.334246838092804,0.8924884134531021,22.82352688699757,0.0002732666722837,,,,,,,,0.0042401884472928,matched_moment_fusion
28,0.7644216859340668,0.0270380589552223,0.4694682557880878,0.7882288280129433,5.0245180709680426e-05,0.3270517187565565,0.8760841765999794,23.243337349002104,0.0002708647658491,,,,,,,,0.0036940494738519,matched_moment_fusion
29,0.7454178184270859,0.0279731799243018,0.4584399828314781,0.824595981836319,5.726610701572099e-05,0.3226140378415584,0.8641723251342773,22.91769003400259,0.0002683710764094,0.6540530641925039,0.5509632054901483,0.3996515305499165,0.6540530641925039,0.4446518205106355,0.5541847317673053,0.5976859532175385,0.0032792330347001,matched_moment_fusion
30,0.7413163131475449,0.027167034659069,0.4556566227972507,0.7863382348418235,8.653967938300866e-05,0.3203223392367363,0.8552134120464325,22.832817793001595,0.0002657874976374,,,,,,,,0.0029815126105677,matched_moment_fusion
31,0.7517414355278015,0.0222013292182236,0.4599254070222378,0.7795345404744148,2.95353341681448e-05,0.3258761140704155,0.8642257875204087,21.751559479998832,0.0002631159914665,,,,,,,,0.0023466797487344,matched_moment_fusion
32,0.767712588608265,0.0240492728026583,0.4702472819387913,0.8156867322325706,5.070222244455636e-05,0.3321312092244625,0.8844176754355431,19.66663917400001,0.0002603585866009,,,,,,,,0.0023398746165912,matched_moment_fusion
33,0.7301567021012306,0.0253218769701197,0.448222790658474,0.7902523043751717,3.801954059952095e-05,0.3179155372083187,0.8456023174524308,19.706666573001712,0.0002575173769752,,,,,,,,0.0021842535561881,matched_moment_fusion
34,0.7297325399518013,0.0251718617463484,0.4479082858562469,0.8139650368690491,6.922388066499252e-05,0.3182846181094646,0.8480310752987862,19.32233601799817,0.000254594520164,,,,,,,,0.0021910105698043,matched_moment_fusion
35,0.7575418436527253,0.0226483924034982,0.4635844837129116,0.7858155038952828,4.860031405023335e-05,0.3305469842255115,0.8730593901872635,19.573954825998957,0.0002515922357438,,,,,,,,0.0017197120055789,matched_moment_fusion
36,0.7339365899562835,0.0231160836038179,0.4496084031462669,0.7944935721158981,3.60008536236478e-05,0.3202454362809658,0.8496492698788642,19.11570772200139,0.0002485128036071,,,,,,,,0.0017213510052533,matched_moment_fusion
37,0.7239557674527168,0.0234345395606942,0.4437472902238369,0.7950039014220238,7.514071091570429e-05,0.3185135143995285,0.8421191143989563,19.72206635999828,0.0002453585622314,,,,,,,,0.0017708139290334,matched_moment_fusion
38,0.7327006411552429,0.0221838650573045,0.4484939485788345,0.7614028590917588,5.401478678010107e-05,0.3220611134171486,0.8470451551675796,19.72447658799865,0.0002421319069034,,,,,,,,0.0017355231009423,matched_moment_fusion
39,0.7187885546684265,0.0214688038034364,0.4398606742918491,0.7702306947112083,6.58337027667244e-05,0.3153047448396682,0.8325228247046471,19.79373507800119,0.0002388352878997,0.7130778263898625,0.6156417428370222,0.4828323092679833,0.7130778263898625,0.5012651004748049,0.632582301646399,0.6608224496118225,0.0016552525837323,matched_moment_fusion
40,0.7123578971624375,0.0236786491633392,0.4368862187862396,0.8184350582957268,3.942310491396484e-05,0.3124912683665752,0.8316385814547539,19.382590138000523,0.0002354712086265,,,,,,,,0.0020780705675133,matched_moment_fusion
41,0.7452702420949936,0.0239390785340219,0.4567377951741218,0.8050976008176803,5.598171505937444e-05,0.3289705400168896,0.8666500443220139,20.213685061000437,0.0002320422237183,,,,,,,,0.0021457238678704,matched_moment_fusion
42,0.7460582381486893,0.0223891884763725,0.4565906342864037,0.8152629569172859,3.692524490660265e-05,0.3288570463657379,0.8673367673158645,19.45739368499926,0.0002285509370981,,,,,,,,0.0018047398451017,matched_moment_fusion
43,0.7382388681173324,0.0219878239161334,0.4517384687066078,0.8044942674040795,6.2280520374145e-05,0.3233401882648468,0.8559041881561279,19.93055882799672,0.000225,,,,,,,,0.0018649176816688,matched_moment_fusion
44,0.7148660144209862,0.0222502470039762,0.4378197214007377,0.8102129915356636,2.5699056675079213e-05,0.3147409395873546,0.8339173138141632,19.07179583099787,0.0002213921089555,,,,,,,,0.0016703403074643,matched_moment_fusion
45,0.7336909678578377,0.0189296710211783,0.4477864663302898,0.8020725655555725,3.478331124199485e-05,0.3214470580220222,0.8497228595614433,20.072435209000105,0.0002177300037466,,,,,,,,0.0014016801166144,matched_moment_fusion
46,0.7378108668327331,0.0200255046039819,0.4506967398524284,0.787280678153038,4.1905337648540095e-05,0.3250569150596857,0.8548494097590447,19.477899339999567,0.0002140164653244,,,,,,,,0.0018279714534583,matched_moment_fusion
47,0.7221330609917641,0.0209398336103186,0.4416557881236076,0.7993041500449181,2.973748680744848e-05,0.3185749287903309,0.8405567529797554,19.71017347000088,0.0002102543136979,,,,,,,,0.0019706896184652,matched_moment_fusion
48,0.7260658746957779,0.0200091126398183,0.4436431913077831,0.8120149943232536,2.705889799106132e-05,0.3181713557243347,0.8434000355005264,19.614829084999656,0.0002064464057921,,,,,,,,0.001913175488662,matched_moment_fusion
49,0.6976073563098908,0.0206808188790455,0.426836756914854,0.7921008822321892,2.243337957376301e-05,0.3087120128422975,0.8151197838783264,19.639326800999697,0.0002025956332789,0.6733198103273308,0.579786509657398,0.440715561075622,0.6733198103273308,0.4859431690828368,0.5800965495620264,0.6219993952011801,0.0017990373184875,matched_moment_fusion
50,0.7039301790297031,0.0191617244854569,0.4300228169560432,0.7785461303591729,2.7651637081591573e-05,0.3100014255195856,0.818215121626854,19.955024093000247,0.0001987049203807,,,,,,,,0.0016743931419841,matched_moment_fusion
51,0.6971048238873482,0.0172014213330112,0.4251434797048569,0.8144566050171852,1.828687674245544e-05,0.3068109354376793,0.8136760908365249,18.89058779900006,0.0001947772216502,,,,,,,,0.0013754938696001,matched_moment_fusion
52,0.7198942099511624,0.02026751605561,0.4400435511767864,0.8252137005329132,2.6960076724998892e-05,0.3177470994740725,0.8406541720032692,20.00335477399858,0.0001908155197268,,,,,,,,0.0017040295801052,matched_moment_fusion
53,0.7204191924631596,0.0195210202317684,0.4400599388778209,0.7701670333743096,3.427211142742692e-05,0.3186736033856869,0.8361125922203064,19.63146730799781,0.0001868228230711,,,,,,,,0.0018031542957396,matched_moment_fusion
54,0.7040224321186542,0.0188109402009286,0.4299378530681133,0.7873525616526603,2.489710577770088e-05,0.3113676130026579,0.8203744080662727,20.148151943998528,0.0001828021636809,,,,,,,,0.0016621974197187,matched_moment_fusion
55,0.7378332042694091,0.0205188121879473,0.4509074671566486,0.7919138592481613,4.91742181761623e-05,0.3271087099611759,0.8576436066627502,19.32345982499828,0.0001787565947885,,,,,,,,0.0021679301454423,matched_moment_fusion
56,0.7310998994112015,0.0191970915463753,0.4463387951254844,0.8211470055580139,2.657352551533876e-05,0.3234083330631256,0.8522086188197135,19.914833114999052,0.0001746891885421,,,,,,,,0.0017273212108193,matched_moment_fusion
57,0.7419162818789482,0.0159359978651627,0.4515241840481758,0.78280552059412,2.177265407773632e-05,0.3278389386832714,0.8579474768042564,19.096183372999803,0.0001706030336727,,,,,,,,0.0015135860565351,matched_moment_fusion
58,0.679304127395153,0.0194612630386836,0.4153669993579387,0.7877351593971252,2.828717037999695e-05,0.2996310745179653,0.7941551798582077,19.60307148799984,0.0001665012331491,,,,,,,,0.0019108738569411,matched_moment_fusion
59,0.6937378770112992,0.0190222554747015,0.4238516433537006,0.7441620635986328,6.596474270637032e-05,0.3079466941207647,0.8066603001952172,19.91647071999978,0.0001623869018208,0.7257618996104319,0.6275595582999673,0.4898775130642545,0.7257618996104319,0.5192204960810765,0.6376962792083939,0.6727127585626748,0.0022122890190439,matched_moment_fusion
60,0.6783786723017693,0.018717069895938,0.414514048397541,0.787004075050354,2.6927653058126387e-05,0.301431278437376,0.7950356844067573,18.99838821800222,0.0001582631640533,,,,,,,,0.0019429822168422,matched_moment_fusion
61,0.7133538037538528,0.0156608017999678,0.4342766214907169,0.7546798121929169,1.6387947225773303e-05,0.3161266294121742,0.8261751899123192,19.7819077690001,0.0001541331513552,,,,,,,,0.0015156797978124,matched_moment_fusion
62,0.6999030089378357,0.0168410068639786,0.4266782268881798,0.7729022377729415,2.579962278543846e-05,0.3077914369106292,0.8121180593967438,19.803352046998043,0.00015,,,,,,,,0.0017844208634232,matched_moment_fusion
63,0.712695914208889,0.0179148916574195,0.4347835233807564,0.8036209273338318,2.763078486023307e-05,0.3147317405045032,0.830222293138504,18.973568166002224,0.0001458668486447,,,,,,,,0.0017177771313617,matched_moment_fusion
64,0.6805841720104218,0.0184222150570712,0.415719404220581,0.7750506508350372,1.9112142356081387e-05,0.3019145217537879,0.7955032339692116,19.10896560800029,0.0001417368359466,,,,,,,,0.0018164574175716,matched_moment_fusion
65,0.6816710743308068,0.0171307717449963,0.4158549703657627,0.7722018072009087,2.6657362826938425e-05,0.3009621587395668,0.7943576094508171,19.14751201400213,0.0001376130981791,,,,,,,,0.0015948280318298,matched_moment_fusion
66,0.7423119163513183,0.0169133599265478,0.4521525107324123,0.7863804033398628,3.2372988609870035e-05,0.3297033548355103,0.8608599326014519,18.90060840000297,0.0001334987668508,,,,,,,,0.0018220184906022,matched_moment_fusion
67,0.696238957643509,0.017996784504503,0.4249421036243438,0.7923091635107994,1.6920823221440174e-05,0.3062214629352093,0.8107152804732323,19.64238622099947,0.0001293969663272,,,,,,,,0.001599737771703,matched_moment_fusion
68,0.7123413090407849,0.0179284632997587,0.4345761881768703,0.7830833554267883,1.9852421809787303e-05,0.316039467677474,0.8292616710066796,19.71605474199896,0.0001253108114578,,,,,,,,0.0016834540011313,matched_moment_fusion
69,0.7228384801745414,0.0144423055951483,0.43948002576828,0.7782018083333969,1.6724583744682774e-05,0.3188536448776722,0.836405942440033,19.161090551999223,0.0001212434052114,0.7270065563314799,0.6249784512420162,0.4831675272180817,0.7270065563314799,0.5218826377285047,0.6260461596660641,0.672014221893301,0.0012562684121076,matched_moment_fusion
70,0.683933542072773,0.0166833718121051,0.4170334923267365,0.7919208312034607,1.4189058967710722e-05,0.3021923969686031,0.7987409088015557,18.97059134799929,0.000117197836319,,,,,,,,0.0016111333863409,matched_moment_fusion
71,0.7002841258049011,0.0165918856160715,0.4268072451651096,0.7635773584246636,2.036039059895245e-05,0.3085025838017464,0.8120311218500137,19.443803401998597,0.0001131771769288,,,,,,,,0.0018127062308258,matched_moment_fusion
72,0.7033785757422447,0.0192289652279578,0.4297187498211861,0.75727863073349,2.641791236960955e-05,0.3135334911942482,0.8194444102048873,19.965572811997845,0.0001091844802731,,,,,,,,0.0023148881029919,matched_moment_fusion
73,0.7218414524197578,0.0201298910728655,0.4411568465828895,0.7944001692533493,4.069566422060688e-05,0.3207122686505317,0.8418927159905434,19.37446265000108,0.0001052227783497,,,,,,,,0.002907752691899,matched_moment_fusion
74,0.7274759832024574,0.0206397215323522,0.4447414940595627,0.8024457204341888,2.944388230090133e-05,0.3219163383543491,0.8474625587463379,19.656444839998585,0.0001012950796192,,,,,,,,0.002793401584804,matched_moment_fusion
75,0.7173739700019359,0.0211004370567388,0.4388645762950182,0.8304811471700668,3.713933989544671e-05,0.3197733554989099,0.8421937754750252,19.01451684800122,9.740436672108684e-05,,,,,,,,0.0025293018722913,matched_moment_fusion
76,0.7166028794646263,0.0188577870465815,0.437504858970642,0.7951207417249679,1.9055510006680262e-05,0.3179770320653915,0.8354629847407341,19.77799666500141,9.355359420782469e-05,,,,,,,,0.0023403257584868,matched_moment_fusion
77,0.7362566250562668,0.019911673173774,0.4497186616063118,0.8062375730276108,4.2875133845221566e-05,0.3280293932557106,0.8589096605777741,19.438600764999137,8.97456863020546e-05,,,,,,,,0.0026784859961298,matched_moment_fusion
78,0.7145409460365773,0.0193996529327705,0.4364844481647014,0.7986111229658127,2.9133012213833352e-05,0.3173959989845752,0.8342369827628136,19.74070214599851,8.598353467553945e-05,,,,,,,,0.0024698070060367,matched_moment_fusion
79,0.705483121573925,0.0215289230598136,0.4319014593958855,0.7991331830620766,3.293204591514609e-05,0.3118933782726526,0.8243134623765945,19.626562256002217,8.226999625336662e-05,0.7238363182995733,0.6301487666211802,0.501909348712616,0.7238363182995733,0.5109714189704925,0.655638562593475,0.6735373558373596,0.0030183162315006,matched_moment_fusion
80,0.7218260604143143,0.018892180067487,0.440652527809143,0.8482252156734467,2.9703407017436238e-05,0.3212248612940311,0.8471335211396217,19.4861478999992,7.860789104443896e-05,,,,,,,,0.0021605976151477,matched_moment_fusion
81,0.7036275699734688,0.0182528309221379,0.4294776928424835,0.7889166969060898,3.2528853911841794e-05,0.3137414889037609,0.8225903716683388,19.53485793499931,7.500000000000002e-05,,,,,,,,0.0023894638364754,matched_moment_fusion
82,0.7124499517679215,0.0199935813108459,0.4354674217104912,0.8134344774484634,2.756027136989303e-05,0.3175082962214947,0.8348517006635666,19.464509161000024,7.144906290181832e-05,,,,,,,,0.0026557798400608,matched_moment_fusion
83,0.7280923318862915,0.0195010766433551,0.4446558487415313,0.7925119313597679,3.2553426352635025e-05,0.3238881660997867,0.8483159250020981,19.897080770002503,6.795777628163599e-05,,,,,,,,0.0025954655090754,matched_moment_fusion
84,0.7234739735722542,0.0197427846479695,0.4419815121591091,0.8063901662826538,3.1688536315890304e-05,0.321662910580635,0.8447860318422318,19.69102149600076,6.452879137346007e-05,,,,,,,,0.0025050333488979,matched_moment_fusion
85,0.7154872174561023,0.0202014985901769,0.4373729500174522,0.8316495710611344,2.9143226245196275e-05,0.318103169798851,0.839136174917221,20.019343812000443,6.1164712100253e-05,,,,,,,,0.0024681905611214,matched_moment_fusion
86,0.6933625592291355,0.0187142567755654,0.4235032531619072,0.8049084198474884,3.443363766336916e-05,0.3076140531897545,0.8120510083436966,19.845275637999293,5.786809309654982e-05,,,,,,,,0.00220568334993,matched_moment_fusion
87,0.7148520520329475,0.0193356912385206,0.4366455233097076,0.7796784833073616,4.141564163774092e-05,0.3185607728362083,0.8336797001957893,19.838452349998988,5.464143776850482e-05,,,,,,,,0.0025174223277099,matched_moment_fusion
88,0.7104777544736862,0.0182190250279381,0.4335742808878421,0.8000899410247803,3.9309309623263286e-05,0.315917749851942,0.8299463856220245,19.815055836999814,5.148719639283984e-05,,,,,,,,0.0022169349653086,matched_moment_fusion
89,0.6934449726343155,0.0187747847940772,0.4235769157111644,0.7907311630249023,3.508933183361762e-05,0.3085263234376907,0.8116682621836663,19.623285180001403,4.840776425613886e-05,0.7141640099971885,0.6328751274427801,0.512614892680566,0.7141640099971885,0.5174587749026176,0.6670025974285337,0.6696224334992038,0.0024507213179458,matched_moment_fusion
90,0.6904976570606232,0.0171436038939282,0.4211560520529747,0.7951675608754158,2.8419824437833086e-05,0.3049761044979096,0.8060376527905464,20.066539346000354,4.5405479835900685e-05,,,,,,,,0.0019365599257434,matched_moment_fusion
91,0.7139810037612915,0.0183257847302593,0.4357189314067364,0.7829277366399765,5.213924930728808e-05,0.3170449338108301,0.8315143877267838,18.9972573979976,4.2482623024732334e-05,,,,,,,,0.0022757116669299,matched_moment_fusion
92,0.7154069542884827,0.0182748740387614,0.4365541388094425,0.787807910144329,3.242550926756849e-05,0.3187439632415771,0.8345497739315033,19.520122114001424,3.964141339903026e-05,,,,,,,,0.0023462808542626,matched_moment_fusion
93,0.702450267970562,0.0162915002694353,0.4279867808520794,0.8033182770013809,2.3619491040562936e-05,0.3107851487398148,0.8195088919997215,20.20541891299945,3.6884008533465575e-05,,,,,,,,0.0020197587562142,matched_moment_fusion
94,0.6764422100782395,0.0175302964943693,0.4128774614632129,0.7870115002989769,2.269817178500944e-05,0.2993782353401184,0.7913811063766479,19.387025854000967,3.4212502362551864e-05,,,,,,,,0.0021155845614885,matched_moment_fusion
95,0.7196486383676529,0.0168384229252114,0.4385245709121227,0.7765137422084808,3.540288793544733e-05,0.3206247165799141,0.8372161772847175,19.556254125000123,3.162892359054098e-05,,,,,,,,0.0020687190024364,matched_moment_fusion
96,0.6884978905320167,0.0185087744821794,0.4205022589117289,0.8019339084625244,3.1203904885330755e-05,0.3054306005686522,0.806584355533123,19.82698808400164,2.913523415085328e-05,,,,,,,,0.0022827192860859,matched_moment_fusion
97,0.710789205133915,0.0164831063663586,0.4330667838454246,0.8180183726549148,2.909316806608331e-05,0.3151385706663132,0.8304357489943505,19.77453362400047,2.673332771621324e-05,,,,,,,,0.0021355364840383,matched_moment_fusion
98,0.6954783001542091,0.0156849402072839,0.4235609732568264,0.7612565246224403,2.5527516195111843e-05,0.30764542683959,0.8076742756366729,19.87994273699951,2.4425028260620715e-05,,,,,,,,0.0017047399185685,matched_moment_fusion
99,0.7339330080151558,0.016026349607855,0.4467703592777252,0.8034422227740288,3.77570976853292e-05,0.3273626087605953,0.854904158115387,19.42043580799873,2.221208867425096e-05,0.7204596005846184,0.6316196110694215,0.509403290424081,0.7204596005846184,0.5220724085563101,0.6523268240673357,0.6727019727140056,0.0021253612182181,matched_moment_fusion
100,0.7153647768497468,0.0169874160340987,0.4360138495266437,0.7586297374963761,4.36172516009492e-05,0.3181223219633102,0.8304279536008835,19.42387939999753,2.009618943233419e-05,,,,,,,,0.0021331356642258,matched_moment_fusion
101,0.701686135828495,0.0169674013322219,0.4277986595034599,0.7966635030508041,3.80983175320182e-05,0.3102845828235149,0.8181693977117539,19.843638196001848,1.807893731902665e-05,,,,,,,,0.0020894936257263,matched_moment_fusion
102,0.6952070899307727,0.0168946243263781,0.4238821230828762,0.7741562861204148,3.4530963821453044e-05,0.3082930175960064,0.8100143891572952,18.96578908499941,1.616186420724089e-05,,,,,,,,0.0021094813970194,matched_moment_fusion
103,0.7272179934382439,0.0186848874343559,0.4438047665357589,0.8250193935632706,3.959938662347895e-05,0.3236881022155284,0.8504940202832222,20.09071653399951,1.4346425895363384e-05,,,,,,,,0.002486153319769,matched_moment_fusion
104,0.7225777888298035,0.0166504186578094,0.4402068603038788,0.7666639313101768,2.92374037778842e-05,0.3207961791753769,0.8380792504549026,19.14810270700036,1.2634001001741372e-05,,,,,,,,0.0020417616332088,matched_moment_fusion
105,0.6926987981796264,0.017691324991174,0.4226958242058753,0.8002303317189217,2.9836482201162084e-05,0.3074663439393043,0.8106256929039956,19.49113214299723,1.1025889917779737e-05,,,,,,,,0.002194978482039,matched_moment_fusion
106,0.7088675788044929,0.0169289213977754,0.4320921312272548,0.7644351971149445,3.26632681461092e-05,0.3151513656973839,0.8241359540820121,19.480614597996464,9.523313820441804e-06,,,,,,,,0.0022364928985916,matched_moment_fusion
107,0.7119228713214397,0.0171936174080474,0.4340311855077743,0.7875310570001602,3.400465121373486e-05,0.3166205325722694,0.8298469150066375,19.630388564000896,8.127413744904804e-06,,,,,,,,0.0022019424994493,matched_moment_fusion
108,0.7072864776849747,0.0157562828017398,0.4306744156777858,0.7727987152338028,2.9796165339917024e-05,0.3152937874197959,0.8236000552773476,19.689510717998928,6.839249718073875e-06,,,,,,,,0.0017524606154256,matched_moment_fusion
109,0.7175799661874771,0.0150784588803071,0.4365793810784816,0.7595924434065818,2.9611511695808445e-05,0.3187499515712261,0.8316211074590683,19.3363723140028,5.659799953612438e-06,0.7305161861843184,0.6469444388791319,0.5277031145152838,0.7305161861843184,0.5346331090830592,0.675684021370018,0.6851633548258589,0.0016552419026743,matched_moment_fusion
110,0.6931403109431267,0.015484168943949,0.4220778727531433,0.7613513937592506,3.518833539786215e-05,0.3080520957708358,0.8066164672374725,20.241024188002484,4.589960109100444e-06,,,,,,,,0.0017480310396922,matched_moment_fusion
111,0.7262620091438293,0.0144109034980647,0.4415215846896171,0.7751803487539292,2.403758614171636e-05,0.3216450646519661,0.8410238867998123,19.949539119999827,3.630542605884657e-06,,,,,,,,0.0016900106290336,matched_moment_fusion
112,0.7126399439573288,0.0150966072408482,0.433622627556324,0.7552956169843674,2.782714093047645e-05,0.3150813926756381,0.8246137288212776,19.86162011800116,2.7822760121373187e-06,,,,,,,,0.0018937594926455,matched_moment_fusion
113,0.6820998004078865,0.0158183564082719,0.4155872374773025,0.7573288285732269,3.0178221882124488e-05,0.3030690151453018,0.7947500157356262,20.28475369700027,2.0458044895916517e-06,,,,,,,,0.0017968333281123,matched_moment_fusion
114,0.6913594707846642,0.0153567339316941,0.4209583938121796,0.7529905325174332,2.7724421674548693e-05,0.306773025393486,0.8033948409557342,19.550058870998328,1.4216873043745137e-06,,,,,,,,0.001814944925984,matched_moment_fusion
115,0.678954313993454,0.0140408236789517,0.4129889334738255,0.7454755982756615,2.804652553265896e-05,0.30169173784554,0.7895330366492271,18.942374735001067,9.103984023075772e-07,,,,,,,,0.0015169741317583,matched_moment_fusion
116,0.697704765945673,0.0150188255286775,0.4246304085105657,0.7659820461273193,2.309208545661079e-05,0.3086210006475449,0.8101782304048538,19.784793792998244,5.123260489995229e-07,,,,,,,,0.0016373052749804,matched_moment_fusion
117,0.6925452981889247,0.0158947677561081,0.4218851022422313,0.8033286708593369,2.391430602528999e-05,0.3089609134197235,0.8115278211236,19.96168226000009,2.2777253500257386e-07,,,,,,,,0.0017386992311389,matched_moment_fusion
118,0.6574726544320584,0.01579431863036,0.4008013318479061,0.785785653591156,3.216144341934069e-05,0.2908174603432417,0.7705284181237221,20.29428628200185,5.695394625728767e-08,,,,,,,,0.0016472544836574,matched_moment_fusion
119,0.6957406631112099,0.0149300875922199,0.4234164491295814,0.7514336010813714,2.3692686098684132e-05,0.3075110030174255,0.8064021208882332,20.095824801999697,0.0,0.729394223822123,0.6460628287478865,0.525371776181104,0.729394223822123,0.5335983758578546,0.6751958865636812,0.6839925605357501,0.0016506100431348,matched_moment_fusion
