epoch,dice,bce,seg,boundary,nested,deep_supervision,total,epoch_seconds,lr,val_full_macro_dice,val_mean_subset_macro_dice,val_worst_subset_macro_dice,val_macro_dice::t1+t1ce+t2+flair,val_macro_dice::t1+t2+flair,val_macro_dice::t1+t1ce+t2,selection_score,consistency,model
0,0.97190764605999,0.6428316527605057,0.8402772796154022,0.7162971419095993,0.0887492875754833,0.6009815907478333,1.5173260474205017,30.52298173600002,5.1e-05,,,,,,,,,qmmf
1,0.9623207080364228,0.402701672911644,0.7384731239080429,0.6872733277082443,0.0319831142947077,0.4923953294754028,1.3011949372291565,27.36644734200001,0.0001009999999999,,,,,,,,,qmmf
2,0.9490121817588806,0.3233406257629394,0.698743587732315,0.6929366463422775,0.0421917359903454,0.4652643018960953,1.2354111397266387,26.204014691,0.0001509999999999,,,,,,,,,qmmf
3,0.9494999766349792,0.2794627329707145,0.6814851045608521,0.6956310844421387,0.071912037692964,0.4492887634038925,1.2039325833320618,25.428999771000008,0.0002009999999999,,,,,,,,,qmmf
4,0.9399856227636336,0.241015982478857,0.6603977900743484,0.7104585778713226,0.0730979827046394,0.4288296857476234,1.1639282345771789,25.17178051199994,0.000251,,,,,,,,,qmmf
5,0.9228689378499983,0.2059779603779316,0.636112574338913,0.7048304289579391,0.0622969135642051,0.4046898365020752,1.1144002932310104,23.877455275999974,0.0003,,,,,,,,,qmmf
6,0.9206108754873276,0.1675096887350082,0.6193704217672348,0.7076934599876403,0.0546312794461846,0.3919280996918678,1.0847994339466096,24.122173815999982,0.0002999430460537,,,,,,,,,qmmf
7,0.911734089255333,0.1388630267977714,0.6025856882333755,0.7049810141324997,0.0472245649248361,0.380578843653202,1.0560238593816758,23.925213557000006,0.0002997722274649,,,,,,,,,qmmf
8,0.8888469797372818,0.1190858729928732,0.5809425637125969,0.722801405787468,0.0417603194341063,0.3643529649078846,1.0196636784076691,23.68486867000001,0.000299487673951,,,,,,,,,qmmf
9,0.8822266322374344,0.1006618472933769,0.5696007379889488,0.7309667593240738,0.0376145309954881,0.3617678575217724,1.006345997452736,23.56313269500004,0.0002990896015976,0.3551978668903968,0.3431684710587285,0.3132726389913227,0.3551978668903968,0.3400166374896433,0.3342909087961452,0.3473965253509889,,qmmf
10,0.8681061446666718,0.0850184547156095,0.5548710864782334,0.7048779678344727,0.0333719551563262,0.3529428574442863,0.979970343708992,23.388065980999954,0.0002985783126956,,,,,,,,,qmmf
11,0.8421554124355316,0.0728607887402176,0.5344375839829445,0.7241549748182297,0.0292724165692925,0.3395805869996547,0.9478972858190536,23.50786180799992,0.0002979541955104,,,,,,,,,qmmf
12,0.837834684252739,0.0618483972549438,0.5274401915073395,0.7189192873239517,0.0262013342045247,0.3367686022818088,0.9374107891321182,23.892417557000044,0.0002972177239878,,,,,,,,,qmmf
13,0.8217910504341126,0.0557766784727573,0.5153853243589401,0.7200037050247192,0.0223390302993357,0.3320999489724636,0.9206025910377502,23.87211637500002,0.0002963694573941,,,,,,,,,qmmf
14,0.8404182177782059,0.0465272863581776,0.5228618651628494,0.720375561118126,0.0198073566332459,0.3445262962579727,0.9404160821437836,24.067889336000007,0.0002954100398908,,,,,,,,,qmmf
15,0.8156758362054825,0.0454799354076385,0.5075974932312965,0.7367120516300202,0.0170755882188677,0.3384346583485603,0.9205571419000624,23.45948909399999,0.0002943402000463,,,,,,,,,qmmf
16,0.795613169670105,0.037849392555654,0.4925076749920845,0.7447493863105774,0.0142178627196699,0.3235871125757694,0.8912806165218353,24.708482204000006,0.0002931607502819,,,,,,,,,qmmf
17,0.7881220716238022,0.0365353009849786,0.4874873828887939,0.7451085132360459,0.0118648171890527,0.3246981827914715,0.8872896564006806,23.462930049999954,0.000291872586255,,,,,,,,,qmmf
18,0.8284585273265839,0.0442866076342761,0.5147897818684578,0.8196897679567337,0.0101972280908375,0.3546688516438007,0.9534296381473542,25.01305229799982,0.0002904766861795,,,,,,,,0.0074608101230114,qmmf
19,0.8067829644680024,0.0370157220773398,0.498876087963581,0.8006791245937347,0.0085215069260448,0.341411097496748,0.922125678062439,22.023961234999888,0.0002889741100822,0.6058384602444172,0.5314151221405973,0.4160983580435549,0.6058384602444172,0.4662659144673333,0.5221409917100407,0.564537448593185,0.006722509083338,qmmf
20,0.7820053309202194,0.0350609704107046,0.4832276082038879,0.7896181875467301,0.0073149531614035,0.3320020481944084,0.8957614755630493,24.38881989299989,0.0002873659989982,,,,,,,,0.0060212447308003,qmmf
21,0.7887169918417931,0.0325641857273876,0.4862558889389038,0.7987342762947083,0.0059885174036026,0.3350567445158958,0.9025895750522612,24.369702755999924,0.0002856535741046,,,,,,,,0.0055204076645895,qmmf
22,0.7845582911372184,0.0347620792966336,0.4846398231387138,0.8075150835514069,0.0051050670631229,0.3368687354028225,0.90363603413105,24.89020136599993,0.0002838381357927,,,,,,,,0.0056035614409483,qmmf
23,0.7692506241798401,0.0310349872242659,0.4739643874764442,0.8197320932149887,0.0043690397683531,0.3289127206802368,0.8860039818286896,24.49801546399999,0.0002819210626809,,,,,,,,0.0046760737872682,qmmf
24,0.7838524115085602,0.0277788676321506,0.4814230141043663,0.8109389734268189,0.0038271692814305,0.3375555661320686,0.9010987734794615,24.082400472000018,0.0002799038105676,,,,,,,,0.0041746584093198,qmmf
25,0.775083826482296,0.0328958710096776,0.4782086640596389,0.8011078971624375,0.0031243151123635,0.3357622855901718,0.8951203954219819,24.53757928999994,0.0002777879113257,,,,,,,,0.0044122309680096,qmmf
26,0.7604000830650329,0.027141970959492,0.4670968547463417,0.8039452597498894,0.0028075420903041,0.3244306820631027,0.8727721655368805,24.543774149,0.0002755749717393,,,,,,,,0.0035485901660285,qmmf
27,0.763668726682663,0.02773691364564,0.4692960184812546,0.8271678107976913,0.0024383047304581,0.3300347718596458,0.8827486610412598,25.29094199999986,0.0002732666722837,,,,,,,,0.0028958520037122,qmmf
28,0.7639455598592758,0.0251212743436917,0.4684158661961555,0.8061016523838043,0.0020601273351348,0.3315049317479133,0.8811923512816429,22.69809516400005,0.0002708647658491,,,,,,,,0.0027919273404404,qmmf
29,0.7551267701387405,0.023766411775723,0.4625826467573642,0.805547109246254,0.00190259436029,0.3273684960603714,0.8710426586866379,22.98202239400007,0.0002683710764094,0.6901717805631562,0.6038404288498535,0.4785782402086218,0.6901717805631562,0.5034962655311755,0.6178532404552285,0.6431130210137119,0.0022083462192676,qmmf
30,0.7568215072154999,0.0235802368354052,0.4635250216722488,0.81681993663311,0.0016030528955161,0.3280277940630913,0.873735580444336,23.98174412699996,0.0002657874976374,,,,,,,,0.0021030891453847,qmmf
31,0.746458101272583,0.0270156839676201,0.458681154847145,0.8276070243120194,0.0014712816546671,0.3267327810823917,0.868724148273468,24.386514669000007,0.0002631159914665,,,,,,,,0.0023797463334631,qmmf
32,0.7510168904066086,0.0248892411962151,0.4605658480525016,0.8084741082787513,0.0012559470336418,0.3280425764620304,0.8699392622709274,24.30948458099988,0.0002603585866009,,,,,,,,0.0021031473169568,qmmf
33,0.7501142543554306,0.0224679336557164,0.4590557457506656,0.7984055870771408,0.001087835173239,0.3256847272068262,0.8649936392903328,24.369352646000152,0.0002575173769752,,,,,,,,0.0017910762812243,qmmf
34,0.7088188025355339,0.0253039051545783,0.4354128605127335,0.787285917699337,0.0009447492560138,0.3101959474384784,0.8247619053721428,24.33001179100006,0.000254594520164,,,,,,,,0.001886366076651,qmmf
35,0.7593120476603508,0.0219362850999459,0.4643617594242096,0.8227232983708381,0.0007768891652813,0.3319764697551727,0.8789587211608887,25.811378952999803,0.0002515922357438,,,,,,,,0.001546576685796,qmmf
36,0.7199385476112365,0.0207370453001931,0.4402579659223556,0.7883671593666076,0.0006860818259883,0.316419329047203,0.8357955548167229,24.504582648000223,0.0002485128036071,,,,,,,,0.0012362203514203,qmmf
37,0.723280083835125,0.0234674010891467,0.4433550271391868,0.7998127794265747,0.0005791906444937,0.318546315357089,0.842237922847271,23.70243055600008,0.0002453585622314,,,,,,,,0.0016316739673493,qmmf
38,0.7543782684206962,0.0194636279251426,0.4604124310612678,0.7820185959339142,0.0005508538390859,0.3315171921253204,0.8704247343540191,22.454904938000027,0.0002421319069034,,,,,,,,0.0013285531269502,qmmf
39,0.7201792898774148,0.0210026099532842,0.4405086362361908,0.8336697244644165,0.0005051953284419,0.3170912743359804,0.8412431854009629,24.40513604200009,0.0002388352878997,0.684862525141412,0.58545869116404,0.4385083508598615,0.684862525141412,0.4771436126512098,0.5943699356994981,0.6304059575200454,0.0012551948982581,qmmf
40,0.7381273359060287,0.0219237664621323,0.4516459266841411,0.8105722564458847,0.0004004344725399,0.3228255487978458,0.8558870083093644,25.99726408000015,0.0002354712086265,,,,,,,,0.0016914386043208,qmmf
41,0.7535067251324654,0.0200604421412572,0.4601282297074794,0.8363762801885605,0.0003769532311707,0.3320555202662945,0.8761053702235222,25.091132465999863,0.0002320422237183,,,,,,,,0.0013256934308446,qmmf
42,0.732684856057167,0.0214771460718475,0.4482017889618873,0.8018198072910309,0.000375812073471,0.3235252621769905,0.8523283064365387,26.19533868999997,0.0002285509370981,,,,,,,,0.0020024031333741,qmmf
43,0.7141556251049042,0.0192369208019226,0.4361881627142429,0.7813512605428695,0.0003799328400054,0.3147527353465557,0.8293483093380928,24.7260240170001,0.000225,,,,,,,,0.0012664240661251,qmmf
44,0.7298200345039367,0.0198154589172918,0.4458182224631309,0.7906439244747162,0.0002983305261295,0.3208395759761333,0.8460156828165054,25.614317825999933,0.0002213921089555,,,,,,,,0.0013928570089046,qmmf
45,0.7222300609946251,0.0201216686936095,0.4413867238163948,0.8010961070656777,0.0003096429652941,0.3183922484517097,0.840198022723198,24.936605138999997,0.0002177300037466,,,,,,,,0.0014697658848308,qmmf
46,0.7317158533632755,0.0193624431081116,0.4467745064198971,0.7892457893490792,0.000239326111623,0.3232667243480682,0.8493133097887039,23.476182164999955,0.0002140164653244,,,,,,,,0.0016776717532775,qmmf
47,0.696643246114254,0.0194473857292905,0.4257649184763432,0.786953507065773,0.0002516318188281,0.3071585084497928,0.8118842399120331,22.877078867000364,0.0002102543136979,,,,,,,,0.0012643858841329,qmmf
48,0.7095925551652909,0.0192933077877387,0.4334728708863258,0.8014045932888985,0.0002164852224814,0.314339015930891,0.8282464185357094,23.441522076000183,0.0002064464057921,,,,,,,,0.0014162781272898,qmmf
49,0.692098641693592,0.016896255693864,0.4220177067816257,0.7508678194880486,0.0001761547943897,0.3050867483019829,0.8024083814024925,22.842011947000174,0.0002025956332789,0.6582474538189729,0.5786743447707564,0.4590534987136629,0.6582474538189729,0.4954685843052918,0.582306996188004,0.6144561255939769,0.0010416827863809,qmmf
50,0.7220843809843064,0.0202462040865793,0.4413491263985634,0.7857927107810974,0.000158978945401,0.3202487128973007,0.8405368757247925,25.60266119500011,0.0001987049203807,,,,,,,,0.0017590907108024,qmmf
51,0.7018924391269684,0.0188548796158283,0.4286774335801601,0.7684338757395744,0.0001398608244198,0.3112470141053199,0.8170964542031288,25.22509495199984,0.0001947772216502,,,,,,,,0.0016081208076502,qmmf
52,0.7300309717655182,0.0205223588272929,0.4462275457382202,0.8061335870623588,0.0001434502923802,0.3251283274590969,0.8523533865809441,24.37649435100002,0.0001908155197268,,,,,,,,0.0018848784978035,qmmf
53,0.709547245502472,0.0186817616363987,0.4332010695338249,0.8259315580129624,0.0001507681272778,0.3129432561993599,0.8290710189938545,26.61999321500025,0.0001868228230711,,,,,,,,0.0016300090242657,qmmf
54,0.7034034034609795,0.0194546083547174,0.4298239009082317,0.7984722989797592,0.0001427598264854,0.311056220754981,0.8210539501905442,24.67936569199992,0.0001828021636809,,,,,,,,0.001597320152905,qmmf
55,0.6966917781531811,0.0192948222067207,0.4257330131530761,0.7831349384784698,0.0001281120261774,0.3080053636431694,0.8124111971259117,23.030150578000303,0.0001787565947885,,,,,,,,0.001764604479722,qmmf
56,0.6911885386705399,0.0178885342832654,0.4218685527890921,0.7717501950263977,0.0001274728563294,0.3063662491738796,0.8056743912398815,22.09013526600029,0.0001746891885421,,,,,,,,0.001290978170582,qmmf
57,0.6834203960001468,0.019198208565358,0.4177315378189087,0.8187269878387451,9.772156612598335e-05,0.302304180637002,0.8022614711523056,22.88874304000001,0.0001706030336727,,,,,,,,0.001740858679077,qmmf
58,0.7180627244710922,0.0183378010708838,0.4381727710366249,0.7775171172618865,0.000118118901264,0.3178640048205852,0.8340968611836433,22.16556602699984,0.0001665012331491,,,,,,,,0.0015123245432914,qmmf
59,0.7299411135911942,0.0147235353570431,0.4438540990650654,0.7821755591034889,0.0001020767637965,0.3225812943279743,0.8448834410309791,24.499515138999868,0.0001623869018208,0.7025820521090486,0.6091205862590303,0.4733420113068189,0.7025820521090486,0.507418564785375,0.6173611418826672,0.6516196082738202,0.0011269492675273,qmmf
60,0.6941007149219512,0.0148450620169751,0.4223984688520431,0.7452265849709511,9.45594241056824e-05,0.3057528147101402,0.8029211238026619,26.657546078,0.0001582631640533,,,,,,,,0.0012122755753262,qmmf
61,0.7154500029981137,0.0163573335506953,0.435812952965498,0.770947530567646,7.76364529338025e-05,0.3169307234510779,0.8301634414494038,25.01795796900024,0.0001541331513552,,,,,,,,0.0016056464728535,qmmf
62,0.6918785250186921,0.0181134446989744,0.4223725099861621,0.7779301255941391,9.378745500725926e-05,0.3075477576255798,0.8080436336994171,25.851093569000117,0.00015,,,,,,,,0.0016283103369642,qmmf
63,0.7046055500209332,0.0155350170377641,0.4289773531258106,0.7496906062960624,8.891417486665887e-05,0.312668065726757,0.8168578001856804,25.93880858300008,0.0001458668486447,,,,,,,,0.0011943569883806,qmmf
64,0.7253258782625198,0.0155124532955233,0.4414005291461944,0.7875048696994782,8.012327722099143e-05,0.3208704723417759,0.8413124307990074,24.274308115999705,0.0001417368359466,,,,,,,,0.0014346594836024,qmmf
65,0.6948321256041526,0.0167918859398923,0.4236160473525524,0.7872291433811188,8.31865327199921e-05,0.3084554134309292,0.8110752785205841,23.672130771999942,0.0001376130981791,,,,,,,,0.0013837208141376,qmmf
66,0.7030539804697037,0.0163321142387576,0.4283652506768703,0.7631098744273186,8.038003034016583e-05,0.3133394186198711,0.8183345267176628,24.529558322999947,0.0001334987668508,,,,,,,,0.0015742399851296,qmmf
67,0.709674888253212,0.0168411384196951,0.4325414043664932,0.7785452803969384,7.775254502121243e-05,0.3133331330120563,0.8240753185749053,22.91143971599968,0.0001293969663272,,,,,,,,0.0017118020607449,qmmf
68,0.7127997079491615,0.014803659095196,0.4336013062298298,0.7915769848227501,7.846630514904974e-05,0.3153577802330256,0.8283746361732482,25.272570849000203,0.0001253108114578,,,,,,,,0.0012696487518587,qmmf
69,0.6960640576481819,0.0150533821200951,0.4236598020792007,0.7557884508371353,7.056352109430008e-05,0.3091240939497948,0.8086630326509475,25.273461995999696,0.0001212434052114,0.720629861156321,0.6305925191093621,0.5067895183550593,0.720629861156321,0.5165167531426871,0.6546309430290782,0.6722346242621072,0.0014838383288224,qmmf
70,0.6824971048533917,0.0180308510409668,0.4167106215655803,0.8132459348440171,7.874906155848294e-05,0.3027644795551896,0.801176310479641,25.475132779999967,0.000117197836319,,,,,,,,0.0018633605542527,qmmf
71,0.6697256200015544,0.0173117111390456,0.4087600728869438,0.77356177598238,6.246740644201054e-05,0.2984508308768272,0.7849285793304444,24.726268595999954,0.0001131771769288,,,,,,,,0.0017918845870917,qmmf
72,0.7372682471573353,0.0204963275929912,0.450559497475624,0.8042350405454636,6.755850380613992e-05,0.328494840785861,0.8600190716981888,24.965512257000228,0.0001091844802731,,,,,,,,0.0026892413476889,qmmf
73,0.6941233652830124,0.0206972982222214,0.424752956032753,0.8090541952848435,7.593119857119745e-05,0.3097979137301445,0.8159844586253167,23.095044719999805,0.0001052227783497,,,,,,,,0.0026218358436199,qmmf
74,0.749485881626606,0.0200485630356706,0.457710970044136,0.8216053533554077,7.755770182484412e-05,0.3340103539824486,0.8744295907020568,24.067105741999967,0.0001012950796192,,,,,,,,0.0027192526660655,qmmf
75,0.7401117742061615,0.0184252659860067,0.4514371901750564,0.8009068813920021,8.899682154151379e-05,0.3282032577693462,0.8602225276827812,23.19966839000017,9.740436672108684e-05,,,,,,,,0.0024347336846767,qmmf
76,0.690445548593998,0.0187990771187469,0.4217869786918163,0.7813753190636635,7.82704053199268e-05,0.3063869202136993,0.8067670294642448,21.897815314000127,9.355359420782469e-05,,,,,,,,0.0022584432726034,qmmf
77,0.7181901350617409,0.0220378427114337,0.4397292374074459,0.8100272026658059,0.000105911145165,0.3206378702819347,0.84200712621212,24.170993313000054,8.97456863020546e-05,,,,,,,,0.0031600081390297,qmmf
78,0.7043809163570404,0.0192144905752502,0.4303143654763698,0.8328342467546463,7.803201213391731e-05,0.3143285351991653,0.8283859813213348,25.686733017999813,8.598353467553945e-05,,,,,,,,0.0022787865404097,qmmf
79,0.6955320432782173,0.0180767552508041,0.4245499467849731,0.7904214054346085,5.493509981533862e-05,0.3093433552980423,0.8133689987659455,24.47710626299977,8.226999625336662e-05,0.6932411810490041,0.6076506736790924,0.4905943017159666,0.6932411810490041,0.5032488469608313,0.626461993027442,0.6472993409047268,0.0021540472439846,qmmf
80,0.7050078797340393,0.0173172241629799,0.4299316334724426,0.7958269813656806,5.738667936384445e-05,0.3119895087182522,0.8219182580709458,25.088367176000247,7.860789104443896e-05,,,,,,,,0.0020577100158607,qmmf
81,0.698993853032589,0.0178730633785016,0.426545552611351,0.8011488032341003,7.2997790930458e-05,0.3112731598317623,0.8184096574783325,26.129449619000297,7.500000000000002e-05,,,,,,,,0.0023620570146886,qmmf
82,0.6896468171477318,0.0190429881354793,0.4214053021371364,0.7745693534612655,5.9185598056501474e-05,0.305952515900135,0.8053111118078232,22.89010848200041,7.144906290181832e-05,,,,,,,,0.0024669771490061,qmmf
83,0.7025455963611603,0.0186266240803524,0.4289780257642269,0.7909109807014465,6.862461968012213e-05,0.3131689867377281,0.8217450138926506,23.155169544999808,6.795777628163599e-05,,,,,,,,0.002517364439509,qmmf
84,0.7174900844693184,0.0195851178257726,0.4383281135559082,0.7937995445728302,6.930025479050528e-05,0.3195907141268253,0.8378255584836006,22.592904354999973,6.452879137346007e-05,,,,,,,,0.0026165719063646,qmmf
85,0.6873497602343559,0.0179243394033983,0.4195796076208353,0.7986479651927948,7.526793592660397e-05,0.3067276678979397,0.8066411951184272,23.0218980640002,6.1164712100253e-05,,,,,,,,0.0023268020561909,qmmf
86,0.7212912365794182,0.017052104617469,0.4395956002175808,0.7562557065486908,9.173936014121864e-05,0.3221866981685161,0.8378489914536477,24.069650038999956,5.786809309654982e-05,,,,,,,,0.0021826420202341,qmmf
87,0.731453673839569,0.0189176538481842,0.4464392846822738,0.8245375925302505,6.947107073756342e-05,0.3257823047041893,0.855167634487152,24.8352054789998,5.464143776850482e-05,,,,,,,,0.0024440487363699,qmmf
88,0.706718233525753,0.0172732237260788,0.4309402438998222,0.7633715459704399,6.841690723376815e-05,0.3139354602992534,0.8216587382555008,24.97717630699981,5.148719639283984e-05,,,,,,,,0.0022122799498993,qmmf
89,0.6929391217231751,0.0179061195719987,0.4229259392619133,0.8100330626964569,7.112662326107965e-05,0.3082623644918203,0.8126421445608139,23.84119872799965,4.840776425613886e-05,0.690745783382089,0.6061674818827256,0.4953622069268431,0.690745783382089,0.5052654620315944,0.6224912002344934,0.6458339352867555,0.0022348799721657,qmmf
90,0.705619982779026,0.0182384510175325,0.4306673888862133,0.78337242603302,6.392946191226656e-05,0.313865707963705,0.8233432811498642,25.27783971700001,4.5405479835900685e-05,,,,,,,,0.0023487305927392,qmmf
91,0.7159852296113968,0.0180866824788972,0.4368258294463157,0.816860054731369,4.865286953645409e-05,0.3188456945121288,0.8378232884407043,24.23771726399991,4.2482623024732334e-05,,,,,,,,0.0023166098437877,qmmf
92,0.7101900067925453,0.0169379662862047,0.4328892078995704,0.776551351249218,8.512330199664575e-05,0.3156931310892105,0.8266295892000198,23.10504396800025,3.964141339903026e-05,,,,,,,,0.0019392836638508,qmmf
93,0.7070285886526108,0.0179592550452798,0.4314008709788322,0.7963435652852059,7.546246231868281e-05,0.3144632323086261,0.8259487599134445,22.57593225699975,3.6884008533465575e-05,,,,,,,,0.0022326280404013,qmmf
94,0.7337971714138984,0.0158764486049767,0.4466288995742797,0.8068113714456558,6.503960868485592e-05,0.3255550684034824,0.8532395181059838,21.99626976899981,3.4212502362551864e-05,,,,,,,,0.0018557811034861,qmmf
95,0.7180186355113983,0.0166687743237707,0.4374787078797817,0.7775515866279602,7.235866386054112e-05,0.3192695708572864,0.834940554201603,23.538988674999928,3.162892359054098e-05,,,,,,,,0.0021674913402239,qmmf
96,0.7158965528011322,0.0176194058754481,0.4365857106447219,0.8019314402341843,8.735446695936843e-05,0.3177470876276493,0.8349922901391983,25.06667786900016,2.913523415085328e-05,,,,,,,,0.0023098749937889,qmmf
97,0.7172815933823585,0.017366217658855,0.4373154614120721,0.8077087438106537,8.252096781689034e-05,0.3174624772369862,0.8360120263695717,24.09800556599976,2.673332771621324e-05,,,,,,,,0.0022954619942811,qmmf
98,0.6927076891064644,0.0175476610776968,0.4226436941325664,0.7680909538269043,7.660515420866431e-05,0.3079341393709183,0.8078459131717682,25.431219401999897,2.4425028260620715e-05,,,,,,,,0.0022757616496164,qmmf
99,0.6891926704347133,0.0181330811977386,0.4207688511908054,0.7900634425878524,8.187901132259867e-05,0.3076277177035809,0.8078814828395844,24.442037335999885,2.221208867425096e-05,0.7200948003841976,0.6305206322659396,0.5123840049670335,0.7200948003841976,0.5154380578069969,0.6560290386066238,0.6724514704070038,0.0023723602386053,qmmf
100,0.7276906004548073,0.0174340157990809,0.4435879854857921,0.8285676062107086,6.293336768067093e-05,0.3243957403302193,0.8512839633226394,23.631514824999613,2.009618943233419e-05,,,,,,,,0.0022016825118225,qmmf
101,0.6901395209133625,0.0171578170545399,0.4209468556940555,0.7792161211371422,6.604737849556841e-05,0.3060178506374359,0.8053138566017151,22.49517437199984,1.807893731902665e-05,,,,,,,,0.0021211920910809,qmmf
102,0.6884332238137723,0.0193220947636291,0.420788787305355,0.7531270545721054,7.097250887454721e-05,0.3080108864605427,0.8046396294236183,23.1346355579999,1.616186420724089e-05,,,,,,,,0.0026184884458052,qmmf
103,0.7178291723132133,0.0172987723199185,0.4376170276105404,0.8129197141528129,5.674054023074859e-05,0.3203011918067932,0.8396728682518005,23.18804683000008,1.4346425895363384e-05,,,,,,,,0.002299221520443,qmmf
104,0.6851181164383888,0.0180610155093017,0.4182952915132045,0.7851388069987297,5.7874884441844186e-05,0.3055945160984993,0.802852929532528,24.88598614799957,1.2634001001741372e-05,,,,,,,,0.0022317172214752,qmmf
105,0.698730776309967,0.0168452204763889,0.4259765690565109,0.7775031572580338,5.9909630263064176e-05,0.3100765845179558,0.8142223805189133,25.20317100899956,1.1025889917779737e-05,,,,,,,,0.0020795722946786,qmmf
106,0.713334492444992,0.0177946005295962,0.4351185530424118,0.7765444260835648,7.189402158928715e-05,0.3192643789947033,0.8325385084748268,24.496416423000483,9.523313820441804e-06,,,,,,,,0.0024876954510773,qmmf
107,0.7166081899404526,0.0174047383945435,0.4369268274307251,0.7630317735671998,7.472996068827342e-05,0.3194559507071972,0.8331672060489654,24.820956457999277,8.127413744904804e-06,,,,,,,,0.0023875435255354,qmmf
108,0.6923502469062806,0.0146760035934858,0.4212805658578872,0.7601648616790772,5.992951934331359e-05,0.3065596179664135,0.8041941425204278,25.67811427900051,6.839249718073875e-06,,,,,,,,0.0016723781729547,qmmf
109,0.6924047718942166,0.0136768221412785,0.420913610085845,0.7477881407737732,4.883219292423746e-05,0.3079144310951233,0.8039301593601703,24.09846896199997,5.659799953612438e-06,0.7246321555669493,0.632449717918187,0.5143800788965865,0.7246321555669493,0.5171214147174386,0.6555955834701732,0.6759522166052844,0.0016042951361748,qmmf
110,0.6994736194610596,0.0157603471702896,0.4259883286058902,0.7440388354659081,5.595568165517761e-05,0.3107611979544162,0.811545593738556,22.25987790899944,4.589960109100444e-06,,,,,,,,0.0019469009151316,qmmf
111,0.6906185005605221,0.0144969602790661,0.4201699022948741,0.7465178966522217,5.079236111669161e-05,0.3076215159893036,0.8027891764044761,22.58913153499998,3.630542605884657e-06,,,,,,,,0.0017171281516937,qmmf
112,0.6885497310757637,0.0159906856715679,0.4195261274278163,0.7838029879331588,5.959572771644162e-05,0.3079314909875393,0.8062279143929482,23.42253722299938,2.7822760121373187e-06,,,,,,,,0.0019350535422483,qmmf
113,0.6900174704194069,0.0152515548514202,0.4201111228764057,0.7530961275100708,5.760287075645465e-05,0.3068722710758447,0.802643084526062,22.518101978999766,2.0458044895916517e-06,,,,,,,,0.0017359849642889,qmmf
114,0.6699565005302429,0.014978179228492,0.4079651875793934,0.7217555648088455,5.549862531552208e-05,0.295449515581131,0.7759388861060142,22.812435068000013,1.4216873043745137e-06,,,,,,,,0.0017292478626052,qmmf
115,0.6597866015136242,0.0173604891635477,0.402816169410944,0.7649760240316391,5.6631440293131165e-05,0.2931795996427536,0.7728588163852692,23.248168342999637,9.103984023075772e-07,,,,,,,,0.0018130527150128,qmmf
116,0.6751589047908783,0.0151160605135373,0.411141782104969,0.7627084457874298,5.4383829078688e-05,0.2998417842388153,0.7875965467095375,23.347192938000266,5.123260489995229e-07,,,,,,,,0.0016970848901857,qmmf
117,0.6931098720431328,0.0159883370099123,0.4222612760961056,0.7545616719126701,5.656620739046048e-05,0.3089655002951622,0.8070781657099724,22.80065063099937,2.2777253500257386e-07,,,,,,,,0.0019619481933455,qmmf
118,0.6902841800451278,0.015511138116708,0.4203749813139438,0.7555108851194382,5.147943223164475e-05,0.3072134158015251,0.8035257416963577,22.75716648900016,5.695394625728767e-08,,,,,,,,0.0019184465773537,qmmf
119,0.706217634677887,0.0167685078352224,0.4304379993677139,0.745223813354969,5.631038326100679e-05,0.3137068983912467,0.8190747621655464,22.68775436099986,0.0,0.7225460742015498,0.6332953070860878,0.5188717388398899,0.7225460742015498,0.5217862621338977,0.6555535849228159,0.6754034105307453,0.0020233292799451,qmmf
0,0.9726427370309828,0.6050110846757889,0.8255901056528091,0.7318942803144455,0.071933595277369,,0.902376212477684,30.47850088600001,5.1e-05,,,,,,,,,hemis
1,0.9644639331102371,0.4712473437190055,0.7671773225069046,0.6867794185876847,0.0181063901539891,,0.8367605811357498,27.40836143399997,0.0001009999999999,,,,,,,,,hemis
2,0.9570180714130402,0.4264537134766579,0.7447923630475998,0.6861664134263993,0.0078588482178747,,0.8138019442558289,26.25399473799996,0.0001509999999999,,,,,,,,,hemis
3,0.9602059304714204,0.3847725564241409,0.7300326144695282,0.6809551519155502,0.005477752990555,,0.798402014374733,25.44754758399995,0.0002009999999999,,,,,,,,,hemis
4,0.9551346373558044,0.342264190018177,0.7099864858388901,0.6880848622322082,0.0044628167687915,,0.7790181106328964,25.197530794000045,0.000251,,,,,,,,,hemis
5,0.9448702704906464,0.2967027342319489,0.6856032782793045,0.6847747504711151,0.0038041654287371,,0.7542709612846374,23.90007399900003,0.0003,,,,,,,,,hemis
6,0.9454968786239624,0.2480755259096622,0.6665283644199371,0.6866299265623093,0.0033051872137002,,0.735356616973877,24.16893469000001,0.0002999430460537,,,,,,,,,hemis
7,0.9435419583320618,0.2118067848682403,0.6508479166030884,0.6954005938768387,0.0023295757779851,,0.7205044561624527,23.95824609400006,0.0002997722274649,,,,,,,,,hemis
8,0.9266812807321548,0.182930344492197,0.6291809356212616,0.7042440330982208,0.0021800737833837,,0.699714338183403,23.83235613900001,0.000299487673951,,,,,,,,,hemis
9,0.919119980931282,0.1563944317400455,0.6140297824144363,0.7015973117947578,0.0030550573242362,,0.6843422657251358,23.516615236000007,0.0002990896015976,0.3719522853348833,0.3558730600683394,0.3074304961304047,0.3719522853348833,0.3327350465296199,0.362931848340515,0.3606763388344722,,hemis
10,0.9130018413066864,0.1345468264073133,0.6016198617219924,0.7001609328389168,0.0027402448491193,,0.6717729675769806,22.20413515899997,0.0002985783126956,,,,,,,,,hemis
11,0.888690648674965,0.1172265131771564,0.580105013847351,0.7055319303274155,0.0033486785425338,,0.6508256381750107,24.14619203199993,0.0002979541955104,,,,,,,,,hemis
12,0.8894798392057419,0.1013972831517458,0.5742468386888504,0.7203813254833221,0.003047298847232,,0.6464373379945755,24.25597647799998,0.0002972177239878,,,,,,,,,hemis
13,0.8693219017982483,0.0872239241749048,0.5564827337861061,0.7023352909088135,0.003190796872368,,0.6268758022785187,24.302887020999947,0.0002963694573941,,,,,,,,,hemis
14,0.8831860011816025,0.074330591186881,0.5596438613533974,0.7014945358037948,0.0030995382764376,,0.6299482917785645,23.646243174999995,0.0002954100398908,,,,,,,,,hemis
15,0.8636264061927795,0.0712173411995172,0.5466628041863442,0.7257698845863342,0.0030915882089175,,0.6193943691253662,23.692858054,0.0002943402000463,,,,,,,,,hemis
16,0.8458945071697235,0.0624857476726174,0.5325310230255127,0.7438700434565544,0.0029611017624847,,0.6070660799741745,24.29935158800004,0.0002931607502819,,,,,,,,,hemis
17,0.840224524140358,0.0602640673145651,0.5282403618097306,0.7396271753311158,0.0023073930863756,,0.6023184463381768,23.45316495099996,0.000291872586255,,,,,,,,,hemis
18,0.8639151066541672,0.0634228896722197,0.5437182429432869,0.7835642963647842,0.0022756887553259,,0.6351522535085679,24.643624897999985,0.0002904766861795,,,,,,,,0.064818971392815,hemis
19,0.8591704392433166,0.0637347808666527,0.5409961968660355,0.7852933627367019,0.001668464395334,,0.6306746578216553,24.19374360300003,0.0002889741100822,0.427658394202688,0.3931834563675983,0.3161467037640977,0.427658394202688,0.3327394433674125,0.4191525315326943,0.406164743808302,0.0553285195329226,hemis
20,0.8322635090351105,0.0544186448305845,0.5211255860328674,0.7775772950053215,0.0011679934337735,,0.607343473136425,21.42561390500009,0.0002873659989982,,,,,,,,0.0420088224369101,hemis
21,0.8358509874343872,0.0514953740499913,0.5221087637543679,0.7873975646495819,0.000961049744219,,0.6079997274279595,21.90475683,0.0002856535741046,,,,,,,,0.0355157661903649,hemis
22,0.8288934653997422,0.0519849942997098,0.5181300991773605,0.8095816832780838,0.0009575137033243,,0.603244466483593,24.903490108000145,0.0002838381357927,,,,,,,,0.0205416032136417,hemis
23,0.8138546293973923,0.0462340422347188,0.5068064165115357,0.8172492671012879,0.0006236736534629,,0.5907742956280708,24.55983073000016,0.0002819210626809,,,,,,,,0.0110588231496512,hemis
24,0.8259025156497956,0.0415679828077554,0.5121687248349189,0.8042865669727326,0.0006255423923721,,0.5942134243249894,24.53848316099993,0.0002799038105676,,,,,,,,0.007923826999031,hemis
25,0.8156502360105514,0.0438345072045922,0.5069239634275436,0.8145630186796189,0.0004847885967319,,0.5898338800668717,24.71530596299999,0.0002777879113257,,,,,,,,0.0071468516811728,hemis
26,0.8112568819522857,0.0405524859670549,0.5029751437902451,0.8267572844028472,0.0003432733842782,,0.586955863237381,25.149174068000093,0.0002755749717393,,,,,,,,0.0064391527837142,hemis
27,0.8125064080953598,0.0395703792572021,0.5033320185542106,0.8364181196689606,0.0003876404702168,,0.5880863791704178,25.259828455999923,0.0002732666722837,,,,,,,,0.0054658458242192,hemis
28,0.8162114781141281,0.0373856419790536,0.5046811676025391,0.8098279732465744,0.0003192051905352,,0.5866347056627274,23.65554301800012,0.0002708647658491,,,,,,,,0.0047739117685705,hemis
29,0.7969962212443352,0.0359713303297758,0.4925862899422645,0.8192540973424911,0.00045591209142,,0.5753417745232582,24.25191579899979,0.0002683710764094,0.4896267822140009,0.4393619913448466,0.34559727411776,0.4896267822140009,0.3542562541336264,0.4742029376869123,0.4601443941436305,0.004036389789544,hemis
30,0.8030495551228524,0.0372473712544888,0.4967286974191666,0.8423284775018692,0.0004023007532668,,0.5817170289158821,20.451523550000047,0.0002657874976374,,,,,,,,0.0036768450518138,hemis
31,0.795546652674675,0.037635788032785,0.4923823291063309,0.8423228907585144,0.0002128092827297,,0.577272869348526,20.465735419999877,0.0002631159914665,,,,,,,,0.0032380737876519,hemis
32,0.8020780116319657,0.0384211518988013,0.4966152879595756,0.8336968487501144,0.0002216389154636,,0.5806027993559837,21.300343926000096,0.0002603585866009,,,,,,,,0.0030337215226609,hemis
33,0.7965106776356697,0.0321530134789645,0.4907676316797733,0.8169960564374924,0.0002707526479207,,0.5729954999685287,23.909857080000165,0.0002575173769752,,,,,,,,0.0025736141053494,hemis
34,0.7603030318021774,0.0360792783740907,0.4706135499477386,0.8152245050668716,0.00022931176587,,0.5526301282644271,23.623811396999827,0.000254594520164,,,,,,,,0.0024133086693473,hemis
35,0.8026716232299804,0.0351440691761672,0.4956606224179268,0.847211332321167,0.0001736151800832,,0.5808893644809723,23.783949351000047,0.0002515922357438,,,,,,,,0.00249464013963,hemis
36,0.7717856788635253,0.0322815380059182,0.4759840416908264,0.8014151304960251,0.0001585299461476,,0.556529067158699,24.527874739000023,0.0002485128036071,,,,,,,,0.0019779335084604,hemis
37,0.7709673655033111,0.032317045032978,0.4755072557926178,0.8290623742341995,0.0001302509319793,,0.5588231083750724,24.15830959799996,0.0002453585622314,,,,,,,,0.0020154836063738,hemis
38,0.8043706375360489,0.0303852537833154,0.4947765046358108,0.8163574171066285,0.0001375152212131,,0.5767859247326851,24.807848710999902,0.0002421319069034,,,,,,,,0.0018340143054956,hemis
39,0.7772836354374886,0.0318533523473888,0.4791115412116051,0.8613878011703491,0.0001242021627149,,0.5655921706557274,25.38335203699989,0.0002388352878997,0.5754627786016714,0.4898857608782662,0.3631378151266652,0.5754627786016714,0.3858342082489425,0.508360295784185,0.5285571769371492,0.0016781612543854,hemis
40,0.7852632910013199,0.0328288587648421,0.4842895355820655,0.8316913741827011,0.00014963215237,,0.5678402507305145,22.601476564999984,0.0002354712086265,,,,,,,,0.0018704810549388,hemis
41,0.8013942557573318,0.0316607731534168,0.493500882089138,0.8708854544162751,0.0001100012269762,,0.5809533658623696,21.85990017799986,0.0002320422237183,,,,,,,,0.001792168385873,hemis
42,0.7800900134444236,0.0299233712581917,0.4800233766436577,0.7923053389787674,0.0001431917050285,,0.5596268662810325,21.919699893999905,0.0002285509370981,,,,,,,,0.001828997892444,hemis
43,0.7625070157647132,0.0277252248488366,0.4685943159461021,0.8302500393986701,0.0001775340096355,,0.55186174929142,21.867298349999828,0.000225,,,,,,,,0.0011677659873384,hemis
44,0.7755743503570557,0.028965892100241,0.4769309845566749,0.8190386521816254,9.848553452343368e-05,,0.5591676312685013,25.21067296499996,0.0002213921089555,,,,,,,,0.0016393112920923,hemis
45,0.7704515844583512,0.029150165868923,0.4739310371875763,0.8471392792463303,6.46583310481219e-05,,0.5590120500326157,25.32593573500003,0.0002177300037466,,,,,,,,0.0018192653122241,hemis
46,0.7763451424241066,0.0277298988820984,0.476899062693119,0.806852457523346,9.643529630920968e-05,,0.5579260748624801,25.92005558599999,0.0002140164653244,,,,,,,,0.0016847193180001,hemis
47,0.7469729745388031,0.0296557589061558,0.4600461094081401,0.8143526542186738,0.0001106251284181,,0.5418428406119347,25.33660394399999,0.0002102543136979,,,,,,,,0.0017796635931881,hemis
48,0.7596818515658379,0.0277111793961375,0.4668936026096344,0.8594501721858978,8.733432929147966e-05,,0.5530947858095169,25.354888805999963,0.0002064464057921,,,,,,,,0.0012590135310892,hemis
49,0.7458902624249458,0.026870622751303,0.458282424211502,0.8083280712366104,8.735872700412983e-05,,0.5394179236888885,24.522544354000047,0.0002025956332789,0.6122932478566364,0.5421150132897516,0.4131443742396894,0.6122932478566364,0.4290850205011813,0.5849667715114374,0.5713248901248762,0.0014916086854645,hemis
50,0.770599293410778,0.0311208125576376,0.474807921051979,0.8226103174686432,7.080663435772294e-05,,0.5575280332565308,21.928052176000165,0.0001987049203807,,,,,,,,0.0022776988024997,hemis
51,0.749476700425148,0.0293420641357079,0.4614228689670562,0.8279343551397323,9.320925532847468e-05,,0.5445973420143128,22.25057671000013,0.0001947772216502,,,,,,,,0.0018818862699845,hemis
52,0.7772731414437294,0.030575296273455,0.4785940197110176,0.8440879917144776,0.0001162675771684,,0.5634304627776145,21.928172024000105,0.0001908155197268,,,,,,,,0.0021091654677002,hemis
53,0.7575339853763581,0.0265714879101142,0.4651490035653114,0.8622455537319184,8.152911230808968e-05,,0.551737095117569,22.901576904000198,0.0001868228230711,,,,,,,,0.0017972942321648,hemis
54,0.7540449520945549,0.0306478638388216,0.4646861344575882,0.8499537658691406,6.448611429732409e-05,,0.5500749745965003,22.15037356799985,0.0001828021636809,,,,,,,,0.0019512279751506,hemis
55,0.7496063125133514,0.0282842700090259,0.4610775147378445,0.8250527721643448,6.511132636660477e-05,,0.5440089663863182,24.74947490500017,0.0001787565947885,,,,,,,,0.0021145701244313,hemis
56,0.7468508312106132,0.0276698670536279,0.4591784620285034,0.8269540750980378,5.1058708977507193e-05,,0.5422496366500854,24.13025803399978,0.0001746891885421,,,,,,,,0.0018660555664973,hemis
57,0.7311076194047927,0.0270934423245489,0.4495019686222076,0.8209155797958374,4.867614618433436e-05,,0.5319401574134827,24.389979176999987,0.0001706030336727,,,,,,,,0.0017209712792464,hemis
58,0.7635630959272385,0.028113384717144,0.4693832331895828,0.8203082758188248,9.363015848066424e-05,,0.5518787926435471,24.762941903999945,0.0001665012331491,,,,,,,,0.002300225794388,hemis
59,0.7809388449788094,0.0247638703370466,0.4784688767790794,0.8131052276492119,8.215412653953536e-05,,0.5601161313056946,25.598379552000097,0.0001623869018208,0.6413096522855112,0.5315202458703112,0.3779955181827377,0.6413096522855112,0.3847920581362745,0.5684590271891478,0.5820414169506738,0.0016631211326603,hemis
60,0.7340226808190345,0.0205728458147495,0.4486427643895149,0.7842207807302475,6.389290805600467e-05,,0.5272783935070038,25.37222207999957,0.0001582631640533,,,,,,,,0.0010517541056105,hemis
61,0.7662151323258877,0.0245008218940347,0.4695294269919395,0.8405891621112823,4.117890693123627e-05,,0.5538899005949497,21.52612513599979,0.0001541331513552,,,,,,,,0.0014974750195324,hemis
62,0.7328371131420135,0.0263489686977118,0.4502418720722198,0.8319009268283843,4.66472812900065e-05,,0.5337986931204796,22.17262159999973,0.00015,,,,,,,,0.0018219926253732,hemis
63,0.7467074444890023,0.0223782789055258,0.4569757950305939,0.7931160822510719,3.73809280245041e-05,,0.536556705236435,22.36394866899991,0.0001458668486447,,,,,,,,0.0013371802070469,hemis
64,0.7699398851394653,0.0229493054561316,0.4711436697840691,0.8195645773410797,3.4239807266658314e-05,,0.5534726470708847,22.16096016399979,0.0001417368359466,,,,,,,,0.0018540190852945,hemis
65,0.7448969399929046,0.0262955164629966,0.4574563904106617,0.8248277240991593,3.8866478662384906e-05,,0.5402919816970825,24.090254230000028,0.0001376130981791,,,,,,,,0.0017543746495357,hemis
66,0.7454494914412498,0.0244095854763872,0.4570335459709167,0.809060368835926,4.6194157763466135e-05,,0.5383091640472412,26.59728291500005,0.0001334987668508,,,,,,,,0.0018363711407437,hemis
67,0.7503330191969871,0.0251317923888564,0.4602525483071804,0.839380067884922,3.808490627079664e-05,,0.5445746341347695,24.634328391000054,0.0001293969663272,,,,,,,,0.0019108707564191,hemis
68,0.763140509724617,0.0223354796273633,0.4668185141682625,0.8258626744151115,4.097875716524868e-05,,0.5496664929389954,26.029656222000085,0.0001253108114578,,,,,,,,0.0012983094947412,hemis
69,0.7448979988694191,0.0226284780050627,0.4559902110695839,0.8076109164953231,5.238485404731818e-05,,0.537091406583786,25.401252058999944,0.0001212434052114,0.6067209011731104,0.5358084328198802,0.4208174012361816,0.6067209011731104,0.4426937865886562,0.5580106106978736,0.5668568106734485,0.0016874212022958,hemis
70,0.7380431048572064,0.0278165281750261,0.453952492326498,0.8559040462970734,6.107950935643202e-05,,0.5399846452474594,25.97118019300024,0.000117197836319,,,,,,,,0.0021934611809047,hemis
71,0.718061908185482,0.0254021624941378,0.4409980262815952,0.7996300315856933,4.8593232922939935e-05,,0.5213774707913399,23.80905278199998,0.0001131771769288,,,,,,,,0.0020700475477497,hemis
72,0.7817623768746853,0.0310911890072748,0.4814939214289188,0.842779313325882,4.832677894228255e-05,,0.566419733017683,21.77320545099974,0.0001091844802731,,,,,,,,0.0032273057559359,hemis
73,0.7461042878031731,0.0304443307593464,0.459840320944786,0.8564261865615844,4.667734718168503e-05,,0.5460718068480491,21.69033920999982,0.0001052227783497,,,,,,,,0.0029326649829454,hemis
74,0.7902678319811821,0.0280485568381845,0.4853801447153091,0.8780089378356933,4.534512793270551e-05,,0.5737175130844117,22.466105754000186,0.0001012950796192,,,,,,,,0.0026710405916674,hemis
75,0.787770980000496,0.0279960014624521,0.4838610064983368,0.8292677009105682,6.15424776015061e-05,,0.567347394824028,21.358929197999714,9.740436672108684e-05,,,,,,,,0.002782701001015,hemis
76,0.7393810552358627,0.0289993355516344,0.4552283860743046,0.8691826623678207,3.510328540414776e-05,,0.5426664769649505,21.997433478999938,9.355359420782469e-05,,,,,,,,0.0025903347769781,hemis
77,0.7625165787339211,0.0315480289468541,0.4701291787624359,0.837132437825203,5.088180966140499e-05,,0.5544743293523788,24.84056455400014,8.97456863020546e-05,,,,,,,,0.0031468189452425,hemis
78,0.7555506503582001,0.0295726606529206,0.4651594731211662,0.866189118027687,5.883006028852833e-05,,0.5523325309157372,25.489191724999728,8.598353467553945e-05,,,,,,,,0.0027560470770185,hemis
79,0.7412337160110474,0.027450894084759,0.4557206067442894,0.8297895961999893,4.358668209988536e-05,,0.539211491048336,24.4796234989999,8.226999625336662e-05,0.5682000749953289,0.5196073069804044,0.4256369789974968,0.5682000749953289,0.4349802396534776,0.5556416062924064,0.5393659349910683,0.002548700030602,hemis
80,0.7552289998531342,0.0280287806643173,0.4643489295244217,0.8484787702560425,3.933938924092217e-05,,0.5497373798489571,24.659667080999952,7.860789104443896e-05,,,,,,,,0.0026930372319293,hemis
81,0.7475849589705468,0.0259659493714571,0.4589373727142811,0.8717659145593644,3.0825866663235505e-05,,0.5465988481044769,25.599288075000004,7.500000000000002e-05,,,,,,,,0.0024166986698037,hemis
82,0.7484017217159271,0.0306598979374393,0.4613050112128258,0.8561652851104736,3.863136889606267e-05,,0.5475535672903061,23.02614778899988,7.144906290181832e-05,,,,,,,,0.0031504617286191,hemis
83,0.7460251912474632,0.0251419145287945,0.4576719027757644,0.8464279842376708,3.0133239383758338e-05,,0.542769826054573,21.711007505999987,6.795777628163599e-05,,,,,,,,0.0022680829965975,hemis
84,0.7702516701817512,0.0313546230271458,0.4746928706765175,0.8526636373996734,3.252704361557335e-05,,0.5606302541494369,20.790349663000143,6.452879137346007e-05,,,,,,,,0.0033469335513655,hemis
85,0.7409878474473953,0.0262254970800131,0.4550829245150089,0.8310217660665512,3.3028185953298816e-05,,0.5386886335909367,21.59284162499989,6.1164712100253e-05,,,,,,,,0.0025093956673481,hemis
86,0.7669174909591675,0.0267221496719867,0.4708393749594688,0.8326295536756515,3.443797299951257e-05,,0.5546068280935288,21.394559009000204,5.786809309654982e-05,,,,,,,,0.0025138713954947,hemis
87,0.7795062348246574,0.0267072565387934,0.4783866634964943,0.8458766502141952,3.5499401396918986e-05,,0.5634923714399338,22.00620995700001,5.464143776850482e-05,,,,,,,,0.0025813296275737,hemis
88,0.7554407247900963,0.0277464355900883,0.4643630236387253,0.8222533547878266,4.209447101402475e-05,,0.5471639427542686,25.169123970999863,5.148719639283984e-05,,,,,,,,0.0028673853329382,hemis
89,0.7391839531064034,0.0267517859535291,0.4542111064493656,0.8206670439243317,5.093738171240148e-05,,0.5367985144257545,23.84457539899995,4.840776425613886e-05,0.5603221196356257,0.5100654620033873,0.4198196484224794,0.5603221196356257,0.4311477106293009,0.5387265557452353,0.5311948752246396,0.0025907841041771,hemis
90,0.7514106342196465,0.0272458960488438,0.4617447562515736,0.8350470554828644,5.204363271332113e-05,,0.5457941704988479,25.800409330000093,4.5405479835900685e-05,,,,,,,,0.0027105399622087,hemis
91,0.7673354241251945,0.0288819733541458,0.4719540622830391,0.8872967231273651,4.858158804381674e-05,,0.5612743651866913,25.59155164499998,4.2482623024732334e-05,,,,,,,,0.0029410177162208,hemis
92,0.7539920967817306,0.025024935035035,0.4624052527546882,0.8150907862186432,4.835565305711498e-05,,0.5443608969449997,24.50789730099996,3.964141339903026e-05,,,,,,,,0.0022207487224659,hemis
93,0.7544787994027138,0.0281754242395982,0.4639574691653251,0.8291538944840431,6.914331342613877e-05,,0.5474758222699165,24.06227729200009,3.6884008533465575e-05,,,,,,,,0.002997503000588,hemis
94,0.769866035580635,0.0231930008158087,0.4711968430876732,0.8413429409265518,3.521364926768911e-05,,0.5557491883635521,21.481196853000256,3.4212502362551864e-05,,,,,,,,0.002081441775972,hemis
95,0.7605199220776558,0.0252692979527637,0.4664196929335594,0.812305845618248,4.281186302591777e-05,,0.5481620249152184,22.55217931599964,3.162892359054098e-05,,,,,,,,0.0025480265418809,hemis
96,0.7640391319990159,0.0274971860693767,0.4694223742187023,0.8377784544229507,4.120574656553799e-05,,0.5538040325045586,21.975453918999847,2.913523415085328e-05,,,,,,,,0.0030087764255586,hemis
97,0.7642323200404644,0.0258724707039073,0.468888401389122,0.8388443040847778,4.58328410059039e-05,,0.5533220010995865,21.341534652000064,2.673332771621324e-05,,,,,,,,0.0027343887923416,hemis
98,0.737902424633503,0.0267182826437056,0.4534287849068641,0.8302805233001709,4.927084162318351e-05,,0.537004222869873,23.29023381399975,2.4425028260620715e-05,,,,,,,,0.0027245935196697,hemis
99,0.7339140197634697,0.0261905059125274,0.4508246302604675,0.816415983736515,4.87176546550927e-05,,0.5329487815499305,24.77761485400015,2.221208867425096e-05,0.627817637484845,0.5520023545905012,0.4392369089017889,0.627817637484845,0.4491189930510129,0.5790704332356458,0.5862149797582362,0.0024005684929215,hemis
100,0.7725722336769104,0.0270512990443967,0.4743638777732849,0.8474271619319915,4.153057983160124e-05,,0.5596788257360459,24.768348493000303,2.009618943233419e-05,,,,,,,,0.0028507703322247,hemis
101,0.7418127146363258,0.0265060103591531,0.4556900531053543,0.8415821248292923,4.493874141189735e-05,,0.5403752326965332,23.86123824300012,1.807893731902665e-05,,,,,,,,0.0026235818367058,hemis
102,0.7385416162014008,0.0308300318801775,0.455457004904747,0.8314369377493859,5.061789880301148e-05,,0.5393060325086116,24.55076181699997,1.616186420724089e-05,,,,,,,,0.0035140102943296,hemis
103,0.7678226462006569,0.0266013695485889,0.4713341546058655,0.8368309473991394,4.309084916712891e-05,,0.5555445179343224,25.37373859099989,1.4346425895363384e-05,,,,,,,,0.0026255470422529,hemis
104,0.736579776108265,0.0277234808914363,0.453037277162075,0.8253051489591599,3.974198830292153e-05,,0.5361233040690422,23.37321814699999,1.2634001001741372e-05,,,,,,,,0.002767612639509,hemis
105,0.7446494536101818,0.0260937712248414,0.4572271998226642,0.8144327980279923,3.4599503899244154e-05,,0.5391499802470208,21.34524006899983,1.1025889917779737e-05,,,,,,,,0.0023888598045959,hemis
106,0.7576611995697021,0.0267220546584576,0.4652855570614338,0.8283338975906372,4.432535011346772e-05,,0.5486743235588074,20.775676696999653,9.523313820441804e-06,,,,,,,,0.0027657951932997,hemis
107,0.7592082890868187,0.0272011629794724,0.4664054587483406,0.8058310639858246,5.186620488530025e-05,,0.547589675784111,21.249515315999812,8.127413744904804e-06,,,,,,,,0.002992590897993,hemis
108,0.7428359031677246,0.0246915586618706,0.4555781838297844,0.8082699859142304,4.115226266549144e-05,,0.5368823546171189,21.939722031999736,6.839249718073875e-06,,,,,,,,0.0023755690789175,hemis
109,0.7416537338495255,0.0225531386630609,0.4540135139226913,0.7869545823335647,3.915185268624555e-05,,0.533121393173933,21.948645829999805,5.659799953612438e-06,0.6111834913936759,0.5435915517790676,0.4413783790247305,0.6111834913936759,0.450188941871295,0.5694022220722322,0.5739253982723989,0.0020522977646555,hemis
110,0.7443447080254555,0.0227437142468988,0.4557043281197548,0.779344427883625,4.999802812562848e-05,,0.5339994123578071,24.22173162900026,4.589960109100444e-06,,,,,,,,0.0017906865853592,hemis
111,0.7319661206007004,0.02277192982845,0.4482884587347507,0.7934743139147759,4.726987787876169e-05,,0.5280677080154419,23.814979744000084,3.630542605884657e-06,,,,,,,,0.0021472579222427,hemis
112,0.7328663754463196,0.0231143762124702,0.4489655908942223,0.8261061704158783,4.381682647476737e-05,,0.5319855812191964,25.115346548999696,2.7822760121373187e-06,,,,,,,,0.0020359035360206,hemis
113,0.7326694929599762,0.0231357420049607,0.4488560065627098,0.7980256950855256,4.266155105597136e-05,,0.5290276965498925,23.882691175000215,2.0458044895916517e-06,,,,,,,,0.0018349427873135,hemis
114,0.7208621421456337,0.0232374914409592,0.4418123003840446,0.7732723489403724,3.875993256315269e-05,,0.5195395556092263,25.278280751999773,1.4216873043745137e-06,,,,,,,,0.0019903939966229,hemis
115,0.7127718272805214,0.0259915475780144,0.4380597318708896,0.84269327044487,4.545885476545664e-05,,0.5227572739124298,23.215006577000167,9.103984023075772e-07,,,,,,,,0.0021296797157174,hemis
116,0.7232454606890678,0.022802265654318,0.4430682000517845,0.7997426235675812,3.915531033271691e-05,,0.5234391364455223,22.16959740499988,5.123260489995229e-07,,,,,,,,0.0019735931760703,hemis
117,0.7345684453845024,0.0232633408950641,0.4500464221835136,0.7885923904180526,4.061333618551543e-05,,0.5293478134274483,21.37986460100001,2.2777253500257386e-07,,,,,,,,0.0022006002239686,hemis
118,0.7362689951062202,0.0239917825208976,0.4513581281900405,0.7890169298648835,5.2146259720871056e-05,,0.5307795006036758,21.40836588699949,5.695394625728767e-08,,,,,,,,0.0025853642128458,hemis
119,0.7578558561205864,0.0262667758995667,0.4652202424407005,0.8303842759132385,4.990692886167381e-05,,0.5487450110912323,21.11803211300048,0.0,0.6180097627831581,0.5465757332014198,0.4395722735424536,0.6180097627831581,0.4482772324735448,0.5734402043475564,0.5787358049845662,0.0024192050042393,hemis
0,0.9735307627916336,0.5123263916373253,0.7890490460395813,0.7516253137588501,0.0269102098606526,,0.8655570876598359,23.591014736000037,5.1e-05,,,,,,,,,unet25d
1,0.956535005569458,0.2923174405097961,0.690848006606102,0.6859949171543122,0.0043159227448632,,0.7596632945537567,24.58897455100032,0.0001009999999999,,,,,,,,,unet25d
2,0.9384710395336152,0.2392732144892215,0.658791932463646,0.6882005506753921,0.0003798842067044,,0.7276309853792191,22.234462665999672,0.0001509999999999,,,,,,,,,unet25d
3,0.9403393238782882,0.2079462306201458,0.6473821091651917,0.6676182669401168,0.0004380099515401,,0.7141658341884614,21.1663722229996,0.0002009999999999,,,,,,,,,unet25d
4,0.9291087716817856,0.178516596853733,0.6288719272613525,0.6868574070930481,0.000268900113333,,0.6975711131095886,21.487758837,0.000251,,,,,,,,,unet25d
5,0.9126265984773636,0.1528847521543502,0.6087298828363419,0.677037370800972,0.000409117589952,,0.6764540761709213,20.50771039899973,0.0003,,,,,,,,,unet25d
6,0.9118008089065552,0.1251184581965208,0.5971278917789459,0.6809197682142257,0.0001846444229954,,0.6652291029691696,21.343146298000647,0.0002999430460537,,,,,,,,,unet25d
7,0.905345647931099,0.1046417205780744,0.5850640976428986,0.689465557038784,0.0002334830161532,,0.6540223300457001,20.47889793500053,0.0002997722274649,,,,,,,,,unet25d
8,0.8812382954359055,0.0901418884843587,0.564799758195877,0.6900962281227112,0.0003138905352219,,0.6338250780105591,20.75808989199959,0.000299487673951,,,,,,,,,unet25d
9,0.8706859147548676,0.0761691949516534,0.5528792479634285,0.6933932340145111,0.0002585782154403,,0.6222315010428429,20.562064789000036,0.0002990896015976,0.4825831661681467,0.3778408945509092,0.2959322379774052,0.4825831661681467,0.3457621123835987,0.3051774051009823,0.4324953918639013,,unet25d
10,0.8550079208612442,0.064534917101264,0.5388187378644943,0.6719989955425263,0.0002814435757431,,0.6060327091813087,20.98652765099996,0.0002985783126956,,,,,,,,,unet25d
11,0.8256304621696472,0.0559548461437225,0.5177602389454842,0.690199464559555,0.0002650894506177,,0.5867934480309487,20.940358867000214,0.0002979541955104,,,,,,,,,unet25d
12,0.8236101233959198,0.0480740823224186,0.5133957314491272,0.7078026133775711,0.0001942283136606,,0.5841857090592384,21.02843211599975,0.0002972177239878,,,,,,,,,unet25d
13,0.8005294275283813,0.0395249420963227,0.4961276564002037,0.6775324001908303,0.0001186498770357,,0.5638868251442909,21.71596754100028,0.0002963694573941,,,,,,,,,unet25d
14,0.8247561234235764,0.0355673032812774,0.5090806180238724,0.7112646648287773,0.0001275900823591,,0.5802134668827057,21.67859407599917,0.0002954100398908,,,,,,,,,unet25d
15,0.7975150156021118,0.0357951596751809,0.4928270950913429,0.7066777515411377,0.0001621395642748,,0.5635029819607734,20.869983262999995,0.0002943402000463,,,,,,,,,unet25d
16,0.7718148654699326,0.0306731957569718,0.4753582167625427,0.7525112125277519,0.0001197156400101,,0.5506153240799904,24.16495184399992,0.0002931607502819,,,,,,,,,unet25d
17,0.7696819522976875,0.0315253065247088,0.4744193139672279,0.7322183293104172,0.0001138744393392,,0.5476468396186829,23.29800881399933,0.000291872586255,,,,,,,,,unet25d
18,0.8087973153591156,0.0379010284505784,0.5004388204216957,0.8053719398379325,0.0002043988840418,,0.5819628170132637,24.465250234999985,0.0002904766861795,,,,,,,,0.0048829024285078,unet25d
19,0.8016991963982583,0.0379763551428914,0.4962100800871849,0.8035192295908928,0.0002484173233965,,0.5775640910863876,23.468961461999243,0.0002889741100822,0.5596581848236407,0.4518164063283962,0.3437385346629948,0.5596581848236407,0.3945547531705866,0.4012362809909612,0.5057136862590027,0.0049483131454326,unet25d
20,0.7718636828660965,0.034906945656985,0.4770810067653656,0.7884140336513519,0.0001502129792652,,0.5567956215143204,23.702103779000023,0.0002873659989982,,,,,,,,0.0043285255460068,unet25d
21,0.7785184955596924,0.033230757061392,0.4804034209251404,0.7687227869033814,0.0001389662910108,,0.5580739572644233,23.20331012699989,0.0002856535741046,,,,,,,,0.0039565388532355,unet25d
22,0.7809166973829269,0.0366983824875205,0.4832293900847435,0.8212438935041427,0.0001683799343317,,0.5661327320337296,22.039852122999942,0.0002838381357927,,,,,,,,0.0038526785420253,unet25d
23,0.7657511466741562,0.0329732860065996,0.4726400238275527,0.8161550036072731,0.0001873828307697,,0.5549248066544533,21.32804061600018,0.0002819210626809,,,,,,,,0.0032995424512773,unet25d
24,0.7742039173841476,0.0278726665582507,0.4756714376807213,0.7985000669956207,0.0001065160938265,,0.5561016592383384,21.18603166200046,0.0002799038105676,,,,,,,,0.002874428438954,unet25d
25,0.7658671608567238,0.0329154400713741,0.4726864913105965,0.8021825796365738,0.0001298003862873,,0.5534899842739105,21.481055125999774,0.0002777879113257,,,,,,,,0.0028937171644065,unet25d
26,0.7663617187738418,0.0311442454904317,0.4722747504711151,0.8294968169927597,0.00017762641366,,0.5557565090060234,21.42482825800016,0.0002755749717393,,,,,,,,0.0026159965142142,unet25d
27,0.7683102482557297,0.0299563288409262,0.4729686987400054,0.8385833662748337,0.0001535857443504,,0.557316644191742,23.65661003399964,0.0002732666722837,,,,,,,,0.0024096261966042,unet25d
28,0.7677371436357499,0.0260971329826861,0.4710811556875706,0.7993896201252937,7.765871239840294e-05,,0.5514475306868554,23.42475773600017,0.0002708647658491,,,,,,,,0.0021176361513789,unet25d
29,0.7562269362807273,0.0274620870687067,0.4647210110723972,0.8049758806824684,9.698492609302887e-05,,0.5456333881616593,23.657915200999923,0.0002683710764094,0.6909972897883021,0.5762342548884394,0.4296570641726723,0.6909972897883021,0.4973232284436863,0.5403822464333298,0.6304343567567803,0.0020497042924398,unet25d
30,0.7535822570323945,0.0260221499996259,0.4625582322478294,0.8180223497748375,0.0001086439183725,,0.5447920274734497,23.29360748199997,0.0002657874976374,,,,,,,,0.0021306242397986,unet25d
31,0.7539806288480758,0.0311612777644768,0.464852906614542,0.83415851354599,0.0001315447369762,,0.5488428115844727,23.031807467999897,0.0002631159914665,,,,,,,,0.0028373804851435,unet25d
32,0.7502052980661392,0.0275493030948564,0.4611429187655449,0.8009447556734085,0.0001347790021489,,0.541704318523407,23.86044526599926,0.0002603585866009,,,,,,,,0.002300930515048,unet25d
33,0.7515407341718674,0.0240223773894831,0.4605334080755711,0.8113585844635963,0.0001064399084482,,0.542048164755106,22.77937039100016,0.0002575173769752,,,,,,,,0.0018678802141221,unet25d
34,0.7085772934556007,0.0269452708028256,0.4359245012700558,0.7878139272332192,0.0001219154294196,,0.5151298803091049,20.17563725400032,0.000254594520164,,,,,,,,0.0020894313851022,unet25d
35,0.7636320981383323,0.0257655670447275,0.4684855073690414,0.8359971505403518,0.0001088387099477,,0.5525232598185539,20.70268494499942,0.0002515922357438,,,,,,,,0.0021630071281106,unet25d
36,0.7247219482064247,0.0255407047877088,0.4450494681298733,0.7849966996908188,0.0001169205467044,,0.5239859190583229,20.27029235200007,0.0002485128036071,,,,,,,,0.0021546824916731,unet25d
37,0.7285472449660301,0.025470916009508,0.4473167318105697,0.8085896182060242,9.552334565299248e-05,,0.5285577023029328,21.05886110000029,0.0002453585622314,,,,,,,,0.00188614137689,unet25d
38,0.7625267332792283,0.0237185569806024,0.4670034801959991,0.7878063407540321,8.585753466612278e-05,,0.5462227654457092,20.869391514999734,0.0002421319069034,,,,,,,,0.0021718171384418,unet25d
39,0.7258732116222382,0.0232241535326465,0.444813605248928,0.8383017730712891,0.0001211381995108,,0.528990208953619,25.228185111999665,0.0002388352878997,0.646730345503568,0.5304143836988043,0.4015028764302839,0.646730345503568,0.4365699123970811,0.5079428931957639,0.5873128100548105,0.0017018309429113,unet25d
40,0.745150491297245,0.0259254437871277,0.45746048822999,0.8070376712083817,0.0001700016192717,,0.5386674951016903,25.422750055000503,0.0002354712086265,,,,,,,,0.0024737184848345,unet25d
41,0.7649883857369423,0.0244738547876477,0.468782592266798,0.8200016698241234,0.0001173625305822,,0.5512675568461418,23.95955918600066,0.0002320422237183,,,,,,,,0.0023946177113248,unet25d
42,0.7422118291258812,0.023697752689477,0.4548062172532081,0.7858645230531692,0.0001338523017261,,0.5338717088103294,24.68790684800024,0.0002285509370981,,,,,,,,0.002361741495988,unet25d
43,0.7236353734135628,0.0219506782293319,0.4429615145921707,0.7917032665014268,0.0001497953409602,,0.5225216841697693,23.701133471000503,0.000225,,,,,,,,0.0019117247124813,unet25d
44,0.7343368896842003,0.0220196700177621,0.449410018324852,0.7760099992156029,8.850795283478874e-05,,0.5274303099513054,24.593707830000312,0.0002213921089555,,,,,,,,0.002074309257332,unet25d
45,0.7290521508455277,0.0236946494202129,0.4469091682136059,0.8086652153730393,9.47773031697352e-05,,0.5282561379671097,21.44687970099949,0.0002177300037466,,,,,,,,0.0023785198017139,unet25d
46,0.7399698740243912,0.0223637672327458,0.4529274502396583,0.7867268717288971,0.000122381262844,,0.5320763856172561,21.372344587000043,0.0002140164653244,,,,,,,,0.0023506515036933,unet25d
47,0.7046650159358978,0.0223132785130292,0.4317243376374244,0.78809106528759,0.0001237349008184,,0.5109565490484238,20.94983126499937,0.0002102543136979,,,,,,,,0.002084574936598,unet25d
48,0.717858758866787,0.021240868687164,0.4392116171121597,0.7849570053815842,0.000123884543823,,0.5181016659736634,21.56840754199948,0.0002064464057921,,,,,,,,0.0019407454264364,unet25d
49,0.7000034520030022,0.0198884486616589,0.4279574705660343,0.7683420473337174,0.000144977029798,,0.5051751399040222,20.92330177500025,0.0002025956332789,0.6508990636761331,0.5327752088820429,0.4037070735672581,0.6508990636761331,0.4546891507094068,0.4927374122605889,0.5907427082270185,0.0018810735792794,unet25d
50,0.7348912334442139,0.0223224626667797,0.4498637437820434,0.7817163625359536,0.0002070400974707,,0.5284678822755814,23.955418378000104,0.0001987049203807,,,,,,,,0.00211074359564,unet25d
51,0.7142501991987228,0.0245678353309631,0.4383772724866867,0.7640017721056939,9.356666424878313e-05,,0.5153801572322846,24.454471148000263,0.0001947772216502,,,,,,,,0.0029901464581416,unet25d
52,0.7429911381006241,0.0235876528522931,0.4552297604084014,0.8051180428266526,0.0001098007592167,,0.5362535324692727,24.22257455199997,0.0001908155197268,,,,,,,,0.0025323745816785,unet25d
53,0.7193904618918896,0.0214761272910982,0.4402247449755668,0.8132685613632202,8.5781273255634e-05,,0.5220370852947235,25.05140869600018,0.0001868228230711,,,,,,,,0.0024059736912749,unet25d
54,0.7117045792937279,0.0215343206073157,0.4356364938616752,0.8134754806756973,0.0001016654589416,,0.5174036037921905,23.60994760999984,0.0001828021636809,,,,,,,,0.0020724021481692,unet25d
55,0.7084466257691383,0.0214509002049453,0.4336483572423458,0.7948141822218895,0.0001219290676694,,0.5135987916588783,24.09191962800014,0.0001787565947885,,,,,,,,0.0023145976009072,unet25d
56,0.7034499761462212,0.0213666917849332,0.4306166824698448,0.7723429268598556,0.0001010658378654,,0.508305419832468,21.50395644999935,0.0001746891885421,,,,,,,,0.0022469491598894,unet25d
57,0.6966991652548313,0.0214057865203358,0.4265818318724632,0.7907114908099174,7.940099659585087e-05,,0.5061560417711735,21.055281494000155,0.0001706030336727,,,,,,,,0.0024954692850951,unet25d
58,0.7277667224407196,0.0214550101757049,0.4452420568466186,0.7823297360539436,0.0002239291564336,,0.5239923623204231,20.715812525999358,0.0001665012331491,,,,,,,,0.0025306781909966,unet25d
59,0.7441445586085319,0.0179074739408679,0.4536497434973717,0.7869468474388123,7.386541122173185e-05,,0.5327095112204552,21.286285561000117,0.0001623869018208,0.695643022961423,0.5845393865815358,0.4502623907552537,0.695643022961423,0.4825650619174688,0.5754100748657159,0.63777386882684,0.001806958669913,unet25d
60,0.7031954428553582,0.0169330971408635,0.4286905220150948,0.7429964810609817,6.0591930199436205e-05,,0.5033341780304909,24.572265159999915,0.0001582631640533,,,,,,,,0.0017048973081728,unet25d
61,0.7301150876283645,0.0202967576659284,0.4461877743899822,0.7790501752495765,8.949473997972746e-05,,0.5245815487205983,23.62248814099985,0.0001541331513552,,,,,,,,0.0024214100498647,unet25d
62,0.6957861074805259,0.0194135062966961,0.4252370816469192,0.77294651389122,0.0001050600212121,,0.502975828051567,24.34243489599976,0.00015,,,,,,,,0.0021942090567245,unet25d
63,0.7136872872710228,0.0179706370690837,0.4354006427526474,0.750210896730423,0.0001308069075622,,0.5107881119847297,24.3032142510001,0.0001458668486447,,,,,,,,0.0017991719468045,unet25d
64,0.738833886384964,0.0190307218430098,0.4509126383066177,0.8185175961256027,0.0001077215120604,,0.5332028877735138,24.136156510000543,0.0001417368359466,,,,,,,,0.0021655109522725,unet25d
65,0.7079913914203644,0.0202381382370367,0.4328901070356369,0.7825565731525421,0.0001743118187384,,0.5115962073206901,24.40525955800058,0.0001376130981791,,,,,,,,0.0022086224869235,unet25d
66,0.7159209275245666,0.0204177970928139,0.437719694674015,0.7742524605989456,0.0001464585870705,,0.5156639370322228,25.08237337399987,0.0001334987668508,,,,,,,,0.002558377870464,unet25d
67,0.719991799890995,0.019903417660389,0.4399564631283283,0.7658001941442489,0.0001334885537747,,0.5170141153037549,22.69975981100015,0.0001293969663272,,,,,,,,0.0023547791702367,unet25d
68,0.727968433201313,0.0178586899419315,0.4439245522022247,0.7739257517457009,8.770688789923042e-05,,0.5217256715893746,21.623479435000263,0.0001253108114578,,,,,,,,0.0020207868974284,unet25d
69,0.7083808073401451,0.0184073674678802,0.4323914495110512,0.7876246628165245,0.0001183427249168,,0.5115954296290874,21.17430219200014,0.0001212434052114,0.6671133885845971,0.5392438024948478,0.4083428751381568,0.6671133885845971,0.4316009418494193,0.519017077050527,0.6028754614130283,0.0021779933128618,unet25d
70,0.6913560600578785,0.0209819354442879,0.4232064288854599,0.7722825193405152,0.0001413272270838,,0.5009597699344158,25.38027258300008,0.000117197836319,,,,,,,,0.0025901026862538,unet25d
71,0.6840508277714252,0.0209698163066059,0.4188184404373169,0.7659266942739487,0.0001325143594999,,0.4959374129772186,23.177797156999983,0.0001131771769288,,,,,,,,0.0025983837894091,unet25d
72,0.7512789072096347,0.0250452216854318,0.4607854536920786,0.8247988724708557,0.000168861262905,,0.5440186281502247,24.25758879100067,0.0001091844802731,,,,,,,,0.0037242304357641,unet25d
73,0.7106012314558029,0.0262120843329466,0.4368455894291401,0.8194848811626434,0.0001900473891328,,0.5196263262629509,23.47820632299954,0.0001052227783497,,,,,,,,0.0041137222725228,unet25d
74,0.7622188687324524,0.0232387533830478,0.4666268412768841,0.8474978870153427,0.0001517258456067,,0.5520683887600899,24.694499963999988,0.0001012950796192,,,,,,,,0.0034208441905138,unet25d
75,0.7515120896697044,0.0235723259905353,0.4603362047672272,0.8016028690338135,0.0001958549045093,,0.5412332311272621,24.054998564000016,9.740436672108684e-05,,,,,,,,0.0036347105887034,unet25d
76,0.7081159287691117,0.0224307923286687,0.4338418938219547,0.8277580693364144,0.0001233161759566,,0.5171950107812882,23.46766103199934,9.355359420782469e-05,,,,,,,,0.0028557112564431,unet25d
77,0.7387956830859185,0.0268500648159533,0.4540174531936645,0.8419637924432755,0.0002071876380432,,0.5390684977173805,24.060494588999973,8.97456863020546e-05,,,,,,,,0.0042215357214172,unet25d
78,0.723942085802555,0.0226249431306496,0.4434152474999427,0.8279894638061523,0.0001958162093978,,0.5268414717912674,24.68514172599953,8.598353467553945e-05,,,,,,,,0.0030874474316078,unet25d
79,0.7061149886250496,0.0220117527456022,0.4324737150967121,0.7866762751340866,0.0001697404885908,,0.5117502541840077,21.27264658399963,8.226999625336662e-05,0.6635256394722956,0.5637397408462427,0.44341156527532,0.6635256394722956,0.4724941911135232,0.5551993919529089,0.6115784624647822,0.0030021296702761,unet25d
80,0.7169891002774239,0.0211886133463121,0.4386689269542694,0.7968513393402099,0.0001826453228295,,0.5189539912343025,21.92395446200044,7.860789104443896e-05,,,,,,,,0.00295399004317,unet25d
81,0.715193756967783,0.0198177374061197,0.4370433682203293,0.7947267735004425,0.0001247999018141,,0.5170449638366699,24.847690941999645,7.500000000000002e-05,,,,,,,,0.0026133704497624,unet25d
82,0.7084981873631477,0.0225956752803176,0.434137202501297,0.7886235782504082,0.0001556821218628,,0.5136337873339653,23.352911603000397,7.144906290181832e-05,,,,,,,,0.0031322163926597,unet25d
83,0.7192736408114433,0.0218886213377118,0.4403196515142917,0.7947435283660889,0.0001501801179279,,0.5204439121484756,24.216050992999957,6.795777628163599e-05,,,,,,,,0.0032120093206322,unet25d
84,0.7293990048766136,0.0233196330862119,0.4469672766327858,0.8295419269800186,0.0001302641761083,,0.5305868008732796,23.788800749000075,6.452879137346007e-05,,,,,,,,0.0032940517907263,unet25d
85,0.7044926926493644,0.0227412290778011,0.431792127713561,0.8083372443914414,0.000138807525241,,0.5132944940030575,23.74923049999961,6.1164712100253e-05,,,,,,,,0.0033085028840287,unet25d
86,0.7380137437582016,0.0211976640718057,0.4512873308360576,0.7769634041190148,0.0001653954406492,,0.5296072727441787,23.215347655000187,5.786809309654982e-05,,,,,,,,0.0030766287706137,unet25d
87,0.744075411260128,0.0219449265254661,0.455223236978054,0.8281255000829697,0.000157768756585,,0.5386693814396858,23.61113197200029,5.464143776850482e-05,,,,,,,,0.0031285159073013,unet25d
88,0.7153490805625915,0.0195644151978194,0.4370352306962013,0.7624935901165009,0.0001478821896853,,0.51381687104702,24.539856946999866,5.148719639283984e-05,,,,,,,,0.0026244589521957,unet25d
89,0.7089139573276043,0.0209985351702198,0.4337478050589561,0.8072734007239342,0.0001462099794116,,0.5150818751752376,23.35801940600049,4.840776425613886e-05,0.6935522971786763,0.598643621040447,0.473884947234493,0.6935522971786763,0.493164125284149,0.6092144406585155,0.6431129593427891,0.002997074791474,unet25d
90,0.7194863057136536,0.0216372119868174,0.4403466863930225,0.7942556628584861,0.0001489990096001,,0.5204309478402138,21.38634348600044,4.5405479835900685e-05,,,,,,,,0.0032562290769101,unet25d
91,0.7324822399020195,0.0223879308253526,0.4484445333480835,0.8363887631893158,0.0001352573699364,,0.5327190744876862,21.79107704600028,4.2482623024732334e-05,,,,,,,,0.0031445222016191,unet25d
92,0.7253527337312698,0.0208788772369734,0.4435632100701332,0.7683981257677078,0.0001294522064586,,0.5209643149375915,22.607768024000507,3.964141339903026e-05,,,,,,,,0.0027740846879896,unet25d
93,0.7202451106905937,0.0218818778195418,0.4408998341858387,0.8091191110014916,0.0001663176186229,,0.5224502158164978,24.206848500999516,3.6884008533465575e-05,,,,,,,,0.0031507571264774,unet25d
94,0.7458532997965812,0.0191866826312616,0.455186670422554,0.8143509903550148,0.0001371294539467,,0.5371180590987206,23.31059869000001,3.4212502362551864e-05,,,,,,,,0.0024471517741176,unet25d
95,0.7357375672459603,0.0205540409823879,0.4496641761064529,0.8004986429214478,0.0001435817560991,,0.5303104355931282,24.02168076399994,3.162892359054098e-05,,,,,,,,0.0029460780842964,unet25d
96,0.7327822729945183,0.0209289439208805,0.4480409578979015,0.8110932326316833,0.0001260291443304,,0.5297322386503219,24.578461109000276,2.913523415085328e-05,,,,,,,,0.0028782586628949,unet25d
97,0.7294566421210766,0.0209609262831509,0.4460583731532097,0.8079354226589203,0.0001596358910501,,0.5274787044525147,24.03413661599916,2.673332771621324e-05,,,,,,,,0.0030940510944128,unet25d
98,0.7099165132641793,0.0207727714860811,0.4342590323090553,0.7740017887949944,0.0001596073394921,,0.5122735440731049,25.619382420000875,2.4425028260620715e-05,,,,,,,,0.0030317450974689,unet25d
99,0.7009061521291733,0.0209864385123364,0.4289382800459861,0.7894233170151711,0.0001514563589807,,0.5084901621937752,24.369888191000427,2.221208867425096e-05,0.6935961473416543,0.596317145655834,0.4744103843752648,0.6935961473416543,0.4943623194207797,0.6009929702050686,0.6424938705392692,0.0030098823068692,unet25d
100,0.7443732196092605,0.0218720292393118,0.4553727643191814,0.833015703856945,0.0001918212297459,,0.539309131205082,21.59065469900088,2.009618943233419e-05,,,,,,,,0.0031260223262142,unet25d
101,0.7101653562486172,0.0214444599067792,0.4346770137548447,0.7888294062018395,0.0001587666678278,,0.5141794183850288,21.119630465000228,1.807893731902665e-05,,,,,,,,0.0030576329473296,unet25d
102,0.7067814299464226,0.0236875442741438,0.4335438928008079,0.7491341909766197,0.0001795270463298,,0.5092124733328819,21.846703156999865,1.616186420724089e-05,,,,,,,,0.0037309211887622,unet25d
103,0.7361554899811744,0.0215082590049132,0.4502966147661209,0.825328853726387,0.0001745645945243,,0.5334951421618461,22.625737151000067,1.4346425895363384e-05,,,,,,,,0.0032845695196738,unet25d
104,0.7026272565126419,0.0223780329455621,0.4305275854468345,0.7969697517156601,0.0001371987443144,,0.5108668711781502,25.38881018099892,1.2634001001741372e-05,,,,,,,,0.0031772528920191,unet25d
105,0.7159672077000141,0.0210270909173414,0.4379911789298057,0.7756055700778961,0.0001578949174017,,0.5161736603081226,25.89847345399903,1.1025889917779737e-05,,,,,,,,0.0030701489144121,unet25d
106,0.7307596945762634,0.0221140124788507,0.4473014397919178,0.7825146734714508,0.0001836630450088,,0.526247752904892,25.13217273500049,9.523313820441804e-06,,,,,,,,0.0034283132813925,unet25d
107,0.7279699349403381,0.0204045870434492,0.4449438168108463,0.7834842598438263,0.0001539395507916,,0.523917483985424,24.681320725998376,8.127413744904804e-06,,,,,,,,0.0030877272852785,unet25d
108,0.7066432714462281,0.0174844077671878,0.4309797412157058,0.7765627783536911,0.0001318409541818,,0.5090751367807388,25.686956583998835,6.839249718073875e-06,,,,,,,,0.0021626189515382,unet25d
109,0.7067930319905281,0.0163919206475839,0.4306326062977314,0.7632181802392006,0.0001182750951556,,0.5073840616643429,24.538090538999317,5.659799953612438e-06,0.6961944718903682,0.6029273975706915,0.4811557478030714,0.6961944718903682,0.4952259009641135,0.6173618198575925,0.6467104771857355,0.0021186021620019,unet25d
110,0.7124404573440551,0.0177755607571452,0.4345745165646076,0.7370160207152366,0.0001342427097179,,0.5087424343824387,21.428545866001517,4.589960109100444e-06,,,,,,,,0.0022980256949063,unet25d
111,0.7038913854956627,0.0173428593738935,0.4292719931900501,0.7589394614100456,0.0001154428891732,,0.5056288424134254,21.008163574999344,3.630542605884657e-06,,,,,,,,0.0022856593312621,unet25d
112,0.7047297233343124,0.0198534346092492,0.4307792238891125,0.7901653814315795,0.0001537228812412,,0.510343534052372,21.95082152000032,2.7822760121373187e-06,,,,,,,,0.0027004102226953,unet25d
113,0.7020088019967079,0.018385390699841,0.4285594560205936,0.754551793038845,0.0001357396193316,,0.5044948253035545,21.106536133998816,2.0458044895916517e-06,,,,,,,,0.0023669979385886,unet25d
114,0.6839220821857452,0.0176996317226439,0.4174331197142601,0.7343972897529603,0.0001384203476277,,0.4913337548077106,22.128552733000102,1.4216873043745137e-06,,,,,,,,0.0022699237019895,unet25d
115,0.6770317542552948,0.0201279765181243,0.4142702616751194,0.8016157442331314,0.0001348656070808,,0.4949016676843166,24.65624246300104,9.103984023075772e-07,,,,,,,,0.0023154374324531,unet25d
116,0.6894771334528923,0.017656736546196,0.4207489912211895,0.7782043674588204,0.0001129124464296,,0.4990111494064331,24.51645496999845,5.123260489995229e-07,,,,,,,,0.0021803821072921,unet25d
117,0.7048692047595978,0.0186861282261088,0.4303959882259369,0.7593594667315483,0.0001270393974425,,0.5068547344207763,23.884931055999918,2.2777253500257386e-07,,,,,,,,0.0025822217011818,unet25d
118,0.7020000714063644,0.0184311207372229,0.4285725085437298,0.7469118431210517,0.0001324119645687,,0.5037937018275261,23.698631416000357,5.695394625728767e-08,,,,,,,,0.0026169379216025,unet25d
119,0.7214195427298545,0.020640580196632,0.4411079733073711,0.7845090636610985,0.000144375882221,,0.520109256207943,25.043541241999264,0.0,0.6962438648914699,0.6028032158578279,0.4809133937993917,0.6962438648914699,0.4969097408643572,0.6152560418176568,0.6466786230721695,0.0027157705026775,unet25d
0,0.976246176958084,0.6657857203483581,0.8520620214939117,0.7469555002450943,0.0524030779674649,0.5976165735721588,1.5269942998886108,25.92676899200069,5.1e-05,,,,,,,,,no_quality
1,0.9636673599481582,0.4780872541666031,0.7694353419542312,0.6956841331720353,0.154977736249566,0.4972549074888229,1.344007548093796,24.403366950999956,0.0001009999999999,,,,,,,,,no_quality
2,0.9546886616945268,0.4056582248210907,0.7350765192508697,0.6891814607381821,0.1809069223701954,0.4698835414648056,1.2829235553741456,24.510237348999908,0.0001509999999999,,,,,,,,,no_quality
3,0.9569849467277528,0.3602120155096054,0.718275801539421,0.6851654642820358,0.1717244882881641,0.4531823775172233,1.248560951948166,24.42669142700015,0.0002009999999999,,,,,,,,,no_quality
4,0.9505288195610048,0.3162928593158722,0.6968344622850418,0.6969689798355102,0.1638255111873149,0.4335553964972496,1.2082780385017395,22.280453818999376,0.000251,,,,,,,,,no_quality
5,0.9377241533994676,0.2721484073996544,0.6714938777685165,0.6887620759010314,0.150599216222763,0.4103656470775604,1.1582656997442244,22.038546304000192,0.0003,,,,,,,,,no_quality
6,0.9351247829198838,0.2246144564449787,0.6509206777811051,0.6874561864137649,0.1383022806048393,0.3959343805909157,1.1225157874822616,22.52054316000067,0.0002999430460537,,,,,,,,,no_quality
7,0.9283078992366792,0.185924796462059,0.6313546818494796,0.6902545920014381,0.1230263214558363,0.3833819141983985,1.089913364648819,22.054684275,0.0002997722274649,,,,,,,,,no_quality
8,0.9077944737672806,0.1572663187980651,0.6075832337141037,0.699273687005043,0.109280837252736,0.3675181826949119,1.0504928296804428,24.115709210000205,0.000299487673951,,,,,,,,,no_quality
9,0.8961341434717178,0.1302731744945049,0.5897897797822952,0.6976332914829254,0.0982091074436903,0.3605862179398537,1.0250497829914094,23.373631790000218,0.0002990896015976,0.4520966177837171,0.427957576262219,0.3712549742643081,0.4520966177837171,0.4134868902362971,0.4182892207666428,0.4367707409753267,,no_quality
10,0.8880628979206086,0.1101071575284004,0.5768806210160256,0.7013472852110862,0.0867571040987968,0.3558283759653568,1.007181585431099,23.45726400999956,0.0002985783126956,,,,,,,,,no_quality
11,0.8617486542463303,0.0942717835307121,0.5547579312324524,0.7007621365785599,0.0758399721980094,0.3407860180735588,0.9694121599197388,23.86499734500012,0.0002979541955104,,,,,,,,,no_quality
12,0.8549669760465622,0.0790598116070032,0.5446041315793991,0.7084742617607117,0.0664811966195702,0.3379354333877563,0.9567110455036164,24.021199188000537,0.0002972177239878,,,,,,,,,no_quality
13,0.8365283232927322,0.0681835464015603,0.5291904377937316,0.6970957297086716,0.0574220114201307,0.3313544975221157,0.933125609755516,22.67806884000038,0.0002963694573941,,,,,,,,,no_quality
14,0.8527171391248703,0.0579402652010321,0.5348064115643502,0.7000890204310417,0.0499685631692409,0.3451149481534958,0.9524286937713624,22.604543215000376,0.0002954100398908,,,,,,,,,no_quality
15,0.8265411156415939,0.0539874071627855,0.5175196495652199,0.7169257694482803,0.0428857684507966,0.3375268495082855,0.9288833636045456,21.703391820000437,0.0002943402000463,,,,,,,,,no_quality
16,0.8071557396650314,0.0458107706159353,0.5026177689433098,0.7473146963119507,0.0373407401144504,0.3237879410386085,0.9030042171478272,23.68746063799972,0.0002931607502819,,,,,,,,,no_quality
17,0.7978650838136673,0.0424103993363678,0.4956832298636436,0.7243808716535568,0.0312614323757588,0.3219924862682819,0.8916768711805344,23.3629246090004,0.000291872586255,,,,,,,,,no_quality
18,0.8325465655326844,0.0465002670139074,0.5181280705332756,0.8148972895741463,0.0262134582921862,0.3517625461518764,0.9538790547847747,25.02890475299955,0.0002904766861795,,,,,,,,0.005940168579109,no_quality
19,0.8140455049276352,0.0430281433090567,0.5056385800242424,0.782558780014515,0.0226765231415629,0.3414998802542686,0.9276899367570876,23.95559341399985,0.0002889741100822,0.6197518615143792,0.5340036962296195,0.4107171348659998,0.6197518615143792,0.4630621778589065,0.519197049315573,0.5731239392641134,0.0058088665315881,no_quality
20,0.7888420647382737,0.0382742714509367,0.4886149689555168,0.7850674265623092,0.019733628463,0.3303739473223686,0.8996316158771515,24.14931607400013,0.0002873659989982,,,,,,,,0.0057463996298611,no_quality
21,0.7952588406205178,0.0370352013967931,0.491969405412674,0.7866823905706406,0.016800037631765,0.3352356703579426,0.9077727752923964,22.389790748999985,0.0002856535741046,,,,,,,,0.0052972682146355,no_quality
22,0.7872810032963753,0.0361792595218867,0.4868403244018555,0.8256293022632599,0.0144335694424808,0.3355695857107639,0.9066719609498978,23.50964660200043,0.0002838381357927,,,,,,,,0.0048871978418901,no_quality
23,0.7744980829954148,0.0333495995029807,0.4780387061834335,0.8217019215226173,0.0123749265260994,0.329418780207634,0.8910397326946259,22.930773466000574,0.0002819210626809,,,,,,,,0.0039665458421222,no_quality
24,0.784550421833992,0.0291525034233927,0.4823912754654884,0.7969777512550354,0.010685746744275,0.3356054423749446,0.8989213764667511,23.017779150000024,0.0002799038105676,,,,,,,,0.0034629689250141,no_quality
25,0.779812333881855,0.0338715747930109,0.4814360511302948,0.8056128245592117,0.0087921132054179,0.3364709250628948,0.8996810060739517,24.685060408000027,0.0002777879113257,,,,,,,,0.0038657012616749,no_quality
26,0.7641443890333176,0.0285612067533656,0.4699111366271972,0.8042991510033608,0.007867979039438,0.3248201791942119,0.8761440461874008,24.900987171999983,0.0002755749717393,,,,,,,,0.0029470674262847,no_quality
27,0.7667136725783348,0.0270395227055996,0.4708440333604812,0.8203022706508637,0.0067101187445223,0.3289775629341602,0.8826730847358704,25.11626031099968,0.0002732666722837,,,,,,,,0.0024287765915505,no_quality
28,0.7679569554328919,0.0251192399766296,0.4708218868076801,0.7982822850346565,0.0059164273412898,0.3312692411988973,0.8826732370257377,24.089426731999996,0.0002708647658491,,,,,,,,0.0022902792040258,no_quality
29,0.7571089944243431,0.0262297946028411,0.4647573347389698,0.7860934728384018,0.0050203430326655,0.3273244044184685,0.8715834718942642,24.8673055700001,0.0002683710764094,0.6982783601309078,0.6028357348215853,0.4579023171441869,0.6982783601309078,0.4994175455065586,0.6108112988272895,0.6456079682394389,0.0032068362738937,no_quality
30,0.759807702600956,0.0243661705311387,0.4656311091780662,0.850792892575264,0.004480103245005,0.3286662073433399,0.8802733606100083,22.174922066999898,0.0002657874976374,,,,,,,,0.003363747394178,no_quality
31,0.7493508195877076,0.0274235731782391,0.460579941868782,0.8161786583065986,0.003951933842618,0.3264816550910472,0.869592472910881,23.22987245100012,0.0002631159914665,,,,,,,,0.0035770436096936,no_quality
32,0.7487510806322097,0.0248468247801065,0.4591893988847733,0.8055093562602997,0.003625307243783,0.3271202480792999,0.867663132250309,23.17722489400057,0.0002603585866009,,,,,,,,0.0031064292206428,no_quality
33,0.7538920080661774,0.0232396825123578,0.4616310946643353,0.8010102832317352,0.0032062913011759,0.3263773216307163,0.8688136282563209,23.45613259800029,0.0002575173769752,,,,,,,,0.0027193770406302,no_quality
34,0.7084603580832481,0.0245117410784587,0.4348809313774109,0.7866527864336967,0.0028607134800404,0.3087911434471607,0.8229725459218025,24.000686903000314,0.000254594520164,,,,,,,,0.002460769622121,no_quality
35,0.7592357915639877,0.0225231464579701,0.4645507532358169,0.8295969825983047,0.0024300842138472,0.3302545194327831,0.8783338904380799,23.711914855000032,0.0002515922357438,,,,,,,,0.0022370598220732,no_quality
36,0.7234957644343376,0.0218997339857742,0.4428573682904243,0.7771697640419006,0.0022114124067593,0.3165352927148342,0.8376315012574196,23.845403066000472,0.0002485128036071,,,,,,,,0.0020564839657163,no_quality
37,0.7227075481414795,0.0231805189326405,0.4428967542946339,0.8141717958450317,0.0019298759498633,0.317169267013669,0.8419578438997268,24.148242751,0.0002453585622314,,,,,,,,0.0018907608522567,no_quality
38,0.7567533752322197,0.0200419586291536,0.4620688250660896,0.7810910481214524,0.0017703275871463,0.3332059161365032,0.8738213020563126,23.84727511700021,0.0002421319069034,,,,,,,,0.0017446884757373,no_quality
39,0.7203454497456551,0.0214811348170042,0.4407997411489486,0.8327715575695038,0.0016423862462397,0.3163209380209446,0.8408358004689217,24.60468293899976,0.0002388352878997,0.6734048780334355,0.5767827525848115,0.4288657250307013,0.6734048780334355,0.4693654219088389,0.5875779578121595,0.6199643250985749,0.0017792175558861,no_quality
40,0.7370441463589669,0.0214917735522612,0.4508232146501541,0.8039714023470879,0.0014339951495639,0.3218916660547256,0.8535607782006264,22.99814825599969,0.0002354712086265,,,,,,,,0.001885275200475,no_quality
41,0.7551232028007507,0.0205067694978788,0.4612766480445862,0.8485188525915146,0.0013265395222697,0.3319159919023514,0.8784262856841087,22.24947556799998,0.0002320422237183,,,,,,,,0.0015771471700281,no_quality
42,0.7329752144217491,0.0215290613891556,0.4483967708051204,0.798182920217514,0.0012553875608136,0.3236379301548004,0.8523553466796875,24.67433512699972,0.0002285509370981,,,,,,,,0.0021979126846417,no_quality
43,0.7149286264181137,0.0193397341063246,0.4366930870711803,0.7968367519974708,0.0011821649532066,0.3149766318500042,0.8316941237449647,24.23746804999973,0.000225,,,,,,,,0.0014080902883142,no_quality
44,0.728661413192749,0.0192096215032506,0.4448807138204574,0.783197862803936,0.0010313073603902,0.3204336756467819,0.8439763420820237,24.8048699459996,0.0002213921089555,,,,,,,,0.0014529959633364,no_quality
45,0.7245353791117668,0.0208238139143213,0.4430507725477218,0.7997576653957367,0.0009682313696248,0.3201463536918163,0.8435428774356842,24.50308268399931,0.0002177300037466,,,,,,,,0.0016078345308778,no_quality
46,0.7309763142466545,0.0189902196964249,0.4461818930506706,0.7844692894816399,0.0008773634972749,0.3212728820741176,0.8462868994474411,24.571696729,0.0002140164653244,,,,,,,,0.0017066485973191,no_quality
47,0.6968796676397324,0.0194913601223379,0.4259243601560593,0.7738043075799942,0.0008255684829782,0.3067533925175666,0.810393612086773,23.854045152999788,0.0002102543136979,,,,,,,,0.0014707295358675,no_quality
48,0.7111574187874794,0.0200234169210307,0.4347038349509239,0.803495488166809,0.0007956836445373,0.3146279160678387,0.830039176940918,24.898770603999765,0.0002064464057921,,,,,,,,0.0015904382685403,no_quality
49,0.6896580350399018,0.0176100576831959,0.4208388593792915,0.7480685475468636,0.0007308496488258,0.3041913664340973,0.8001098537445068,24.50886051399993,0.0002025956332789,0.6689278377341115,0.5807518895227721,0.4496466986686676,0.6689278377341115,0.4897202912570213,0.5836075395771837,0.6205469393641653,0.0011811519241746,no_quality
50,0.7235196653008461,0.0194367210031487,0.4418865031003952,0.7850666403770447,0.0006554237240925,0.32110584795475,0.8418628549575806,24.04301809500066,0.0001987049203807,,,,,,,,0.0016553169122926,no_quality
51,0.7058263915777206,0.0195018822560086,0.4312966062128543,0.7748173460364342,0.0005875532812206,0.3127714085578919,0.8219119945168495,24.59959490500023,0.0001947772216502,,,,,,,,0.0016642959622549,no_quality
52,0.732896617949009,0.0204622692242264,0.4479228979349136,0.8286470106244087,0.0005639651269302,0.3258623275160789,0.8570495718717575,24.68115407299956,0.0001908155197268,,,,,,,,0.0018572369829416,no_quality
53,0.7075567938387394,0.0185256991209462,0.431944370418787,0.8142955046892166,0.0005728172804811,0.3118762196600437,0.8256020057201385,25.792743568000333,0.0001868228230711,,,,,,,,0.0016161296024802,no_quality
54,0.7044900524616241,0.0202431603264994,0.4307913148403168,0.7995132493972779,0.0005249545242986,0.311505658775568,0.8226510518789292,23.738780701,0.0001828021636809,,,,,,,,0.0018825058327274,no_quality
55,0.6948690117895603,0.0194031553063541,0.424682685136795,0.7858886969089508,0.0004834822914563,0.3076112581789493,0.8112655678391456,24.41621305799981,0.0001787565947885,,,,,,,,0.001792886125113,no_quality
56,0.6923313936591149,0.0179872094583697,0.4225937373936176,0.7737677693367004,0.000457799436117,0.3070565417036414,0.8073205934464931,23.682011226999748,0.0001746891885421,,,,,,,,0.0013532247105831,no_quality
57,0.6826150873303414,0.0193055517273023,0.4172912916541099,0.8145177417993545,0.0004230566424666,0.3016134203225374,0.8007270017266274,24.552106455000285,0.0001706030336727,,,,,,,,0.0017468248167642,no_quality
58,0.716803850531578,0.0178503341670148,0.4372224628925323,0.7923964416980743,0.0004040846406132,0.3181173083186149,0.8348927074670791,24.493162131000645,0.0001665012331491,,,,,,,,0.001465440885222,no_quality
59,0.7317405691742898,0.0156146187079139,0.4452902048826218,0.7895771154761314,0.0003863707961863,0.3229831122606992,0.8475124689936638,24.760028491999947,0.0001623869018208,0.6998176946580584,0.6098833170605624,0.4807195284549548,0.6998176946580584,0.5084090729957133,0.6214231835279156,0.6509275647584992,0.0013106298286948,no_quality
60,0.6920028898119926,0.0144532855972647,0.420983063429594,0.7420256078243256,0.0003672357636969,0.3055571345984936,0.8010025173425674,25.91763857000024,0.0001582631640533,,,,,,,,0.001206963141667,no_quality
61,0.714209022372961,0.0170938190363813,0.4353629575669765,0.7706956604123115,0.0003398858204309,0.3160219302773475,0.8288324339687825,24.569750926999404,0.0001541331513552,,,,,,,,0.0018049462696762,no_quality
62,0.6883252456784248,0.0176684139645658,0.4200625304877758,0.7682354310154915,0.000331428485515,0.3071274058520793,0.8043596971035004,25.692955972999695,0.00015,,,,,,,,0.001648243604759,no_quality
63,0.704835072606802,0.0159540477022528,0.4292826808989048,0.7524608731269836,0.0003160200262209,0.3118244194984436,0.8166490858793258,24.952011541000505,0.0001458668486447,,,,,,,,0.0014004960779675,no_quality
64,0.7226658222079277,0.015640000780113,0.4398555117845535,0.7959040397405625,0.0003019663714803,0.3194884540885687,0.8392490130662918,24.649523690000024,0.0001417368359466,,,,,,,,0.0014977372883549,no_quality
65,0.6966524133086205,0.017384844336193,0.4249454028904438,0.7847374194860458,0.0003168275840289,0.3085568872094154,0.8122844785451889,25.004271347000213,0.0001376130981791,,,,,,,,0.0014629939753467,no_quality
66,0.7039650151133537,0.0171505825663916,0.429239260405302,0.751400004029274,0.000301988061401,0.3132423558086157,0.8179973188042641,25.53447240100013,0.0001334987668508,,,,,,,,0.0018030217792329,no_quality
67,0.7085093268752098,0.016863747164607,0.4318511113524437,0.783266538977623,0.0002571449719835,0.3125952210277319,0.8231291016936302,23.473469233000287,0.0001293969663272,,,,,,,,0.0017162773040854,no_quality
68,0.7091662374138832,0.014049422488315,0.4311195288598537,0.7852298873662948,0.0002523833420127,0.3135385216772556,0.8234291023015976,25.418477118999363,0.0001253108114578,,,,,,,,0.0011771790385319,no_quality
69,0.6963524028658867,0.0148588476795703,0.4237549974024295,0.7667301973700523,0.0002364971213683,0.3088556079566478,0.8095891758799553,23.28049453299991,0.0001212434052114,0.7081331616002782,0.6070377057133426,0.4687427519844907,0.7081331616002782,0.482743958742696,0.6302359967970537,0.6538654838726188,0.0014686410270041,no_quality
70,0.6828890302777291,0.0181743636354804,0.4170031823962927,0.7955805838108063,0.0002579684775264,0.3026439592614769,0.7996022953093052,25.5778634520002,0.000117197836319,,,,,,,,0.0019209583417978,no_quality
71,0.6713259471952915,0.0171323167392984,0.4096485115587711,0.7762733322381973,0.0002287852721929,0.2996807473152876,0.7873230507969856,24.03494608299934,0.0001131771769288,,,,,,,,0.0017750787939985,no_quality
72,0.7360867103934288,0.0207683477282989,0.4499593831598759,0.7985733276605607,0.0001894487882964,0.3274766263365745,0.8578551022708416,24.547669278000285,0.0001091844802731,,,,,,,,0.0027614505488236,no_quality
73,0.6933377808332444,0.0209098052489571,0.4243666061758995,0.8225450077652932,0.0001993280522583,0.3087321756780147,0.8158869597315789,23.98896458000036,0.0001052227783497,,,,,,,,0.0026185623326455,no_quality
74,0.7488488730788231,0.0200842227926477,0.4573430326581001,0.8266095012426377,0.0002075711461657,0.3336418141424656,0.8742159822583199,25.3282963949996,0.0001012950796192,,,,,,,,0.0027990048858191,no_quality
75,0.7406364333629608,0.0183168030367232,0.4517085991799831,0.790554449558258,0.0002076099059195,0.3284750504791736,0.8597357076406479,24.72909874800098,9.740436672108684e-05,,,,,,,,0.0024311160273373,no_quality
76,0.693184397816658,0.0193264036369509,0.4236412188410759,0.807017271220684,0.0001821287860366,0.3071157614886761,0.8119090193510056,24.049663462999888,9.355359420782469e-05,,,,,,,,0.0022060107558172,no_quality
77,0.7201750046014785,0.0211214456520974,0.440553597509861,0.8245172759890557,0.0001989176281495,0.3198539279401302,0.8434382665157318,24.40861580300043,8.97456863020546e-05,,,,,,,,0.002845349738709,no_quality
78,0.7018890464305878,0.0192925967741757,0.428850485086441,0.8212814652919769,0.0001968953340838,0.3119587329030037,0.8234122121334075,23.70004798300033,8.598353467553945e-05,,,,,,,,0.0023250277442639,no_quality
79,0.6958379067480565,0.0186752211651764,0.4249728490412235,0.8034047394990921,0.0001800832719163,0.309162825345993,0.8149413195252418,22.472124313999306,8.226999625336662e-05,0.6954774439499833,0.6088717744362675,0.478727456011812,0.6954774439499833,0.4876386146804566,0.6434992646783627,0.6478207443020514,0.0022808013650319,no_quality
80,0.7018578171730041,0.0169880698941415,0.4279099337756634,0.7939966475963592,0.0001723597049567,0.3103246119618416,0.8180434745550156,24.86396930199953,7.860789104443896e-05,,,,,,,,0.0020032219216909,no_quality
81,0.699633960723877,0.0175282086990773,0.4267916777729988,0.7971066999435424,0.0001858267072384,0.3102225159108638,0.8171775031089783,25.725859190999472,7.500000000000002e-05,,,,,,,,0.002216733690584,no_quality
82,0.689032737314701,0.0187060254858806,0.4209020711481571,0.7800893995165825,0.000166769516436,0.3063954456150531,0.8058083611726761,24.120624785000476,7.144906290181832e-05,,,,,,,,0.0024678361339647,no_quality
83,0.7032935765385627,0.0186427770974114,0.4294332720339298,0.8039593967795372,0.0001693713236454,0.3136528335511684,0.8239830848574639,25.19638936499905,6.795777628163599e-05,,,,,,,,0.0024628309308445,no_quality
84,0.7177853825688362,0.0200212228368036,0.4386797371506691,0.7915213760733605,0.0001527891115256,0.3193830706179142,0.8377554225921631,24.032302794001225,6.452879137346007e-05,,,,,,,,0.0026641803514212,no_quality
85,0.6882331995666027,0.0185560551285743,0.4203623592853546,0.7962329113483428,0.0001629832742037,0.3064276453107595,0.8069127064943313,24.413036330999603,6.1164712100253e-05,,,,,,,,0.0024563164085338,no_quality
86,0.7214045450091362,0.0171964337839744,0.4397213152050972,0.7705906650424004,0.0001581432944658,0.3225182309746742,0.8397418975830078,23.15362032899975,5.786809309654982e-05,,,,,,,,0.0021768997285835,no_quality
87,0.7301897060871124,0.0191715080477297,0.4457824465632438,0.7960518628358841,0.0001516669987177,0.3226904432475567,0.8486011496186256,22.945219937999354,5.464143776850482e-05,,,,,,,,0.0025774481651023,no_quality
88,0.7042130744457245,0.0174439354473724,0.4295054367184639,0.7724923145771027,0.0001505275291128,0.3137388508766889,0.8209691950678826,23.86418062300072,5.148719639283984e-05,,,,,,,,0.0023407334616786,no_quality
89,0.6943535383045674,0.0185750425234436,0.4240421567112207,0.7930355960130692,0.0001515614693926,0.3079212881624699,0.8117784941196442,22.8056901609998,4.840776425613886e-05,0.7091825123985614,0.6197938278214873,0.488770232027658,0.7091825123985614,0.5009052110792982,0.6492937599866019,0.6603246789883488,0.002519552803642,no_quality
90,0.7045798513293267,0.0178787346789613,0.4298994222283363,0.785581756234169,0.0001419953288132,0.3136345392465591,0.8225584742426872,25.208795393999026,4.5405479835900685e-05,,,,,,,,0.0022961843023631,no_quality
91,0.7164126080274582,0.0185414566332474,0.4372641661763191,0.8253253394365311,0.0001361879741307,0.3187658813595772,0.8390581506490707,25.332650698999718,4.2482623024732334e-05,,,,,,,,0.0024437959230999,no_quality
92,0.710040167272091,0.0178088040696457,0.4331476403772831,0.7728280627727508,0.000151719480491,0.3156714548170566,0.8265625658631325,24.877340170000025,3.964141339903026e-05,,,,,,,,0.0022653775033722,no_quality
93,0.7058209961652756,0.0182208582293242,0.4307809598743916,0.7893139871954918,0.0001478038528148,0.3138959991931915,0.8240796872973442,25.17195494600128,3.6884008533465575e-05,,,,,,,,0.0023196889369864,no_quality
94,0.7321866950392724,0.0157050989661365,0.4455940733850002,0.8158858421444893,0.0001359037093789,0.3252706433832645,0.8528228294849396,23.58161548300086,3.4212502362551864e-05,,,,,,,,0.0018136380032547,no_quality
95,0.7190822893381119,0.0168020319822244,0.4381702029705047,0.7836308032274246,0.0001399110675993,0.3181576219201087,0.8351163002848625,23.206289596000715,3.162892359054098e-05,,,,,,,,0.0020919858277557,no_quality
96,0.7160958445072174,0.0171616393397562,0.4365221816301345,0.7786637896299362,0.0001457864259282,0.3167961806058884,0.8316254252195359,23.53400234100081,2.913523415085328e-05,,,,,,,,0.002166946577272,no_quality
97,0.7158536739647389,0.0171859874250367,0.4363866171985864,0.8034277963638305,0.0001441752773826,0.3168450014293194,0.8340425971150398,23.108437781998877,2.673332771621324e-05,,,,,,,,0.0023049201908406,no_quality
98,0.6944587641954422,0.0180601898254826,0.4238993538916111,0.7677407792210579,0.0001487039633502,0.308887152671814,0.8100587755441666,24.308531693000987,2.4425028260620715e-05,,,,,,,,0.0024537898265225,no_quality
99,0.6877291333675385,0.0183940918510779,0.4199951349198818,0.7843660202622413,0.0001421953115641,0.3065358537435532,0.8054574671387672,22.765225193999868,2.221208867425096e-05,0.7202876659365423,0.631872705955947,0.5044614452983062,0.7202876659365423,0.5104687746567638,0.6648616772745348,0.6721805558785401,0.0024138575300457,no_quality
100,0.7285398343205451,0.0172547694621607,0.4440258282423019,0.8267385253310203,0.0001383257636916,0.3242371885478496,0.851370764374733,23.70476819799842,2.009618943233419e-05,,,,,,,,0.0021348747164665,no_quality
101,0.6914371483027935,0.0176546514267101,0.4219241678714752,0.7904880318045616,0.0001396613407268,0.3055132553726434,0.8069293805956841,22.67660045499906,1.807893731902665e-05,,,,,,,,0.0021808439255619,no_quality
102,0.6887052173912526,0.019838182432577,0.4211584205925465,0.7487520524859428,0.0001411581769207,0.307621334195137,0.8042205590009689,23.64011068200125,1.616186420724089e-05,,,,,,,,0.002792721537844,no_quality
103,0.7172654491662979,0.0170464670890942,0.437177874147892,0.8111516159772872,0.0001305996621522,0.3196682807803154,0.8384207293391228,23.58023949299968,1.4346425895363384e-05,,,,,,,,0.002264397856743,no_quality
104,0.6867186757922172,0.0180713749839924,0.4192597694694996,0.7964458429813385,0.0001274563962215,0.305177847892046,0.8045233780145645,23.59241816999929,1.2634001001741372e-05,,,,,,,,0.0021740162202513,no_quality
105,0.7009991174936294,0.0174184731161221,0.4275668747723102,0.7779055693745613,0.0001326326845446,0.3105973936617374,0.8163998085260391,23.701674362999256,1.1025889917779737e-05,,,,,,,,0.0021917483466677,no_quality
106,0.7153970617055893,0.018011863080319,0.4364430014789104,0.7807419764995575,0.0001362979183613,0.3192898343503475,0.8342994725704194,22.75987624299887,9.523313820441804e-06,,,,,,,,0.0024281611787364,no_quality
107,0.7155898377299309,0.0178870941000059,0.4365087588131427,0.7647384604811669,0.0001432285358168,0.3184626175463199,0.8319559988379478,23.48030232000019,8.127413744904804e-06,,,,,,,,0.0025180934278785,no_quality
108,0.6912976184487343,0.0149654784263111,0.4207647785544395,0.7556490617990493,0.0001353143530286,0.3065529714524746,0.8032436808943748,23.53791147799893,6.839249718073875e-06,,,,,,,,0.0017712922046712,no_quality
109,0.6943437968194485,0.0143525740143377,0.4223473227769136,0.7596724247932434,0.0001356277214654,0.3090647151321172,0.8077431786060333,22.119449674999487,5.659799953612438e-06,0.7263307318333118,0.635495696048531,0.5062425323825767,0.7263307318333118,0.5119214149570112,0.6682349413552698,0.6770714011528041,0.0017855522527338,no_quality
110,0.6995764163136482,0.0158820839645341,0.4260987003147602,0.7509620651602745,0.0001376847875508,0.3109751981496811,0.8125518292188645,23.332181448000483,4.589960109100444e-06,,,,,,,,0.0018742021444995,no_quality
111,0.6896593607962132,0.0144158759852871,0.4195619834959507,0.737166796028614,0.0001275299482222,0.3062488269805908,0.7998695304989815,23.5776061939996,3.630542605884657e-06,,,,,,,,0.0016783091390618,no_quality
112,0.6878861862421036,0.015831976684276,0.419064520150423,0.7731211131811142,0.0001382321095297,0.307178712785244,0.8039286285638809,23.729115907999585,2.7822760121373187e-06,,,,,,,,0.0018318780758158,no_quality
113,0.6899964401125908,0.0153197588119655,0.4201257802546024,0.7491541823744774,0.0001300750062364,0.3061276333034038,0.8015245297551155,23.034300076000363,2.0458044895916517e-06,,,,,,,,0.0017459515450673,no_quality
114,0.6708422626554966,0.0152202825550921,0.4085934871435165,0.7381547304987908,0.0001384623965714,0.2956789570301771,0.778454824090004,23.70676844600166,1.4216873043745137e-06,,,,,,,,0.0017999295546445,no_quality
115,0.6616474409401417,0.0173956662626005,0.4039467449486256,0.7736627608537674,0.0001353475300129,0.2939034141600132,0.7755811786651612,24.19411072799994,9.103984023075772e-07,,,,,,,,0.0017898631380421,no_quality
116,0.6759299173951149,0.01496164631797,0.4115426272153854,0.7643322855234146,0.0001335277673933,0.2997073364257812,0.7880164301395416,23.19513005599947,5.123260489995229e-07,,,,,,,,0.0016328074579581,no_quality
117,0.693073862195015,0.0159379207389429,0.4222195018827915,0.7426918435096741,0.0001310433774051,0.3088654591143131,0.8057507967948914,22.707233753000764,2.2777253500257386e-07,,,,,,,,0.0019504970089337,no_quality
118,0.6919685631990433,0.0152685669594211,0.4212885800004005,0.7566570138931275,0.0001263084051606,0.3079572236537933,0.8052860480546952,22.925986998001463,5.695394625728767e-08,,,,,,,,0.001841124178054,no_quality
119,0.7061342439055442,0.0160917922999942,0.4301172828674316,0.745182728767395,0.0001346579168603,0.3128226317465305,0.8178335791826248,23.916883860998496,0.0,0.7266426625384992,0.6368519280469332,0.5085803913147765,0.7266426625384992,0.5148940166138263,0.6690191049884743,0.6778992150686571,0.0018433038753198,no_quality
0,0.9702350252866744,0.7118614727258682,0.8668856340646743,0.7327575480937958,0.0689092472195625,0.5876425039768219,1.5312493550777435,23.798681743001,5.1e-05,,,,,,,,,no_variance
1,0.9682126557826995,0.5700435227155686,0.8089450311660766,0.6864593666791916,0.0563352584838867,0.48093091994524,1.3613386452198029,21.99295282700041,0.0001009999999999,,,,,,,,,no_variance
2,0.9602646148204804,0.475955710709095,0.7665410828590393,0.68420030772686,0.0702505624294281,0.4557148218154907,1.2941884648799895,22.820241830999294,0.0001509999999999,,,,,,,,,no_variance
3,0.9627854317426682,0.4214265388250351,0.7462419056892395,0.6804021555185318,0.0703696258366108,0.4411747154593468,1.2589753091335296,22.81047737900008,0.0002009999999999,,,,,,,,,no_variance
4,0.957113110423088,0.3667428016662598,0.7209650206565857,0.6916245234012603,0.0650211085751652,0.4222779923677444,1.2156565225124358,22.59948888999861,0.000251,,,,,,,,,no_variance
5,0.944987331032753,0.3117535609006882,0.6916938531398773,0.6817366737127304,0.057720797099173,0.3993095523118973,1.1620631128549577,22.11878568300017,0.0003,,,,,,,,,no_variance
6,0.9431369978189468,0.2559348738193512,0.6682561707496643,0.6863592326641083,0.0534969294071197,0.3891346532106399,1.128701588511467,22.003075348000493,0.0002999430460537,,,,,,,,,no_variance
7,0.935724937915802,0.2103978300094604,0.6455941146612167,0.6872925201058387,0.0484834695607423,0.3791256046295166,1.0958731436729432,21.273057398000677,0.0002997722274649,,,,,,,,,no_variance
8,0.9153842562437058,0.1766738061606884,0.6199000990390777,0.6970470571517944,0.0445760747790336,0.363646228313446,1.055479838848114,22.0688077399991,0.000299487673951,,,,,,,,,no_variance
9,0.907634887099266,0.1462413086742162,0.6030774766206741,0.710634982585907,0.041785837188363,0.359103464782238,1.035333732366562,21.58097843900032,0.0002990896015976,0.4107718683173677,0.3926383193750465,0.339671805016356,0.4107718683173677,0.3733746553654808,0.3937684344422908,0.3982217973045702,,no_variance
10,0.896351455450058,0.1234859162569046,0.5872052609920502,0.6884444665908813,0.0383157639950513,0.3547784918546676,1.0127439856529237,21.89348039200013,0.0002985783126956,,,,,,,,,no_variance
11,0.8713036006689072,0.1029422073811292,0.5639590680599212,0.7027715045213699,0.0355210433527827,0.3395314806699753,0.9755437415838242,21.75559751899891,0.0002979541955104,,,,,,,,,no_variance
12,0.8644001930952072,0.0869157335162162,0.5534064310789109,0.7114818155765533,0.0325041922181844,0.3362252654135227,0.9624050903320313,22.06666066300022,0.0002972177239878,,,,,,,,,no_variance
13,0.8464806485176086,0.0753450299426913,0.5380264258384705,0.7007559162378311,0.0289065161906182,0.3300432085990906,0.93959055185318,22.33528435600056,0.0002963694573941,,,,,,,,,no_variance
14,0.8623380970954895,0.0634371555969119,0.5427777406573295,0.7086500751972199,0.025670048482716,0.3448262202739716,0.9597524690628052,22.539494442999057,0.0002954100398908,,,,,,,,,no_variance
15,0.8365574383735657,0.058924486041069,0.5255042767524719,0.7246198591589927,0.0224523920752108,0.337552006393671,0.9366408920288086,21.647414119999667,0.0002943402000463,,,,,,,,,no_variance
16,0.8197263371944428,0.0513654306158423,0.5123819944262504,0.7389439451694488,0.0197480925545096,0.325677345097065,0.9129411453008652,22.87475077300041,0.0002931607502819,,,,,,,,,no_variance
17,0.8093409544229507,0.0463425491005182,0.5041416135430336,0.7378213155269623,0.0167232444137334,0.323022473603487,0.9017823767662048,21.592023352999604,0.000291872586255,,,,,,,,,no_variance
18,0.8415542340278626,0.055918645914644,0.5273000171780586,0.7701733618974685,0.0140047873556613,0.3515745946764946,0.9681249755620956,22.97413833000064,0.0002904766861795,,,,,,,,0.0576639493266702,no_variance
19,0.8253957945108413,0.0478447625413537,0.5143753978610038,0.7773014432191849,0.0123711575660854,0.3427076455950737,0.9428423529863358,21.999045760001536,0.0002889741100822,0.6685076781405953,0.5648230096988142,0.4231459866076468,0.6685076781405953,0.4644639949012003,0.5614973560546468,0.6128661084547661,0.0370530749973841,no_variance
20,0.8018919736146927,0.0430205385759472,0.4983434164524078,0.7866456359624863,0.010681862225756,0.3340862213075161,0.9152577143907548,22.858691333000024,0.0002873659989982,,,,,,,,0.0181470610329415,no_variance
21,0.8023505461215973,0.0380541380308568,0.4966320008039474,0.793547094464302,0.0090003860555589,0.3345784147083759,0.912678924202919,21.92158777399891,0.0002856535741046,,,,,,,,0.0083189064823091,no_variance
22,0.796455847620964,0.0392339597269892,0.4935671150684356,0.8045372262597084,0.0076999557390809,0.3363139858841896,0.9122991025447844,22.681121026000252,0.0002838381357927,,,,,,,,0.0078964058775454,no_variance
23,0.7815892630815506,0.0348756147269159,0.4829038244485855,0.8227645111083984,0.0065173358283936,0.3297619913518428,0.896579552590847,22.99806783399981,0.0002819210626809,,,,,,,,0.0065570833068341,no_variance
24,0.7938120406866074,0.0308864745590835,0.4886418336629867,0.8020436662435532,0.0056138978339731,0.3364085787534713,0.9066591995954514,23.12451942199914,0.0002799038105676,,,,,,,,0.0056186261773109,no_variance
25,0.7849370256066323,0.0351297907624393,0.4850141489505767,0.8075411516427994,0.0045178986061364,0.3357766631245613,0.903106214404106,22.69071387200165,0.0002777879113257,,,,,,,,0.0066769266733899,no_variance
26,0.7733808189630509,0.0297144848387688,0.4759143045544624,0.7971095356345177,0.0039269082108512,0.32635005235672,0.8834361404180526,22.77291252900068,0.0002755749717393,,,,,,,,0.0063224179390817,no_variance
27,0.7779106855392456,0.0296782114636153,0.4786177152395248,0.8197804349660873,0.0033767219190485,0.3315530250966549,0.8934682035446166,23.304631560000416,0.0002732666722837,,,,,,,,0.0057529354328289,no_variance
28,0.7732081615924835,0.0261207529436796,0.474373215585947,0.7974535822868347,0.0029749518563039,0.3299789862334728,0.8852394482493401,22.197049255999445,0.0002708647658491,,,,,,,,0.0049656827747821,no_variance
29,0.7626424938440323,0.025630346443504,0.4678376539051532,0.8177695819735527,0.0024951723031699,0.3275677379965782,0.8781758725643158,22.49434585600102,0.0002683710764094,0.6865287918691214,0.5934046758439853,0.453179172147951,0.6865287918691214,0.4905892693322259,0.6030959663306079,0.6352565950894635,0.0043438227474689,no_variance
30,0.7652255848050118,0.0255698530562222,0.4693633127212524,0.8287974363565445,0.002178901573643,0.3284425966441631,0.8815535467863083,21.950719905998994,0.0002657874976374,,,,,,,,0.0037947478285059,no_variance
31,0.7572707733511925,0.0287532303947955,0.4658637747168541,0.834125651717186,0.0018557520618196,0.3284500566124916,0.8785477259755134,21.90898005299823,0.0002631159914665,,,,,,,,0.0036427187174558,no_variance
32,0.7566567176580429,0.0270964910276234,0.4648326501250267,0.8097350281476975,0.0016983139980584,0.3267645984888077,0.8733251088857651,21.980552901999545,0.0002603585866009,,,,,,,,0.0033472250320483,no_variance
33,0.7567117631435394,0.0229688112111762,0.4632146006822586,0.8072921594977379,0.0013689025747589,0.3269521516561508,0.871492010653019,24.46290000600129,0.0002575173769752,,,,,,,,0.0026379903650376,no_variance
34,0.7167665463685989,0.024674939950928,0.4399299219250679,0.7845013037323951,0.001182586774812,0.3108817432820797,0.8297702103853226,24.426153135998906,0.000254594520164,,,,,,,,0.0022464133822359,no_variance
35,0.764592590034008,0.0238691382342949,0.4683032289147377,0.8309849014878273,0.0009781087737064,0.3330054758489132,0.8849210655689239,24.411476281000432,0.0002515922357438,,,,,,,,0.0023247905587777,no_variance
36,0.7315727645158767,0.0226604367326945,0.4480078519880772,0.8019640362262725,0.0008555405406514,0.3197458294034004,0.8483836108446121,24.4480695860002,0.0002485128036071,,,,,,,,0.0019537721108645,no_variance
37,0.7274424877762794,0.0242722457973286,0.4461744095385074,0.7977525955438614,0.0006925738468999,0.3184770210087299,0.844854896068573,24.626261383000383,0.0002453585622314,,,,,,,,0.0019678765576099,no_variance
38,0.7616529262065888,0.021186221181415,0.4654662626981735,0.7875182291865349,0.0006173528480576,0.3334599603712558,0.8780650335550308,24.31893802500053,0.0002421319069034,,,,,,,,0.0017806011403445,no_variance
39,0.7273264545202255,0.0222817257652059,0.4453085823357105,0.824896023273468,0.0005339932633796,0.3170376852154731,0.8452020895481109,25.6342097859997,0.0002388352878997,0.6683188375497607,0.56428722229851,0.4254748317244846,0.6683188375497607,0.4685792934903421,0.5559635358554275,0.612824952391858,0.0016976127744419,no_variance
40,0.7464138057827949,0.0226726294797845,0.4569173513352871,0.8110413345694542,0.0004435347730759,0.3253316103667021,0.8637149474024772,22.95476790400062,0.0002354712086265,,,,,,,,0.0016983764441101,no_variance
41,0.7616769397258758,0.0209516332903876,0.4653868377208709,0.8279028260707855,0.0003661594798904,0.3333189958333969,0.8818169343471527,22.17741992899937,0.0002320422237183,,,,,,,,0.0015125612559495,no_variance
42,0.7350385400652886,0.0212175383744761,0.4495101562142372,0.7991172730922699,0.0003672206244664,0.3229450024664402,0.8527843907475472,22.48670242300068,0.0002285509370981,,,,,,,,0.0019957074645208,no_variance
43,0.7203028777241707,0.0200464968662709,0.4402003429830074,0.7990371739864349,0.0003201849808101,0.3162259274721146,0.8366165092587471,24.30151118499998,0.000225,,,,,,,,0.0013525570153433,no_variance
44,0.7305516085028648,0.0201155116653535,0.4463771867752075,0.7816124123334884,0.0002594543050508,0.3208037212491035,0.8456591248512269,25.77169301699905,0.0002213921089555,,,,,,,,0.0015199948982626,no_variance
45,0.72448955565691,0.0211726243724115,0.4431628037989139,0.8171521383523941,0.000222538835369,0.3192122964560985,0.8444132882356644,24.852289980000933,0.0002177300037466,,,,,,,,0.0015592485554225,no_variance
46,0.733050330132246,0.0189372776821255,0.4474051262438297,0.7886445051431656,0.000194187106972,0.321086585894227,0.8476618322730064,25.31268790699869,0.0002140164653244,,,,,,,,0.0014798166410764,no_variance
47,0.6975525680184365,0.0203635221906006,0.4266769658029079,0.7704942816495896,0.0001867966185091,0.3071165286749601,0.8111570924520493,24.60974983699998,0.0002102543136979,,,,,,,,0.0015241450554458,no_variance
48,0.7126751095056534,0.0198057743394747,0.4355273929238319,0.800645569562912,0.0001636248856084,0.3151551759243011,0.8310539177060128,25.83404721099941,0.0002064464057921,,,,,,,,0.0014930607350106,no_variance
49,0.6920686334371566,0.0170744376583024,0.422070972174406,0.7529605057835579,0.0001204915746347,0.3041032792627811,0.8016904380917549,24.604789364999306,0.0002025956332789,0.6452575964793476,0.5664496883033817,0.4491507584676482,0.6452575964793476,0.4882538647524385,0.5658376036783596,0.6020045402253879,0.0010705246681027,no_variance
50,0.724066188633442,0.0191916490590665,0.4421163898706436,0.7813837587833404,0.0001071985720045,0.3201590709388256,0.8407179725170135,23.670737686999928,0.0001987049203807,,,,,,,,0.0014938856639491,no_variance
51,0.7072823834419251,0.0196300216717645,0.4322214536368847,0.7793496975302696,9.776721075468232e-05,0.3130919086933136,0.8235673874616622,23.736466715999995,0.0001947772216502,,,,,,,,0.0015708396537229,no_variance
52,0.7337221556901932,0.0202993808919563,0.4483530634641647,0.8045142650604248,9.574703246471472e-05,0.3263278789818287,0.8554911717772484,22.790477017999365,0.0001908155197268,,,,,,,,0.0017700892952416,no_variance
53,0.711200869679451,0.0190860649547539,0.43435496494174,0.8312431439757347,9.51213560983888e-05,0.3139135344326496,0.8317325982451439,27.17902304800009,0.0001868228230711,,,,,,,,0.0016751445409681,no_variance
54,0.7063925787806511,0.0206151873571798,0.4320816421508789,0.8114020749926567,8.45958534773672e-05,0.3114126080274582,0.8250116485357285,25.54292756200084,0.0001828021636809,,,,,,,,0.0018647878028787,no_variance
55,0.6976499223709106,0.0198932882933877,0.4265472875535488,0.7814339429140091,7.086594077918563e-05,0.3082125663757324,0.8133024021983146,25.655848342001264,0.0001787565947885,,,,,,,,0.0019780379244548,no_variance
56,0.6945045401155948,0.0177654454298317,0.4238089188933372,0.7840342772006988,6.181897451824625e-05,0.3066920814663171,0.8091578674316406,25.06924259399966,0.0001746891885421,,,,,,,,0.0012517438951545,no_variance
57,0.6880965399742126,0.0203981963661499,0.4210172164440155,0.8279852402210236,5.654960608808324e-05,0.3043878911435604,0.8086056369543075,25.799877711999216,0.0001706030336727,,,,,,,,0.0019958743195456,no_variance
58,0.7168288907408714,0.0180320735950954,0.4373101833462715,0.7814223924279213,7.175511223977083e-05,0.3172397887706756,0.8329799610376358,25.95504422099839,0.0001665012331491,,,,,,,,0.0014208030118243,no_variance
59,0.7363246047496795,0.015209695714293,0.4478786590695381,0.7992830848693848,4.685173062171089e-05,0.3244798132777214,0.8525026682019233,26.773585366001495,0.0001623869018208,0.7123702428649263,0.6136867750846239,0.47283115183757,0.7123702428649263,0.5015592578766084,0.6271308245123366,0.6588112934281,0.0010677040840164,no_variance
60,0.6954439121484757,0.0145481680589728,0.4230856315791607,0.7445005777478219,3.729343022314424e-05,0.3057102604955435,0.8034790542721748,24.48135482799989,0.0001582631640533,,,,,,,,0.0011561727127627,no_variance
61,0.7164092747867108,0.01663815358188,0.4365008443593979,0.7734814643859863,3.895729515534185e-05,0.3169826120138168,0.831162946075201,22.78608691599948,0.0001541331513552,,,,,,,,0.0016469541180413,no_variance
62,0.6923046627640724,0.0175550686079077,0.4224048452079296,0.7746822035312653,3.7898651294199225e-05,0.3066803401708602,0.8068863615393639,23.95683680699949,0.00015,,,,,,,,0.0016552788030458,no_variance
63,0.7073845200240612,0.016116339364089,0.4308772636950016,0.7575117862224579,3.933636513011152e-05,0.3129385274648666,0.8198465418815613,26.244634577999022,0.0001458668486447,,,,,,,,0.0013880424829767,no_variance
64,0.7271179127693176,0.0161776142287999,0.4427418130636215,0.7921338212490082,4.355854761342926e-05,0.3213370043039322,0.8436111611127853,26.50763128700055,0.0001417368359466,,,,,,,,0.001583888281857,no_variance
65,0.6966190570592881,0.017864953946555,0.4251174329221248,0.7953158777952194,5.268521068501286e-05,0.3090915039181709,0.8140352609753608,27.32800676900115,0.0001376130981791,,,,,,,,0.001460516271818,no_variance
66,0.7050146329402923,0.0168696566834114,0.4297566574811935,0.771383085846901,4.452095097576603e-05,0.3135904479771852,0.8208174139261246,27.761972309001067,0.0001334987668508,,,,,,,,0.0016488703810864,no_variance
67,0.7104885798692703,0.0171589731634594,0.4331567569077015,0.7723204374313355,4.033012491618138e-05,0.3127202484756708,0.8234500613808632,25.247342982998816,0.0001293969663272,,,,,,,,0.0016949553849008,no_variance
68,0.7107815045118332,0.0141869290231261,0.4321436941623687,0.7867700272798538,2.820939320145044e-05,0.3133845914900303,0.8244423216581345,26.68364268600089,0.0001253108114578,,,,,,,,0.0011780869990798,no_variance
69,0.6981799522042275,0.0151915424573235,0.4249846075475216,0.7640563413500786,2.8382500331645134e-05,0.310039042532444,0.811736815571785,25.803051861999847,0.0001212434052114,0.7134454983959032,0.6222955361059435,0.4939413703467418,0.7134454983959032,0.508918852223734,0.6445222576981932,0.6641500969039992,0.0015305681052086,no_variance
70,0.6879101359844207,0.0188537677377462,0.4202876044809818,0.8176331830024719,4.146572737226961e-05,0.3046648095548153,0.8071024645864964,23.76054750200092,0.000117197836319,,,,,,,,0.0019233011606775,no_variance
71,0.6701197990775108,0.0173847565101459,0.409025797471404,0.772735545039177,2.80671060363602e-05,0.2982495128363371,0.7849175077676773,23.11934542299969,0.0001131771769288,,,,,,,,0.0018361767414171,no_variance
72,0.7390723921358585,0.0212733355909585,0.4519527881592512,0.8177980279922485,3.977437982484844e-05,0.3299749556183815,0.8642624947428703,23.350491264000084,0.0001091844802731,,,,,,,,0.0027647704149421,no_variance
73,0.6984311482310295,0.0221429518121294,0.4279158872365951,0.8202688637375831,5.977807749786735e-05,0.3110637745261192,0.8216073495149613,25.83147075299894,0.0001052227783497,,,,,,,,0.0029890619705111,no_variance
74,0.7514936611056328,0.0197782417200505,0.4588075126707553,0.8383833116292954,5.9243424348096594e-05,0.3339948384463787,0.8771603655815124,26.504738328998428,0.0001012950796192,,,,,,,,0.0025835968899809,no_variance
75,0.7429289031028747,0.0186205602274276,0.4532055841386318,0.8065752652287483,6.927134960960758e-05,0.3287672483921051,0.8631191843748093,25.48602544300047,9.740436672108684e-05,,,,,,,,0.0024267976824467,no_variance
76,0.6948640322685242,0.0195826579723507,0.4247514969110489,0.8055269184708596,3.137063393182871e-05,0.3089781706035137,0.8147744607925415,25.028695458000584,9.355359420782469e-05,,,,,,,,0.0024526191884979,no_variance
77,0.7198292794823646,0.0222769316611811,0.4408083567023277,0.8113059818744659,7.023766771908412e-05,0.3210152687132359,0.8436223143339157,25.8837043679996,8.97456863020546e-05,,,,,,,,0.0033228989522649,no_variance
78,0.7054237762093544,0.0196205097134225,0.4311024866998195,0.8249380511045455,4.564823930650164e-05,0.3135891844332218,0.8276636233925819,26.686157031999755,8.598353467553945e-05,,,,,,,,0.0023792939766644,no_variance
79,0.6968747371435166,0.0188810297462623,0.4256772708892822,0.8125117337703704,5.03486221532512e-05,0.3091139339655637,0.8165074950456619,25.389962109999036,8.226999625336662e-05,0.6941023017640102,0.5983940591691632,0.4695464794748876,0.6941023017640102,0.4822369507054846,0.6188429250379949,0.6429342467566438,0.0023129649308793,no_variance
80,0.7063867065310478,0.0172376924246782,0.4307271173596382,0.7989689922332763,2.97743299722697e-05,0.3124214993417263,0.8234395435452462,23.252950051999505,7.860789104443896e-05,,,,,,,,0.0019626992430039,no_variance
81,0.6986909614503384,0.0178009585244581,0.4263349808752537,0.788439822793007,4.344418021446472e-05,0.3103818206489086,0.8160159957408905,24.08171209399916,7.500000000000002e-05,,,,,,,,0.0022651915383903,no_variance
82,0.6905201891064644,0.0190568787697702,0.4219348818063736,0.7936205041408538,3.650777082611967e-05,0.3069417650997639,0.8087135604023934,23.003560499999367,7.144906290181832e-05,,,,,,,,0.0023651993337534,no_variance
83,0.7063632616400719,0.0178280818881466,0.4309492060542106,0.803536086678505,4.037772906031023e-05,0.3139275275170803,0.8256806069612503,25.422864343001493,6.795777628163599e-05,,,,,,,,0.0022412579599222,no_variance
84,0.7185145312547684,0.0197396135074086,0.439004582464695,0.8173187640309334,3.887011784058814e-05,0.3196051633358002,0.8408781179785728,25.12538924100045,6.452879137346007e-05,,,,,,,,0.0026727585445041,no_variance
85,0.6898548802733422,0.0187399513460695,0.4214089281111955,0.8161091729998589,2.798077592842674e-05,0.3075355903804302,0.811056450754404,25.239136733000123,6.1164712100253e-05,,,,,,,,0.0024980571551077,no_variance
86,0.7228376251459122,0.017516559632495,0.4407092158496379,0.7738031956553459,2.884299162815296e-05,0.3230894120037555,0.8416172906756401,25.43552838999858,5.786809309654982e-05,,,,,,,,0.0021844764629167,no_variance
87,0.7316130238771439,0.0191502293362282,0.4466279229521751,0.8136995100975036,4.403759517458639e-05,0.3238611353933811,0.8523489210009575,25.489380021001125,5.464143776850482e-05,,,,,,,,0.0024385423453668,no_variance
88,0.7075500443577767,0.0176939251087605,0.4316076140105724,0.7814560058712959,3.36660140760614e-05,0.3156322546303272,0.8258583053946496,26.42799554900012,5.148719639283984e-05,,,,,,,,0.0023557653068019,no_variance
89,0.694190439581871,0.0183672678098082,0.4238611862063408,0.808576706647873,4.399094736527332e-05,0.3087657611817122,0.8139552772045135,25.067165180000305,4.840776425613886e-05,0.6874668370185524,0.6002277456278826,0.4820082992750791,0.6874668370185524,0.4969594055097615,0.6162569943553343,0.6407492558270041,0.0023422944722369,no_variance
90,0.7068328753113746,0.0184332794393412,0.4314730559289455,0.78314029276371,5.055798081912144e-05,0.3141292249411344,0.8244019809365273,23.719906674999947,4.5405479835900685e-05,,,,,,,,0.0024157202447895,no_variance
91,0.7177987387776374,0.0189456748217344,0.4382575306296348,0.8318157041072846,3.804526195381186e-05,0.319810081422329,0.8417553049325943,23.3416180410004,4.2482623024732334e-05,,,,,,,,0.0025210727711237,no_variance
92,0.7115514668822288,0.0176547306333668,0.4339927896857262,0.7761254134774208,5.528562915969815e-05,0.3156128066778183,0.8276396080851555,23.38133465300052,3.964141339903026e-05,,,,,,,,0.0020935089835438,no_variance
93,0.7065857577323914,0.0181659688137006,0.431217859685421,0.7907826915383339,4.582026293064701e-05,0.3137272717058658,0.8244765877723694,24.976991374000136,3.6884008533465575e-05,,,,,,,,0.0022544535219276,no_variance
94,0.7348549461364746,0.0163154426461551,0.4474391646683216,0.8152953979372978,3.0318372188276045e-05,0.3263661856949329,0.8557143825292587,24.679689632999725,3.4212502362551864e-05,,,,,,,,0.0018898700082172,no_variance
95,0.7200488966703414,0.0169973000069148,0.4388282790780067,0.7887295034527778,3.785469022659527e-05,0.3194824774563312,0.8376161471009255,25.689116427000044,3.162892359054098e-05,,,,,,,,0.0021527405982124,no_variance
96,0.7176948720216751,0.0178360338462516,0.4377513538300991,0.7999260592460632,6.315148664270964e-05,0.3184198679029941,0.8366400924324989,26.2713612030002,2.913523415085328e-05,,,,,,,,0.0023655513226185,no_variance
97,0.7176457092165947,0.0178073360398411,0.4377103791385889,0.8081487920880318,5.777598545819274e-05,0.3183666716516018,0.8373936772346496,25.880117541999425,2.673332771621324e-05,,,,,,,,0.002494260211024,no_variance
98,0.6949714350700379,0.0184549984638579,0.4243648779392242,0.779172914326191,6.104800631419494e-05,0.3086515073478222,0.8114381617307663,26.50109573199916,2.4425028260620715e-05,,,,,,,,0.0025071434428355,no_variance
99,0.6904109066724777,0.0184309085342101,0.4216189242899418,0.7919513759016991,5.7900653675915234e-05,0.3078302703797817,0.8091348615288735,25.402322169999024,2.221208867425096e-05,0.7167721087894999,0.6278819848704106,0.5033378734293926,0.7167721087894999,0.5151814034378369,0.6516924423838947,0.6687616480777623,0.0024381706299027,no_variance
100,0.7292996022105217,0.0174163462733849,0.4445463174581527,0.8403742372989654,5.31246375135197e-05,0.3255883593857288,0.8546217161417008,23.037184996001088,2.009618943233419e-05,,,,,,,,0.0022347727037504,no_variance
101,0.6922908236086368,0.0178467364329844,0.4225132063031196,0.7889612057805061,4.437111658262438e-05,0.3074290986359119,0.8092947897315025,22.80587027799993,1.807893731902665e-05,,,,,,,,0.0022707432831884,no_variance
102,0.6892141465842724,0.0200589734548702,0.4215520949661732,0.7461668562889099,6.445687213272323e-05,0.3085013211518526,0.8052373099327087,23.351328062999528,1.616186420724089e-05,,,,,,,,0.0028199220303395,no_variance
103,0.7196777445077897,0.0178795639681629,0.4389584879577159,0.8222844937443733,4.9982406454773806e-05,0.3212190195918083,0.8428890454769135,25.085227722000127,1.4346425895363384e-05,,,,,,,,0.002402923255413,no_variance
104,0.686880983710289,0.0185701290203724,0.4195566567778587,0.7932591760158538,5.60019684070312e-05,0.3061862090229988,0.8055340227484703,26.600805299998683,1.2634001001741372e-05,,,,,,,,0.0023121596841519,no_variance
105,0.7029095767438411,0.017459118925035,0.4287294090539217,0.7825041687488556,6.146452567691085e-05,0.3119976957887411,0.8194332745671272,26.787769348999063,1.1025889917779737e-05,,,,,,,,0.0022634113122694,no_variance
106,0.7175726968050004,0.0188935372978448,0.4381010526418686,0.7916221296787262,7.283552153239725e-05,0.3206780709326267,0.8384930765628815,25.16602074000002,9.523313820441804e-06,,,,,,,,0.0027404940458836,no_variance
107,0.717722993195057,0.017718700938858,0.4377212940156459,0.7669179370999336,6.864415236123023e-05,0.3195952770113945,0.834504300057888,25.5482294400008,8.127413744904804e-06,,,,,,,,0.0024625037786734,no_variance
108,0.6912202918529511,0.014603732349351,0.4205736850202083,0.7591280806064605,4.99264185350512e-05,0.3063757015764713,0.8031981945037842,25.719335165000302,6.839249718073875e-06,,,,,,,,0.0016675030453029,no_variance
109,0.6952761732041836,0.0140727933798916,0.4227948354929685,0.7579314181208611,4.675106186709854e-05,0.3087211833894253,0.8076503701508045,24.64531356600128,5.659799953612438e-06,0.7207142262675427,0.6268991990411052,0.5013979992782872,0.7207142262675427,0.5136371134599463,0.6463462573958271,0.6706380954006859,0.0016943326723236,no_variance
110,0.7022267732024193,0.0160412991442717,0.4277526025474071,0.7525879710912704,5.450650633974874e-05,0.3123066735267639,0.8157266253232955,22.840332318000947,4.589960109100444e-06,,,,,,,,0.0020291189885256,no_variance
111,0.6895059737563133,0.0143928192136809,0.419460729509592,0.7379557695984841,4.446320772444778e-05,0.3069108851253986,0.8005078941583633,22.93990884800041,3.630542605884657e-06,,,,,,,,0.0016924171801417,no_variance
112,0.689342081695795,0.0164624304510653,0.4201902374625206,0.7827031499147415,4.384392037991347e-05,0.3082649847865105,0.8071330320835114,23.07385706299829,2.7822760121373187e-06,,,,,,,,0.002026518151872,no_variance
113,0.6920578619837761,0.0158575383760035,0.421577748209238,0.7611725482344628,4.456208165720454e-05,0.3081809094548225,0.8062505152821541,24.48006282999995,2.0458044895916517e-06,,,,,,,,0.0018618607880443,no_variance
114,0.6699622091650963,0.0149937466229312,0.4079748395085334,0.7336750093102455,4.976814754854786e-05,0.2959360873699188,0.7776289662718773,26.37622479899983,1.4216873043745137e-06,,,,,,,,0.0017402288255311,no_variance
115,0.6638625982403755,0.0180340938363224,0.4055312125384807,0.7819078013300895,4.2221095127388254e-05,0.2951727919280529,0.7792835640907287,26.323941425998783,9.103984023075772e-07,,,,,,,,0.0019333303970279,no_variance
116,0.6771519672870636,0.015396508333506,0.4124498008191585,0.7673080104589463,4.3348871358830365e-05,0.3010050047934055,0.7905384775996208,26.37296339400018,5.123260489995229e-07,,,,,,,,0.0017534866011646,no_variance
117,0.6953049576282502,0.0165522562211845,0.4238038954138756,0.7554741755127907,4.524548662743655e-05,0.3101368122547865,0.8099073818325997,25.58812123899952,2.2777253500257386e-07,,,,,,,,0.0020849553330219,no_variance
118,0.6930652537941933,0.015983896300313,0.4222327265143394,0.7664016687870026,5.002276165555486e-05,0.3086732460558414,0.807949301302433,25.79385930900025,5.695394625728767e-08,,,,,,,,0.0020032492560744,no_variance
119,0.7074366509914398,0.016874228104134,0.4312116986513137,0.7542491194605827,4.473649544479486e-05,0.3141982831060886,0.8212366035580635,26.169905471000675,0.0,0.7182340765630819,0.626261645991264,0.5025679598099408,0.7182340765630819,0.514492412582166,0.646058448828544,0.6690757357162225,0.0019973850740291,no_variance
0,0.9702662259340288,0.7063333302736282,0.8646930956840515,0.7387487226724625,0.0670190870389342,0.588769081234932,1.5306880033016206,26.723253576999923,5.1e-05,,,,,,,,,no_max
1,0.9679826599359512,0.5625702768564225,0.805817734003067,0.6830889385938644,0.0567150039970874,0.4803387382626533,1.357301113605499,25.545306393998544,0.0001009999999999,,,,,,,,,no_max
2,0.9600675910711288,0.4737085136771202,0.7655239897966385,0.6825246769189834,0.0721626608073711,0.4548741137981414,1.2922587037086486,25.53132598899901,0.0001509999999999,,,,,,,,,no_max
3,0.962645741701126,0.4204647409915924,0.7457733714580536,0.678829836845398,0.0704891258478164,0.440259643793106,1.2574404513835906,25.60329481400004,0.0002009999999999,,,,,,,,,no_max
4,0.9570053523778916,0.3663541090488433,0.7207448852062225,0.6920199865102767,0.0654094107449054,0.4214418011903763,1.2146591651439669,25.073271306000606,0.000251,,,,,,,,,no_max
5,0.9454259341955183,0.3124494159221649,0.6922353506088257,0.6821897000074386,0.0580499915778637,0.400114920437336,1.1634717345237733,24.098691397999573,0.0003,,,,,,,,,no_max
6,0.943729008436203,0.2567176952958107,0.6689245051145554,0.6883581960201264,0.0538509221374988,0.3900595989823341,1.1305124706029892,25.02310987599958,0.0002999430460537,,,,,,,,,no_max
7,0.9363461416959764,0.2110616582632064,0.6462323707342148,0.689081898033619,0.0484206027910113,0.3796930143237114,1.097254605293274,22.410171678999177,0.0002997722274649,,,,,,,,,no_max
8,0.9166265606880188,0.1768942682445049,0.620733666419983,0.7027245944738388,0.0444986260309815,0.3636462570726871,1.0568773192167282,22.56242806299997,0.000299487673951,,,,,,,,,no_max
9,0.9074280422925948,0.1466223372519016,0.6031057834625244,0.703469415307045,0.0419416748732328,0.3593459242582321,1.0348957341909408,22.10949077300029,0.0002990896015976,0.4045288559122881,0.3956667313419036,0.3354019593254807,0.4045288559122881,0.36186740442639,0.4206039336870327,0.394957528882492,,no_max
10,0.8953974920511246,0.1229816484451293,0.5864311733841896,0.687018804550171,0.038862367272377,0.352850783765316,1.009926949739456,24.370539527999423,0.0002985783126956,,,,,,,,,no_max
11,0.8722280043363572,0.1045481856912374,0.5651561015844345,0.7090077942609787,0.0357178492844104,0.3388148161768913,0.9766575908660888,25.05849378699895,0.0002979541955104,,,,,,,,,no_max
12,0.8657676756381989,0.0882300383597612,0.5547526383399963,0.7114075446128845,0.0326335347630083,0.3361880639195442,0.9637131273746492,25.020469809000133,0.0002972177239878,,,,,,,,,no_max
13,0.8481847709417343,0.0759166705608367,0.539277556836605,0.708786147236824,0.0294214020296931,0.3300255820155143,0.9416528224945068,26.41161413000009,0.0002963694573941,,,,,,,,,no_max
14,0.8617800426483154,0.0639806528389453,0.5426603072881698,0.7114259690046311,0.0263371292687952,0.3429048687219619,0.9580246275663375,25.447496175998825,0.0002954100398908,,,,,,,,,no_max
15,0.8353500133752823,0.0588162683323025,0.5247365337610245,0.7227928727865219,0.023134897518903,0.3355519044399261,0.9337244665622711,24.930415184000594,0.0002943402000463,,,,,,,,,no_max
16,0.8200856375694275,0.05181838452816,0.5127787575125694,0.7488122797012329,0.0201226318627595,0.3251077882945538,0.9137739062309264,25.33437823299937,0.0002931607502819,,,,,,,,,no_max
17,0.8102911016345025,0.0474326381273567,0.5051477345824241,0.73160140812397,0.0169941339176148,0.3239168608188629,0.9030744433403016,22.1463222909988,0.000291872586255,,,,,,,,,no_max
18,0.8412782055139542,0.0539813319407403,0.5263594737648964,0.7949021291732788,0.0141312977857887,0.3505212606489658,0.970792487859726,23.65941877499972,0.0002904766861795,,,,,,,,0.0685748997260816,no_max
19,0.8240530616044999,0.047489052042365,0.5134274798631668,0.7692942273616791,0.0123664872627705,0.341551435738802,0.9385899633169176,22.55484988900025,0.0002889741100822,0.616363798302965,0.5258451757947993,0.3955623284356197,0.616363798302965,0.4545667155568907,0.5066050135245427,0.5671280645637807,0.0303164958453271,no_max
20,0.8020638304948807,0.0425986979715526,0.4982777968049049,0.788492298424244,0.0106932243518531,0.3349755749106407,0.9164496767520904,26.112950204998924,0.0002873659989982,,,,,,,,0.0190620668197516,no_max
21,0.8033064034581184,0.0389444659464061,0.4975616502761841,0.7871339869499206,0.0090531995892524,0.3336941912770271,0.9120777922868728,25.392911363000167,0.0002856535741046,,,,,,,,0.0082794829690828,no_max
22,0.7951347941160202,0.0395553376153111,0.4929030326008796,0.8076816248893738,0.0077856953442096,0.3356426002085209,0.9112427294254304,26.726773945998502,0.0002838381357927,,,,,,,,0.0076982288248836,no_max
23,0.7828498965501786,0.0346533398795872,0.4835712951421738,0.8184419646859169,0.0066005049319937,0.329060965180397,0.896095250248909,26.06891346900011,0.0002819210626809,,,,,,,,0.0064438156224787,no_max
24,0.7961039826273918,0.0323032786790281,0.4905837231874466,0.8115903401374817,0.0056974859628826,0.3369548271596432,0.9101314324140548,25.80302719400061,0.0002799038105676,,,,,,,,0.0057448685867711,no_max
25,0.7903309655189514,0.0355858270358294,0.4884329310059547,0.8127752447128296,0.004596921543125,0.3365402181446552,0.9077759492397308,26.336234157000945,0.0002777879113257,,,,,,,,0.0064771197875961,no_max
26,0.7749059823155403,0.0296043758280575,0.4767853590846062,0.7969661861658096,0.0039410341833718,0.3249716411530972,0.8828877151012421,26.46578702700026,0.0002755749717393,,,,,,,,0.0061852066870778,no_max
27,0.7770909923315048,0.0302174133248627,0.4783415812253952,0.8190387499332428,0.0034060350130312,0.3316403645277023,0.8931855815649032,24.151973584001095,0.0002732666722837,,,,,,,,0.0056473287288099,no_max
28,0.7755455368757248,0.0265071695949882,0.475930211097002,0.8012056165933609,0.0030202025966718,0.3307426539063454,0.8879419767856598,23.572387045998767,0.0002708647658491,,,,,,,,0.00498771361541,no_max
29,0.762808188199997,0.0263132119458168,0.4682102158665657,0.8039152348041534,0.0025660141929984,0.3277721792459488,0.8773595127463341,23.900396428000025,0.0002683710764094,0.699865076987976,0.5978570674852892,0.4528146345232549,0.699865076987976,0.4943475538685416,0.5993585715993496,0.6445576298906979,0.0042864368250593,no_max
30,0.7675183540582657,0.0260587489930912,0.4709345310926437,0.8439017757773399,0.0022486907360143,0.3291635851562023,0.8853365722298622,26.18253447400093,0.0002657874976374,,,,,,,,0.0036792129860259,no_max
31,0.7533528324961662,0.0283242734940722,0.4633414283394813,0.8199666574597358,0.0019226005405653,0.3257298503816128,0.8718931746482849,26.16170270300063,0.0002631159914665,,,,,,,,0.0036454945243895,no_max
32,0.7582804355025291,0.0269129857141524,0.4657334756851196,0.8189550399780273,0.0016975978133268,0.3276042050123214,0.8759541508555412,26.598761863000615,0.0002603585866009,,,,,,,,0.0031804226327221,no_max
33,0.7581348219513893,0.0231731574703007,0.464150171726942,0.803149596452713,0.0014167792536318,0.3266155271232128,0.8716748982667923,25.722994845998983,0.0002575173769752,,,,,,,,0.0026169806951656,no_max
34,0.7152301743626595,0.0261463453434407,0.4395966595411301,0.7913979741930962,0.0012103604228468,0.3109042006731033,0.8301877957582474,26.160226624000643,0.000254594520164,,,,,,,,0.0024330738326534,no_max
35,0.7685933324694634,0.0246045704558491,0.4709978467226028,0.8340722435712814,0.0009484523261198,0.3326848269999027,0.8875782060623169,25.646687935000955,0.0002515922357438,,,,,,,,0.0022044091706629,no_max
36,0.731201006770134,0.0232090574130415,0.4480042441189289,0.788362005352974,0.0008398651808965,0.3192980018258095,0.8465846970677375,25.253194385000825,0.0002485128036071,,,,,,,,0.0020212865265784,no_max
37,0.727030166387558,0.0246989558544009,0.4460976965725421,0.8102692115306854,0.0007016550452681,0.3191620592772961,0.84670494556427,23.706428977999167,0.0002453585622314,,,,,,,,0.0019159064034465,no_max
38,0.7616248437762261,0.0209594377223402,0.4653586974740028,0.7905171826481819,0.0006221446982817,0.3339198333024978,0.8786920922994613,22.91678940400016,0.0002421319069034,,,,,,,,0.0016536946798441,no_max
39,0.7274074810743332,0.0218285426776856,0.4451759240031242,0.8418478775024414,0.0005373198870802,0.3172819852828979,0.8469760203361512,23.51632024399987,0.0002388352878997,0.7066442828203677,0.6031146333526872,0.4489956257057694,0.7066442828203677,0.4865934640852405,0.6161061531524532,0.6498205222686038,0.0015322655509226,no_max
40,0.7446240335702896,0.0226612781966105,0.4558389501273632,0.8060576716065406,0.0004161434236448,0.3244476190209389,0.8612438327074051,27.0958139760005,0.0002354712086265,,,,,,,,0.0016534131200751,no_max
41,0.7600499418377876,0.0215696632303297,0.4646578511595726,0.8301950961351394,0.0003604580351384,0.333416411280632,0.8814371258020401,25.66471530299896,0.0002320422237183,,,,,,,,0.0016266457241727,no_max
42,0.7348656770586968,0.0209540814114734,0.4493010564148426,0.7868296903371811,0.0003586064546834,0.3231691575050354,0.8515142321586608,26.51001377099965,0.0002285509370981,,,,,,,,0.0017156068322947,no_max
43,0.7206778779625893,0.0197003038274124,0.4402868650853634,0.8090223866701126,0.0002981483530311,0.3155906708538532,0.8370237728953361,25.39918010600013,0.000225,,,,,,,,0.001145483979053,no_max
44,0.7334327316284179,0.0198302523395977,0.4479917564988136,0.7916187208890915,0.0002522245779982,0.3206348766386508,0.8480874997377396,26.398525245998822,0.0002213921089555,,,,,,,,0.0014319213590351,no_max
45,0.725798487663269,0.0210739988787099,0.4439087098836898,0.791892101764679,0.0002208441747643,0.3195876112580299,0.8430036732554436,26.24351331300022,0.0002177300037466,,,,,,,,0.0015354884999396,no_max
46,0.7374127723276616,0.0200637162709608,0.4504731698334217,0.806462542116642,0.000196207002009,0.3236499747633934,0.8551152446866035,26.303387223000755,0.0002140164653244,,,,,,,,0.0016801473348459,no_max
47,0.6983446934819222,0.0202375783678144,0.4271018631756306,0.7742303854227066,0.000172541024076,0.3067612478137016,0.8115942505002022,23.64580004199888,0.0002102543136979,,,,,,,,0.0014973708078468,no_max
48,0.7123567771911621,0.0196968531841412,0.4352928236126899,0.8038523423671723,0.0001518652394588,0.3144889740645885,0.8304571861028671,24.00176993399873,0.0002064464057921,,,,,,,,0.0014128356189758,no_max
49,0.696985491514206,0.0177972581190988,0.4253102155029774,0.7507799729704857,0.000124416856488,0.3072102600336074,0.8078330418467522,22.921737983999265,0.0002025956332789,0.6458454325676679,0.5749372706265601,0.4501458067170112,0.6458454325676679,0.4946732786465067,0.5842931006655059,0.6050030214002698,0.0011417474354675,no_max
50,0.7250111916661263,0.0195382156712003,0.4428220173716545,0.7876503425836563,0.000105411824843,0.3202061632275581,0.8420875960588455,25.867565086000468,0.0001987049203807,,,,,,,,0.0014455400397127,no_max
51,0.7080160236358642,0.0196542841708287,0.4326713465154171,0.7843436172604561,9.922232504322892e-05,0.3131972640752792,0.8246023342013359,26.558374443000503,0.0001947772216502,,,,,,,,0.0014719818547018,no_max
52,0.7348005047440529,0.0208850032929331,0.4492343218624592,0.8122573506832123,8.779771036643069e-05,0.3261050486564636,0.8569093966484069,25.60326283699942,0.0001908155197268,,,,,,,,0.0016995003261399,no_max
53,0.7117652435600758,0.0194427071511745,0.4348362430930138,0.8413416481018067,9.403039235621693e-05,0.3134037568420171,0.8327190658450127,27.209651936998853,0.0001868228230711,,,,,,,,0.0017009929489358,no_max
54,0.7072107189893723,0.0212907563219778,0.432842750698328,0.8136971601843834,6.353733895593905e-05,0.3125278177857399,0.8271317818760872,25.03208850900046,0.0001828021636809,,,,,,,,0.0019415817880872,no_max
55,0.696619452983141,0.0193094366870354,0.4256954625248909,0.7818579798936844,5.92897924616409e-05,0.3069564912468195,0.8112085193395615,25.892192080000317,0.0001787565947885,,,,,,,,0.0018389878493326,no_max
56,0.6910048109292984,0.0175463713868521,0.4216214528679847,0.7776111069321633,4.848659464187222e-05,0.3053941763564944,0.8050412105023861,24.144700920000105,0.0001746891885421,,,,,,,,0.0013102341384364,no_max
57,0.6873808842897415,0.0200778110139071,0.4204596711695194,0.8171829962730408,4.3239214301138416e-05,0.3039735133200884,0.8065170907974243,23.539943634999872,0.0001706030336727,,,,,,,,0.0018172277217672,no_max
58,0.7158789476752281,0.0175919157895259,0.4365641508996487,0.787044535279274,4.968332126736641e-05,0.3169999027252197,0.8325422099232673,23.18296477600052,0.0001665012331491,,,,,,,,0.0013560924313787,no_max
59,0.7339026749134063,0.0146022159943822,0.4461825086176395,0.7887978413701058,3.552213874172594e-05,0.3235170948505401,0.8487777277827263,22.71437559799961,0.0001623869018208,0.7214020447571731,0.62150150625203,0.4783148502381706,0.7214020447571731,0.5088302476713623,0.6342722263275543,0.6671231637537299,0.0009827978501016,no_max
60,0.6947396394610404,0.014687171941623,0.4227186664938926,0.7390578863024712,3.2190411056944866e-05,0.3058285345137119,0.8026998591423035,26.8763102009998,0.0001582631640533,,,,,,,,0.0012263141679432,no_max
61,0.7188019116222858,0.016940071133431,0.4380571947246789,0.7777373111248016,3.040807853722072e-05,0.3181329197436571,0.8342926344275474,25.77037943600044,0.0001541331513552,,,,,,,,0.0016363309372172,no_max
62,0.6895208039879799,0.0171894402173347,0.4205882745981216,0.764718017578125,4.170033583022814e-05,0.3061753869056701,0.803541553914547,26.211328539000533,0.00015,,,,,,,,0.0015199972017944,no_max
63,0.7056221137940883,0.0160614059725776,0.4297978504002094,0.7495899349451065,3.149003126054595e-05,0.3117885117232799,0.8168341189622879,26.566733604000547,0.0001458668486447,,,,,,,,0.0014359530677029,no_max
64,0.726584583222866,0.0153193032788112,0.4420784918963909,0.7978343540430068,2.460875613905955e-05,0.3204671741276979,0.8426039141416549,26.12631504799901,0.0001417368359466,,,,,,,,0.0013679358445915,no_max
65,0.6978129678964615,0.0174494869448244,0.425667589455843,0.7978539615869522,3.4072638709403694e-05,0.3101243986189365,0.8158457466959953,26.143486562999897,0.0001376130981791,,,,,,,,0.0013333151238839,no_max
66,0.7036659297347069,0.0163501447578892,0.4287396314740181,0.7639696624875069,3.500884923596459e-05,0.3126021111011505,0.8180480688810349,25.79989459600074,0.0001334987668508,,,,,,,,0.0015380370317325,no_max
67,0.7095096412301064,0.0172253207047469,0.4325959321856498,0.7837388664484024,4.509087373662623e-05,0.3122130949050188,0.8235424774885177,22.78372616300112,0.0001293969663272,,,,,,,,0.0017865570417779,no_max
68,0.7125586125254632,0.0146717698476277,0.4334038914740085,0.7887545102834701,3.547885578427668e-05,0.3160481569170952,0.8285822635889053,24.11123456000132,0.0001253108114578,,,,,,,,0.0012649285867519,no_max
69,0.6991810616850853,0.0149793121835682,0.4255003793537616,0.7458371829986572,3.828330262535928e-05,0.3100973404943943,0.8104780617356301,23.379641764999175,0.0001212434052114,0.700636322392464,0.6139205845876131,0.4780285630830734,0.700636322392464,0.4969428690136687,0.6441825623567069,0.6523608251200697,0.0014735092783939,no_max
70,0.682903143465519,0.0182282935455441,0.4170332197844982,0.8238868588209152,3.380188546771023e-05,0.3025916950032115,0.8023776087164879,26.39896221900017,0.000117197836319,,,,,,,,0.0018115523494634,no_max
71,0.6743679168820381,0.0175033956242259,0.4116221250593662,0.7843179711699486,2.408946924333577e-05,0.300786280632019,0.7911903557181358,25.629569655000523,0.0001131771769288,,,,,,,,0.0017447308328974,no_max
72,0.7368299748003483,0.0208026284386869,0.4504190568625927,0.813059795498848,4.522669270045298e-05,0.3279752861708402,0.8602292075753212,25.669330486000035,0.0001091844802731,,,,,,,,0.0026331452422527,no_max
73,0.6967840459942818,0.0210271802917122,0.426481317281723,0.8221699613332748,5.107787051656487e-05,0.3099014581739902,0.8191340610384941,25.072713949999525,0.0001052227783497,,,,,,,,0.0026586689803662,no_max
74,0.7497133445739746,0.0203407724993303,0.4579643338918686,0.8286817288398742,6.311887881338407e-05,0.3333034081757068,0.8746722656488418,26.481174587999703,0.0001012950796192,,,,,,,,0.0026659653726892,no_max
75,0.7444270581007004,0.0191762464330531,0.4543267507851123,0.8108933332562447,7.89365630453176e-05,0.3306408396363258,0.8665653422474862,25.00844989500001,9.740436672108684e-05,,,,,,,,0.0025223444984658,no_max
76,0.6953073969483375,0.0197306506871245,0.4250767174363136,0.8045144566893577,3.263987246782562e-05,0.3080052508413791,0.8140071266889572,24.128264543000117,9.355359420782469e-05,,,,,,,,0.0023604185557996,no_max
77,0.7186489313840866,0.022121145799756,0.4400378359854221,0.8131925636529922,6.220664904503792e-05,0.3200871483981609,0.8420898857712745,23.43652956599908,8.97456863020546e-05,,,,,,,,0.0032127077912809,no_max
78,0.7038318055868149,0.0191460603359155,0.429957525730133,0.839154080748558,4.657313045299816e-05,0.3135176040232181,0.8278426650166512,23.37410553500013,8.598353467553945e-05,,,,,,,,0.0022489736937859,no_max
79,0.6949388267099857,0.017846412777435,0.424101880043745,0.8014218366146088,4.000793278464698e-05,0.3078859907388687,0.8125486096739769,22.8921393640012,8.226999625336662e-05,0.7079165957049738,0.6252690606317101,0.5067555368957368,0.7079165957049738,0.5191755007213347,0.6487150854688215,0.663006229302071,0.0020827647355508,no_max
80,0.7042481637001038,0.0171970018208958,0.4294277161359787,0.8004864671826363,2.7020653983527155e-05,0.3118417683243751,0.821711297929287,25.703128323000783,7.860789104443896e-05,,,,,,,,0.0019590739814657,no_max
81,0.7020949518680573,0.0177186064561829,0.4283444306254387,0.8050356191396714,3.846544172120048e-05,0.3119268615543842,0.8212275165319443,26.49338154500037,7.500000000000002e-05,,,,,,,,0.0022536616505385,no_max
82,0.6911361566185952,0.0188745728228241,0.4222315402328968,0.7780393755435944,2.933536759655908e-05,0.3066569112241268,0.8071663361787796,25.391952556999968,7.144906290181832e-05,,,,,,,,0.0023623975202826,no_max
83,0.704275654554367,0.0180270807631313,0.4297762420773506,0.8171980547904968,3.5424762538696084e-05,0.31370026871562,0.825652321279049,26.43225564000022,6.795777628163599e-05,,,,,,,,0.0022711753981184,no_max
84,0.720696035027504,0.0207575772306881,0.4407206717133522,0.7969260275363922,4.27291285177489e-05,0.3206808196008205,0.8416546902060509,25.282387078999815,6.452879137346007e-05,,,,,,,,0.002792288679775,no_max
85,0.6880031262338161,0.0179302343563176,0.4199739836156368,0.80486761033535,2.920156160826082e-05,0.3067563468962908,0.8076743206381798,25.42179186500107,6.1164712100253e-05,,,,,,,,0.0022788626967439,no_max
86,0.7227479299902916,0.017066982849501,0.440475567728281,0.7696251142024993,3.43818219221248e-05,0.3217602740228176,0.8396288391947746,24.237640785999247,5.786809309654982e-05,,,,,,,,0.0021438468006817,no_max
87,0.7307816517353057,0.0193143520981539,0.446194751560688,0.8166444802284241,4.5213565881567776e-05,0.323960128724575,0.8523204603791237,23.491354567999224,5.464143776850482e-05,,,,,,,,0.0024943312725736,no_max
88,0.7065790128707886,0.0176971581252291,0.4310262900590896,0.7737965595722198,4.686789670358849e-05,0.3147507774829864,0.823631551861763,23.70828141899983,5.148719639283984e-05,,,,,,,,0.0023623912139737,no_max
89,0.6950041364133358,0.0181371497362852,0.4242573593556881,0.7968534183502197,4.772399877765565e-05,0.3092568741738796,0.8136741292476654,22.68339425700105,4.840776425613886e-05,0.6963447944698812,0.6149106779209215,0.4990002095525925,0.6963447944698812,0.510115074012745,0.6382721652801389,0.6521801010134644,0.0023608011194301,no_max
90,0.7079879754781723,0.0184989001881331,0.4321923619508743,0.78578422665596,4.451686958645951e-05,0.3145293610543012,0.8257837629318238,23.94543514999896,4.5405479835900685e-05,,,,,,,,0.0024069343072642,no_max
91,0.7167811730504036,0.0184168955683708,0.4374354764819145,0.8289322939515114,3.3822423329183945e-05,0.3194359385967255,0.8402553328871727,23.59450586499952,4.2482623024732334e-05,,,,,,,,0.0024449690960136,no_max
92,0.7100980263948441,0.0174073519522789,0.4330217738449573,0.790993432700634,4.4069243381272825e-05,0.3150530311465263,0.8275817891955376,23.789398351000276,3.964141339903026e-05,,,,,,,,0.0020271764094468,no_max
93,0.706590687930584,0.0181659382826183,0.4312208060920238,0.7818104583024978,4.782065245535705e-05,0.3144259196519852,0.8242860528826713,23.813055383001483,3.6884008533465575e-05,,,,,,,,0.0022794397765937,no_max
94,0.7315162655711174,0.0158680624037515,0.4452570015192031,0.8279271438717842,2.9361740540707612e-05,0.3254866988956928,0.8539038991928101,22.7352119749994,3.4212502362551864e-05,,,,,,,,0.0018300862437263,no_max
95,0.7198076999187469,0.017035438963212,0.4386988112330436,0.7788550829887391,4.347026079472016e-05,0.3194606631994247,0.8364786633849144,24.008033406998948,3.162892359054098e-05,,,,,,,,0.0021575289446445,no_max
96,0.7154736503958702,0.0175587864546105,0.4363077247142792,0.8055053627490998,5.610299739146285e-05,0.3171752561628818,0.834482597708702,23.716585507001582,2.913523415085328e-05,,,,,,,,0.0022313908867363,no_max
97,0.7183668395876884,0.0170019173249602,0.4378208875656127,0.8267509970068931,4.798257931724948e-05,0.3184247659891844,0.8393698436021805,23.96726245100035,2.673332771621324e-05,,,,,,,,0.002233456671538,no_max
98,0.6943465349078178,0.0178724967339076,0.4237569351494312,0.7760227772593499,4.104580949160663e-05,0.3094743745028973,0.8113014805316925,24.1875049070004,2.4425028260620715e-05,,,,,,,,0.0023291800094193,no_max
99,0.6906002770364285,0.0180577616556547,0.4215832881629467,0.7921033698320389,5.9265668091939006e-05,0.3085467071831226,0.8098093509674072,23.083710844999587,2.221208867425096e-05,0.7262228099650448,0.641914139704675,0.5248826724667423,0.7262228099650448,0.5298940450165516,0.6696255641324287,0.6807961951371037,0.0023302751900337,no_max
100,0.7294071260094642,0.0175648929155431,0.4446702490746975,0.8355022612214088,4.835195797795677e-05,0.3252827468514442,0.8539630120992661,23.819876446001217,2.009618943233419e-05,,,,,,,,0.0022868561444192,no_max
101,0.6914700445532799,0.0174550262000411,0.4218640553951263,0.782761943936348,4.382814170639904e-05,0.3063974885642528,0.8069725614786148,23.190529277999303,1.807893731902665e-05,,,,,,,,0.0021631321584482,no_max
102,0.6864775714278221,0.0192911906912922,0.4196030374616384,0.7547984877228737,5.9347475096274136e-05,0.3078391609340906,0.8034593880176544,23.387536029998955,1.616186420724089e-05,,,,,,,,0.0026718569273543,no_max
103,0.7197665357589722,0.0183786860364489,0.439211413860321,0.8162033158540726,4.737402243790712e-05,0.3211475300788879,0.8424850797653198,24.090967940001065,1.4346425895363384e-05,,,,,,,,0.0025171660271007,no_max
104,0.6868598926067352,0.0182397119747474,0.4194118401408195,0.793644843697548,5.251853698155173e-05,0.3060623100399971,0.8052760380506515,23.754084206999323,1.2634001001741372e-05,,,,,,,,0.002173861634219,no_max
105,0.6995320902764797,0.0170957325282506,0.4265575651824474,0.781698322892189,4.910627656045108e-05,0.3104248411208391,0.8155807828903199,24.566308504001427,1.1025889917779737e-05,,,,,,,,0.0021304061945375,no_max
106,0.7143047514557839,0.0178422732127364,0.4357197770476341,0.7828345960378646,6.440457814846923e-05,0.3191736170649528,0.8336757570505142,23.44380104299853,9.523313820441804e-06,,,,,,,,0.0024784117472518,no_max
107,0.7174568372964859,0.0174881621426902,0.4374693843722343,0.780987154841423,5.541694448652379e-05,0.3195344461500645,0.8355788323283195,23.28398862100039,8.127413744904804e-06,,,,,,,,0.0023675682948646,no_max
108,0.6903552514314651,0.0145365979359485,0.4200278097391128,0.7582585340738297,4.257559126131127e-05,0.3049623779952526,0.8011469054222107,24.27545507799914,6.839249718073875e-06,,,,,,,,0.0016436680624042,no_max
109,0.6963908691704274,0.0138210150552913,0.4233629435300827,0.7616537401080131,3.483104470660692e-05,0.3097091057151556,0.8095729061961174,22.28276665900012,5.659799953612438e-06,0.7319754056153894,0.6489865949740264,0.5309563927301236,0.7319754056153894,0.5326637259352837,0.6823206533714062,0.686976861134454,0.0016687087032482,no_max
110,0.7007768866419792,0.0157637452613562,0.4267716467380523,0.7523003941774369,4.944759395925757e-05,0.3118406082689762,0.8142182558774949,22.782830844000276,4.589960109100444e-06,,,,,,,,0.001867458780423,no_max
111,0.6914581248164177,0.0142330686002969,0.4205681203305721,0.7484208661317825,4.042287784159271e-05,0.3077228134870529,0.8034633249044418,23.112328564000563,3.630542605884657e-06,,,,,,,,0.0016414131575231,no_max
112,0.6871098101139068,0.015562463349197,0.4184908886253833,0.782370668053627,4.066655974156674e-05,0.3070253916829824,0.8041116270422936,24.178730188999907,2.7822760121373187e-06,,,,,,,,0.0017812462937649,no_max
113,0.690404482781887,0.0152355549507774,0.4203369292616844,0.7602863666415215,4.099393684100505e-05,0.3065416791290045,0.8032532331347465,22.804924489999397,2.0458044895916517e-06,,,,,,,,0.0017196923869232,no_max
114,0.6701724810898304,0.0146499686618335,0.4079634921252728,0.7305777224898339,3.5845888124868e-05,0.2963535946607589,0.7777110934257507,23.479850554000222,1.4216873043745137e-06,,,,,,,,0.0016722260570969,no_max
115,0.6625477102398872,0.0178183253877796,0.4046559709310531,0.7779538363218308,4.1670704517855485e-05,0.2947459157556295,0.7775650474429131,22.86652606800089,9.103984023075772e-07,,,,,,,,0.0018284662820769,no_max
116,0.6758715802431107,0.0150956183765083,0.4115612117946148,0.7623906609416008,3.524256022046757e-05,0.299985743612051,0.788113539814949,23.20911243800037,5.123260489995229e-07,,,,,,,,0.0016287559860927,no_max
117,0.6946821993589402,0.016283413656638,0.4233227044343948,0.7581529614329338,4.2531075633860384e-05,0.3095448902994394,0.8090830832719803,22.608278932999383,2.2777253500257386e-07,,,,,,,,0.0019903401879537,no_max
118,0.6916671296954156,0.0155278567760251,0.4212114407122135,0.769757426083088,4.054578340173975e-05,0.3076663832366466,0.8062167778611183,25.364099211001303,5.695394625728767e-08,,,,,,,,0.0018059009174567,no_max
119,0.7062321591377259,0.0165500325220637,0.4303593257069588,0.757891731262207,3.923026608958935e-05,0.3135348552465439,0.8200561770796776,25.649878583000827,0.0,0.7284194689796711,0.6463284747091279,0.5300111417014193,0.7284194689796711,0.5317198575392604,0.6788460976084522,0.683951337970683,0.0018542830159634,no_max
0,0.9719077122211456,0.6428311824798584,0.8402771294116974,0.7162980115413666,0.088749231621623,0.6009811252355576,1.5173255252838134,28.163540565999934,5.1e-05,,,,,,,,,no_consistency
1,0.9623206514120102,0.402701119184494,0.738472871184349,0.687272207736969,0.0319834743998944,0.4923949453234673,1.3011942088603974,25.785531831999837,0.0001009999999999,,,,,,,,,no_consistency
2,0.9490125179290771,0.3233406028151512,0.6987437790632248,0.6929368835687637,0.042192224599421,0.4652655434608459,1.2354126262664795,23.48989441100093,0.0001509999999999,,,,,,,,,no_consistency
3,0.9494986134767532,0.2794620107114315,0.6814839965105057,0.6956274873018264,0.0719138922169804,0.4492869094014168,1.2039293479919433,22.93060144599985,0.0002009999999999,,,,,,,,,no_consistency
4,0.9399849021434784,0.241011172235012,0.6603954356908798,0.7104639971256256,0.0730988880991935,0.4288262313604354,1.163923007249832,22.679107522000777,0.000251,,,,,,,,,no_consistency
5,0.9228687119483948,0.2059812398254871,0.6361137527227402,0.7048343998193741,0.0622952169924974,0.4046876972913742,1.1143996512889862,22.654112517000613,0.0003,,,,,,,,,no_consistency
6,0.9205746471881866,0.1675030341744423,0.6193460237979889,0.7075305223464966,0.0546329472586512,0.3919288539886474,1.084759573340416,22.340444288998697,0.0002999430460537,,,,,,,,,no_consistency
7,0.9118515360355376,0.138922654017806,0.602680007815361,0.7051575961709022,0.047211349196732,0.3806660592556,1.0562223905324937,22.492743353999685,0.0002997722274649,,,,,,,,,no_consistency
8,0.8889924240112305,0.1191688410937786,0.5810630121827125,0.7234743756055831,0.0417353362590074,0.3646036896109581,1.0201009130477905,23.077924374998474,0.000299487673951,,,,,,,,,no_consistency
9,0.8821042865514755,0.1009001962840557,0.5696226727962493,0.7293378400802613,0.0375661087408661,0.3616107302904129,1.0060454976558686,22.55748397299976,0.0002990896015976,0.3685005400297794,0.3569836050735741,0.324081550784461,0.3685005400297794,0.3550492761181549,0.3474009990727881,0.3606035606183859,,no_consistency
10,0.8681633245944976,0.0849106796830892,0.5548622918128967,0.7043123689293861,0.0333487211167812,0.3532070536911487,0.9801680219173432,22.785973440000816,0.0002985783126956,,,,,,,,,no_consistency
11,0.8426980751752854,0.0729970460385084,0.5348176842927933,0.7237242823839187,0.0293121649138629,0.3398902605473995,0.94854598402977,22.312244357000964,0.0002979541955104,,,,,,,,,no_consistency
12,0.8380627393722534,0.0623021773993969,0.5277585348486901,0.7198308116197586,0.0263442649692297,0.3370020762085914,0.9380608993768692,22.777175000999705,0.0002972177239878,,,,,,,,,no_consistency
13,0.8219949316978454,0.0558355413377285,0.5155311942100524,0.7176024204492569,0.0223414134420454,0.3324401099979877,0.9208486241102218,22.83763147600075,0.0002963694573941,,,,,,,,,no_consistency
14,0.8401499038934708,0.0461872490867972,0.5225648579001426,0.7209213203191758,0.0198098213598132,0.3446544431149959,0.9403019309043884,23.351082103999943,0.0002954100398908,,,,,,,,,no_consistency
15,0.8145571011304855,0.0449380050972104,0.5067094787955284,0.7321476256847381,0.0168975066766142,0.3372332069277763,0.9180023270845412,23.123086894998774,0.0002943402000463,,,,,,,,,no_consistency
16,0.7968138974905014,0.0379799760878086,0.4932803475856781,0.7471681615710258,0.0141567449644207,0.3243079616129398,0.8930129617452621,22.98856886700014,0.0002931607502819,,,,,,,,,no_consistency
17,0.7887105956673622,0.0374211841635406,0.4881948509812355,0.7442072367668152,0.0117930846102535,0.3250484588742256,0.8882536906003952,22.26282935900053,0.000291872586255,,,,,,,,,no_consistency
18,0.8247680544853211,0.0432921595871448,0.512177719771862,0.8170561414957046,0.0101616986561566,0.3526450249552726,0.9470364481210708,22.98790143200131,0.0002904766861795,,,,,,,,,no_consistency
19,0.8062657636404037,0.0366183410584926,0.4984068131446838,0.7948808342218399,0.0085326191363856,0.3402925014495849,0.9186140304803848,21.875118431000374,0.0002889741100822,0.6270998329248877,0.5359346483867299,0.4040610996378498,0.6270998329248877,0.4455961247823665,0.5351079874529353,0.5774464042347366,,no_consistency
20,0.780694996714592,0.0345991288032382,0.4822566702961922,0.7901540565490722,0.007252146131359,0.3313280799984932,0.8929627591371536,22.590745045001317,0.0002873659989982,,,,,,,,,no_consistency
21,0.7892344847321511,0.0320899387821555,0.4863766849040985,0.8021115398406983,0.0059160971594974,0.3346309489011764,0.9015145939588548,22.221572661999744,0.0002856535741046,,,,,,,,,no_consistency
22,0.7808169528841973,0.0335912731755524,0.4819266992807388,0.8144175970554351,0.0050743468059226,0.3347814463078976,0.8984036242961884,22.65409445200021,0.0002838381357927,,,,,,,,,no_consistency
23,0.7696857482194901,0.0313624378852546,0.4743564447760582,0.8169892689585686,0.0043530510063283,0.3297467651963234,0.8860197901725769,23.41542948099959,0.0002819210626809,,,,,,,,,no_consistency
24,0.7799440896511078,0.0262276435783132,0.4784575319290161,0.8067632693052292,0.0037329367757774,0.3355912370979786,0.8949117439985276,22.3825285490002,0.0002799038105676,,,,,,,,,no_consistency
25,0.7725407585501671,0.0320764412637799,0.4763550508022308,0.7976909494400024,0.0031273431819863,0.3337762123346329,0.8900567269325257,23.3144056229994,0.0002777879113257,,,,,,,,,no_consistency
26,0.7612341848015786,0.0271813964890316,0.4676130896806716,0.8123114770650863,0.0028324040723964,0.3257113823294639,0.8746972435712814,23.390768527000542,0.0002755749717393,,,,,,,,,no_consistency
27,0.763560072183609,0.0269783483259379,0.4689274027943611,0.8345750313997269,0.0024248156766407,0.329387087225914,0.8818932324647903,24.06218341299973,0.0002732666722837,,,,,,,,,no_consistency
28,0.7643680891394615,0.0245309649035334,0.4684332579374313,0.8091835615038871,0.0020192291412968,0.3312845885753631,0.8807371610403061,22.638119040000674,0.0002708647658491,,,,,,,,,no_consistency
29,0.7529863220453262,0.0240458257496356,0.4614101466536522,0.7977559354901314,0.0018520321173127,0.3272142232954502,0.8684925639629364,23.207349811000316,0.0002683710764094,0.7016242842548093,0.6097460828188943,0.4706866461716436,0.7016242842548093,0.4935353098018031,0.6340786544000706,0.6509670600157182,,no_consistency
30,0.756830343902111,0.0233746095001697,0.4634480664134026,0.824713636636734,0.0016036227333825,0.328031578361988,0.8740311950445175,23.36279142199965,0.0002657874976374,,,,,,,,,no_consistency
31,0.7467812442779541,0.0269436845416203,0.4588462373614311,0.8254808214306831,0.0014525217714253,0.3261600343883037,0.8676269778609276,22.44798220099983,0.0002631159914665,,,,,,,,,no_consistency
32,0.7489778715372085,0.0247037232574075,0.4592682293057442,0.8101150947809219,0.0012266049464233,0.3272713977098465,0.8676124691963196,22.804874316001587,0.0002603585866009,,,,,,,,,no_consistency
33,0.748768116235733,0.0221825183043256,0.4581338928639888,0.8013675704598426,0.001068599098362,0.3253460101783275,0.8636700949072837,23.56597025399969,0.0002575173769752,,,,,,,,,no_consistency
34,0.7071833685040474,0.0250011454662308,0.4343104992806911,0.7868751990795135,0.000945760239847,0.3098557406663895,0.8229010435938835,24.69857760299965,0.000254594520164,,,,,,,,,no_consistency
35,0.7587400171160698,0.0223115613823756,0.4641686531901359,0.8196165359020233,0.0007637668604729,0.3318953897058964,0.8780638891458511,24.84459697999955,0.0002515922357438,,,,,,,,,no_consistency
36,0.7213006773591042,0.0211508199386298,0.4412407502532005,0.7909023833274841,0.00068339951511,0.31751543559134,0.8378805935382843,24.72272716599946,0.0002485128036071,,,,,,,,,no_consistency
37,0.7234330350160598,0.0240567410364747,0.4436825361847877,0.7918883883953094,0.0005719903681892,0.3184045749902725,0.8413045507669449,25.781279069000448,0.0002453585622314,,,,,,,,,no_consistency
38,0.7538791781663895,0.019332548151724,0.4600605452060699,0.779513675570488,0.0005483850828022,0.3312300249934196,0.8692693567276001,24.22925332500017,0.0002421319069034,,,,,,,,,no_consistency
39,0.7192323723435402,0.0207500591129064,0.4398394630849361,0.8273604097962379,0.0004962753079598,0.3169387009739876,0.8395390191674232,25.976819928999248,0.0002388352878997,0.6739291466003082,0.5783783167089803,0.4365041520405305,0.6739291466003082,0.4777486267950072,0.5834571767316256,0.6215213981769321,,no_consistency
40,0.737119622528553,0.0220177211053669,0.4510788798332214,0.8098511305451394,0.0003992643562378,0.3223585253208875,0.8544424846768379,23.543477501998492,0.0002354712086265,,,,,,,,,no_consistency
41,0.7529887044429779,0.0202543446258641,0.4598949775099754,0.8396339356899262,0.0003833308647153,0.3319589248299598,0.8758364617824554,22.997084716000245,0.0002320422237183,,,,,,,,,no_consistency
42,0.7340487644076348,0.0215620910888537,0.4490541131794452,0.8074518558382988,0.0003762600052868,0.3242681232094764,0.8540862366557121,23.783326803999444,0.0002285509370981,,,,,,,,,no_consistency
43,0.7148773404955864,0.0195060703903436,0.4367288506031036,0.7877659296989441,0.0003708540461957,0.3145020163059234,0.8300260096788407,24.044261397999435,0.000225,,,,,,,,,no_consistency
44,0.7310059309005738,0.0197496551054064,0.4465034389495849,0.7894984054565429,0.0002966219637892,0.321358268558979,0.8468263822793961,26.14913002299909,0.0002213921089555,,,,,,,,,no_consistency
45,0.72123117685318,0.0196599199832417,0.4406026913225651,0.8017489349842072,0.0002939281691215,0.3181940385699272,0.8389863157272339,25.843975931000383,0.0002177300037466,,,,,,,,,no_consistency
46,0.7314566335082054,0.0197830879245884,0.4467872324585915,0.7851724204421043,0.0002337087946943,0.3224043446034193,0.8477205020189286,25.5840107719996,0.0002140164653244,,,,,,,,,no_consistency
47,0.6970435798168182,0.0193020937638357,0.4259470023214817,0.7829469877481461,0.0002381135938048,0.3077828769385815,0.8120364886522293,25.101034236000487,0.0002102543136979,,,,,,,,,no_consistency
48,0.7101374453306198,0.018866777063813,0.4336291971802711,0.7998475116491318,0.0002113296596508,0.314639448672533,0.8282639592885971,25.89252047899936,0.0002064464057921,,,,,,,,,no_consistency
49,0.6950168168544769,0.0174915355560369,0.4240067191421985,0.7508522117137909,0.0001762236032664,0.3060912784934044,0.8051920315623283,25.41898911000135,0.0002025956332789,0.6652705140752315,0.5819718325628108,0.4599749668859805,0.6652705140752315,0.4959629728940233,0.5846820107191778,0.6197513549025803,,no_consistency
50,0.7226062786579132,0.0200034406897611,0.4415651625394821,0.7861817795038223,0.0001558121523703,0.3198175399005413,0.8400086718797684,23.05701841800328,0.0001987049203807,,,,,,,,,no_consistency
51,0.7026504105329514,0.0188112120795995,0.4291147482395172,0.7707457938790321,0.000133403224172,0.3114880710840225,0.817684069275856,22.96512239599906,0.0001947772216502,,,,,,,,,no_consistency
52,0.7312045305967331,0.0207618781761266,0.4470274874567985,0.8086788234114647,0.0001323082025191,0.3259364813566208,0.853838467001915,22.268796506999934,0.0001908155197268,,,,,,,,,no_consistency
53,0.7106982362270355,0.0190447049215435,0.4340368390083313,0.8216616916656494,0.0001515468850266,0.3130693392455578,0.8292799255251885,25.551702525997825,0.0001868228230711,,,,,,,,,no_consistency
54,0.7051200920343399,0.0197127480839844,0.4309571728110313,0.7998679882287979,0.0001321927668323,0.3119142304360867,0.8228648123145104,25.39216403499813,0.0001828021636809,,,,,,,,,no_consistency
55,0.6965411049127579,0.0194787752535194,0.425716187953949,0.7804533970355988,0.0001286887829337,0.3084176310896873,0.8121855908632278,25.682813359999276,0.0001787565947885,,,,,,,,,no_consistency
56,0.6896833507716655,0.0176944993482902,0.4208878257870674,0.7740047830343246,0.000118905684576,0.3055636046826839,0.8038578547537327,24.366356193000684,0.0001746891885421,,,,,,,,,no_consistency
57,0.6830126622319221,0.0194132935721427,0.4175729306042194,0.8144361966848374,9.839886781264794e-05,0.3021783740073442,0.8011998441815377,25.40762327500124,0.0001706030336727,,,,,,,,,no_consistency
58,0.7178960195183755,0.0184871777566149,0.4381325003504753,0.7793820226192474,0.0001127174388238,0.3180942521989345,0.8341705900430679,25.61959120900065,0.0001665012331491,,,,,,,,,no_consistency
59,0.7296967130899429,0.015037239647936,0.4438329423964023,0.7852232375741005,0.0001001975537292,0.3227920736372471,0.8451523545384407,25.86325252700044,0.0001623869018208,0.703578435615432,0.6091512172534161,0.4731886449308629,0.703578435615432,0.5076408956555426,0.6162343204892741,0.6522112910383703,,no_consistency
60,0.6933831155300141,0.0150190788507461,0.4220375195145607,0.741050554215908,9.497380047832848e-05,0.3054841534793377,0.8016314768791198,23.441143185998957,0.0001582631640533,,,,,,,,,no_consistency
61,0.7167928986251354,0.0162598460330627,0.4365796957165003,0.7674668997526168,7.413583158268011e-05,0.3173320525884628,0.8306621487438679,22.146706436997192,0.0001541331513552,,,,,,,,,no_consistency
62,0.6912046480178833,0.0178954320191405,0.4218809787929058,0.7766728991270065,9.075232104805763e-05,0.3075035955011844,0.8070564040541649,23.06329145199925,0.00015,,,,,,,,,no_consistency
63,0.7048668019473553,0.01563387299655,0.4291736462712288,0.7517894980311394,8.224038010666846e-05,0.3131754274666309,0.8175321367383003,24.29692597399844,0.0001458668486447,,,,,,,,,no_consistency
64,0.7242473620176315,0.0156489936658181,0.4408080333471298,0.7811186966300011,7.207251559520955e-05,0.3200994007289409,0.839022907614708,25.63652016800188,0.0001417368359466,,,,,,,,,no_consistency
65,0.6949405103921891,0.0169908155954908,0.4237606501579284,0.7882503843307496,8.008563212570152e-05,0.3081786727905273,0.8107683682441711,26.14383131700015,0.0001376130981791,,,,,,,,,no_consistency
66,0.7039798256754876,0.0164396128756925,0.4289637564122677,0.7619413486123086,7.522893347413628e-05,0.3139590825140476,0.8191207349300385,26.716580771997545,0.0001334987668508,,,,,,,,,no_consistency
67,0.7087499716877937,0.016835232716985,0.431984094530344,0.7770411875844002,7.447610387316672e-05,0.3128075475990772,0.8224994811415672,24.621826503000197,0.0001293969663272,,,,,,,,,no_consistency
68,0.7117429268360138,0.0146446435688994,0.4329036295413971,0.788654762506485,7.741399296719465e-05,0.3152607513964176,0.8270337301492691,25.869166141001187,0.0001253108114578,,,,,,,,,no_consistency
69,0.696595404446125,0.0150570031115785,0.4239800588786602,0.7499756145477295,6.979340698308078e-05,0.3092298802733421,0.8082109901309014,25.17291472899888,0.0001212434052114,0.7218187455419408,0.6257970675508742,0.4972759131687064,0.7218187455419408,0.5149760218074398,0.6405964353032418,0.6705579589072974,,no_consistency
70,0.6824821907281876,0.0186261328496038,0.4169397835433483,0.8242204159498214,7.377299892141309e-05,0.3035308773443103,0.8028963907063007,23.423754352999826,0.000117197836319,,,,,,,,,no_consistency
71,0.6700834836065769,0.0173681070259772,0.4089973479509353,0.7764221918582916,5.689923702448141e-05,0.2987092387676239,0.7853516530990601,22.45525346000068,0.0001131771769288,,,,,,,,,no_consistency
72,0.7391749270260334,0.0208422609302215,0.4518418809771538,0.8077300506830215,5.193119113755529e-05,0.3286063013970852,0.861223786175251,22.68866737499775,0.0001091844802731,,,,,,,,,no_consistency
73,0.6942801487445831,0.0211750272358767,0.4250381164252758,0.810344742834568,6.767398392184987e-05,0.3095521084964275,0.815628088414669,23.394287725997856,0.0001052227783497,,,,,,,,,no_consistency
74,0.7497742849588395,0.0199932497506961,0.4578618866205215,0.8228195264935494,7.039840103061579e-05,0.3345428846776485,0.8746902471780778,26.677345529999,0.0001012950796192,,,,,,,,,no_consistency
75,0.7412810650467873,0.0191570015042088,0.4524314567446709,0.8032675850391388,8.344723293703282e-05,0.3284534312784671,0.8612158226966858,25.65509382899836,9.740436672108684e-05,,,,,,,,,no_consistency
76,0.6901898536086083,0.0190162048675119,0.4217204116284847,0.7818191421031951,6.175083326525055e-05,0.3069495133310556,0.8068549260497093,25.332214972000656,9.355359420782469e-05,,,,,,,,,no_consistency
77,0.7164027160406112,0.0221100100129842,0.4386856506764889,0.8164532551169396,9.65535362229275e-05,0.3196806302666664,0.8400164389610291,25.89517188500031,8.97456863020546e-05,,,,,,,,,no_consistency
78,0.7041363283991814,0.0191927024209871,0.4301588955521583,0.829381982088089,7.259493657329585e-05,0.3145145411789417,0.8276152610778809,26.712087918996986,8.598353467553945e-05,,,,,,,,,no_consistency
79,0.6965341353416443,0.0184241782221943,0.4252901704609394,0.7859875595569611,5.516595031622273e-05,0.3098561856150627,0.8137478706240654,25.36197336999976,8.226999625336662e-05,0.6857135760207148,0.6011941207185809,0.4886956324452036,0.6857135760207148,0.5039690788569048,0.6138997072781228,0.6406559450725235,,no_consistency
80,0.7051480105519294,0.0176184147765161,0.4301361893117428,0.8002816721796989,5.7230919246649136e-05,0.3122488728165626,0.8224160948395729,22.75295059900236,7.860789104443896e-05,,,,,,,,,no_consistency
81,0.6985604006052017,0.0179108699643984,0.4263006077706814,0.7974168819189071,6.838731922471198e-05,0.3107575438916683,0.8168032625317574,23.29691311200077,7.500000000000002e-05,,,,,,,,,no_consistency
82,0.6897082689404488,0.0192521894653327,0.4215258556604385,0.7888979595899582,4.7028005928950735e-05,0.3060305711627006,0.8064485758543014,21.84639506700114,7.144906290181832e-05,,,,,,,,,no_consistency
83,0.7014841613173485,0.0186063095228746,0.428333038687706,0.7934792304039001,5.941719037764415e-05,0.3132405292987823,0.8209244617819786,23.32534346099783,6.795777628163599e-05,,,,,,,,,no_consistency
84,0.7180040872097015,0.0196808923361822,0.4386748290061951,0.7932998171448707,6.032500368746696e-05,0.3201087890565395,0.8381166186928749,24.628838986998744,6.452879137346007e-05,,,,,,,,,no_consistency
85,0.6878178049623966,0.0184806727711111,0.4200829687714577,0.7971111860871315,6.443362365644135e-05,0.3070257823169231,0.8068230932950974,25.179066162996605,6.1164712100253e-05,,,,,,,,,no_consistency
86,0.7204245761036873,0.0169641321734525,0.439040417522192,0.7614200404286384,7.48647769796662e-05,0.3219875273108482,0.8371736931800843,25.207815241999924,5.786809309654982e-05,,,,,,,,,no_consistency
87,0.732642751634121,0.0193080886057578,0.4473089069128036,0.8203240358829498,6.647742087807273e-05,0.3260415580868721,0.8553861933946609,24.815476084000693,5.464143776850482e-05,,,,,,,,,no_consistency
88,0.7071998238563537,0.0178451221622526,0.4314579626917839,0.7631666845083237,6.345154799419105e-05,0.3141630545258522,0.8219408631324768,26.01438938900173,5.148719639283984e-05,,,,,,,,,no_consistency
89,0.6926748341321946,0.0183029662864282,0.4229261040687561,0.8006687831878662,6.610567887037177e-05,0.3079617878049612,0.8109580716490745,24.56680708499698,4.840776425613886e-05,0.6935923720446722,0.6064204892531524,0.4973465222803029,0.6935923720446722,0.5064225874386079,0.6192465082761776,0.6478162222307793,,no_consistency
90,0.7057210114598275,0.0186138239572756,0.4308781540393829,0.7846984514594078,5.597185127044213e-05,0.3143013621866703,0.823652164041996,22.939294492000045,4.5405479835900685e-05,,,,,,,,,no_consistency
91,0.7168447795510292,0.018268416065257,0.4374142514169216,0.8179002946615219,4.442363342604949e-05,0.3192715641856193,0.8384780663251877,23.105291616000613,4.2482623024732334e-05,,,,,,,,,no_consistency
92,0.7093812346458435,0.0170789950806647,0.4324603578448295,0.7741561302542687,7.259416154738574e-05,0.3153015106916427,0.8251811105012894,22.64245458899677,3.964141339903026e-05,,,,,,,,,no_consistency
93,0.7064621245861054,0.0184617523744236,0.431261995434761,0.7920190703868866,7.295586457985337e-05,0.3149116516113281,0.8253792053461075,23.19051224500072,3.6884008533465575e-05,,,,,,,,,no_consistency
94,0.732418250143528,0.0160907512914855,0.4458872689306736,0.8123258742690086,5.827492383104982e-05,0.3255043767392635,0.8526271507143974,24.6939178069988,3.4212502362551864e-05,,,,,,,,,no_consistency
95,0.7179910951852798,0.016801764430711,0.4375153811275959,0.7760068380832672,6.606964937418525e-05,0.3193448989093304,0.8344642716646195,25.260267166999256,3.162892359054098e-05,,,,,,,,,no_consistency
96,0.7158553516864776,0.0177749136649072,0.4366231931746006,0.8084422916173934,7.090964185408665e-05,0.3175107181072235,0.8349816828966141,26.069257772000128,2.913523415085328e-05,,,,,,,,,no_consistency
97,0.7174520587921143,0.0175566039839759,0.4374938923865556,0.8067785656452179,7.201491421255923e-05,0.3178206527233124,0.8359960013628006,25.06096148100187,2.673332771621324e-05,,,,,,,,,no_consistency
98,0.6930004045367241,0.017670370270498,0.4228684075176716,0.7712919062376022,6.542492141306866e-05,0.3085032194852829,0.8085040944814682,25.95692838700052,2.4425028260620715e-05,,,,,,,,,no_consistency
99,0.6891369737684727,0.0182202047621831,0.4207702814042568,0.7943267220258713,7.065773927934061e-05,0.3075403881818056,0.8077468773722649,25.106708690000232,2.221208867425096e-05,0.7234570991550581,0.62950325615155,0.507926331177727,0.7234570991550581,0.5114085087841989,0.6536441605153929,0.6737178694562725,,no_consistency
100,0.7282345435023307,0.0176540063461288,0.4440023493766785,0.8301507237553597,5.891716303267458e-05,0.3243068504333496,0.8513272127509117,22.91357464199973,2.009618943233419e-05,,,,,,,,,no_consistency
101,0.6908853729069233,0.0176149755925871,0.4215772308409214,0.7791562920808792,6.099525689023721e-05,0.3060899259150028,0.8055858346819877,22.09621254200101,1.807893731902665e-05,,,,,,,,,no_consistency
102,0.6870609086751938,0.0195538079645484,0.4200580848753452,0.7508892312645912,6.669363051514665e-05,0.3074659948796034,0.8026163399219512,23.13373925400083,1.616186420724089e-05,,,,,,,,,no_consistency
103,0.7176331436634064,0.0175009546196088,0.4375802850723266,0.8166130751371383,4.799364090104063e-05,0.3204442742466926,0.8396882694959641,23.38618372700148,1.4346425895363384e-05,,,,,,,,,no_consistency
104,0.6844340804219246,0.0182464594661723,0.4179590474069118,0.7865771198272705,4.9525462022756985e-05,0.305510882884264,0.8021301171183586,25.80068675500297,1.2634001001741372e-05,,,,,,,,,no_consistency
105,0.6998368081450462,0.017275540488772,0.4268123181164264,0.7805970832705498,5.448505806270987e-05,0.3105355257540941,0.8154102826118469,25.722984249001456,1.1025889917779737e-05,,,,,,,,,no_consistency
106,0.713921805024147,0.018054986607749,0.4355750988423824,0.773979360461235,6.523567386011564e-05,0.3194508807361126,0.8324271810054779,25.46309891599958,9.523313820441804e-06,,,,,,,,,no_consistency
107,0.7156954261660576,0.0176323736063204,0.4364702229201793,0.7597574779391288,7.009185052083921e-05,0.3189141584932804,0.8313636308908463,25.365173161000712,8.127413744904804e-06,,,,,,,,,no_consistency
108,0.6916029402613639,0.0146948222583159,0.4208397103846073,0.7585533159971237,5.381914765621332e-05,0.3063766923546791,0.8030744224786759,25.50001353300104,6.839249718073875e-06,,,,,,,,,no_consistency
109,0.6920541422069073,0.0138822492887265,0.4207854001224041,0.7442890012264252,4.606228547345381e-05,0.3080287131667137,0.8032453189790248,24.55858440800148,5.659799953612438e-06,0.7258405166141896,0.6313225790261082,0.5119035434632359,0.7258405166141896,0.5164881563856846,0.65163906407845,0.6760914380226698,,no_consistency
110,0.6992403370141983,0.0160397166130133,0.4259601038694381,0.7495636457204818,5.136002766448655e-05,0.3109998753666878,0.811918913424015,22.85621135700057,4.589960109100444e-06,,,,,,,,,no_consistency
111,0.6896993561089039,0.0146763433120213,0.4196901667118072,0.7441574880480766,4.624364462870289e-05,0.3069369973987341,0.8010452279448509,22.254175497000688,3.630542605884657e-06,,,,,,,,,no_consistency
112,0.688236386179924,0.015999022044707,0.4193414559960365,0.7784766209125519,5.352793706151715e-05,0.307518161535263,0.8047099557518959,23.248399707001223,2.7822760121373187e-06,,,,,,,,,no_consistency
113,0.6901723319292068,0.0154608002398163,0.4202877353131771,0.7629543069005013,5.060022565885447e-05,0.3072200924158096,0.8038057896494866,22.336846133999643,2.0458044895916517e-06,,,,,,,,,no_consistency
114,0.6699879851937294,0.0153835463523864,0.4081462262570858,0.7259575152397155,5.154407999725663e-05,0.2958473055809736,0.776591863334179,25.692194658997323,1.4216873043745137e-06,,,,,,,,,no_consistency
115,0.660361447930336,0.0177568549965508,0.4033196271955967,0.7696288445591927,5.100360520373215e-05,0.2939174973219633,0.7742025604844094,25.72559694399752,9.103984023075772e-07,,,,,,,,,no_consistency
116,0.674646854698658,0.0152728926879353,0.410897286683321,0.7638809630274772,5.169221872165508e-05,0.2996008731424808,0.7868888464570045,25.89505999999892,5.123260489995229e-07,,,,,,,,,no_consistency
117,0.6935038933157921,0.0162545619707088,0.4226041780412197,0.7511792242527008,4.963890203725896e-05,0.3093592162430286,0.8070838004350662,25.236784126998828,2.2777253500257386e-07,,,,,,,,,no_consistency
118,0.6901636934280395,0.0157409010047558,0.4203945910930634,0.7558770191669464,4.563011791560712e-05,0.3071817757189274,0.8031663492321968,25.26772886499748,5.695394625728767e-08,,,,,,,,,no_consistency
119,0.7068831899762154,0.0171193160203984,0.4309776557981968,0.7494800448417663,5.215357722590853e-05,0.3143796144425869,0.8203078785538673,25.520019035000587,0.0,0.7243890756607066,0.6325064860681879,0.5166469924957352,0.7243890756607066,0.5207019061642421,0.6524284763796147,0.6760500904664538,,no_consistency
0,0.9719013744592666,0.6428303396701813,0.8402729904651642,0.7163166868686676,0.0887829763814807,0.6009753954410553,1.51731920003891,27.212757306999265,5.1e-05,,,,,,,,,shuffled_quality
1,0.9623197543621064,0.4027191007137298,0.7384795182943344,0.6872785383462906,0.0319939176738262,0.4924189868569374,1.301226041316986,25.86591291399964,0.0001009999999999,,,,,,,,,shuffled_quality
2,0.9490146553516388,0.3233476084470749,0.6987478649616241,0.6929342347383499,0.0421802709251642,0.4652433177828788,1.235393625497818,25.97392394599956,0.0001509999999999,,,,,,,,,shuffled_quality
3,0.949518820643425,0.2795183545351028,0.6815186566114426,0.6957573395967483,0.0718443638458848,0.4493151527643204,1.2040017557144165,25.78449638100028,0.0002009999999999,,,,,,,,,shuffled_quality
4,0.9400404024124146,0.2410446840524673,0.6604421383142471,0.7105400031805038,0.0730856548994779,0.4288386911153793,1.1639891171455383,25.410906760000216,0.000251,,,,,,,,,shuffled_quality
5,0.9228944766521454,0.2060271298885345,0.6361475652456283,0.7050720542669296,0.0622598277404904,0.4047050523757934,1.1144728153944017,24.47596749700097,0.0003,,,,,,,,,shuffled_quality
6,0.920815088748932,0.1677653905749321,0.6195952349901199,0.707384186387062,0.0545655664056539,0.3922161814570427,1.0852781176567077,23.893972845000462,0.0002999430460537,,,,,,,,,shuffled_quality
7,0.9115454894304276,0.138742506057024,0.6024243229627609,0.7058668655157089,0.0470729395374655,0.3801427939534187,1.0555074524879455,22.29665026300063,0.0002997722274649,,,,,,,,,shuffled_quality
8,0.8890209239721298,0.1193630296736955,0.5811577895283699,0.7226500630378723,0.0416053655743598,0.3656429025530815,1.0211459666490554,23.20505666899953,0.000299487673951,,,,,,,,,shuffled_quality
9,0.8809419667720795,0.1001939310133457,0.5686427733302116,0.7239182358980178,0.0373578695580363,0.3606189887225628,1.0035214734077451,22.506177290000775,0.0002990896015976,0.4362557108606328,0.4132530840054628,0.369078667030876,0.4362557108606328,0.4113156467717501,0.3921878943840055,0.4226372184211061,,shuffled_quality
10,0.8689991688728332,0.0849688699841499,0.5553870719671249,0.7072217953205109,0.0331643312424421,0.3550262036919593,0.982793670296669,24.84305477899943,0.0002985783126956,,,,,,,,,shuffled_quality
11,0.8429470336437226,0.0730648800730705,0.534994193315506,0.7251904296875,0.029071444645524,0.3406939493119716,0.9496607619524002,25.10227511999983,0.0002979541955104,,,,,,,,,shuffled_quality
12,0.8372476673126221,0.0619592513516545,0.5271323201060295,0.7180136734247208,0.0262167689763009,0.3366079980134964,0.936852524280548,25.62123379499826,0.0002972177239878,,,,,,,,,shuffled_quality
13,0.822007406949997,0.0557364264503121,0.5154990366101265,0.718443289399147,0.0222663290053606,0.3324030405282974,0.9208597195148468,25.842896906000533,0.0002963694573941,,,,,,,,,shuffled_quality
14,0.8398922783136368,0.0462967357784509,0.5224540823698044,0.7192384177446365,0.0196683440729975,0.344302510023117,0.9396638524532318,25.85228356799962,0.0002954100398908,,,,,,,,,shuffled_quality
15,0.816426157951355,0.0450034823827445,0.5078571116924286,0.7391940784454346,0.0168348304647952,0.3388037052750587,0.921421965956688,26.20729222599948,0.0002943402000463,,,,,,,,,shuffled_quality
16,0.7959696853160858,0.0382776069454848,0.4928928753733635,0.7466667172312736,0.0139471899624913,0.3241156551241875,0.892372562289238,24.62219386300057,0.0002931607502819,,,,,,,,,shuffled_quality
17,0.7886738470196724,0.0364265707880258,0.4877749529480934,0.7461957812309266,0.0116552415676414,0.3247343553602695,0.8877116531133652,22.770135778999247,0.000291872586255,,,,,,,,,shuffled_quality
18,0.8260920351743698,0.0429272281378507,0.5128261303901672,0.8132963389158249,0.0099288735073059,0.3522350926697254,0.9483930379152298,24.17052978799984,0.0002904766861795,,,,,,,,0.0075286468351259,shuffled_quality
19,0.8054023617506028,0.036043408922851,0.4976588043570518,0.7977895337343216,0.0084283606708049,0.3393633195757866,0.9185406041145324,23.4347046139992,0.0002889741100822,0.6169317240568545,0.5198291559598145,0.3833727380041682,0.6169317240568545,0.4157553875856507,0.5268003562369382,0.5644450550224739,0.0065905407583341,shuffled_quality
20,0.7801900166273117,0.0339252761378884,0.4816841396689415,0.7745086598396301,0.007209082506597,0.330779387652874,0.8914432370662689,25.496307482000702,0.0002873659989982,,,,,,,,0.0058419271698221,shuffled_quality
21,0.7886036792397499,0.0321094884444028,0.486006024479866,0.8018557596206665,0.0058757320325821,0.334747564792633,0.9023007953166962,25.873270756001148,0.0002856535741046,,,,,,,,0.0053392097400501,shuffled_quality
22,0.7816790443658829,0.0333248397894203,0.4823373815417289,0.8238149172067643,0.0049958708649501,0.3346210184693337,0.9006566596031189,26.329947294001613,0.0002838381357927,,,,,,,,0.0053348890552297,shuffled_quality
23,0.7696140524744988,0.0309425260778516,0.4741454625129699,0.8182452389597893,0.0042843226972036,0.3291991111636161,0.8863164526224137,25.836631627000315,0.0002819210626809,,,,,,,,0.0046656764554791,shuffled_quality
24,0.7812398573756218,0.0270029869955033,0.4795451307296753,0.8101828414201736,0.0037154291803017,0.3362057466804981,0.8977770918607711,25.92765568899995,0.0002799038105676,,,,,,,,0.0041108068195171,shuffled_quality
25,0.7734404787421226,0.0323976858984679,0.4770233795046806,0.8051258593797683,0.0030010923766531,0.3348249784111977,0.893353842496872,26.47614435899959,0.0002777879113257,,,,,,,,0.0042142045614309,shuffled_quality
26,0.7610018101334571,0.027118321256712,0.4674484330415726,0.8176978740096092,0.0027244356530718,0.3250864009559154,0.8751099157333374,24.13820508400022,0.0002755749717393,,,,,,,,0.0033453529467806,shuffled_quality
27,0.7647351264953614,0.0278151919925585,0.4699671724438667,0.8246822518110275,0.0023584135971032,0.330641193240881,0.8837609422206879,23.95741471599831,0.0002732666722837,,,,,,,,0.0028321664710529,shuffled_quality
28,0.7638062030076981,0.0242811882356181,0.4679962168633937,0.7930105981230736,0.0019622921489644,0.3306820149719715,0.878586174249649,23.174814633002825,0.0002708647658491,,,,,,,,0.0025438649160787,shuffled_quality
29,0.7534671321511268,0.0241427192091941,0.4617373828589916,0.8100628620386123,0.0018703738262411,0.3274992808699608,0.8707857188582421,23.9262703409986,0.0002683710764094,0.711870948874244,0.6049567711041904,0.4362277367695047,0.711870948874244,0.4706115708937431,0.632387793544584,0.6522323743327539,0.002246252791956,shuffled_quality
30,0.7564889478683472,0.0232615331048145,0.4631980013847351,0.8291858065128327,0.0016018590016756,0.3276014117896557,0.8741776284575462,25.154624528000568,0.0002657874976374,,,,,,,,0.0018976699118502,shuffled_quality
31,0.7465446227788926,0.027425741488114,0.4588970884680748,0.8237665608525276,0.0014078899077139,0.3259497566521168,0.8677621430158615,25.51032335499985,0.0002631159914665,,,,,,,,0.00234122191614,shuffled_quality
32,0.751331185400486,0.0250550761586055,0.4608207604289054,0.8142834943532944,0.0012122003035619,0.3272653430700302,0.869964047074318,25.7347689729977,0.0002603585866009,,,,,,,,0.0019449025479843,shuffled_quality
33,0.7478073373436928,0.0215270427893847,0.4572952370345592,0.7979851073026657,0.0010461094690253,0.3253683062642812,0.8628436899185181,25.272699314999045,0.0002575173769752,,,,,,,,0.0016466681286692,shuffled_quality
34,0.707840433716774,0.0249983345065265,0.434703611433506,0.7964799943566322,0.00093084192893,0.3101271051168441,0.8248847764730454,25.20779209299872,0.000254594520164,,,,,,,,0.0017976027732947,shuffled_quality
35,0.759258564710617,0.0218897724756971,0.4643110704421997,0.8285490137338638,0.0007202709355624,0.331852421015501,0.8793369704484939,24.842959391997283,0.0002515922357438,,,,,,,,0.0014127950972761,shuffled_quality
36,0.7226400381326675,0.0214762120461091,0.4421745251119137,0.7924920213222504,0.0006531616277061,0.3170369550585746,0.838765284717083,23.60355141299806,0.0002485128036071,,,,,,,,0.0013597134230076,shuffled_quality
37,0.7213665699958801,0.0232791620027273,0.4421316245198249,0.798264229297638,0.000576676732453,0.3175432761758566,0.8398207938671112,23.150646943999163,0.0002453585622314,,,,,,,,0.0014531483131577,shuffled_quality
38,0.7536626568436623,0.0196604058379307,0.4600617721676826,0.7857143995165825,0.0005294455779949,0.3315803530812263,0.8704980379343032,23.042219757000566,0.0002421319069034,,,,,,,,0.0012900192046072,shuffled_quality
39,0.7203811633586884,0.0208571493579074,0.4405715788900852,0.8264485573768616,0.0005103290037368,0.3170710912346839,0.8405474546551704,23.580367747999844,0.0002388352878997,0.682513220029207,0.582455347862383,0.4373111677365566,0.682513220029207,0.4694581117740902,0.595394711783852,0.6279756531498948,0.0011720852775033,shuffled_quality
40,0.7375487205386162,0.0218418648419901,0.4512659975886345,0.8063055294752121,0.0003918519039871,0.3229673252999782,0.8551836887001991,26.19829318800112,0.0002354712086265,,,,,,,,0.0015010939521016,shuffled_quality
41,0.7520835915207863,0.0200828307843767,0.4592833073437214,0.8483112567663192,0.0003652669483562,0.3315039083361625,0.8758975875377655,26.06442016100118,0.0002320422237183,,,,,,,,0.0013048967575014,shuffled_quality
42,0.731684390604496,0.020754325883463,0.4473123830556869,0.7924767687916756,0.0003577352892898,0.3225209559500217,0.8494677847623825,26.67966771200008,0.0002285509370981,,,,,,,,0.0018443856241356,shuffled_quality
43,0.7133927017450332,0.0186650078324601,0.4355016413331032,0.7938975459337234,0.0003532263959641,0.313683011829853,0.8288137871026993,26.063936995000404,0.000225,,,,,,,,0.0011085763873416,shuffled_quality
44,0.7300068029761314,0.0196436060022097,0.4458615389466285,0.7877440083026886,0.0002950886455073,0.3210879430174828,0.846010622382164,26.53211282600023,0.0002213921089555,,,,,,,,0.0013599208618688,shuffled_quality
45,0.7226938772201538,0.0197068260144442,0.4414990743994713,0.7933289501070976,0.0002970902022207,0.3192542819678783,0.8403577977418899,26.133677682999405,0.0002177300037466,,,,,,,,0.001283464282751,shuffled_quality
46,0.7296281403303146,0.0190128649026155,0.4453820475935936,0.7900951686501503,0.0002394027933769,0.3213434202969074,0.8460704699158669,24.84588965799776,0.0002140164653244,,,,,,,,0.001617573980111,shuffled_quality
47,0.6938157284259796,0.0190052138967439,0.4238915404677391,0.7797175365686416,0.0002402708596491,0.3055468203127384,0.8076662224531174,23.544006623000318,0.0002102543136979,,,,,,,,0.0012204903534438,shuffled_quality
48,0.711086572110653,0.0193553902185522,0.4343941189348698,0.8063638064265252,0.0002104696312017,0.3145469380915165,0.8298574638366699,24.476860088998365,0.0002064464057921,,,,,,,,0.0013475029527035,shuffled_quality
49,0.6913691806793213,0.0173195215745363,0.4217493344843387,0.7449439176917076,0.0001733758998307,0.3040606342256069,0.8005328074097633,23.174525203001394,0.0002025956332789,0.6627034460364905,0.5779769849141728,0.4484579514092162,0.6627034460364905,0.4923664756785571,0.5788610330274707,0.6158609582370677,0.0010988722340698,shuffled_quality
50,0.7203085228800774,0.0194051462330389,0.4399471908807754,0.7844358086585999,0.0001532653765025,0.319596023261547,0.8383071440458297,26.26280528999996,0.0001987049203807,,,,,,,,0.0015634189553748,shuffled_quality
51,0.7005326250195503,0.0186471282411366,0.427778442800045,0.7720266985893249,0.0001415517041459,0.3102206942439079,0.8155033713579178,26.18176673600101,0.0001947772216502,,,,,,,,0.0014724513615146,shuffled_quality
52,0.7297130620479584,0.0206342947646044,0.4460815735161304,0.811718220114708,0.0001652430359536,0.3244504974782466,0.8520853310823441,25.46647166199909,0.0001908155197268,,,,,,,,0.0018658783900173,shuffled_quality
53,0.7090475803613663,0.0187727973121218,0.4329376846551895,0.8242784494161606,0.0001654279043577,0.3122380866855383,0.8279349002242088,27.30771022599947,0.0001868228230711,,,,,,,,0.0016150126411957,shuffled_quality
54,0.702895276248455,0.0193401192571036,0.4294732283055782,0.8021737045049667,0.0001484249622444,0.3102879019081592,0.8203070333600044,25.12225270299677,0.0001828021636809,,,,,,,,0.001605586013793,shuffled_quality
55,0.6945166116952897,0.0193639353709295,0.4244555597007274,0.7805814313888549,0.0001308109830642,0.3074952886253595,0.8104063519835472,25.996981643002076,0.0001787565947885,,,,,,,,0.0019541042394848,shuffled_quality
56,0.6899825339019299,0.0175575000094249,0.4210125362128019,0.7757025223970413,0.0001114957583195,0.3057809000089764,0.8046263860166073,22.584361795001318,0.0001746891885421,,,,,,,,0.0012856209039819,shuffled_quality
57,0.6818626354634761,0.0189866015454754,0.4167122383415699,0.8205136948823929,9.503340912488056e-05,0.3019160465151072,0.8010306638479233,23.480043902000038,0.0001706030336727,,,,,,,,0.0017312622281315,shuffled_quality
58,0.715233451128006,0.0177675049088429,0.4362470912933349,0.7779125887155532,0.0001219661286449,0.3165892624855042,0.8309216845035553,22.927304155000456,0.0001665012331491,,,,,,,,0.0014398455504124,shuffled_quality
59,0.729325747191906,0.0147663556772749,0.4435020069777965,0.7835379499197006,9.956153538951184e-05,0.3221801810711622,0.8442669382691383,23.64592820500184,0.0001623869018208,0.6982358579542566,0.6077138600956151,0.4751337351073721,0.6982358579542566,0.503361716751042,0.621544005581547,0.6487690463119757,0.0011298893012644,shuffled_quality
60,0.6927659252285957,0.0144075042009353,0.421422573775053,0.7402743723988533,9.677625370386522e-05,0.3046566687524318,0.8003481742739678,27.02212667799904,0.0001582631640533,,,,,,,,0.0011832652511293,shuffled_quality
61,0.715523928552866,0.0168979732319712,0.4360735620558262,0.7708571439981461,9.159226337942528e-05,0.3172263930737972,0.8307411435246468,25.255896757997107,0.0001541331513552,,,,,,,,0.0017544517390342,shuffled_quality
62,0.6887886723876,0.0181036932277493,0.4205146969854831,0.7630285578966141,0.0001061736965857,0.3064802296459675,0.8036398988962173,26.30642255699786,0.00015,,,,,,,,0.0016840477634741,shuffled_quality
63,0.7044810645282269,0.0155872887163423,0.4289235734939575,0.7459651228785514,9.351049768156372e-05,0.311798644810915,0.8155709835886955,25.841077829001733,0.0001458668486447,,,,,,,,0.0012378861124307,shuffled_quality
64,0.7243405282497406,0.0153562456555664,0.4407468312978744,0.7885703593492508,8.685030135893612e-05,0.3201163946092129,0.8400054964423179,25.927947853997463,0.0001417368359466,,,,,,,,0.0014044423598897,shuffled_quality
65,0.6955504235625267,0.0172552273864857,0.4242323623597622,0.7790808928012848,9.991633167373948e-05,0.3086393578350544,0.8110715541243553,25.535773670999333,0.0001376130981791,,,,,,,,0.0014337494153187,shuffled_quality
66,0.702528458237648,0.0164700949937105,0.4281051306426525,0.7580039644241333,8.641385013106628e-05,0.3125679797679186,0.8168057411909103,24.386237692000577,0.0001334987668508,,,,,,,,0.0016395582409313,shuffled_quality
67,0.706832922399044,0.0162634974671527,0.4306051698327064,0.7788479614257813,7.076455498463475e-05,0.3115991406142712,0.8204070910811424,22.49407123900164,0.0001293969663272,,,,,,,,0.0015722166874547,shuffled_quality
68,0.7105601406097413,0.0142722237866837,0.432044992595911,0.7876855465769768,7.050811653243727e-05,0.3145050089806318,0.8255694895982743,24.33057488600025,0.0001253108114578,,,,,,,,0.0012370565033052,shuffled_quality
69,0.6954519036412239,0.0148184838588349,0.4231985521316528,0.7576128336787223,6.71480804157909e-05,0.3090592366456985,0.8083202224969864,23.47792513499735,0.0001212434052114,0.7364496376633908,0.6425481160616101,0.5143858367452504,0.7364496376633908,0.515569946348601,0.6756247641728383,0.6860728010910425,0.0014889392845088,shuffled_quality
70,0.6816482231020927,0.0177913614781573,0.4161054943501949,0.8123201510310173,8.27081721763534e-05,0.3021050137653946,0.79981394931674,26.45084438399863,0.000117197836319,,,,,,,,0.001836459193646,shuffled_quality
71,0.6711599716544151,0.0170210656104609,0.4095044256746769,0.7734702616930008,5.6641112514626e-05,0.2993929915130138,0.7865910443663597,24.959013045001484,0.0001131771769288,,,,,,,,0.0017188295132473,shuffled_quality
72,0.7349367095530033,0.0202271195501089,0.4490528915822506,0.7994949090480804,6.055539254703035e-05,0.327457405179739,0.8569984936714172,25.663130079999974,0.0001091844802731,,,,,,,,0.0026783757842349,shuffled_quality
73,0.6924156281352043,0.0205961908842436,0.4236878699064255,0.8193245968222618,6.984245272178668e-05,0.3084698857367038,0.8146137258410454,25.438415058000828,0.0001052227783497,,,,,,,,0.0026000740762901,shuffled_quality
74,0.7490044781565666,0.0197976222471334,0.4573217526078224,0.8108819216489792,8.208379957977741e-05,0.3329516445100307,0.8718976581096649,26.283951041001277,0.0001012950796192,,,,,,,,0.0026597871139529,shuffled_quality
75,0.7401206406950951,0.0184378633601591,0.4514475484192371,0.7990889176726341,9.287539804063272e-05,0.3277160784602165,0.8595661023259162,25.247193835999497,9.740436672108684e-05,,,,,,,,0.0024446687570161,shuffled_quality
76,0.6900199511647225,0.0190700255939736,0.4216399993002415,0.783311261832714,6.05216369513073e-05,0.30685252815485,0.8072799977660179,22.249906919998462,9.355359420782469e-05,,,,,,,,0.002266605461391,shuffled_quality
77,0.7182175600528717,0.0224385487148538,0.4399059736728668,0.8135174661874771,9.141119933701702e-05,0.3207890151441097,0.8427099686861038,22.949136513001577,8.97456863020546e-05,,,,,,,,0.0032933113540821,shuffled_quality
78,0.70434541285038,0.0193000868405215,0.4303272993862629,0.8292437070608139,7.240760813147062e-05,0.3137052723765373,0.8274167147278786,24.513238314000773,8.598353467553945e-05,,,,,,,,0.0022807532927254,shuffled_quality
79,0.6950969842076301,0.0180955232109408,0.4242964205145836,0.8017637819051743,6.700320488562284e-05,0.3090058771520853,0.8139108550548554,22.51538381100181,8.226999625336662e-05,0.7046295428453407,0.6184802731829793,0.4997638777850068,0.7046295428453407,0.5077824515797834,0.6430288251238139,0.6582981954405989,0.0021441334122573,shuffled_quality
80,0.7042201456427574,0.0171860743727302,0.4294065341353416,0.7941746386885643,6.728466620188556e-05,0.3114233274757862,0.8206587702035903,25.76397603299847,7.860789104443896e-05,,,,,,,,0.0020403725846426,shuffled_quality
81,0.698052476644516,0.0177903156424872,0.4259476308524608,0.7909309846162796,7.928623137559043e-05,0.3101860097050666,0.815684693455696,26.523625271998757,7.500000000000002e-05,,,,,,,,0.0022699425247265,shuffled_quality
82,0.6895586842298508,0.0190338850487023,0.421348782479763,0.7724867299199104,5.803852337521676e-05,0.3057773311436176,0.8048613905906677,24.630622102002235,7.144906290181832e-05,,,,,,,,0.0024185135274638,shuffled_quality
83,0.7023020094633102,0.0184098994010128,0.4287451852858066,0.7992918825149536,7.323612991967821e-05,0.3134234727919102,0.8225955128669739,25.65776886399908,6.795777628163599e-05,,,,,,,,0.002470009685976,shuffled_quality
84,0.7166845709085464,0.0194103988783899,0.4377749213576317,0.7937476804852486,6.172686093123048e-05,0.3191024613380432,0.8367685914039612,24.61153239399937,6.452879137346007e-05,,,,,,,,0.0025667786104895,shuffled_quality
85,0.6860984303057194,0.0178390510333701,0.4187946939468384,0.8011185947060585,6.120497365373012e-05,0.3059246174991131,0.8053000232577324,24.82077889499851,6.1164712100253e-05,,,,,,,,0.0023289498435678,shuffled_quality
86,0.720580595433712,0.0170685370056889,0.4391757909953594,0.7591626837849617,8.29216373131203e-05,0.3217263473570347,0.8372608667612076,22.040097261000483,5.786809309654982e-05,,,,,,,,0.0021915293473284,shuffled_quality
87,0.7301504576206207,0.0189898638846352,0.4456862387061119,0.8212296015024185,8.395267534979212e-05,0.3250767508149147,0.8533816903829574,23.07402651500161,5.464143776850482e-05,,,,,,,,0.0024577096654775,shuffled_quality
88,0.7067844325304031,0.0171527428366243,0.4309317742288112,0.7616072690486908,7.127362728169828e-05,0.3138758760690689,0.8214175525307655,22.74259588900168,5.148719639283984e-05,,,,,,,,0.0022280717594912,shuffled_quality
89,0.6912016902863979,0.0179804837144911,0.4219132256507873,0.8019150385260582,7.996199430635897e-05,0.3076045032590627,0.8101680365204811,22.685479182000563,4.840776425613886e-05,0.6944841485053507,0.6141554945104226,0.500723134799301,0.6944841485053507,0.5044588065652614,0.6435235284606556,0.6510094509362673,0.0022739975316835,shuffled_quality
90,0.7048690438270568,0.0181625832617282,0.4301864740252494,0.7806670790910721,6.434700414502003e-05,0.3133375118672847,0.822079895734787,24.50498703199992,4.5405479835900685e-05,,,,,,,,0.002429899310714,shuffled_quality
91,0.7153465548157691,0.0177766423672437,0.4363186064362526,0.824001154601574,5.526094064407516e-05,0.3182409487664699,0.8374097836017609,24.273252314000278,4.2482623024732334e-05,,,,,,,,0.0022367206112039,shuffled_quality
92,0.7088756850361824,0.0169568433519452,0.4321081648766994,0.7801773130893708,9.375269654810836e-05,0.3147771570086479,0.8252905982732773,23.250564060002944,3.964141339903026e-05,,,,,,,,0.0019142581018604,shuffled_quality
93,0.7052104285359383,0.0183331358758732,0.4304595266282558,0.7917481446266175,7.796342647452548e-05,0.3140581087768078,0.8241637089848518,23.363948318998155,3.6884008533465575e-05,,,,,,,,0.0023367683023116,shuffled_quality
94,0.7316923415660859,0.0158623801521025,0.4453603731095791,0.818889471590519,6.174479409764899e-05,0.3247004427015781,0.8523226428031921,23.508586130999905,3.4212502362551864e-05,,,,,,,,0.0018489450895685,shuffled_quality
95,0.7169039449095727,0.0170910246693529,0.4369787937402725,0.7748354816436768,8.936901839661005e-05,0.3183520659804344,0.8332692363858223,23.642502245998912,3.162892359054098e-05,,,,,,,,0.0022517842267552,shuffled_quality
96,0.7152587294578552,0.0175876909890212,0.4361903317272663,0.7902033579349518,0.0001022763385208,0.3167436906695366,0.8324125242233277,23.891075919000286,2.913523415085328e-05,,,,,,,,0.0022652852291321,shuffled_quality
97,0.7169786547124386,0.0169744682405143,0.4369769982248545,0.8130857536196708,9.945315827280863e-05,0.3176567008346319,0.8363900488615036,22.989031044999138,2.673332771621324e-05,,,,,,,,0.0022139995330508,shuffled_quality
98,0.6916284927725792,0.0173237595637328,0.421906616538763,0.7697591984272003,8.71807446492312e-05,0.3079270136356353,0.8072511219978332,23.906649593998736,2.4425028260620715e-05,,,,,,,,0.0021860663987718,shuffled_quality
99,0.6883096222579479,0.0181742963870055,0.4202555118501186,0.7887014263868332,8.536655178431829e-05,0.307334489300847,0.8069372177124023,23.592222004001087,2.221208867425096e-05,0.7239532568948782,0.6357663959153202,0.5113621763524678,0.7239532568948782,0.5142054402805003,0.6691404905705826,0.6762380905467698,0.0023640016680747,shuffled_quality
100,0.7261530750989914,0.0174816920643206,0.4426845376193523,0.8346786132454872,6.887496085255406e-05,0.3239535854756832,0.8505469527840614,23.532510051998543,2.009618943233419e-05,,,,,,,,0.002187603887105,shuffled_quality
101,0.6897391219437122,0.0174194783717393,0.4208112798631191,0.777711173593998,7.445359360644944e-05,0.3051674377173185,0.8041937646269798,22.550886960001662,1.807893731902665e-05,,,,,,,,0.0022010434206003,shuffled_quality
102,0.6864862188696861,0.0186752817058004,0.4193618614971637,0.746257929801941,7.961833223816939e-05,0.3075106577575207,0.802005640566349,23.83710595100274,1.616186420724089e-05,,,,,,,,0.0025167335495643,shuffled_quality
103,0.7175709044933319,0.0172018813295289,0.4374233128130436,0.8115560913085937,5.6837067513697545e-05,0.3198200459778308,0.8388518050312996,24.07793782600129,1.4346425895363384e-05,,,,,,,,0.0022499647985387,shuffled_quality
104,0.684419027864933,0.0179361459729261,0.4178258921205997,0.7861481192708015,6.013415823872492e-05,0.3050653406977653,0.8019489029049873,24.08980524599974,1.2634001001741372e-05,,,,,,,,0.0021992739031702,shuffled_quality
105,0.6996389132738113,0.017036998423282,0.4265981674939394,0.7795516452193261,6.645111234320211e-05,0.3102341401576995,0.8152282756567001,23.56107259700002,1.1025889917779737e-05,,,,,,,,0.0021873968415093,shuffled_quality
106,0.7134234309196472,0.0179061462194658,0.4352165383100509,0.7771072018146515,7.822553361620521e-05,0.3187287829816341,0.8321596542000771,22.86668519200248,9.523313820441804e-06,,,,,,,,0.0024984979041437,shuffled_quality
107,0.7164223116636276,0.0174007112183608,0.4368136891722679,0.7748128944635391,8.095108402812912e-05,0.3197559750080108,0.8345232051610947,22.843852435999,8.127413744904804e-06,,,,,,,,0.0023410516998274,shuffled_quality
108,0.690625645518303,0.0144707899377681,0.4201637241244316,0.7624924498796463,6.25522902191733e-05,0.305586584508419,0.8023243644833564,23.411926659999157,6.839249718073875e-06,,,,,,,,0.0016084055095416,shuffled_quality
109,0.6929904571175576,0.0137717234320007,0.4213029818236828,0.7557278862595558,5.380130901357916e-05,0.3079223506897688,0.8051275658607483,22.268571571999928,5.659799953612438e-06,0.7265070334114409,0.6362703579043981,0.5143521006026635,0.7265070334114409,0.5184566958305826,0.6638473444711711,0.6782205374784502,0.0016337565781122,shuffled_quality
110,0.6992349910736084,0.0159014134155586,0.4259015768766403,0.7466284140944481,6.243988882033591e-05,0.3106962735950946,0.8116512954235077,23.136645569000397,4.589960109100444e-06,,,,,,,,0.0019374182028514,shuffled_quality
111,0.6893159048259259,0.0144831004086881,0.4193827979266643,0.7383272159099579,5.481193366449588e-05,0.306725036278367,0.8002882167696953,23.23244458699992,3.630542605884657e-06,,,,,,,,0.0017245941106989,shuffled_quality
112,0.6877917943894863,0.0160811833455227,0.4191075655817985,0.7740908128023147,6.268419575462758e-05,0.3069218813627958,0.803831765949726,22.770567655999912,2.7822760121373187e-06,,,,,,,,0.0019504981218551,shuffled_quality
113,0.6890655961632729,0.015027464730665,0.4194503638148308,0.7533597946166992,5.97887074945902e-05,0.3065734301507473,0.8017000985145569,24.53358243099865,2.0458044895916517e-06,,,,,,,,0.0016866526705484,shuffled_quality
114,0.6694468161463738,0.0151391030615195,0.4077237473428249,0.7239031299948693,6.006037881888915e-05,0.2959110263735056,0.7763792890310287,25.56609842800026,1.4216873043745137e-06,,,,,,,,0.0017559932933085,shuffled_quality
115,0.6608343322575092,0.017725571503397,0.4035908435285091,0.7700071084499359,6.261514388825162e-05,0.2936720442771912,0.7746397092938423,23.945697236998967,9.103984023075772e-07,,,,,,,,0.0018648360443239,shuffled_quality
116,0.6743790823221206,0.0152978120488114,0.410746589154005,0.7604508104920388,6.15543468938995e-05,0.3000355219841003,0.7871792641282082,23.985814202002075,5.123260489995229e-07,,,,,,,,0.0017449829208067,shuffled_quality
117,0.6925085327029228,0.0157769994263071,0.4218159361183643,0.7524434024095535,5.858716497186833e-05,0.3084338918328285,0.8058842766284943,24.61077505300273,2.2777253500257386e-07,,,,,,,,0.0019358808409913,shuffled_quality
118,0.6894380706548691,0.0156299016677076,0.4199148234724998,0.7531936788558959,5.5945277435967e-05,0.3068247161805629,0.8024451264739036,23.18391277199771,5.695394625728767e-08,,,,,,,,0.0019171130567531,shuffled_quality
119,0.7062024307250977,0.016877413552138,0.4304724386334419,0.7477217176556588,6.408833816749393e-05,0.3138369171321392,0.8194829198718071,21.984825824001742,0.0,0.7239587045462277,0.6363927786988678,0.5169460188693148,0.7239587045462277,0.5206671980655786,0.664552433484797,0.6769876582243284,0.0019909071733269,shuffled_quality
0,0.9753311198949812,0.7643947649002075,0.8909566080570221,0.7422999233007431,0.0665069555491209,0.5927803450822831,1.5612922966480256,23.81279226800325,5.1e-05,,,,,,,,,matched_moment_fusion
1,0.9734567028284072,0.693481073975563,0.8614664775133133,0.6942208927869796,0.0438511443324387,0.4937705308198928,1.4268516564369202,22.2218182530014,0.0001009999999999,,,,,,,,,matched_moment_fusion
2,0.9664727205038072,0.607812961935997,0.8230088466405868,0.6884881860017776,0.0150979412905871,0.4697853732109069,1.362397938966751,22.38038336700265,0.0001509999999999,,,,,,,,,matched_moment_fusion
3,0.9683742368221284,0.5337148195505143,0.7945104998350143,0.684816199541092,0.0074886817811056,0.4540043640136719,1.3173709225654602,22.46910160399784,0.0002009999999999,,,,,,,,,matched_moment_fusion
4,0.964350134730339,0.4672331357002258,0.7655033642053604,0.6886722099781036,0.0042640494764782,0.434450893998146,1.269034686088562,22.529738844998064,0.000251,,,,,,,,,matched_moment_fusion
5,0.955328865647316,0.396122927069664,0.7316465187072754,0.6774364095926285,0.001239847955876,0.4131220531463623,1.2125742137432098,22.238041560001875,0.0003,,,,,,,,,matched_moment_fusion
6,0.954340844154358,0.3252612140774726,0.7027090239524841,0.6759961253404617,0.00138320468046,0.3988245648145676,1.1692023539543153,22.171371330998227,0.0002999430460537,,,,,,,,,matched_moment_fusion
7,0.9495127153396606,0.2676474380493164,0.6767666298151016,0.6774270820617676,0.0019236119717243,0.3873435899615288,1.1319491094350815,22.01853454599768,0.0002997722274649,,,,,,,,,matched_moment_fusion
8,0.9318656778335572,0.222007535547018,0.6479224449396134,0.6778151369094849,0.0032849489821819,0.3692476004362106,1.0851158100366591,22.4261749340003,0.000299487673951,,,,,,,,,matched_moment_fusion
9,0.9252028012275696,0.1833767466247081,0.6284724020957947,0.6785897046327591,0.0038957739510806,0.364739828556776,1.0612659865617753,21.78006281000125,0.0002990896015976,0.4413269308331655,0.4166057705845014,0.3304509010807062,0.4413269308331655,0.3490612154725538,0.4594291654477846,0.4228229797833203,,matched_moment_fusion
10,0.9156575936079026,0.1535979491472244,0.6108337581157685,0.6679791429638863,0.004268705350114,0.3578282178938389,1.035673322081566,21.66740220599968,0.0002985783126956,,,,,,,,,matched_moment_fusion
11,0.8942597883939744,0.1284810112416744,0.5879483020305634,0.6800246173143387,0.0050600986438803,0.3424404136836528,0.9986441802978516,22.49451329099975,0.0002979541955104,,,,,,,,,matched_moment_fusion
12,0.8879586791992188,0.1064086662977933,0.5753386959433555,0.6776255464553833,0.0061393367988057,0.3390917211771011,0.9824999356269836,22.25385627599826,0.0002972177239878,,,,,,,,,matched_moment_fusion
13,0.8697288811206818,0.0900912613421678,0.5578738570213317,0.6712093782424927,0.0064929602248594,0.3330791862308979,0.9583986288309098,22.47386693800217,0.0002963694573941,,,,,,,,,matched_moment_fusion
14,0.8805273574590683,0.075437094643712,0.5584912732243538,0.6783402892947197,0.0067741503054276,0.3458590832352638,0.9725230938196182,22.09957590200065,0.0002954100398908,,,,,,,,,matched_moment_fusion
15,0.8554956865310669,0.0675976389274001,0.5403364932537079,0.688682206273079,0.0069363748608157,0.3395026712119579,0.9490542089939118,21.75031980100175,0.0002943402000463,,,,,,,,,matched_moment_fusion
16,0.8369658827781677,0.0569422658532857,0.52495645403862,0.7074562194943428,0.0059693066123872,0.324888651072979,0.9208891886472702,22.76683337600116,0.0002931607502819,,,,,,,,,matched_moment_fusion
17,0.826972314119339,0.0521428968012332,0.5170405644178391,0.7080765742063523,0.0053988829767331,0.3263619971275329,0.9144801658391952,21.95829020399833,0.000291872586255,,,,,,,,,matched_moment_fusion
18,0.8531490731239318,0.0569697316735982,0.5346773573756218,0.7682838320732117,0.0053485862258821,0.3517346662282943,0.9761406207084656,23.24400919800246,0.0002904766861795,,,,,,,,0.0631639287553844,matched_moment_fusion
19,0.8340936315059662,0.0510702950507402,0.5208843159675598,0.7398507073521614,0.0047195312124677,0.3404170370101929,0.9440178453922272,22.357459157999983,0.0002889741100822,0.6123160628590146,0.5193823321019102,0.3861029756814201,0.6123160628590146,0.4050183182319444,0.5408126152147715,0.5618146349141239,0.0424772748118266,matched_moment_fusion
20,0.8120899736881256,0.0468965763971209,0.5060126376152039,0.7485426521301269,0.0042108800821006,0.3361312206089497,0.9257693588733672,22.51948515800177,0.0002873659989982,,,,,,,,0.0428034348410437,matched_moment_fusion
21,0.8130377507209778,0.0415462537109851,0.5044411703944206,0.758809734582901,0.0036282064509578,0.3342841266095638,0.9253086203336716,22.890933848000717,0.0002856535741046,,,,,,,,0.0526047038729302,matched_moment_fusion
22,0.8037305408716202,0.0425287273526191,0.4992498341202736,0.7822506347298622,0.003346664130222,0.3355483052134513,0.921085605621338,23.03394192900305,0.0002838381357927,,,,,,,,0.039475324575178,matched_moment_fusion
23,0.788773717880249,0.0367489592544734,0.4879638355970382,0.8057815837860107,0.0028549319109879,0.3303202594816685,0.9043211174011232,21.84950912799832,0.0002819210626809,,,,,,,,0.0265805857619852,matched_moment_fusion
24,0.8005049410462379,0.0337064672075212,0.4937855726480484,0.776274705529213,0.0023758407321292,0.3359645137190818,0.9142091971635818,22.593716154002323,0.0002799038105676,,,,,,,,0.0335642569171614,matched_moment_fusion
25,0.7931721141934395,0.0385251442063599,0.4913133472204208,0.7943168592453003,0.0021054033585824,0.3359812952578068,0.913062008023262,22.6279251929991,0.0002777879113257,,,,,,,,0.0311520326609024,matched_moment_fusion
26,0.7780152261257172,0.0307162065990269,0.4790956395864487,0.7757653650641442,0.0016022628103382,0.3254735013842583,0.8842343372106553,23.076388838002455,0.0002755749717393,,,,,,,,0.0100427032541483,matched_moment_fusion
27,0.774710431098938,0.0288701261673122,0.4763743269443512,0.7974028086662293,0.0014757907495368,0.3287797139585018,0.8865440386533737,23.068017741999935,0.0002732666722837,,,,,,,,0.0078796280547976,matched_moment_fusion
28,0.7772737902402878,0.027124704956077,0.4772141744196415,0.7858304756879807,0.0012718304898589,0.3312659348547458,0.8885604310035705,22.922998366000684,0.0002708647658491,,,,,,,,0.0071684009302407,matched_moment_fusion
29,0.7649674436450005,0.0270548844523727,0.4698024353384971,0.7933050480484962,0.0011842431564582,0.3273585066199302,0.8777303102612496,23.597315823997636,0.0002683710764094,0.7002676582115829,0.5982014408513676,0.4419255397114399,0.7002676582115829,0.4875668554165847,0.6067698089259348,0.643813581153504,0.0058982667839154,matched_moment_fusion
30,0.7700229549407959,0.0263035887805745,0.4725352257490158,0.8347191560268402,0.0010563466872554,0.3312760442495346,0.8883485302329064,22.71632087100079,0.0002657874976374,,,,,,,,0.0050626320810988,matched_moment_fusion
31,0.7566426107287407,0.0288492624927312,0.4655252933502197,0.8114187127351761,0.000911931383307,0.3248368009924888,0.8724713778495788,22.48025992900148,0.0002631159914665,,,,,,,,0.0046090679778717,matched_moment_fusion
32,0.7599762743711471,0.0270148934656754,0.4667917394638061,0.8122214221954346,0.0008111806650413,0.32726442694664,0.8760854512453079,22.80652691799696,0.0002603585866009,,,,,,,,0.0038329026661813,matched_moment_fusion
33,0.7587320414185524,0.0231570139247924,0.4645020480453968,0.7951297977566719,0.0006225993912084,0.3264951921999454,0.8711894273757934,22.58587631699993,0.0002575173769752,,,,,,,,0.0032404096121899,matched_moment_fusion
34,0.7142515051364898,0.0254872874449938,0.4387458369135856,0.7708535248041153,0.0005416352883912,0.3095832592248916,0.8260394310951233,21.47250938399884,0.000254594520164,,,,,,,,0.0029894922522362,matched_moment_fusion
35,0.7660688289999962,0.0235186086408793,0.4690487605333328,0.8202083972096443,0.0003875856575905,0.3322968392074108,0.8838672006130218,19.94845983200139,0.0002515922357438,,,,,,,,0.0024069141899235,matched_moment_fusion
36,0.7319037646055222,0.0227764733508229,0.4482528667151928,0.7726323157548904,0.0003505170285643,0.3189813641458749,0.8449676010012627,20.00547802799701,0.0002485128036071,,,,,,,,0.00226301810937,matched_moment_fusion
37,0.7298567381501198,0.0242053470760583,0.4475961984694004,0.7946196681261063,0.0003131429229688,0.3189331019669771,0.8464177468419075,20.209988193000758,0.0002453585622314,,,,,,,,0.0020540866040391,matched_moment_fusion
38,0.7623531681299209,0.0212091289553791,0.4658955678343773,0.7814735156297684,0.0002686074189841,0.3324206987023353,0.876832377910614,19.789242703998752,0.0002421319069034,,,,,,,,0.0017766224755905,matched_moment_fusion
39,0.7251644167304039,0.0210864169849082,0.4435332342982292,0.820281218290329,0.0002838379722379,0.3161440010368824,0.8420419779419899,20.66867721900053,0.0002388352878997,0.6681970120362651,0.5678033771887743,0.4269410683572796,0.6681970120362651,0.4653326352617621,0.5698804842682951,0.6139533272141193,0.0016121297288918,matched_moment_fusion
40,0.7419195944070816,0.0217390601383522,0.4538474003970623,0.8036126643419266,0.0002584818316245,0.3222624440491199,0.8568559437990189,20.53841908500181,0.0002354712086265,,,,,,,,0.0018595414783339,matched_moment_fusion
41,0.757842832505703,0.0204177290783263,0.4628728096187114,0.8309690541028977,0.0001818017556797,0.3319287793338298,0.8782255899906158,20.023807124001905,0.0002320422237183,,,,,,,,0.0015900375327328,matched_moment_fusion
42,0.7376940596103668,0.021873838333413,0.4513659885525703,0.7913201886415482,0.0001999272435932,0.3243842181563377,0.8553003609180451,20.25268616000176,0.0002285509370981,,,,,,,,0.002040687323315,matched_moment_fusion
43,0.7192595493793488,0.0195833876729011,0.4393891008198261,0.7955055320262909,0.0001916535940472,0.3147961077094078,0.834001960158348,19.96784395800205,0.000225,,,,,,,,0.0012830789922736,matched_moment_fusion
44,0.7348818871378898,0.0203056344005744,0.4490514034032821,0.7726592516899109,0.0001285937573629,0.3210065786540508,0.8476336693763733,20.608999874999427,0.0002213921089555,,,,,,,,0.0015166662813862,matched_moment_fusion
45,0.7256072628498077,0.0204633670649491,0.4435497225821018,0.7997767356038094,0.0001310493526398,0.3196420677006245,0.8434682750701904,20.21332103300301,0.0002177300037466,,,,,,,,0.0014613029369502,matched_moment_fusion
46,0.7349829655885697,0.020115137794055,0.4490358528494835,0.7811212980747223,0.0001563574137435,0.3235787632316351,0.8511092427372933,20.172164861000056,0.0002140164653244,,,,,,,,0.0018733913684263,matched_moment_fusion
47,0.6976082789897918,0.0190055422391742,0.4261671993136406,0.7714403474330902,0.0001292475659647,0.3059474442154169,0.8095193958282471,20.07732651599872,0.0002102543136979,,,,,,,,0.0012712608443689,matched_moment_fusion
48,0.713290487229824,0.01950092920335,0.4357746818661689,0.7871932917833329,0.0001107069952195,0.3141727817058563,0.8289526337385178,20.310721106998244,0.0002064464057921,,,,,,,,0.0014015386647952,matched_moment_fusion
49,0.6945219266414643,0.0171485464274883,0.4235725884139538,0.7573520541191101,9.051431296029476e-05,0.3061058446764946,0.8056341573596001,19.57687394999812,0.0002025956332789,0.6389544143626417,0.5636281101496642,0.4446841226326871,0.6389544143626417,0.491220172871476,0.5607097432148748,0.5969294939257529,0.0010799560732993,matched_moment_fusion
50,0.7280427947640419,0.0202307728887535,0.4449180066585541,0.7814588475227356,7.848812339034339e-05,0.321826281696558,0.8452164876461029,19.75637250300133,0.0001987049203807,,,,,,,,0.0016119629203603,matched_moment_fusion
51,0.7072044205665589,0.0192073746817186,0.4320056208968162,0.7721116545796395,5.737993340744652e-05,0.3123105649650097,0.8218403208255768,20.13920467799835,0.0001947772216502,,,,,,,,0.001550501235979,matched_moment_fusion
52,0.7327424940466881,0.0205519530712626,0.4478662951290607,0.7910930049419403,7.676782176076813e-05,0.3245173889398575,0.8518852907419204,19.670372297998256,0.0001908155197268,,,,,,,,0.0019423428326263,matched_moment_fusion
53,0.7130817098915577,0.0193768954323604,0.4355998010933399,0.8182004660367965,7.827302388932367e-05,0.313594282567501,0.8313660964369773,20.25585815500017,0.0001868228230711,,,,,,,,0.0017402599235356,matched_moment_fusion
54,0.7056581351161003,0.0197124898596666,0.4312798941135407,0.796429480612278,8.188754773527762e-05,0.3111122941970825,0.8223896321654319,19.218904438999743,0.0001828021636809,,,,,,,,0.0017520127922034,matched_moment_fusion
55,0.6953625662624836,0.0192902565398253,0.4249336574971676,0.7758424597978592,6.491245052075101e-05,0.3059771583974361,0.8088821917772293,20.070611287999785,0.0001787565947885,,,,,,,,0.0019194082299145,matched_moment_fusion
56,0.6930794259905815,0.0176753205503337,0.4229178027063608,0.7778985959291458,6.13467186735761e-05,0.3062150950729847,0.8071913915872574,19.06280376200084,0.0001746891885421,,,,,,,,0.0013278082607939,matched_moment_fusion
57,0.6843725638091565,0.0192401057714596,0.418319595605135,0.8105535703897476,5.849772032661349e-05,0.3022751652449369,0.802003703713417,19.97481871999844,0.0001706030336727,,,,,,,,0.0017532886729532,matched_moment_fusion
58,0.7187745386362075,0.0181120961834676,0.4385095806419849,0.7692215192317963,8.305810450337959e-05,0.3173624563217163,0.833120596408844,19.8115873200004,0.0001665012331491,,,,,,,,0.0016112893472381,matched_moment_fusion
59,0.7329241126775742,0.0150583491998258,0.445777824819088,0.7808180049061775,5.414068435584341e-05,0.3227759979665279,0.846886323094368,20.35291293800037,0.0001623869018208,0.7114363373042404,0.61515428530279,0.4729902926291727,0.7114363373042404,0.5070902887958112,0.6269362298083183,0.6587071172362985,0.0012399700282367,matched_moment_fusion
60,0.6933724495768547,0.0145091300294734,0.4218271380662918,0.732975857257843,4.971098961618736e-05,0.3045509527623653,0.7999156069755554,20.359299230000037,0.0001582631640533,,,,,,,,0.0011872354428123,matched_moment_fusion
61,0.7147583632171154,0.0161235108133405,0.4353044372051954,0.7742627301812172,5.0059258320516165e-05,0.3154536098241806,0.8284868963062764,19.335024479998538,0.0001541331513552,,,,,,,,0.0015003657459601,matched_moment_fusion
62,0.6893609267473221,0.017192270993255,0.4204934810101985,0.7688515877723694,4.8990640032684495e-05,0.3061256110668182,0.8038114881515503,20.1431272689988,0.00015,,,,,,,,0.0015239276939792,matched_moment_fusion
63,0.704748025238514,0.0157180619053542,0.4291360588371753,0.7516956770420075,4.9007235207909614e-05,0.3118525986373424,0.8164179927110672,19.986468626000715,0.0001458668486447,,,,,,,,0.0012865635683192,matched_moment_fusion
64,0.7272324925661087,0.01551718476112,0.4425463883578777,0.786150472164154,4.888078923784178e-05,0.3208718970417976,0.8423170018196106,19.75357268500011,0.0001417368359466,,,,,,,,0.0014061144227343,matched_moment_fusion
65,0.6956561028957366,0.0168316580262035,0.4241263405978679,0.7834625974297523,7.669563869967533e-05,0.3083789823949337,0.811120656132698,19.939418786001625,0.0001376130981791,,,,,,,,0.0013261784770656,matched_moment_fusion
66,0.7068390017747879,0.0171963440743274,0.4309819549322128,0.7562733447551727,6.168670402757925e-05,0.3141631600260735,0.8211268883943558,20.385600928999335,0.0001334987668508,,,,,,,,0.0017567595153013,matched_moment_fusion
67,0.7087250953912735,0.0166746801836416,0.43190494582057,0.7649234393239022,4.73877928834554e-05,0.3126426765322685,0.8213878360390663,19.240214130000822,0.0001293969663272,,,,,,,,0.0017274958528651,matched_moment_fusion
68,0.7130818524956704,0.0148990547470748,0.4338087509572506,0.7906254667043686,4.338458371876186e-05,0.3149277299642563,0.8280653175711632,21.417100163002036,0.0001253108114578,,,,,,,,0.0013205620924236,matched_moment_fusion
69,0.6990006992220879,0.0149827391048893,0.4253935344517231,0.7499043443799018,5.305453473511079e-05,0.3094556567072868,0.8101388525962829,20.71969895300208,0.0001212434052114,0.7027311825864141,0.6136232477959253,0.4859612886076246,0.7027311825864141,0.4943532116383264,0.6437853491630355,0.6543218127513885,0.0014828795065568,matched_moment_fusion
70,0.685051653534174,0.0184376939572393,0.4184060876071453,0.807169560790062,5.516255362408629e-05,0.3035972015559673,0.8030950577557087,21.06175053399784,0.000117197836319,,,,,,,,0.0018602599223595,matched_moment_fusion
71,0.6724547481536866,0.0168873953050933,0.4102278239279985,0.75805928170681,4.21101217375508e-05,0.297844280526042,0.7842155110836029,19.70846416800123,0.0001131771769288,,,,,,,,0.0016768695050814,matched_moment_fusion
72,0.7376085039973259,0.0206899771373718,0.4508411096036434,0.8001022964715958,4.886907749096281e-05,0.3278823201358318,0.8592640486359596,20.58579170200028,0.0001091844802731,,,,,,,,0.002639725247136,matched_moment_fusion
73,0.6966884765028953,0.020876705290284,0.426363784968853,0.8265500026941299,7.386372272776498e-05,0.3097698420286178,0.8193112769722939,20.39080635100254,0.0001052227783497,,,,,,,,0.0025947811265723,matched_moment_fusion
74,0.7516203564405441,0.0200185984419658,0.4589796686172485,0.8210632467269897,7.372646722728859e-05,0.3341008649766445,0.8757142317295075,21.127983518999827,0.0001012950796192,,,,,,,,0.0026184451674271,matched_moment_fusion
75,0.740630786716938,0.0189454624359495,0.4519566756486892,0.7926453772187233,7.367489283751638e-05,0.3283751681447029,0.8601246765255928,20.24530236300052,9.740436672108684e-05,,,,,,,,0.0026230598215261,matched_moment_fusion
76,0.6934501212835312,0.0195184695697389,0.4238774761557579,0.8051256039738655,5.7681306084305104e-05,0.3078276838362217,0.8126887738704681,20.58626798399928,9.355359420782469e-05,,,,,,,,0.002340834472161,matched_moment_fusion
77,0.7183468574285508,0.021983181471005,0.4398014031350613,0.8109860226511956,0.0001319975470414,0.3193333572149276,0.8408794754743576,20.466319782997743,8.97456863020546e-05,,,,,,,,0.0031975687542581,matched_moment_fusion
78,0.7049259343743324,0.0192617160035297,0.4306602625548839,0.8389944475889206,7.499092508624017e-05,0.3141905066370964,0.8291892927885055,20.7797400069976,8.598353467553945e-05,,,,,,,,0.0021766014206514,matched_moment_fusion
79,0.6983911611139775,0.0188659563404507,0.4265810948610306,0.7926143389940262,6.37332646510913e-05,0.3103062114864587,0.8166159030795097,20.230279341001733,8.226999625336662e-05,0.6791886718750672,0.6001152215149348,0.4854105460491326,0.6791886718750672,0.4941177624039789,0.6270392302657584,0.636088824184434,0.0023198745090576,matched_moment_fusion
80,0.7029631945490837,0.0168950664135627,0.4285359621047974,0.7962837329506874,5.052896148868058e-05,0.3106843182444572,0.8192366242408753,20.529024595998635,7.860789104443896e-05,,,,,,,,0.0019272223675761,matched_moment_fusion
81,0.7003930747509003,0.0171177398669533,0.4270829577744007,0.7914670848846436,6.168233179778327e-05,0.3106390827894211,0.8172916826605797,20.668796720998216,7.500000000000002e-05,,,,,,,,0.0020992550014852,matched_moment_fusion
82,0.6907927623391151,0.0190179346082732,0.4220828469097614,0.7866287767887116,6.428364868497738e-05,0.3066877587139606,0.8079159897565842,20.23731062599836,7.144906290181832e-05,,,,,,,,0.0023964577339756,matched_moment_fusion
83,0.7025901311635971,0.0179790348070673,0.4287457072734832,0.797653329372406,8.160170886185369e-05,0.3129264555871486,0.8218987083435059,20.361293918998854,6.795777628163599e-05,,,,,,,,0.00228565907566,matched_moment_fusion
84,0.7190754118561745,0.0201997614488936,0.4395251704752445,0.8003849285840988,7.703389464950306e-05,0.3201930825412273,0.8403044757246971,19.613522353000008,6.452879137346007e-05,,,,,,,,0.002719402596922,matched_moment_fusion
85,0.688470064997673,0.0184881121059879,0.4204773013293743,0.8053583586215973,5.124252852738209e-05,0.3067940510064363,0.8082915875315666,19.41143051399922,6.1164712100253e-05,,,,,,,,0.0024091994169157,matched_moment_fusion
86,0.7240765205025673,0.0174499973654747,0.4414259281754493,0.7642168387770653,9.16681856233481e-05,0.3232329997420311,0.8415271222591401,20.16124573100024,5.786809309654982e-05,,,,,,,,0.0022096040170799,matched_moment_fusion
87,0.7338906186819076,0.019605133482255,0.4481764394044876,0.8120014894008637,8.513820104553815e-05,0.3257916934788227,0.8556869181990624,19.79660262499965,5.464143776850482e-05,,,,,,,,0.002571897992002,matched_moment_fusion
88,0.7086933118104934,0.0177376868482679,0.4323110818862915,0.765260517001152,7.584365730735954e-05,0.3147212512791156,0.824028000831604,20.06978537500254,5.148719639283984e-05,,,,,,,,0.0023291263154533,matched_moment_fusion
89,0.6955923019349575,0.0187058192351833,0.4248377266526222,0.8049105659127236,0.0001147678032293,0.3087405307590961,0.8145680600404739,19.315084877001937,4.840776425613886e-05,0.6907008079778101,0.6126156520362223,0.4944217475809622,0.6907008079778101,0.5085756061651004,0.6385705419657562,0.6476473551556489,0.0024650230766928,matched_moment_fusion
90,0.7060431683063507,0.0177936954749748,0.4307433952391147,0.7751878273487091,9.580881892361504e-05,0.3135519478470087,0.8222606706619263,20.31051055399803,4.5405479835900685e-05,,,,,,,,0.0022087840709764,matched_moment_fusion
91,0.7173748025298119,0.0182014310266822,0.4377054700255394,0.8187831556797027,5.278691335888652e-05,0.3192041693627834,0.8392491006851196,20.446681605997583,4.2482623024732334e-05,,,,,,,,0.0022925409186973,matched_moment_fusion
92,0.7101883292198181,0.0172099618031643,0.4329969972372055,0.7826534485816956,7.275377438418218e-05,0.3147380535304546,0.8264018481969834,19.877225702999567,3.964141339903026e-05,,,,,,,,0.0019890557442704,matched_moment_fusion
93,0.7057792195677757,0.018132715744432,0.4307206335663796,0.7871215838193893,0.0001048918388585,0.3134620617330074,0.823358613550663,20.09808280299694,3.6884008533465575e-05,,,,,,,,0.0022925752512674,matched_moment_fusion
94,0.7336932268738746,0.0157730668527074,0.4465251815319061,0.8201598304510117,8.091750321000291e-05,0.325410425812006,0.854312784075737,19.16051607800182,3.4212502362551864e-05,,,,,,,,0.0017857276538666,matched_moment_fusion
95,0.7193983748555184,0.0167979195830412,0.4383582073450088,0.7791986656188965,6.206486263295119e-05,0.3188548879325389,0.8355504879355431,20.142638666002316,3.162892359054098e-05,,,,,,,,0.0020720830720165,matched_moment_fusion
96,0.7173760581016541,0.0175601596594788,0.4374497129023075,0.8005010771751404,8.008018101463677e-05,0.3182086786627769,0.8361539688706398,20.375212366001502,2.913523415085328e-05,,,,,,,,0.0022073218532023,matched_moment_fusion
97,0.7194528856873512,0.0173399173282086,0.4386077165603638,0.8083547416329384,7.384838983853114e-05,0.317952194288373,0.8378564780950546,19.62870811600078,2.673332771621324e-05,,,,,,,,0.0022869990650451,matched_moment_fusion
98,0.6934600099921227,0.017589549999684,0.4231118446588516,0.7537821492552758,8.839365768835706e-05,0.3089323592185974,0.8078898966312409,20.598397017001844,2.4425028260620715e-05,,,,,,,,0.0023152722380564,matched_moment_fusion
99,0.6902775274217129,0.0182707158382982,0.4214748208224773,0.7877264213562012,0.0001049673287434,0.3076503597944975,0.8083827793598175,19.921804721998345,2.221208867425096e-05,0.7163746388475171,0.6339674884735769,0.5122263751982052,0.7163746388475171,0.5197305283201749,0.6657972982530388,0.6712376673704038,0.002398553951707,matched_moment_fusion
100,0.7299849852919579,0.0177423936687409,0.4450879651308059,0.8226109850406647,7.726205218204996e-05,0.3257655248045921,0.8535633891820907,20.5399053450019,2.009618943233419e-05,,,,,,,,0.0022246720061048,matched_moment_fusion
101,0.6926161190867424,0.0176154449954628,0.4226158668100834,0.7788141188025475,7.255167592120416e-05,0.3066879518330097,0.8076289635896683,19.7928758320013,1.807893731902665e-05,,,,,,,,0.0022005335291578,matched_moment_fusion
102,0.6882476435601711,0.0193201872776262,0.4206766784936189,0.7441241019964218,7.994432429086373e-05,0.3069897605478763,0.8025971773266792,20.192936040999484,1.616186420724089e-05,,,,,,,,0.0025716482986535,matched_moment_fusion
103,0.718783310353756,0.0173930151900276,0.4382272101938724,0.8135517823696137,6.414412414983417e-05,0.3208465787768364,0.8408898264169693,20.43143320300078,1.4346425895363384e-05,,,,,,,,0.0022882459313768,matched_moment_fusion
104,0.6858550384640694,0.0180596534651704,0.4187368999421597,0.7919400590658188,6.912763655918753e-05,0.3053128722310066,0.8036719986796379,20.01150003600196,1.2634001001741372e-05,,,,,,,,0.0021238267104854,matched_moment_fusion
105,0.7017708410322666,0.0174263785406947,0.4280330733209848,0.7875854071974754,6.654589048821436e-05,0.3115853196382522,0.8188121277093887,20.027108452999528,1.1025889917779737e-05,,,,,,,,0.0021593288721851,matched_moment_fusion
106,0.7155379807949066,0.0178925276431255,0.4364798159897327,0.7660055190324784,8.343844961700598e-05,0.3188659238815308,0.8324380603432655,19.56198924499768,9.523313820441804e-06,,,,,,,,0.0024379755742393,matched_moment_fusion
107,0.7175075227022171,0.017476547176484,0.4374951528012752,0.7703360065817833,8.584356306300833e-05,0.3191915729641914,0.8341927218437195,20.167135067000345,8.127413744904804e-06,,,,,,,,0.0023405114731599,matched_moment_fusion
108,0.6931092697381973,0.0151488895528018,0.4219251352548599,0.7614071089029312,6.638909770117607e-05,0.3068744577467441,0.8052867910265923,20.272516147000715,6.839249718073875e-06,,,,,,,,0.0017158405675104,matched_moment_fusion
109,0.6937646941840648,0.0140292421425692,0.4218705281615257,0.7388011187314987,5.7687584589984905e-05,0.3079477734863758,0.8040362426638603,19.298938215000817,5.659799953612438e-06,0.7149160265206357,0.6281150812285037,0.5062003949218283,0.7149160265206357,0.5158289640337118,0.6536002531311634,0.6680041797731153,0.0016747268248673,matched_moment_fusion
110,0.6989234614372254,0.015771401063539,0.4256626565754413,0.7503651890158654,8.034581208448798e-05,0.3098911711573601,0.8109701690077782,19.697757881000143,4.589960109100444e-06,,,,,,,,0.0018789920835865,matched_moment_fusion
111,0.6899979534745216,0.0142429149709641,0.4196959537267685,0.7533136758208275,7.11551525955656e-05,0.3068510257452726,0.8022029629349708,19.84752774899971,3.630542605884657e-06,,,,,,,,0.001605267186037,matched_moment_fusion
112,0.6894016282260418,0.0161249983683228,0.4200909930467605,0.7808269101381302,6.933897820545099e-05,0.3078877875208854,0.8064433848857879,20.08525959700273,2.7822760121373187e-06,,,,,,,,0.0018922216761779,matched_moment_fusion
113,0.6887217670679092,0.0147821106575429,0.4191459199786186,0.7481845986843109,6.89472234648747e-05,0.305727654621005,0.8000087642669678,19.619024668998463,2.0458044895916517e-06,,,,,,,,0.0015663985194964,matched_moment_fusion
114,0.6700562566518784,0.0149712135083973,0.4080222581326961,0.7211401161551475,7.459953382522145e-05,0.2957316003739834,0.7762158396840095,20.068466755998088,1.4216873043745137e-06,,,,,,,,0.001721175880736,matched_moment_fusion
115,0.6603529617190361,0.0170958675746805,0.4030501402914524,0.7586712849140167,8.458547408054074e-05,0.2928477078676224,0.772115119099617,20.034433094999255,9.103984023075772e-07,,,,,,,,0.0017295627162729,matched_moment_fusion
116,0.6771599787473679,0.0151030105259269,0.412337207943201,0.7666344049572945,6.174092211949756e-05,0.3009002213180065,0.7902170366048813,20.32644494700071,5.123260489995229e-07,,,,,,,,0.0015654069348715,matched_moment_fusion
117,0.6937920764088631,0.0157011368509847,0.4225557170808315,0.7479948535561561,6.706004946863687e-05,0.3089115982502698,0.806637601852417,19.83568064299834,2.2777253500257386e-07,,,,,,,,0.001837262986146,matched_moment_fusion
118,0.6923700901865959,0.0154265082580968,0.4215926730632782,0.7499485021829605,6.730362196549322e-05,0.3081622368097305,0.8051174423098564,19.382674349999437,5.695394625728767e-08,,,,,,,,0.0018215670060862,matched_moment_fusion
119,0.7065032857656479,0.0161230978590901,0.4303512242436409,0.742271426320076,7.444616461384613e-05,0.3133759947121143,0.8183134227991105,19.781723181000416,0.0,0.7182162536765458,0.6338995450864107,0.5120491886636315,0.7182162536765458,0.5211260749187335,0.6623563066639525,0.6723045345982138,0.0017767155619162,matched_moment_fusion
